company,user,score,content,date
國泰證券,JACKIE LU,1,下單後要再次下單竟然價位自動跳掉，沒察覺就買到較高價位，厲害了我的國、泰誇張。股票我要出借及出借總覽常常畫圈圈鬼打牆，半夜也是，浪費時間，可以好好經營嗎，枉費是金控公司一堆問題。 沒成交筆數可以不要通知嗎，至少有選項可關，每天通知增添了無用訊息，請問沒成交筆數很重要嗎，沒改善@@。回應憑證展延後來看到是發email 的，畫面一直提醒看簡訊，連你們都不清楚，更無言。 舊：股票可借款金額不會隨著股價上漲變多。 股票質借超過十萬可以提前到8點30分嗎?元大做得到的，你們沒理由做不到吧！也不用再浪費電話錢來提醒，這樣不好嗎... 😔打臉了，按下股票借款要9分鐘才撥款，寫3分鐘太誇張吧， 股票質借超過十萬，可借時間客服說8點15說錯了，app在凌晨零時整無法借款，不寫出來何時可以操作.請問有認真為客戶設想嗎，輸元大證app很多，唯一好的只有手續費便宜些 ！股票貸款沒說要先資格審查，都以為是貸款額度審查，提撥擔保品也要另外審查，不會撥款前審查喔，從申請到撥款時間要多久也不寫,2026-04-02 11:28:44
國泰證券,Grenzer,2,系統不穩，每次都在轉圈圈,2026-04-02 09:09:04
國泰證券,eje,3,最近在線上開戶之後 就經常接到+886打來的詐騙電話,2026-04-01 16:40:38
國泰證券,阿儀,5,讚,2026-03-31 17:49:12
國泰證券,/dev /null,1,在庫存下單直接預設要賣出,2026-03-31 01:18:21
國泰證券,喵董,3,為什麼每次一點到 基本 標籤 就當機?,2026-03-30 15:42:26
國泰證券,Catrina,1,跳頁只會轉圈圈,2026-03-25 16:46:10
國泰證券,李宗翰,5,庫存管家不是每個人都會收到推播嗎？看別人都有收到,2026-03-25 10:41:05
國泰證券,shuwen chen,2,群組設定會跑掉,2026-03-25 09:06:28
國泰證券,陳昱霖,1,2026／03／35 10:00了看個K都跑不出來，我真不知道這種工程師都在忙啥,2026-03-24 10:33:28
國泰證券,小幸,1,爛死了，交易期間各種理由不給登入，一下沒網路，一下憑證申請失敗，一下又說已在其他裝置登入，好不容易登進去又連線逾時強制登出 每天，真的是每天早上連線都有問題也是很扯，可以賺的線都被搞到虧，垃圾,2026-03-24 09:53:21
國泰證券,蘇承勳,4,希望副委託也能調整成本,2026-03-23 16:34:02
國泰證券,Mike Hou,1,報價主機連線中斷，這App根本無法線上作業!!! 没法看即時資訊，甚至無法下單。,2026-03-23 10:51:20
國泰證券,事事如意,3,權證被歸零的部分，帳務實現損益沒有列出，無法看出實際帳戶總損益，這部分麻煩轉知改善，還有下單介面常常有報價異常與下單看不到五檔問題,2026-03-20 10:06:36
國泰證券,蔡進富,3,App桌面有跳通知的訊息出來，但點進後又找不到是再通知什麽？,2026-03-20 00:45:14
國泰證券,吱吱,1,又壞了,2026-03-19 22:07:19
國泰證券,許哲瑋,1,Bug一大堆 委託根本不能篩選 變成成交和未成交全部都顯示 明明只要看未成交但是永遠顯示無資料 股票排序也是很奇怪 選了依照漲幅排列 但是只要切換畫面 馬上又跳回以股票代號排列 都不能鎖定,2026-03-19 13:54:54
國泰證券,程慶生,5,即使方便,2026-03-19 09:51:43
國泰證券,Denal,1,一旦在app開啟研究報告的授權 每天至少3-5封橫幅廣告推播 且只能打付費電話排隊等人工關閉 明明其他帳戶功能都可以獨立選擇是否推播，廣告功能就是強制要電話關閉 或是關掉整個APP的推播 最後連帳務功能通知都沒有 很明顯是刻意為之 這不是功能型問題，是誠信問題,2026-03-18 20:44:06
國泰證券,tw 2016video,2,沒有閃電下單,2026-03-18 19:37:27
國泰證券,Sun Double,2,想要閃電下單模式...,2026-03-18 19:27:40
國泰證券,蕭嘉宏,5,勾選允許截圖 但不能截圖,2026-03-18 14:16:48
國泰證券,郭晉安,2,看盤一直卡畫面,2026-03-18 13:14:09
國泰證券,Wei Da,5,Sorry 我反而覺得超好用，畫面簡潔，不是傳統的那種，而且美股0.08%的手續費跟本是想我們賺到流湯,2026-03-17 19:31:30
國泰證券,D Dejavu,5,大樹守衛 五星好評,2026-03-17 01:00:29
國泰證券,BDD,5,非常好炒股體驗使我成本旋轉,2026-03-16 19:35:21
國泰證券,ysc ko,5,借券收入試算單位錯了吧？利息3.5%是年利率吧？目前借券利息試算是收盤價乘上3.5%，得到的數字直接標示成 元/天，應該是 元/年 才對吧？如果要標示成 元/日，應該還要除以365。,2026-03-16 14:40:58
國泰證券,Eric,4,配股配息歷史查詢功能已修復,2026-03-11 17:47:46
國泰證券,歐巴馬,3,按下指標和基本就卡,2026-03-11 14:19:41
國泰證券,W.H. SUNG,2,介面好看之外一無是處 載入即時股票資料超卡 感覺人一多就轉圈圈個30秒 完全受不了 另外很多操作介面也有待改善……,2026-03-11 14:02:15
國泰證券,何冠明（Kevin1005）,4,1. 功能管理，建議新增解鎖按鈕才能調整次序。 最近一直不小心滑到更改次序，有點煩人 2. 建議在我的帳務新增損益平衡價，將買入價位+手續費+證交稅算好，讓使用者很直覺的知道自己什麼價位不會虧錢（這部分台新銀行做得很好） 3. 建議我的帳務＞庫存，新增銀行帳戶餘額，而不是只有交割帳戶的餘額。 4. 交割帳戶餘額的顯示，建議改成委託完成後，隨即同步更新。不然使用者還要自行計算這兩天內的交割款是否超過交割帳戶很麻煩。 2026.3.11 求救工程師，最近有新的困擾。 這款軟體沒有台指近月、布蘭特原油等國際指數，都要自行上網搜尋有點麻煩，能不能新增這些國際指數呢？,2026-03-10 09:42:06
國泰證券,Ryan ZRA,5,建議：新增零股下單改價功能，每次都要刪單再重新下單很麻煩,2026-03-09 18:41:46
國泰證券,肥宅,3,介面好看是好看 但手機可不可以加個條件下單 只能用電腦有點麻煩,2026-03-09 12:52:18
國泰證券,馮文春,5,尚可,2026-03-09 10:28:55
國泰證券,樂東益,4,希望能在 行情 台股ETF 增設「保管銀行」選項，絕對會有獨特性，而且這樣用的人就知道買哪些不會被扣保管費，這是一大進步，拜託了！,2026-03-08 09:54:28
國泰證券,神射手,1,1.定期定額扣錢，跟樹精靈的金額 對不起來， 2.定期定額的扣錢，不是收盤價 3.同一天設定修改多次，還會出現扣款出錯問題,2026-03-06 13:14:46
國泰證券,人路,4,按下基本和指標之後一直轉圈，需要退出再登入。 超過五次。,2026-03-06 12:20:17
國泰證券,柚子白,2,證件拍照功能是我見過最爛的 會圈存錯誤，需人工處理的垃圾,2026-03-05 20:41:36
國泰證券,拜客愛,4,可以在更好一點的系統,2026-03-05 14:39:26
國泰證券,哈哈哈,1,報價主機連線中斷。,2026-03-05 07:35:12
國泰證券,ak909,1,無法庫存損益排序,2026-03-05 02:00:50
國泰證券,September Chen,3,已終止的定期定額資料如果可以手動刪除比較好，避免留存過多無用資料,2026-03-04 21:16:55
國泰證券,薇薇陳,1,為什麼最近app一直在哪裡跑 到底要怎麼操作.... 更新過了還那麼卡 有什麼問題嗎,2026-03-04 17:16:23
國泰證券,Nathan Lu,2,每天早上開市，成功登入後，按功能就被登出。一樣做開發的工程師，你說很慢我還能理解，一直被登出，你不覺得很怪嗎？熔斷是這樣做的嗎XD,2026-03-04 14:49:40
國泰證券,Lin Katharine,3,股息再投入綁定期定額實在太不方便，這樣我要轉元大證卷了....,2026-03-04 13:39:30
國泰證券,杰阿,5,讚,2026-03-04 12:56:18
國泰證券,JIN TING KUO,5,國泰讚讚讚,2026-03-04 12:49:55
國泰證券,何弦達,1,2026年3月4日早上9點8分後系統異常導致我損失約4.4萬元，電話也打不進，右截圖當證據。,2026-03-04 11:36:07
國泰證券,Chang,1,我想登入一直被說閒置太久一直登入不進去==,2026-03-04 09:28:24
國泰證券,winni Wang,1,一直閃退到底是怎麼回事， 除了手續費便宜之外， 操作不便 不夠智慧化 ，實在不知道優點在哪,2026-03-04 09:27:23
國泰證券,YH Chan,1,開盤還讓人登不進去，厲害,2026-03-04 09:24:01
國泰證券,Chou chou,1,看不到加權指數,2026-03-03 09:54:21
國泰證券,富能量,2,碎股與整股的購買力不能共用，真的爛,2026-03-03 01:52:38
國泰證券,superstock infinityprofit,1,當機價格跑掉算誰的，伺服器不能升級一下嗎，干……,2026-03-02 22:48:09
國泰證券,de lavan,1,垃圾東西掛掉 除了手續費便宜外全是缺點,2026-03-02 22:45:26
國泰證券,EN Huang,1,開盤在那邊轉圈跑不出來,2026-03-02 22:43:54
國泰證券,Jack Hou,1,建議的功能死都不改，每次遇到大日子(今天是美伊戰爭)就卡到看不到庫存，無法下單，連報價都沒有，只會轉圈圈，然後顯示系統忙碌中請稍後再試，越來越爛，從五星降到一星都不想給,2026-03-02 22:43:26
國泰證券,Heng Li,1,App 晚上看美股開不起來,2026-03-02 22:42:01
國泰證券,yae Tzeng,1,動不動就卡，美股開盤急著看盤就當機，哪招？？！？！？,2026-03-02 22:40:04
國泰證券,吳子瑋,1,別動不動系統就掛掉,2026-03-02 22:39:59
國泰證券,王聰豪,1,一直無法上，顯示系統忙碌,2026-03-02 22:39:33
國泰證券,I Andy,1,為什麼最近頻繁當機，一下美股報價延後了25分鐘都並未更新，完全看不到今日股價的庫存損益，非常不方便，一下又是系統繁忙無法下單,2026-03-02 22:39:10
國泰證券,may chen,1,為什麼不支援 Google pixel tablet,2026-02-28 09:27:06
國泰證券,yadada,4,還行，但:1.複委託預設帳戶總是台幣，每次都要手動切換到外幣。2.沒有智慧下單，明明同為國泰的樹精靈有。3.K線圖時間跨度不好調整，比例縮放不好控制。4.K線圖上沒有自己歷史買入賣出。,2026-02-27 06:04:59
國泰證券,Hill,4,聽說這app是很棒的工具 於是下載玩看看。,2026-02-26 23:47:53
國泰證券,KuanLun Tseng,1,還原日的股價都顯示不出來，下方副圖表一樣情況點了會當機。 2/26更新：台股行情裡面任一支股票點進去，K線圖的頁面點擊右邊的小箭頭看完整K線圖，所以的K線圖都顯示不出來，日、週、月、還原日都一樣。我的手機是OnePlus 12、系統OxygenOS 16。,2026-02-26 10:42:41
國泰證券,annberrr,1,容易當機 很爛,2026-02-26 10:10:33
國泰證券,monica,5,比起其他官股銀的app好用多了，內容豐富,2026-02-25 23:13:29
國泰證券,黃金週,4,方便是方便 但股票買賣資訊更新速度超級慢 我銀行帳戶APP資料都更新了 這證券APP還停留在上次的狀態,2026-02-25 17:39:27
國泰證券,阿雷,4,把app移除掉再重新安裝，登入後就正常了。 ---------------------------------- 一直出現閒置過久，重新登入 0003 的訊息 為什麼啊？之前都不會,2026-02-25 13:18:08
國泰證券,Lin Hakare,1,怎麼今天一直跳出限制過久登出，直不過轉其他app不到1分，之前不會這樣,2026-02-25 11:49:43
國泰證券,熊熊跟踪你,1,很爛，一直跳出閒置過久的訊息,2026-02-25 11:37:13
國泰證券,蔡揚帆,3,你們買到BI伺服器嗎？,2026-02-25 11:34:25
國泰證券,吳清瀚,1,閒置過久，請重新登入。重新登入後再次跳出「閒置過久請重新登入」，重複了好幾次，到底是三小？開盤還可以股價完全不會跳動的，還要切到其他app才知道現在股價多少，到底是什麼破APP？,2026-02-25 10:24:09
國泰證券,Jaxon-崇瑋,1,價格輸入完，要按賣出時一瞬間結果價格跳掉，差點賣虧,2026-02-25 10:23:47
國泰證券,nl Mgaro,1,不推薦用來買美股ETF，3塊台幣是定期定額才有的優惠，但直接買入或賣出都會抽3美元來了，現買現虧,2026-02-24 23:35:28
國泰證券,柯淵松,5,好,2026-02-21 07:24:30
國泰證券,謝宛婷,1,我的存股都已經130幾股了，等了很久似乎app都沒在更新數字，到現在還在20幾股，每次都要開網銀的app才看得到正確數字,2026-02-17 11:21:20
國泰證券,Jerry Chen,2,無法調整字體大小及尺寸，造成有些字被吃掉看不見，我的是三星Tap A9+，希望能改善,2026-02-12 01:46:49
國泰證券,思英股份有限公司,1,垃圾證券商，說什麼app就有集保匯撥功能點進去連個屁都沒有，連個app都做不好你們可以收一收了,2026-02-09 19:12:15
國泰證券,Lin Sean,2,請增加幾個資訊，借券、還券、借券賣出、券賣還券、融資餘額、融券餘額、借券餘額、券賣餘額，ETF持股、基金月持股、集保大戶分析。 籌碼面的資訊幾乎沒有，請多考慮。,2026-02-09 12:18:53
國泰證券,Arther Wang,3,智慧下單到底什麼時候才要開放啊？,2026-02-08 06:35:45
國泰證券,王湘龍,5,好用，可精準下單,2026-02-06 19:28:56
國泰證券,鬼俠,1,出借股票系統太Lag了,2026-02-06 16:49:18
國泰證券,胡叔叔,2,居然沒有智慧單....現在這個不是很多家都有了,2026-02-04 22:50:38
國泰證券,Kaino Heir,4,手續費低，介面視覺化設計不錯！推！👍👍 但如果可以改善以下會更好： 1.帳務的資產配置chart，可以增加到前8～10個標的（目前只有顯示前5個標的），希望讓多一點投資標的顯示投資比例。 2. 切換至美股庫存的步驟可以再更簡化，且增加常用扣款帳戶為預設，因為這部分不會常常切換台／外幣扣款。 3.希望增加整體資產水位變化圖，方便了解整體投資隨時間增長狀態。（橫軸區間可為周或月） 🙏🙏,2026-02-03 23:08:08
國泰證券,Luffy Chang,3,盼聽到我們心聲，複委託定期定額（股）圈存日期能再增加10、20、30日🙏,2026-02-03 16:37:50
國泰證券,葉芳妤b0926899149,1,老是出現完全沒有數字的狀況，不能改善嗎？,2026-02-02 18:02:08
國泰證券,Tracy Tsai,3,國泰證券的「海外股票」部份為何不能像台股一樣在成交當下立即產生該對帳單？還要等下個月才會才能產出，這未免太扯了？可以改善嗎？,2026-01-30 09:59:10
國泰證券,niki小姐,1,真的很爛，這星期已經當兩次無法顯示，如果可以，一顆星都不想給,2026-01-30 09:42:28
國泰證券,李123,2,我把買入金額修改後，調回原本的買價，但分批買的那些金額也都變成最一開始的買價，這點希望可以趕快修繕,2026-01-30 08:01:13
國泰證券,劉朵拉,2,"沒更新前還好，1/27更新後會突然卡住一直繞圈圈,很麻煩",2026-01-29 15:05:14
國泰證券,林佳怡,1,難用，無法像新光看技術線,2026-01-29 10:57:01
國泰證券,鄒煥璋,5,好。,2026-01-29 10:26:25
國泰證券,莊昆穎,5,簡單明瞭,2026-01-28 22:29:16
國泰證券,潘健源,5,網路問題經反應有改善，讚,2026-01-28 20:14:05
國泰證券,pintin Tseng,1,經常當機，只有文字表格，數字全部沒有，只能重新登入才會恢復，但不久又會發生。都不見改善，非常忽視客戶權益。,2026-01-28 09:44:16
國泰證券,Sloth AI,4,台股庫存排序功能很好用，但美股庫存沒有。,2026-01-27 23:34:48
國泰證券,王俊智,4,方便,2026-01-27 11:17:57
國泰證券,Sordo Chen,1,黑暗風格的部份，可以直接抄樹精靈的配色嗎 我的意思是直接抄它們的色彩代碼，你們的黑紅綠有夠怪的，搞了那麼久，也還沒全部黑暗化，都更新些沒啥用的功能，K線的功能有跟沒有一樣，也滿容易出不來,2026-01-27 02:28:43
國泰證券,Jed Cheng,3,看不到報價，頻繁出現：報價主機連線中斷,2026-01-22 12:38:09
國泰證券,Lin Chen,1,國泰證券 APP 美美的，但完全不好用！ 費用、成交量、追蹤指數、定期定額…沒辦法一次看全，要跳一堆頁，還常靠外網查。 感覺金融研究員跟工程師沒說話過，決策完全不友善。 拜託國泰，別再只會做「漂亮」了，先讓人下單順暢好嗎？字夠大(可以自己調整大小嗎？)，但下單像迷宮，資訊看一次就頭暈！,2026-01-21 17:38:20
國泰證券,楊智鶯,5,"即時提供了新的資訊,謝謝!",2026-01-21 14:03:35
國泰證券,魏廷晏,3,庫存那邊點選看個股線圖有時跑的出來有時候又一直只會出現成交明細，能把這兩個明確選項分開嗎,2026-01-20 12:40:13
國泰證券,Mo,2,主機報價連線一直中斷，才發現以前有因為這樣被金管會罰過220萬。你們就繼續用罐頭訊息敷衍沒關係，考慮再次檢舉。,2026-01-17 00:20:13
國泰證券,鍾國盛,1,"個股下單的頁面為什麼要把""買進‘’跟‘’賣出‘’放在最後的選項？也沒有再多一個確定鍵，為什麼不能跟台新銀行可以先確定買進還是賣出最後再按確定？？我剛按完要買幾股之後，畫面馬上轉回去手掌邊緣就直接按到賣出！！超爛的！！要不是需要買美股手續費比較便宜，如果有其他銀行差不多手續費就直接轉戶頭！絕對不跟朋友推這超危險的app",2026-01-15 10:30:33
國泰證券,陳明仁,1,你們一些股票＆etf的配息＆官方資訊根本都沒揭露還有K線可以看的指標超少,2026-01-14 11:02:16
國泰證券,melody M,1,你們app怎麼回事，一整天都可以用，怎麼突然到晚上就完全不能登入，說憑證無法連接有問題，這讓人傻眼，那我帳要怎麼看？,2026-01-12 18:19:00
國泰證券,Zac Wu,5,想要庫存的即時損益，不是已經賣掉的部位,2026-01-12 16:35:37
國泰證券,霜月,4,希望可以增加一個功能，就是可以統計一年下來，所累計的收益盈虧,2026-01-10 12:47:26
國泰證券,Teaway,2,可以新增三竹介面嗎？介面不習慣。,2026-01-10 02:02:42
國泰證券,Robin Su,5,庫存有現值，請是否可以增加已經借卷出去的現值，不然都要自己手算,2026-01-07 12:24:09
國泰證券,Albee Chang,1,股票抽籤頁面原始申購跟實際價格都顯示一樣的價格，要點進去才會是正確金額，問題存在已久但是都沒改善,2026-01-07 10:08:27
國泰證券,阿得,1,一直出現報價主機中斷？看不到報價？本來就很難用，現在更無法用，請問貴公司提供這種APP給客人用，已經好幾天了，也沒改好，是要逼我們受不了後，換別家嗎？,2025-12-30 23:04:02
國泰證券,邱顯業,3,搜尋股票時JPP-KY 總是搜尋不到,2025-12-30 19:00:00
國泰證券,JQ Hwong,1,還原日的功能呢？怎麼消失了,2025-12-30 13:40:56
國泰證券,Sean Weng,1,時常報價異常 令人失望,2025-12-26 13:32:48
國泰證券,Do Chang,3,手機連接WiFi 時，報價系統都會異常，造成使用上的困擾,2025-12-26 11:50:38
國泰證券,eric tom,4,建議不同週期的K線圖均線的參數可以個別設定或是可以讓使用者決定要不要全部用同一個參數或是每個週期的參數不同，另外建議加上顯示扣底值的功能,2025-12-19 09:49:22
國泰證券,蔡裕煥,5,讚,2025-12-17 09:28:24
國泰證券,collec tsai,1,"這麼大的證券公司，居然複委託買美股，沒有股息再投入這功能,真是失望。",2025-12-16 16:55:08
國泰證券,Weiweiphilo Hsu,5,在庫存方面多了含息計算的選項，幫了大忙了，這樣就不用自己計算股票含息到底有沒有賺，也比較包得住股票。,2025-12-16 11:05:23
國泰證券,葉子爹,4,定期定額投資的每月扣款日設定邏輯有問題，我要每月投資，應該讓我選擇遇假日自動遞延下一交易日自動買進，而不是當月不扣款。,2025-12-12 22:45:41
國泰證券,justice Kind,1,反分割後股票直接不見，也沒有退款給我,2025-12-10 01:41:55
國泰證券,徐利璞,1,能0分嗎,2025-12-09 10:48:34
國泰證券,小瑋,1,現在報價異常 沒辦法買賣是怎樣,2025-12-09 09:57:56
國泰證券,力怕苦,3,我用app都無法募集成功，只能去網頁版，麻煩,2025-12-08 15:31:43
國泰證券,HY Lin,1,為何股票還在抽籤中，沒有辦法取消抽籤，app沒有這個功能？,2025-12-04 21:32:16
國泰證券,何芸馨,1,好幾天看不到股價，到底什麼時候要修好,2025-12-04 16:40:08
國泰證券,吳宜璟,4,有時打開價格會沒顯示喔,2025-12-04 15:28:28
國泰證券,Google 使用者,3,可否增加自由選擇哪一個成本價格要先出的功能，而不是先進先出。可參考鉅亨買基金。,2025-12-03 23:40:35
國泰證券,Jason Ryn,2,最近一次安裝更新，很常打開後，在行情標籤頁，自己買的股，價格都是一片空白。,2025-12-03 19:01:19
國泰證券,Joanne Chiu,5,這兩天app都無字天書，只有總計有數字 感謝,2025-12-03 18:01:04
國泰證券,Yao,1,可以修正不要使用相機權限嗎？ 國軍破幹MDM會把所有相機權限都鎖起來，進而造成無法使用該股票軟體，麻煩了。 國軍MDM這一次更新後導致所有App有相機權限的會遭到禁止使用，進而導致股票軟體等有需相機權限的App都不能開啟。,2025-12-03 16:57:41
國泰證券,余小謙,1,整個數據都沒法顯示出 搞甚麼好幾天了 都沒法看股票,2025-12-03 11:27:37
國泰證券,Garicia Francisco,1,沒想過能有一個看盤軟體整天都看不到報價的，過一整天還修不好,2025-12-02 23:47:58
國泰證券,Chris米,1,這幾天進去app，動不動就是全部的數字都無法顯示，要過一陣子才會正常，這樣看股票真的很不方便,2025-12-02 19:28:04
國泰證券,google使用者,1,打開價格沒顯示也無法下單，會不會太誇張,2025-12-02 11:44:23
國泰證券,Michelle Yun,1,這二天常常處於看不到股價狀態，真無言,2025-12-02 11:36:41
國泰證券,Ting Ting Chao,1,即時股價完全看不到.下單也一片空白.何時才能修復好,2025-12-02 09:33:51
國泰證券,ivy,2,這幾天盤中股價經常出現空白,2025-12-02 08:34:07
國泰證券,鄭年宏,1,app須要更新也在app打開的時候跳出一個視窗提醒一下，今天一直重開都顯示不出來，剛剛才發現要更新app才能顯示，一整個時間都浪費掉了,2025-12-01 11:40:39
國泰證券,"諸惡莫作,眾善奉行",1,都290了你290.5還沒成交到底在........,2025-12-01 11:29:17
國泰證券,Corso,1,3.6.86版本更新後，登入根本無法看到股價數值，請盡快修復,2025-11-30 00:17:44
國泰證券,丁丁,1,為何常常看不到報價行情,2025-11-29 18:05:49
國泰證券,Yisen,1,借券專區何時會修好？登入之後，點任何功能都要先轉圈等待，有時又要我登入，這問題都反應了一年多了還不處理，只會敷衍回覆,2025-11-29 16:09:39
國泰證券,Martin,2,"美股複委託何時會有股息再投入功能?定期定額標的請增加BWX,VEXC",2025-11-23 19:36:32
國泰證券,王明輝,5,很好的裝置和資訊工能有的不錯,2025-11-22 09:43:08
國泰證券,漏扣,1,什麼時候才會有智慧單功能？ 很多家都有智慧單，為什麼偏偏國泰要走無人交易，卻不給智慧單功能？ 不是應該要更完善這些功能嗎？,2025-11-21 13:04:16
國泰證券,taiLing tsou,1,之前一律全黑底顯示看得很清楚，但現在部分改成中空顯示反而不清楚。可否改回全黑底？,2025-11-21 12:14:09
國泰證券,許騰元（Mos）,1,為什麼下單畫面一直反灰都不能用常常當機搞什麼東西啊,2025-11-21 10:01:36
國泰證券,Meredith Wang,5,本來找不到指紋登入的設定，謝謝回覆，已更改成功。,2025-11-20 11:04:44
國泰證券,趙容,1,"為何下單零股後，要修改只能改數量不能改價格,不能反應嗎？還有股價盤中更新慢",2025-11-19 12:33:08
國泰證券,Clover,3,這陣子要看K線圖很容易出不來，就算是半夜看也會，常常都黑色，不然就是線型全變成一條線,2025-11-18 00:49:39
國泰證券,Sara Hu,4,功能越來越全面了，希望下面幾點能改善。 1. 停扣的定期定額的ETF無法設定股息再投入 2. 低檔加碼能增加選項，如＜5%投入多少，＜10%投入多少，可以設定越低扣越多 3. 美股定期定額也希望有高低檔加減碼功能,2025-11-16 23:30:26
國泰證券,Teng J-S,2,登入頁不能輸入密碼是怎樣啊……密碼那一欄連點都不能點，連身分證號要編輯都只能整串刪掉重打,2025-11-12 23:45:08
國泰證券,晟灝,1,整天跳沒用的活動通知，還關不了。,2025-11-09 14:31:15
國泰證券,鄭志明,5,是否有辦法把自己要看的ETF置頂到手機桌面上的問題，這樣上班才不會每次要看都得登入，容易被上司抓包,2025-11-07 12:16:01
國泰證券,羅根,1,門號無誤卻一直收不到驗證碼... 先前使用時還遇上代碼錯亂，公司名稱不見...等問題 挺糟糕的,2025-11-06 22:49:09
國泰證券,Roger Lee (游苦忠),2,沒有期貨？ 國外股票沒有完整？ 沒有這些功能，還是留在元大操盤， 這個系統停留在封島被盤操的時代。,2025-11-06 15:33:11
國泰證券,Mantuo (饅頭),2,哭啊 差券出借的通知都不會叫，每次看到都超過時間了，這樣想借我也沒辦法啊,2025-11-05 14:54:47
國泰證券,Andre Liu,1,什麼鳥功能啊 多了配息計算 還是少加了借劵的配息啊 真的是無腦設計 什麼時候改好,2025-11-05 13:08:01
國泰證券,HW Lee,1,為什麼更新以後要我重新啟用FIDO快速登入，叫我開啟什麼指紋、人臉辨識，我一直開啟的啊！電話什麼權限也預設開啟的，就已經是開啟狀態我要怎麼再開？無法下一步啊！你們更新都沒有測試過直接上架嗎？根本不能用！請快修復bug。,2025-11-04 21:12:04
國泰證券,Min Jin Y.,1,推薦樹精靈不要用這個,2025-10-30 19:14:55
國泰證券,周聖修（sony）,5,什麼時候可以開放日股？？,2025-10-30 18:23:01
國泰證券,Alan Kin,4,入金/出金非常方便 複委託 期貨櫃檯很方便,2025-10-30 11:43:37
國泰證券,沈育民,4,希望股息再投入功能可以再進化，A 股票的利息可以投入B股票,2025-10-29 14:29:51
國泰證券,汪卡爾,2,目前樹精靈與國泰證卷改版後，碰到新的困擾是，當我股票劵差出借2張後，隔幾天歸還後的成本變成為0，而不是幾年前買的成本價格，然後在這2個APP都無法針對這歸還的2張去自訂成本，但是樹精靈可以針對未出借的股票自訂成本，這問題造成庫存顯示的損益，差了10萬8千里，不知何時能修正這個錯誤？,2025-10-28 14:04:14
國泰證券,陳Hong,1,股票名稱常常顯示不出來，爛死,2025-10-28 09:12:34
國泰證券,MIO Guo,2,密碼限制一堆，有什麼毛病？,2025-10-27 13:40:03
國泰證券,Jia Ying Li,3,你們之前定期定額不是都會顯示每次扣款多少，然後還會顯示那個月的定期定額現在是賺了多少或賠了多少嗎？幹嘛修改掉啊.....我跟同事們都很喜歡原本這個功能，現在沒了有時候想知道都還要自己算，很麻煩~,2025-10-27 12:26:52
國泰證券,高惠,5,很不錯,2025-10-24 13:35:33
國泰證券,Jason Lee,3,ETF成份股選項常自己消失，自選群組欄位自己還會莫名奇妙自己改名覆蓋其他命名群組，有時又很卡無法選擇群組，影響看盤下單真的不行,2025-10-22 11:01:48
國泰證券,鄒一帆,3,更新過後 指紋的快速登入不見了,2025-10-21 12:50:25
國泰證券,Madox Lin,3,問題：每次修改“管理群組”名稱時，會造成群組標題被套用到其他群組中。 期待更好，請改善此問題 希望能有更多的功能出現,2025-10-21 00:39:40
國泰證券,Liwei Zheng,3,股票出借，變更約定出現驗章失敗，結果就是不能變更。,2025-10-20 14:01:52
國泰證券,鄭元帝,5,蠻好用的 介面簡潔俐落，想用的功能按鍵都不會找不到 期許也會加入美股etf也有股息再投入的功能,2025-10-19 14:28:07
國泰證券,Schy Chiou,4,手機驗證碼希望能申請新簡訊特號，不與過去其他用途簡訊混用，避免被自動判定為垃圾簡訊。,2025-10-17 11:03:28
國泰證券,曉榕,1,"為什麼有時候可以滑動介面有時候又不能滑,讓我覺得這個app真的很爛,而且要重新開關機很多次才進得去,你們的國泰證券,真的要去買個賣,根本就沒有辦法進去,真的是浪費時間",2025-10-16 12:10:51
國泰證券,蘇昱安,1,很常登入都顯示憑證查詢狀態中 就登不進去 不要讓人登進去的話 做這個app幹嘛,2025-10-16 08:13:27
國泰證券,李李,1,很不好用，技術線型很難看，不能像台新新光那樣，還有自選股也難用，有沒有提供etf的季線下或年線下選,2025-10-15 09:15:58
國泰證券,MeiMei Huang,1,第一次使用，也沒用過別家的，兩個月下來發現真的很多問題，反應多次但客服堅稱沒問題，還說沒人反應，也沒有任何要接受app問題改善，態度就一副跟我無關，愛用不用請便。 補充：要你借錢時很積極，態度狂推猛推，非常怕你不欠錢，我要也是找別家，看清楚這家金融集團。 9/28 app維護，9/29又出問題，客服每位都慢慢來回你，不然就回沒辦法處理。 這態度堪稱最囂張集團，還沒用的千萬不要上當。 從上面更新日期就知道置之不理了，底下回覆是應付交差嗎？,2025-10-12 13:14:04
國泰證券,陳冠宇,1,此應用程式不允許截圖，白痴自以為安全。,2025-10-09 18:39:38
國泰證券,Betty芹,3,線上申請新增複委託交割台幣帳戶，做到身份證拍照後卻無法上傳，無任何點選按鍵，導致失敗三次無法接受簡訊認證，得隔天再試，致電也無法解決，是不是系統有BUG?,2025-10-09 15:01:35
國泰證券,羅廣程,5,下單很方便,2025-10-07 22:32:39
國泰證券,Pakkey,1,國泰證卷APP選股指標失真，選股條件：指標選股，大師精選，外資投信同步買進，進階篩選，價量齊揚,2025-10-07 20:36:22
國泰證券,林愛華,5,很方便,2025-10-03 19:03:41
國泰證券,郭仁杰,5,建議台中銀（2812）可以增加定期定額功能，謝謝您~,2025-10-03 09:22:14
國泰證券,TinTin Hsu,3,複委託看不到當月的交易記錄，對帳單只能看到上個月跟之前的，一般來說是最近的交易最重要吧？反而查不到，這設計邏輯令人費解,2025-10-03 07:07:16
國泰證券,林小惠,3,美股從帳務選擇個股去看K線後返回，都會跳回最上方，個股如果是在較下方的，都要重新往下滑，很麻煩，希望盡快更新,2025-10-02 22:02:16
國泰證券,黃婷鈺,3,近期使用行情介面常常只有股票代碼沒有名稱，再點選其他成交價，漲幅都是一樣的狀況，整個頁面都這樣，重新登出也還是一樣，我也拉掉重新下載也一樣，最近更頩率很高,2025-10-02 10:53:22
國泰證券,Lisa,1,庫存內可以設計成直接看到成本與市價嗎？不想看市價還要往下拉。 今天10/1已實現及對帳單下都看不到資料，明明幾天前有交易，app壞了嗎？去更新也沒用,2025-10-01 14:42:02
國泰證券,柯柯,1,新的版面非常難用，害我賣錯股票，舊版面把買進跟賣出放在上半部用點選的，而不是現在排在下面會害人按錯,2025-10-01 10:14:53
國泰證券,宋秘罕,4,"下單介面改回舊介面行嗎，很容易按錯，不好操作,請盡快改回吧",2025-09-30 22:18:16
國泰證券,溫大鈞,1,為什麼我都能盤前掛盤中市價單,2025-09-30 09:11:28
國泰證券,Justin,4,昨日9/25系統更新後，使用起來介面開始會卡頓不順甚至當掉，致必須重開程式，請協助改善,2025-09-26 12:31:54
國泰證券,王姿穎,1,白痴app不能截圖,2025-09-24 21:34:40
國泰證券,shien shien,4,我的訊息＞交易通知，為何只有台幣交割通知，外幣複委託也需要吧,2025-09-24 19:15:24
國泰證券,張詠朝,1,行情頁面，每週都會發生看不到股票名稱的問題 打開APP首頁，裡面的自選、『行情』裡面的股票只有代碼沒有名稱,2025-09-23 16:24:52
國泰證券,R Hsu,5,"美股複委託可以用台幣外幣扣款很方便！但當同時有兩個帳號的時候下單常常會下錯，是否可以參考其他家業者，可以用預設鎖定""設定""其中一個，直到下次要變更再調整改變，減少錯誤機會！謝謝！",2025-09-23 12:44:26
國泰證券,Pure Formosa,1,使用複委託買美股，然後發現國泰某股股價為$9.41，另外2個看盤軟體的股價是$9.38，看來國泰美股報價並不即時！使用2個月了，不知有沒有被買高賣低。 股價資訊不即時，對投資人很不友善！ 到時等這裡美股在適合價都賣出後，就不使用國泰證券app了，換成美國券商做買賣，不但價格即時，而且也不會收取手續費！ 另外，早已簽過”美股即時報價同意書”了！,2025-09-23 12:01:18
國泰證券,楊建東,4,說明很清楚,2025-09-17 14:29:55
國泰證券,施宣仲,2,「分時明細」在今日改版後觀看模式影響非常大，單量賣的原本是綠色，買是紅色，現在變成賣是紅色（相反），買是橘子色，非常不習慣，請問可以改回來嗎？ 而且系統更卡，回上一頁常常就會黑屏，直到退出，需要再重新登入。,2025-09-15 10:08:35
國泰證券,LUBIYA LEE,4,整體上使用都算流暢，但最近抽籤帳務的訊息都一直跑不動（顯示轉圈圈），其他買賣帳務查詢都可以，請問這部分系統可以趕快解決嗎？,2025-09-15 09:58:59
國泰證券,沈家慶,1,首次安裝+註冊就當機好幾次.....,2025-09-13 19:06:10
國泰證券,Alan,3,損益試算和自訂成本的計算邏輯是什麼？帳務頁面的未實現損益和現值有些和下單頁面顯示的數字不一樣 自訂成本的邏輯也很奇怪 自訂成本之後有些庫存股票的現值-成本的損益數字竟然跟系統顯示的對不上 如果自訂的成本有小數點是四捨五入還是怎麼樣 拜託給我個詳細的說明讓我知道該怎麼算,2025-09-13 01:10:17
國泰證券,Vincent Lee,3,K線圖的縮放功能是不是有點太靈敏？手指有點難操控。,2025-09-11 16:23:34
國泰證券,呆呆人,5,庫存頁面0050的股息應該是錯誤的，是否為分割產生的問題...，是否可以檢視調整，要不含息報酬報酬率不準確，謝謝,2025-09-11 15:21:21
國泰證券,ZHENG-WEI HUANG,4,本次改版發現我的手機在分割模式時 無法取得憑證 希望能夠協助確認狀況 或者於日後的版本得到解決,2025-09-10 22:25:35
國泰證券,jaxon wu,1,原本下單可以直接看到下方的剩餘額度跟餘額，現在要再去切換，很不直覺，應該要改回來，這個很重要，萬一餘額沒注意就爆了,2025-09-10 12:44:24
國泰證券,紅紅的紅茶,1,預約漲停 委託失敗後為啥會自動又開一個預約 按一下系統都會跳出2個下單 後面變成用隔日漲停價格賣掉我的股票 那預約根本沒有意義呀,2025-09-09 16:11:00
國泰證券,洪進發,4,很好,2025-09-09 12:10:08
國泰證券,Shirley Chen,5,謝謝這次新版損益可選擇含息或不含息 方便許多 如果能像樹精靈一樣加入匯出Excel檔案功能 那就更方便做紀錄了 感謝 新版軟體要看配息比舊版方便 不必再輸入帳密 直接連結過去 這部分很方便。但請問新版有無功能改成深色背景？白色背景很刺眼 另外 能否在未實現損益處提供是否含配息的選項 上述這兩個功能很多證券app都有 請答覆 謝謝,2025-09-05 13:43:45
國泰證券,丁淑敏tina,5,很棒,2025-09-04 18:58:39
國泰證券,廖文蘭,5,好用,2025-09-04 18:12:44
國泰證券,B QQ,5,一直在進步很讚喔有含息損益可以看了，如果有含息成本的話更讚，因為存股族都會想看到配息後降了多少成本，都在等待成本歸零，希望將來能夠有這項功能。,2025-09-04 13:46:37
國泰證券,Tzu Yang Lin,5,新增含息損益功能 讚,2025-09-04 13:36:51
國泰證券,維Wei,1,系統常常卡和跑不出來住就算了然後興櫃股票的五檔和價量都顯示錯誤，另外可不可以參考別間券商的app 多點功能如大盤三大法人個別買賣超（可配合k線圖一起看）、產業熱力圖、盤中大戶散戶買賣超、千張大戶和散戶個股的持股比例等……（反正自己用用看別間券商就知道），手續費便宜有啥用，令人不想交易啊 回覆：剛剛和其它app比對發現興櫃以為顯示錯誤是因為呈現方式是「股」而不是「張」，所以看起來很怪，但上市櫃都用「張數」興櫃用「股數」也真奇葩,2025-09-04 12:00:34
國泰證券,陳柏源,5,讚,2025-09-04 10:47:49
國泰證券,Z,5,股票種類繁多，限制較少,2025-09-04 10:07:05
國泰證券,agou91450,1,成份股不見？？,2025-09-02 10:08:21
國泰證券,夜羽,5,介面有變好用非常多，感謝,2025-09-02 09:29:37
國泰證券,楓,4,現在有美股etf股息再投入了嗎,2025-09-01 12:01:45
國泰證券,許彼得,3,請提委託單/直接顯示在看的交易張數或股數！不用再按箭頭才能看到！ 另外成交單公司 ， 提供可以直接按下 一樣連結到下單畫面！ 已經電話反應 許多次！！！ 我就納悶 能夠提供好的方案為何不執行改善呢？？？,2025-09-01 10:58:34
國泰證券,鄭懷絨,2,有些基本功能不全： 1.為何個股新聞更新很慢又很少，例如我要看翔名的新聞都沒有 2.為何個股不能看單一券商分點過去的買賣紀錄,2025-08-31 00:55:51
國泰證券,P H,5,更新後問題已解決，謝謝。,2025-08-29 18:12:20
國泰證券,李大龍,5,請問進入樹精靈app後，最上列觸控無法操作，能提供解決方法嗎？,2025-08-29 09:47:42
國泰證券,黃基昌,3,反應很多次了！目前還是看不到關於股票出借預估借出總市值的部份，一樣都是三竹的系統，希望能參考統一e指發的作法，提供各檔股票每日借券預估收入、預估手續費、預估淨收入的明細表單及全部出借股票加總之預估淨收入金額表單供參考！而不是像目前只有還券結算後才能知道金額，但不知反應很久了！目前還是看不到關於股票出借預估借出總市值的部份，一樣都是三竹的系統，希望能參考統一e指發的作法，提供各檔股票每日借券預估收入、預估手續費、預估淨收入的明細表單及全部出借股票加總之預估淨收入金額表單供參考！而不是像目前只有還券結算後才能知道金額，但不知是如何算出來的！並且希望劵差出借也能有設定自動出借的功能！謝謝您！是如何算出來的！並且希望劵差出借也能有設定自動出借的功能！謝謝您！,2025-08-28 22:11:34
國泰證券,Andy Liu,1,難用 一堆bug,2025-08-28 21:36:22
國泰證券,何偉豪,2,希望能增加即時損益試算這功能，不懂這功能蠻好用的欸，為何不加入？輸入個數字就可以知道當這個股價到來可以是多少正負報酬，,2025-08-27 20:06:34
國泰證券,夜暮,1,一直要重登,2025-08-22 10:38:15
國泰證券,曾貫智,4,定期定額買股，可以新增一個功能，是定期定股買股，例如每次固定買100股，不然每次定期定額買的股數都不一樣，有時候還要買零股湊成一張,2025-08-22 00:29:56
國泰證券,Xin Chu,1,樹精靈很卡頓，會影響交易，可是這個軟體不方便看盤。,2025-08-21 21:46:38
國泰證券,周周,5,方便,2025-08-20 16:03:00
國泰證券,陳小彥,2,爛死了 定期定額美股區會一直卡住 不能往下滑 不能做靈敏點嗎 想要做自家系統 就做好點,2025-08-19 17:59:36
國泰證券,蔡政亭,2,台股當日分時k線圖有時候會壞掉，價量看不到，旁邊的價格參考線也都是錯的,2025-08-19 10:32:50
國泰證券,李建昌,1,每次用一陣子後，台股公司名稱常常變成-看不見，每次都要重新安裝才會正常，麻煩請改善，謝謝,2025-08-18 23:53:21
國泰證券,賴冠綸,1,期貨開戶點了沒反應啊,2025-08-17 22:06:11
國泰證券,張志偉,1,常常登入都是顯示異常，無法正常顯示，都只剩編號，重新卸載完，相同問題還是無法得到解決！,2025-08-13 09:25:37
國泰證券,Leader Element,3,美股沒有觸價單功能！請程式人員開發預掛觸價單功能！,2025-08-13 08:54:56
國泰證券,許小軒,1,為什麼不能更新？,2025-08-13 06:25:20
國泰證券,Albert Lin,3,有時查詢阿發ETF募集申購 不會跳出相關資訊，希望放在功能管理 不要放在阿發,2025-08-13 03:05:59
國泰證券,fielding wang,2,為何最近住家手機用wifi就不能登入?帳密或指紋都不能登入，只能用4g網路才可登入?,2025-08-12 19:47:44
國泰證券,陳淑芬,5,方便 快速,2025-08-12 09:41:28
國泰證券,sss qqq,2,請增加可以查詢個人海外所得的功能，富邦證券的app有這個功能，報稅好用，增加美股智慧單功能，口袋證券有提供。,2025-08-11 17:43:50
國泰證券,Rafael阿飛,1,我輸入舊密碼不給我登入，改密碼的時候說我的密碼不能跟舊密碼一樣，然後改完輸入新密碼也不給我登入，是怎樣，不想用了，不給我登入就算了，證券又不是只有你們這一間,2025-08-08 22:35:30
國泰證券,銘宏,3,請將國泰證券下單的頁面改版一下 在看五檔買賣準備下單時 也能同時看到（明細）的交易數量（五檔+明細）這對當沖的人很重要 可 “參考元大證券app下單系統”,2025-08-07 19:19:37
國泰證券,Mike Mike,3,今天登入出問題，可否說明一下？影響很大！ 此APP本就不好用，建議手機和電腦的系統外包給三竹，貴司也不用負擔這評價很差，一直沒成長的單位。 請壯士斷腕做個決斷，只靠低手續費無法留住客户。以上，誠摰的使用感想。,2025-08-07 16:54:02
國泰證券,陳隆勝,3,今日突然無法登入，一直說其它裝置登入中！ 重點我只有使用一個裝置,2025-08-07 12:47:37
國泰證券,Yi-Syuan H.,1,一直閃退,2025-08-07 12:40:30
國泰證券,PTQA,1,你們就爛，當然檢測不出來 早知道就相信網友換一家好 優化後使用感受更差 每個禮拜一都修 老問題每天都在 永遠一顆星 8月7號又有新問題出現 登入就出現閒置過久，請重新登入 已經重新登入N次了還一直出現 是怎樣，你們的工程師是技術那麼爛是不是,2025-08-07 12:34:33
國泰證券,Chris Kanebo,1,原本都用得好好的剛剛突然跳出您已於其他裝置登入,2025-08-07 12:30:03
國泰證券,黃偉誠,5,希望也可以有像樹精靈一樣的到價通知功能，謝謝,2025-08-07 11:39:25
國泰證券,Julia Chen,2,頁面改成 買進 賣出在下方，感覺很容易按錯。(驚) 希望改回來。,2025-08-06 18:23:53
國泰證券,黃秀玲,5,很方便使用,2025-08-04 07:59:34
國泰證券,喔Hi요,2,下單頁面為什麼不讓人有試用期或是自選，改了不應該改的不更新還強迫更新不然一直莫名斷線，會常使用下單都是每天使用的人，換按鈕位置是大忌難道你們不知道嗎？而且要買賣按鈕只要一錯會害很多人。你們要這麼搞垮你們的程式嗎？設計的人怎麼了？原本頁面很清楚看得懂，但要微調也不讓人有適應期或是選擇權。這期間更新程式後有多少人因按鈕錯誤了幾次？能否處理改正，謝謝你們。,2025-08-02 02:03:44
國泰證券,Jessie Cheng (鄭雅之),3,彈出視窗這麼多做啥啦！欠揍啊！,2025-07-30 15:39:36
國泰證券,Ray Wang,1,使用一陣子後，除了‘’自選‘’以外，所有的股票名稱都不會顯示，真的麻煩，使用體驗真差,2025-07-30 09:30:45
國泰證券,陳俊州,5,Very good,2025-07-25 08:28:20
國泰證券,mei chen,4,「下單頁面」上方各欄位，可不可以不要用綠底，會讓人誤以為要賣出，建議改成其他顏色。,2025-07-22 13:31:45
國泰證券,豪豪,2,痾... 其他券商app有提供即時損益試算的功能，提供股民停利/停損的預估試算，身為民營金控的龍頭國泰，不管是國泰證券還是樹精靈，竟然都沒有... 是因為反正都是龍頭就開始擺爛了嗎... 這個功能的引入應該不會很難吧？？ 希望往後的更新能看的這功能出現,2025-07-18 22:06:42
國泰證券,宸右,3,怎麼沒有止損設定之類的 想設定低於一定金額自動賣出🥲,2025-07-17 13:55:02
國泰證券,Gung Andreas,1,把股票下單買入賣出的選項改回來，現在兩顆按鈕在最下面左右超容易按錯的,2025-07-14 14:38:19
國泰證券,林君射,2,請問一下我安裝樹精靈，但是想定期定額就必須用國泰證券這個軟體，那我為什麼要安裝樹精靈,2025-07-12 01:38:49
國泰證券,曾筱雯,2,下單頁面的庫存跟額度可以再放回同一個頁面嗎🫠 切來切去好麻煩🙏,2025-07-09 12:08:10
國泰證券,Jisoo Kim,1,更新完買賣鍵位置交換害我一直按錯，要加碼的按成賣，莫名奇妙改位置幹嘛,2025-07-09 09:28:34
國泰證券,Ash Pei Huang,1,定期定額的加/減碼，遇到拆分後的股票，應該用還原價格去計算才對。用拆分前價格去比現價，造成明明應該是維持或是減碼的購買，變成是加碼了,2025-07-08 13:33:06
國泰證券,榮,1,難用，不會學學元大，三竹,2025-07-07 13:32:22
國泰證券,林裕博,5,好,2025-07-06 22:47:27
國泰證券,小豬佩琪,5,美股庫存看不到，但是總覽可以看到，修一下bug。（已解決，是我自己的問題，不過處理速度真快！）,2025-07-04 09:27:30
國泰證券,林debby,3,用APP已一年 一直都沒問題 六月份開始 我的配股配息 常打不開 至少還是開得了 但 這星期一至今是 完 全 打 不 開 …… 😑 連 砍掉重新安裝APP也還是一樣 我們投資最重要的 就是配股配息啊………… 打不開 打不開 有些心慌啊～ 我的手機是三星 S25,2025-07-02 08:52:17
國泰證券,曾大倉（牧童）,5,好用,2025-06-30 22:44:03
國泰證券,Rick Chen,5,不能下載安裝,2025-06-27 13:08:17
國泰證券,吃,1,成分股的分頁欄位為何不見了,2025-06-27 03:03:16
國泰證券,王浩,1,常常顯示異常，有時候買賣代號出錯，借劵也很複雜,2025-06-25 03:59:37
國泰證券,陳昶諭,2,今日熱搜與盤中熱搜怎公司名稱只剩下---這樣連續幾天了,2025-06-23 13:05:40
國泰證券,袁中中,5,Good,2025-06-18 06:39:31
國泰證券,張益義,5,完整一目清礎,2025-06-17 19:01:07
國泰證券,Hsiulien W,2,為什麼個股沒有可以到價通知的設定？,2025-06-17 17:27:44
國泰證券,陳冠名,1,股票出借只可以看到多個帳號的其中一個帳號，感覺是軟體工程師太爛還是公司風氣太爛，隨便處理的公司,2025-06-17 13:28:34
國泰證券,林訪蘭,5,很棒 很實用,2025-06-17 13:05:35
國泰證券,林筱娟,5,很好,2025-06-17 10:50:24
國泰證券,snow weng,1,"可以新增""出借股票總市值""的項目嗎?目前都只看得到未出借股票的市值 無法知道已出借股票總市值多少? 永豐大戶豐都可以看的到""現股市值""跟""出借股票市值""，請國泰證券可以增加這個功能 謝謝! 2024/12/11請問何時才可以看到出借股票總市值？？ 2025/6/16請問何時才能看到出借股票的總市值？何時才能看到台股（包含出借股票）總資產金額？？？目前持有其他兩家永豐跟元大都可以看到在該帳戶內的股票總資產市值（包含已出借股票），為何國泰一直無法新增這個部分？？？",2025-06-16 17:06:57
國泰證券,藍星狼,2,2025/06/16：沒有日股線圖，日股網路下單的手續費還限制低消，富邦證券目前沒有低消。 開沒幾分鐘，整個手機就會延遲很嚴重，沒多久就當機。就算在背景跑，也是嚴重。 有時還登不進。 我使用的手機大概是7年前的，跑台新的就不會有這些問題，要不是可以小數量借券收租金，應該就不會使用了。 2023/12/25，還是很卡。其他在line的建議都有陸續修改。,2025-06-16 09:59:32
國泰證券,蘇怡荃,1,垃圾，完全無法登入，一直憑證申請失敗，換密碼也沒用,2025-06-15 16:13:22
國泰證券,聖,1,更新過後完全看不到分時的部分完全看不到小數點？,2025-06-12 22:40:41
國泰證券,Shinsky Huang,1,越改越爛，成分股顯示沒有了，K線除息日標示線也沒有了，難用死了，想換其他券商了,2025-06-11 11:06:34
國泰證券,Nick,4,請增加美股定期定額扣款可選擇日期，現行只有三日太少了。,2025-06-07 20:00:43
國泰證券,BlackBear Taiwan,5,5月底更新3.6.62版後「海外股票」裡的「成交」訊息沒有顯示股票名稱，無法知道該筆交易是哪支股票的交易，還要去委託單找相關訊息確認。 還是把股票名稱加回到成交訊息裡比較清楚。 6月3日的更新版3.6.64已經有顯示股票名稱的訊息，感謝飛快的處理👍,2025-06-06 10:32:46
國泰證券,Yoyo yo,2,為何不開發智慧單功能啊 就不想開期貨 也不想換隨身證券啊..,2025-06-03 19:40:41
國泰證券,謝昱忻,3,最近一次的更新後，台股庫存的成交均價被隱藏起來了，使用上不夠直覺化，希望能改回來，跟美股庫存一樣的顯示成交均價出來,2025-05-31 19:00:24
國泰證券,Eva Lin,3,零股購買時，如果五檔價格被系統更新，輸入欲購買的價格數量會一直被刷新重置，很容易不小心買錯，需不斷的重新輸入，頗不方便,2025-05-22 16:52:59
國泰證券,embryeeo S,1,請問證券庫存如果是賺錢，本來是紅色，現在全變黑色，如何變回來？,2025-05-20 23:01:59
國泰證券,Jspp,3,最近老是在我要出借 那邊無滿意，按了又跳回主畫面,2025-05-20 14:54:54
國泰證券,baohuey jeng,1,安裝目的是為了取消垃圾信件，結果系統說晩上維護無法設定訂閱。現在想設定又被告知要維修到凌晨4點無法登入，什麼垃圾app？一星都不想給！爛透！,2025-05-17 14:38:10
國泰證券,me selfish,1,反應過的都不修改 #01. 未成交不重要，不需主動提醒 #02. 到價警示→這每家基本有,2025-05-16 21:19:03
國泰證券,顏偉傑,3,"2025/5/15更新 股票質借後原始成本消失並且贖回後無法編輯成本,質借同時股息計算也是錯誤的,建議參考元大的APP顯示方式。",2025-05-15 13:32:41
國泰證券,Sugar,5,非常棒的分享,2025-05-14 16:15:55
國泰證券,趙家華,1,太爛的版本，網業下單區還要上下滑動，才可看到跳動的股價，及當沖時的金價浮動影響了下單。,2025-05-05 23:35:20
國泰證券,小雪球,1,已經2天，等入都看不到損益,2025-05-03 04:33:30
國泰證券,Kezo Liang,3,可以在股票申購裡，直接把收盤價標示出來嗎？以前有標示，一目了然，現在還要點進去才能看到，有點多餘...,2025-04-30 15:01:12
國泰證券,加權指數,3,時常在轉圈讀取中 樹精靈很順,2025-04-28 14:44:57
國泰證券,SADIVO DIA,2,報價系統經常失效，要重開好幾次才會正常，爛app,2025-04-23 23:17:44
國泰證券,J L,4,1.功能及介面都很讚，但個股的資料顯然沒有更新。 2.舉例來說，個股6128在2025/4/17除息，但直到當天（今日）查詢，此app的行事曆、股利仍無該資訊。但同為國泰的隨身證券app早已有完整更新。其他個股也有類似情形，不是個案。,2025-04-17 10:53:52
國泰證券,RM,2,每切個畫面轉2～3秒 山竹的不到0.2秒 速度差10多倍,2025-04-15 13:31:14
國泰證券,airing chang,4,"2646在列表上會只顯示代碼不顯示名稱，股價資訊也經常會出現空白｡偶爾點進再回到列表會恢復正常顯示｡ 股票抽籤的分類一進入就跳出空白通知,收盤價格會與承銷價完全一樣,並且無法進行抽籤開始通知的操作",2025-04-15 09:17:53
國泰證券,jie len wu,5,很好用，但維修時間可以一次不要太長時間嗎？,2025-04-12 23:28:26
國泰證券,Hsu Liang-Ching (LGLA),1,美股k 線圖顯示週線跟月線時數據有問題，已經清除過手機上的資料重新登入還是一樣。例如Nvidia 在2024/6/6會突然跳成1千多。,2025-04-11 21:13:13
國泰證券,黃楨民,5,「登出」能放在首頁嗎？ 能夠一鍵推出，請納入考慮，謝謝,2025-04-11 17:36:37
國泰證券,JC TSAI,4,定期定額的扣款提醒及扣款成功這類的通知請讓使用者自己決定是否開啟或關閉。,2025-04-11 17:26:20
國泰證券,Joseph Tao,3,缺點： 1）行情頁面公司名稱的字體大小不一致 2）缺乏全套黑暗模式 3）線圖無法同時顯示更多指標 4）缺乏ETF 溢折價資訊 （請多參考富途牛牛和富果 app 的設計思維。）,2025-04-10 20:14:25
國泰證券,林郁凱,4,"希望加入賣同一隻股時可以選折,賣那一天賣的股 這樣比較好用",2025-04-10 17:49:51
國泰證券,黃美秀,5,好用,2025-04-09 14:08:01
國泰證券,William,3,還可以,2025-04-09 11:37:38
國泰證券,Jane Fiesta,1,錢扣走了紀錄金額全都是0？,2025-04-09 06:41:39
國泰證券,依寧・玫瑰,1,忘記密碼後重新申請密碼，並要修改新密碼卻一直顯示系統忙碌中請稍後再試！,2025-04-08 11:09:20
國泰證券,長弘,3,點股票貸款的說明會先跳出bitly字樣才會轉跳網址，有點奇怪吧,2025-04-06 01:26:34
國泰證券,陳惠珊,5,使用方便，但希望可以增加00858的定期定額,2025-04-04 20:59:45
國泰證券,國安王,5,方便好用，手續費優惠,2025-03-31 16:36:19
國泰證券,劉家銘,5,金融消費理財功能齊全,2025-03-28 10:12:53
國泰證券,Vanessa,1,難用到爆炸，為什麼舊的樹精靈你們放棄，無止盡轉圈？他明明買賣下單順利直覺化， 新系統我還要等一下再確認下單。 有庫存會預設賣出，到底為什麼？我就不能再買進嗎？到底為什麼要預設賣出？也不能改預設，這樣的設計原因是什麼？是在做手腳，要讓人下錯單你們好再賺手續費嗎？ 系統介面雜又亂，UI UX在搞什麼,2025-03-25 09:43:33
國泰證券,Jwoluen Hor,1,2025-03 “我的”畫面最上方重疊！ 2025-03 更新版本後，畫面上方按扭圖示，在手機邊緣，有的還和攝像頭重疊，很難使用，本就很難找到登出，現在更難了！怎麼越改版越糟糕？！ 2024/04/25 複委託港股下單，一直出現“後台資訊系統異常”！ 客服電話，無人接聽！,2025-03-24 09:27:26
國泰證券,花巷草弄,3,請問國泰證券APP 有無智慧下單功能？ 就是跌到多少自動買進、漲到多高自動賣出的功能。下載隨身證券輸入密碼後，跳出顯示建議請使用國泰證券的通知。國泰證券APP裡面找不到智慧下單的功能。樹精靈也找不到智慧下單的功能。再麻煩您建議新增此功能，感謝您。,2025-03-20 13:23:45
國泰證券,Rita Tein,1,明明已在登入畫面，要更改委託價格時候，突然出現說要再重新登入，但多按幾下有可能就可以正常更改，因為這樣無法即時改價格損失了不少啊,2025-03-19 11:53:45
國泰證券,茶貴蓮阿蓮,5,好用,2025-03-17 10:25:54
國泰證券,J C,1,股票出借永遠在轉圈，轉完還是進不去！ 深色模式只有幾個分頁是深色= =,2025-03-10 16:26:25
國泰證券,張琦,5,很好,2025-03-10 16:11:19
國泰證券,戀,1,自選條件一點進去就直接閃退,2025-03-10 15:39:02
國泰證券,黃崇堯,4,股票出借的部分希望可以改善 1. 借劵區速度很慢 而且容易錯誤跳掉 2. 沒有幫忙統計庫存現值和總計張數 只有列出每一筆借券要自己算 很麻煩 這一點永豐就做的比較好,2025-03-09 16:41:23
國泰證券,陳昱儒,1,破爛設計，垃圾介面,2025-03-08 16:53:34
國泰證券,王振宇,4,之前說超難用，現在比較好了，但還是很卡,2025-03-08 15:10:26
國泰證券,jennt chang,1,每次複委託下單，APP整個卡住，超級不順𣈱，可以優化並提升整個APP效能嗎,2025-03-04 22:38:28
國泰證券,友人J,1,美股晚上開盤前十分鐘整個不能用,2025-03-04 22:36:16
國泰證券,隨風行,4,ETF裡面新聞都沒有新聞 終於出黑色介面，謝謝,2025-03-03 09:54:03
國泰證券,蔡小蔡,5,操作方便,2025-03-03 01:41:13
國泰證券,WD L,2,太棒了！有深色模式了， 希望可以更多介面都可以變深色模式謝謝你們~ 很讚,2025-03-01 08:56:20
國泰證券,design Rita,5,一直進步，使用很直覺,2025-02-26 12:43:59
國泰證券,sheree,1,您好，我是要查的是庫存『筆數』不是單支股票的『股數』，您回覆的是總股數。三竹的模板在庫存或未實現最上方都會有一個總筆數，但是國泰證券和樹精靈我都找不到。建議在帳務-庫存上方，除了總市值外是否可以顯示總筆數？,2025-02-25 13:53:07
國泰證券,陳HJ,4,本月份配股配息，有一檔股票重複計算，請訂正。 本月2025/02月，在我的配股股息項目中，00942B台新美A公司債20+重複計入2次，一次是正確除息日期2025-02-18，另一次是錯誤日期2025-02-17，煩請刪除，因為已經造成2月股息總額整個錯誤。,2025-02-23 17:44:26
國泰證券,Ppap,1,國泰的服務真的很不行，電話時常是客服忙線中，打電話也要錢，有問題根本就是求助無門，如果要電話掛單，我就問你，全部客服都忙線，還玩什麼股票。股票這一小時的價格會跟下一小時價格一樣嗎？只想不勞而獲拿客戶的錢，就是不做好該有的服務。智能阿發就像智障阿發一樣，問什麼什麼都不知道，答非所問。（不推薦新人使用）,2025-02-20 18:39:07
國泰證券,hong Chen,2,動不動就連線異常，當沖真的不要用,2025-02-20 10:29:55
國泰證券,Rob,5,好用，許願有暗色模式,2025-02-20 00:01:11
國泰證券,Shinchuan Huang,3,最近股票出借，時常點選出借後，系統會自動登出(在同一頁，且在點選當下即登出)，需要再重新登入，再請協助確認是否有bug，謝謝。,2025-02-19 18:55:23
國泰證券,張哲,1,垃圾app，要跟金管會檢舉垃圾app,2025-02-18 22:38:01
國泰證券,Danny,1,大白天的系統維護不能申請密碼補發，我就是要登入買ETF你不給我買，抱歉只好讓中信賺我的錢了,2025-02-16 11:26:57
國泰證券,Chun-Ru Ko,1,已經簽署過的文件不要一直跳出警告訊息，不簽署也是我的權力，買個股票登入一直跳廣告是幹嘛。 一天登入十次要看同樣的東西十次，還沒辦法選已看過不要跳出來。,2025-02-14 14:40:44
國泰證券,ch wu (小艾),5,還蠻好用的,2025-02-14 08:08:37
國泰證券,L L,1,一直寄垃圾信來，要取消還要載這個辣雞app 一顆星送你,2025-02-09 09:53:29
國泰證券,塗塗,1,總成本看得到我有買美股，複委託突然看不到，是什麼啦,2025-02-07 22:42:12
國泰證券,涂慈陽,5,讚！,2025-02-06 17:02:48
國泰證券,古進德,5,方便又快速,2025-02-06 09:50:00
國泰證券,Babyh,5,希望 有美股股息再投入及美股定期定額可選天數增加,2025-02-06 03:27:02
國泰證券,日落 Zero,2,廣告推播訊息太多，影響重要訊息接受,2025-02-05 17:10:19
國泰證券,Chu Bang,1,複委託一直當機！無法及時下單，害人賠錢！爛透了！,2025-02-03 22:59:56
國泰證券,陳春海（Stracy Chen）,3,使用Android 密碼自動帶入會把密碼填到身份證字號欄位，請改善,2025-02-03 16:28:30
國泰證券,yee,1,交易量一大就死當！害我錯失賣出的時機！太爛了！！,2025-01-28 22:39:26
國泰證券,WEN CHIEN,3,希望從cube就能設定再投資，為了這個功能還要再載一個app好麻煩,2025-01-28 13:10:46
國泰證券,Wu Molin,1,不知道再盪幾點的，這app還好嗎，一直卡,2025-01-28 00:35:58
國泰證券,張鈞博,1,很容易登進去軟體後，要下單的時候，跳入軟體錯誤要重新登錄，覺得難用,2025-01-22 09:22:42
國泰證券,Jack Li,2,請問期貨交易也有機會整合到這邊嗎？這款程式確實比樹精靈穩定多了，希望全部功能都移植過來，謝謝,2025-01-17 09:33:21
國泰證券,潘建宇,3,請問你們可以增加條件下單的功能嗎？像凱基證券能設定三個月內條件下單。,2025-01-10 15:54:26
國泰證券,Eric Gung,2,打開被要求更新到新版 但點下去卻一直呈現進行中，無法更新完成 到底怎麼才能用啊,2025-01-08 22:44:02
國泰證券,Sharon Liu,1,老是要重新安裝,2025-01-08 17:20:41
國泰證券,17侑容（17侑容）,1,刪除委託 跟成功委託太慢了吧？延遲很嚴重,2025-01-07 22:29:11
國泰證券,洪靜君,3,在1.3當天晚上台股庫存及自選股票庫存畫面，我有截圖起來，但評論無法發截圖，我寫完評論後幾分鐘，股票顯示畫面就正常_了____________________________為什麼股票的顯示都是錯誤的，波若威變成穩得，一詮變成瑞軒？是發生什麼事,2025-01-07 09:49:31
國泰證券,曾舉敏,5,簡單清楚,2025-01-05 19:15:05
國泰證券,Andy Chen,2,s23 ultra App登入顯示的通知都會過大然後偏右下角，導致字被擋住。 更12/14 比如說系統維護公告，一開始打開會有顯示，它就會在右下角，被擋住一半。更01/05請問團隊有收到反饋了嗎？目前仍然會遮擋資訊。,2025-01-05 12:30:16
國泰證券,橘色冬麥,4,比樹精靈好用多，美股etf手續費也相對便宜，不過希望扣款日可以增加，一個月只有三天能選真的太少,2025-01-03 11:58:51
國泰證券,王M,5,直覺簡單 建議增加技術分析內容,2025-01-03 01:35:12
國泰證券,山鄙野人,5,各項金融服務都很好用,2025-01-02 09:12:51
國泰證券,楊剛,5,好用,2024-12-29 00:21:58
國泰證券,Kathy Lin,5,方便,2024-12-28 08:44:27
國泰證券,自信之爆爆爆,1,為什麼複委託沒辦法交易盤前盤後，能新增嗎,2024-12-27 17:55:34
國泰證券,ChenYu Huang,3,1.反應速度慢 2.下單介面上櫃股票代號顯示錯誤，點選整張或零股，股票代號顯示名稱不一樣，下單會猶豫。,2024-12-27 09:51:03
國泰證券,陳定遠,5,好用,2024-12-24 00:17:21
國泰證券,-彰（hi）,5,棒,2024-12-23 12:13:44
國泰證券,Alesya,1,股票分別買入不同價位跟張數，結果你們張數給我都混在一起沒個別分開，均價也亂跳還要自己換算，已實現的部分，金額還會強制被更改不同數字，類別 現沖交易還被更改為現股交易，而且現沖的金額根本不是我初沖的金額，現股跟現沖的類別裡面的買賣金額成交數字全都是錯的，第一次遇到這個情況有夠離譜，國泰證券真的爛的可以 可悲,2024-12-23 01:48:43
國泰證券,Wei-Yu Hong,1,伺服器當機卡死， 延遲超過一小時多還被偷改單， 平常廣告信又超多還沒辦法關， 國泰根本就是詐騙集團啊， 對國泰金融的信用破產了， 錢絕對不要放國泰！！！ 不然錢絕對會不見…,2024-12-20 19:50:22
國泰證券,Laura Wu,3,請問要怎麼設定才能截圖，要截圖一直跳出安全性關係不可以截圖,2024-12-20 18:29:01
國泰證券,Sheng Wang,1,美股下單無法賣出，太不穩定了,2024-12-20 11:29:59
國泰證券,蕭育嵐,1,爛透了，複委託今晚不能交易，賠錢到底算誰的,2024-12-20 00:00:57
國泰證券,Josh,5,標的： 00907/00930 沒有在定期定額的榜單裡面，能否新增,2024-12-17 23:56:45
國泰證券,Mike Chen,3,可惜美股沒有清流君推薦的BNDW,2024-12-17 11:45:47
國泰證券,賴福富,5,除了利率偏高外，都很好,2024-12-11 09:34:58
國泰證券,Kate-1 Liu,4,希望增加定期定額「已終止的申購單」的刪除鍵,2024-12-10 09:48:43
國泰證券,Suman,3,1.總資產都只有現股（未出借股票）總市值，無法得知實際市值若干，請在App新增“出借股票之總市值”項目 2.權益補償請寫清楚是哪支股票 3.複委託美股看不到配發的股利 請改善App功能,2024-12-05 15:27:17
國泰證券,技術宅蛤仔,1,公告不要每次開都顯示煩死人了,2024-12-04 16:03:11
國泰證券,James TEST,1,當沖簽署到底是要問多少遍才甘願 ??????? 兩周固定提醒 ? 貴公司考慮了這些人的需求，有考慮到不需要的人嗎 ?,2024-11-29 13:07:50
國泰證券,涂明輝,5,方便明瞭,2024-11-27 15:06:33
國泰證券,周山姆,2,能更改面板顏色嗎？ 這種淡色的很不適應。,2024-11-26 12:55:31
國泰證券,陳小妤,3,請問有深色模式嗎？一直都白色看的有點難受... 三個月前說要更改程式研發 一個簡單的深色模式 三個月改不出來？,2024-11-26 10:53:40
國泰證券,Min Shi,1,美股開盤時，幾乎都會卡住，害我要賣的時候根本無法賣，很扯，平白無故損失很多錢，平時登入時也常常畫面卡住轉圈,2024-11-21 23:01:00
國泰證券,Kuo-Yuan Chien,1,無得知借出證券的當日市值的功能。想知道的話，必須自己找出股價跟股票張數，然後一檔一檔手動加總計算，明明是簡單的介面、類似excel的功能，別間券商(元大)就可以做的到，國泰證就辦不到，可不可改善一下？ 此外，匯入權益補償也不清不楚，匯款備註就只寫權益補償，龍不知是哪支股票的股息、金額是多少，能否標示清楚，而不是整綑丟給客戶…,2024-11-21 13:43:23
國泰證券,吳佑,2,各股包含權證，即時指數常updata很慢也延遲，貴司看盤軟體也沒什么創新，可否盡快改善 謝謝,2024-11-21 13:40:38
國泰證券,Lee Henry,2,追加問題，定期定額無法修改成本價格 幾個嚴重問題 1. 借券出去後，還回來後，成本就歸零，還要自己重設成本，凱基都會自動計算原來成本是多少。 2. 查不到個別股票的詳細資訊，例如業績，相關新聞等，難以判斷是否該買進賣出。 3. 複委託美股後，沒有地方查到底整年發放了多少股利。4.出借股票後，這張股票就從庫存消失了，無法自動計算未實現損益。如果不能跟未出借股票放在一起，至少在某個專區裡面可以查詢到。,2024-11-20 07:37:38
國泰證券,Yvonne Yang,4,以下建議看能不能修改APP 1. 查看「股票出借」後，會在這個功能下操作很多如我要出借之類的功能，但是沒有按鍵可以直接返回到原本的主畫面，要一直按返回鍵才能回到最原本的主頁 2. 能否有全部出借後的股票總市值，都不知道到底總共被借了多少。 3. 是否能在庫存頁裡看到，被借走哪些股票，才能知道自己其實真正的總庫存量是多少。,2024-11-19 20:06:03
國泰證券,ッ,3,忘記密碼那個功能根本沒辦法用是在哭喔🙄,2024-11-18 13:41:09
國泰證券,James Liu,1,可不可以不要三天兩頭叫人簽當沖啊，有夠煩欸,2024-11-13 22:42:32
國泰證券,ycc li,2,庫存顯示 和實際的庫存不一致,2024-11-12 14:47:29
國泰證券,Baki Cheng,5,介面友善，易操作。,2024-11-07 12:59:01
國泰證券,FS T,2,選股頁面只有台股 工程師是不是忘記寫美股的分類啊,2024-11-06 19:23:52
國泰證券,王善保,5,效率高,2024-11-01 18:01:47
國泰證券,林暉域,5,操作簡單 容易理解 服務品質優良 讚,2024-11-01 15:23:38
國泰證券,王先生,1,價格沒到一直警示，價格到了沒有警示。 看成交紀錄，成交到自己都不知道 請問貴公司這軟體是在開玩笑嗎？ 國泰這麼大企業，竟然是這種下單軟體，真的XXXXXX,2024-11-01 10:12:01
國泰證券,白龍,5,很用心在改進的團隊,2024-10-30 12:35:04
國泰證券,爺華眾取寵,2,"定期定額選擇標的太少了，因本人是小小資族目前每月投資金額只有3-5千的預算，1號-31號每日最少能投資百元零股是很吸引我但標的太少沒有想要的，只能期待後續能有更多選擇性，例如食品,電信,民生必需品類的都可以納入其中，畢竟存股就是求長期穩定",2024-10-30 09:46:15
國泰證券,M,1,什麼爛 bug 買賣要選股數的時候一直跳回 1,2024-10-30 09:09:45
國泰證券,游志民,5,快速方便，操作簡單,2024-10-29 10:23:58
國泰證券,cu w,1,操作介面有夠糟糕的app，可以參考其他券商，如兆豐等等,2024-10-29 09:50:38
國泰證券,J J,1,手機版樹精靈單頁只能顯示60筆，電腦版單頁可以存超過60筆以上，每次用手機打開證劵就會把電腦版超過60筆以上的刪除了，2個系統互相影響，這樣到底怎麼用，而且手機版還有一個國泰證券，為什麼要搞那麼多系統，為何不刪掉一個,2024-10-28 04:39:22
國泰證券,Linda Tsai,2,股票K線選項能否預設日線，不然非開盤時段先看分時圖不好用。2.切換股票查詢時，K線的預設值可否設成user前次設定的日/週/年K。不然都不想看分時了，切換各檔都要再調整，很難用。希望可以技術分析投資人需要的資訊。,2024-10-26 04:53:25
國泰證券,張彰,5,"Nice, 👍👍👍",2024-10-24 09:39:52
國泰證券,雨神同行,3,自10/7系統的維修後，複委託已實損益明細無法顯示超過當月的紀錄，樹精靈app也無法顯示，詢問智能阿發也是叫我去我的帳務查詢,2024-10-22 08:04:34
國泰證券,Zhiwei Xu,5,指紋解鎖時沒出現指紋辨識圖型，只能輸入密碼登入（又恢復正常）,2024-10-21 22:01:02
國泰證券,婕菱HUIER,1,一個月當機多次！是不是想害死人？,2024-10-21 13:08:41
國泰證券,Gaudi Lin,5,好用,2024-10-21 10:12:05
國泰證券,樺樺,1,爛爛爛！手機電話變更只能到台中或桃園門市2個地方，如果不是住在這兩個區域，哪有辦法平日臨櫃，大家都不用上班？密碼忘記要登入遙遙無期,2024-10-21 09:45:44
國泰證券,Qip,1,量多時經常連線異常$$$$$ 然後。。。 工程師？？？？,2024-10-19 09:07:19
國泰證券,賴俊源,1,密碼最多只能設定10位數，超不安全的APP,2024-10-18 16:25:20
國泰證券,Yang Eric,1,很難用，常當機，影響交易，不推。,2024-10-18 11:16:57
國泰證券,楊智雄,1,"使用電腦版的APP，每次點進""K線圖""就當機，沒有例外。怎麼會這樣???覺得爛爛的",2024-10-17 07:07:18
國泰證券,Km凱開,3,在自選股內，股票名稱沒有顯示股票代號，有時名稱很長很多，記不住，應該要有顯示代號，謝謝！,2024-10-16 17:15:50
國泰證券,YK YK,1,股票貸款的功能設計的很直覺很好，但利率高成那樣直接讓這個功能變裝飾,2024-10-16 01:14:38
國泰證券,roy lin,3,想先試用操作介面，希望可以未開戶登入即可加入股票看盤，先前在別家卷商因介面更新後難操作而轉換別家。,2024-10-15 09:15:59
國泰證券,eric mark,4,配股配息選項不即時，可以結算至除息當日的實際股數，這樣才能知道實際能入帳金額,2024-10-11 16:17:10
國泰證券,KUN CHING,5,方便迅速實用❤️,2024-10-08 10:42:43
國泰證券,林士宸,4,只要在美股頻繁交易的時候都會變很卡,2024-10-05 04:02:00
國泰證券,YJ L,1,時分線都疊在一起了，怎麼看啊！都沒人發現嗎,2024-10-01 22:47:34
國泰證券,L,5,未實現更改價格後，賣出後就無法在修正價格，希望能改善這部分。,2024-09-26 10:30:17
國泰證券,邱偉倫,5,就差沒深色模式,2024-09-26 00:39:53
國泰證券,聲聲不息,5,非常好用,2024-09-24 09:15:41
國泰證券,朱文敏,4,回應很快速，加0.5分 但我還是看不到。 已經mail 到客服信箱，請查收，教我。,2024-09-23 16:12:42
國泰證券,林務霆（十方達人）,5,讚,2024-09-23 15:05:02
國泰證券,林家浩,1,改版後 借卷介面超難使用與設定 很多人在相關討論板或FB社團大吐苦水 反而舊版簡易好設定~（新反應）借卷專區無選項回到原介面的首頁~當在借卷專區點選過多項目後~光要返回並跳出借卷專區就要一直上一頁~,2024-09-22 23:53:29
國泰證券,發良Donny,3,定期定額智慧加碼，%數無法自行調整0%-5%，不夠靈活調整,2024-09-22 07:51:40
國泰證券,lys,1,在一開始進app的“選股“查詢時還會直接跳出來，再繼續查其他檔時，就不會跳出來了，完全沒有選項可以點，需要不斷地重新關掉程式 回覆客服：就是進入選股後上方可以查詢股票的地方，經常輸入股票名稱或是數字時沒有反應，需要跳出選股或是離開app再進入，然後就這樣一直循環,2024-09-20 16:37:23
國泰證券,Dolphin Lian,4,20240918更新後，要查美股資料，點進去開始一直轉圈圈。 我是三星A53,2024-09-19 22:34:09
國泰證券,黃彥鈞,3,希望借卷有出借收入淨額這項功能，讓人知道出借收入,2024-09-19 12:12:15
國泰證券,比波,3,目前嚴重的問題都有修正 但還有不滿的：為什麼每次開都要載什麼商品檔 = = 明明以前都不用；有時候載超久下單都來不及,2024-09-13 18:48:04
國泰證券,大熊,3,趕快整合期權,2024-09-11 22:05:23
國泰證券,Mark Smith,1,想知道為什麼常常在交易期間登入，行情頁只看到股票名稱卻沒有即時價格，連帶在下單頁無法看到五檔價格，也無法用+-號來調整價格下單。 這情況有不是每次發生，有時候又會突然正常，但明明需要時卻不能用，真的很困擾。,2024-09-10 09:26:53
國泰證券,AH K,1,哇靠，點進app被要求更新，更新完了之後，點指數成分畫面就開始一個圓圈一直轉，跑不出東西是怎樣，不如不更新。 2024/9/7更新狀況，還是一樣一直跑圈圈沒資料喔喔，要去點其他欄位之後再跳回去才會正常，所謂可正常使用是指這樣的話，也太不方便了吧，就是bug啊。,2024-09-07 01:24:31
國泰證券,李文源,1,每次第一次登入時內容都是空的，都要退出後再次登入才會正常，已經卸載跟重新安裝後都是這樣。,2024-09-06 12:49:11
國泰證券,Change J,3,使用體驗還可以，除了曾經有一次交易量大時間下單系統說我未完成下單，結果我重新下單後發現，剛剛跳錯誤的交易其實有完成委託……這是目前使用一年多來唯一遇到的狀況。 但有一點還想吐槽，能不能出一個黑色板本的介面，晚上想上去看一下資訊，都白色底看一下而已眼睛就超酸的……希望能改善這點。,2024-09-06 09:58:43
國泰證券,Yume Tobu,4,點進個股之後，上面那一大格大字的股價和漲跌幅摘要常常都空白，只能從K線圖裡去看小字。,2024-09-04 12:52:59
國泰證券,YU,2,今天早上開盤當機很久都無法操作，一直顯示系統忙碌中，今年中有一次也有這種情形，害我沒辦法操作買賣，這樣會造成投資人損失，可以讓App流暢度提升更好一些，麻煩了，謝謝,2024-09-02 10:31:22
國泰證券,Amelia Lin,1,今天一直系統忙碌中是怎樣，給不給人交易啊，怎麼可以這麼爛，火大，不改好我就換家證劵行,2024-09-02 09:19:21
國泰證券,Nick王,1,2024/9/2，早上原本要買進，結果開盤一直說系統忙碌，不要說選股了我連我自己的庫存都沒辦法操作，然後親眼看著看盤軟體顯示買點到了又漲回去，然後國泰證券這時候在幹嘛你猜猜？嘿對繼續系統忙碌中，怪不得大家都推元大，算是繳學費了。之後會盡快換掉。,2024-09-02 09:18:47
國泰證券,Ping,1,只適合定存，玩股票關鍵時刻都是在系統當機,2024-09-02 09:16:05
國泰證券,Teng,1,轉圈圈,2024-09-02 09:15:57
國泰證券,黃群盛,1,一直連線異常。根本沒辦法賣 要申辦的三思,2024-09-02 09:15:13
國泰證券,張書豪,1,登入之後，一張股票都跑不出來，這樣我要怎麼進行交易,2024-09-02 09:14:03
國泰證券,小城,1,當機欸..,2024-09-02 09:12:32
國泰證券,chien-kai peng,2,改版後 超級容易自選出不來,2024-09-02 09:10:55
國泰證券,IN L,1,超常打不開 錯過買賣時機 拜託改進,2024-09-02 09:09:14
國泰證券,ZTC 17,1,時常當機,2024-09-02 09:08:05
國泰證券,吳翠雲,1,請問最近開了app後 約10分鐘後 就閃退 登出再登入也一樣 該如何處理呢？,2024-08-30 12:41:02
國泰證券,weipeng wang,3,聯絡電話不明確,2024-08-30 01:20:55
國泰證券,Danny Bai,1,真是相當糟糕,2024-08-29 15:01:55
國泰證券,尤淑瑜,1,一直登不進去，系統閃退,2024-08-28 10:14:40
國泰證券,黃志文,2,一直跳重複登入，要人再登入一次，很煩,2024-08-26 15:33:22
國泰證券,陳手掌,1,無限憑證申請、客服永遠沒人接，使用請三思,2024-08-26 08:59:49
國泰證券,陳良信,1,強迫申請憑證，否則不給登入，只能取消登入。被迫配合申請憑證後，app又判讀憑證有效無法再次更改，然後就開始無限轉圈，是在搞我嗎？工程師不要再睡了，你客訴快接不完了！醒醒阿！,2024-08-25 21:34:39
國泰證券,林晉賢,3,股票出借 頁面沒辦法前往上一面回到主畫面。 主畫面 點選股票出借。 不是券差。 就是雙向借券 那個 看庫存 委託出借。,2024-08-22 10:44:17
國泰證券,葉子,1,股票出借都還回一個多月了，帳務裡的庫存卻遲遲沒有更新，還是去集保e手掌握的app才查到資料，懷疑國泰證券的app到底還有沒有在維護。,2024-08-20 20:45:04
國泰證券,阿豪,3,不知道是不是只有我有這樣的狀況，每次都要重開APP 2-3次才能正常看到盤中或盤後資訊，不管台股或美股都一樣，或是操作一段時間就看不到盤中交易資訊，已經重載多次 再麻煩工程師解決這個問題,2024-08-20 10:49:34
國泰證券,吳秀玲,5,目前App無法使用，重新下載也無法使用，線上無法下單，請問有改善的APp程式可使用？,2024-08-20 00:08:03
國泰證券,賴坤海,5,簡單明瞭,2024-08-16 17:52:43
國泰證券,Jas Woo,2,樹精靈要查配股配息需要再重新登入 國泰證劵，很麻煩 ！網頁設計拼拼湊湊！,2024-08-16 15:53:39
國泰證券,李柏翰,5,最好用,2024-08-15 19:18:49
國泰證券,查字典,1,垃圾app永遠在轉圈圈，我阿嬤寫的都比你好 工程師自己滾蛋好嗎,2024-08-13 09:08:54
國泰證券,traveler,1,超爛，每次打開第一次都會讀不到資料，要退出重開登第二次才有，而且沒有開盤就不能看資訊，第一次碰到這麼爛的券商app。,2024-08-12 10:29:05
國泰證券,Hannah Chuang,3,沒有看不到 KD 指標,2024-08-12 02:19:09
國泰證券,Lin Yi-Ping,1,每一個禮拜六都在維修，到底在維修三小啦！,2024-08-10 14:00:18
國泰證券,吳子奇,5,使用app的自選股時，點選該頁個股資料看完退出，就會自動置頂 讓我要繼續看下一檔個股還要重新往上滑動，非常不便。 麻煩改一下,2024-08-10 04:05:55
國泰證券,劉浣青,1,˙ˋㄓㄆ˙ㄑ,2024-08-09 13:18:33
國泰證券,夢夢,4,美中不足之處就是美股定期定額只有三天 可以開放每日都能歐扣嗎,2024-08-07 18:26:06
國泰證券,M Amy M,3,可以,2024-08-06 07:54:05
國泰證券,hospital hos.6249,1,沒有負星星？閉門造車的app，除了難看，更難於操作。慘的是“主管”堅持不變。,2024-08-05 10:50:46
國泰證券,chao-ying ho,4,請問除了查詢定期定額持股數量，之前還可以看其他持有的零股整合，是取消功能了嗎？那個很需要，請加回來,2024-08-05 10:45:15
國泰證券,張淑珍,5,很有效率,2024-07-29 14:11:26
國泰證券,伊璇,4,最近lag的很嚴重，頁面都顯示的很慢 我看到昨天有更新檔，下載後有比較好,2024-07-26 23:28:25
國泰證券,Cee,1,這次更新依然難用 為什麼原本放在我的的主畫面要改行情 要看個庫存要找超久 是有什麼問題啊 越改越爛,2024-07-26 22:14:36
國泰證券,JCW,1,應該要有含息平均成本的選項吧,2024-07-26 14:43:07
國泰證券,YZh,4,看到客服回應，我試著重新下載app ，股票買進就可以整合了。 希望ETF或債卷可以顯示國內保管銀行是哪家。,2024-07-25 21:16:26
國泰證券,Hao Shih,4,技術指標不定期扣款…等機制功能希望能加入，另外是否可以將網頁版雲端訂閱中心警示設定功能也能加入，謝謝。,2024-07-24 15:54:23
國泰證券,阿生哥,1,當機幾天了都不修復 難用的要死,2024-07-23 12:30:19
國泰證券,Josh F,1,我不知是網路慢還是手機有問題 此APP點入某支股票後卻看不到它的詳細內容，欄位有些是空白的，想下單也是卡在那不動，同時使用樹精靈確沒問題，但有些資訊還是需要用到此APP，可以請資訊人員不要讓此APP常常發呆好嗎，我需要的是敏捷性高的軟體...,2024-07-23 09:44:05
國泰證券,極道皇,1,更新完今天要買賣都要等很久 錯過很多買賣的時機,2024-07-22 09:34:01
國泰證券,董永成,1,這種下單軟體可以淘汰掉了,2024-07-19 20:02:40
國泰證券,Darren,4,借券系統操作超麻煩，很糟糕,2024-07-19 12:37:01
國泰證券,OU THE CU,1,單等下不了，一直連線異常是怎樣，非常不推薦這一家爛透了,2024-07-19 08:59:31
國泰證券,陳冠廷,1,越改版越難用，為什麼每次登入都要輸入密碼？之前不是可以選擇生物辨識！,2024-07-19 02:17:05
國泰證券,YiZhi Chen (金至),5,希望能增加深色模式,2024-07-19 00:04:41
國泰證券,William Lin,2,更新後登入的通知logo變成MBK SYSTEX了，很奇怪,2024-07-18 17:23:18
國泰證券,LinCheng-Tw,1,超難用,2024-07-18 12:32:52
國泰證券,陳郁欣,1,可不可以再爛一點？？？？？,2024-07-18 09:18:33
國泰證券,莊許欣,5,為投資的人提供非常方便的環境和優惠的活動！,2024-07-17 09:01:06
國泰證券,Soar Tseng,4,可否把已除權息的頁面在分成兩個，已領息跟尚未領息？,2024-07-16 16:39:21
國泰證券,王阿毛,1,使用複委託買美股，輸入好金額後，時不時又幫你跳回市價！？ 正在跌的用市價當下根本賣不掉 正在漲的用市價也買不到，價格手動輸入好之後不要一直又跳回市價！！！,2024-07-16 16:02:40
國泰證券,王惟惟（惟惟）,5,季線下加碼功能超讚,2024-07-15 05:05:47
國泰證券,詹姆熊,4,這App一直都有在做改進，使用上還算順手。另外，建議將成本價格修改的方式調整一下，目前是輸入“成交價”，但是完成後成本金額是顯示整數，如改成輸入“成本金額”，計算成本價會比較精準,2024-07-13 00:37:14
國泰證券,郭玄明,4,記者種植哦黯然啊按啊哎啊唉唉唉唉唉按安安愛9唉啊唉唉啊9啊唉唉按啊9唉唉唉9安安啊唉唉唉唉唉唉啊唉唉唉啊唉唉唉唉唉按唉唉唉唉啊唉唉唉唉唉啊不,2024-07-12 09:44:43
國泰證券,金小銓,5,為何沒有螢幕恆亮的功能呢？這樣開盤沒多久畫面就會關閉，無法一直盯盤真的很麻煩 6/5：聆聽客戶建議，並能為客戶提出的需求而修改，很棒！特地改為五顆星，謝謝,2024-07-12 01:15:46
國泰證券,ryane Wang,5,台灣首家擁有股息再投資功能證券商，讚！,2024-07-11 14:01:23
國泰證券,張哲瑋,4,有白色的UI介面很喜歡，但行情自選正能顯示的資訊太少，希望能夠調整項目大小，也有發現蠻多介面上方由於有橫向選單，佔去蠻多空間，如果在上滑過程可以自動收縮更好，或將選單整合到轉軸內。,2024-07-09 10:35:16
國泰證券,Keisho Lai,3,樹精靈的部分有異常，手機畫面切換時，重新讀取成功，但會卡在登入中狀態，無法操作。,2024-07-09 10:27:33
國泰證券,Jason Liao,3,今日再查看都正常了,2024-07-08 18:15:10
國泰證券,Chang雲兒飄,1,真的很會連線異常，伺服器異常，影響交易嚴重 這幾天誇張,2024-07-08 10:38:27
國泰證券,王亞麻,2,為何ETF專區，變更股息分配的功能不見了？ 我說的是台股,2024-07-08 02:35:56
國泰證券,林名龍,5,好用,2024-07-07 03:23:40
國泰證券,Winter,4,1年過去了，無法設定夜間模式(暗色背景) 仍無改善。 此外，該App沒期貨下單，還要另外安裝樹精靈或隨身證券，非常麻煩！ 螢幕常亮功能已新增，希望能繼續改善暗色背景及期貨下單，手機已經安裝好幾個國泰金控旗下公司的App，不同公司就算了，不要連國泰證券都還要分那麼多App，使用者很累。 該App優點是下單頁面會自動記算下單張數總金額及顯示交割戶餘額，不用老是切換或自己計算。,2024-07-04 10:35:22
國泰證券,sasa Kung,1,非常容易連線異常，導致錯過時機，想選券商的留意,2024-07-04 09:15:05
國泰證券,Pigx3圖文作家,1,"台積電衝上1000的當下,不出意外又要出意外~對APP又掛了! 用國泰就是阿呆看別人先賣",2024-07-04 09:10:39
國泰證券,湯淑萍,1,價格+-又不能動了！真爛！,2024-07-04 08:53:44
國泰證券,hoseahcj,4,謝謝開發人員的回答 進去用了一下，感覺像這個App 比較偏重一定期定額 個股的資訊比較沒有那麼充分 不過有個好處，下單的時候不會按錯 樹精靈有時候想要買結果按成賣了 這個真的很重要 還有這個App因為功能選擇太多 結果看起來就是沒那麼簡潔 要多按幾個按鍵才能進去你要的功能 搞得有點太複雜 希望能設計的簡潔一點,2024-07-03 19:25:05
國泰證券,張小玻,3,已經開啟股票報價聲音，為什麼還是沒聲音,2024-07-03 13:38:20
國泰證券,瑋鑫,1,真的很討厭，每次要改單都一直在轉圈圈，結果單沒改到就被操作了，損失有夠大,2024-07-02 10:44:13
國泰證券,吳小東,1,下單跟委託畫面加減價功能無法使用，麻煩改善，現在又不行操作，實在很不方便，再麻煩再次改善,2024-07-01 08:56:55
國泰證券,Jimmy Chen,2,NVDA的股價除10後，圖表沒有更新。 6/28，圖表依舊沒有更新。執行效率不太好。,2024-06-28 07:41:10
國泰證券,Jimmy Chung,2,今天下單美股一直沒有回應，複委託一直沒有消息，重新登入幾次後才發現委託其實有成功，導致重複下單。外幣餘額顯示異常，沒有即時顯示正確金額。 經過查證：證券app是即時扣款，但銀行app卻是T+1延遲扣款，導致使用者誤會。請仿效中信app顯示兩種金額，讓使用者知道實際可動用餘額是多少。,2024-06-27 18:17:45
國泰證券,盧小小,1,喜歡也習慣舊版，遂將各家證券匯撥到國泰，改新版還在適應中。 但看到 玉山加入 技術指標 不定期扣款機制， 覺得很不錯，希望國泰跟進，並更smart. 或是設定 除息日 買進的設定。,2024-06-27 10:03:10
國泰證券,林信全,1,要登入出現要簡訊憑證，一直收不到,2024-06-25 21:33:48
國泰證券,林筠翔,5,"更新完 , 已可登入 , 希望可以新增條件單",2024-06-25 21:13:54
國泰證券,Daniel945 Chen,1,以國泰證券現在的市佔率，下單app卻有夠難操作，要查股票及相關資料都超不便利，無法自己開發，不會照抄別家嗎？如果不是因為手續費比較低，我真的不想用！,2024-06-25 13:40:50
國泰證券,derrick,4,還在習慣中，下單頁面有帳戶餘額很方便， 但這邊的帳戶餘額因為沒有預扣之前的交割款，會讓人誤判還有錢能下單,2024-06-25 13:04:04
國泰證券,蕭保齊,4,最近。行情這一頁的選單，都只顯示股票代碼，不顯示名稱，希望可以改善。,2024-06-24 11:03:41
國泰證券,Sean,1,連均價線都看不到，真的有點雞肋,2024-06-22 16:08:15
國泰證券,爛爛,3,以前點選“我的帳務”，就能直接點選進到台股頁面，現在多一個“投資總覽”再切換過去，操作很不習慣。 可以單純把”投資總覽”及”複委託”單獨功能嗎？ 單純操作股票交易方便，不要多一些額外沒用功能，另外點來點去。,2024-06-21 23:09:10
國泰證券,江黄琳,1,為什麼一直閃退，系統很不穩定，加強改進吧，影響交易耶,2024-06-21 22:20:50
國泰證券,小雅,5,美股一直延遲當機 謝謝工程師 緊急 搶救,2024-06-21 17:52:59
國泰證券,劉明輝,1,本人點擊取消訂閱國泰證券email，卻是出現安裝國泰證券app，莫名其妙。 本人從國泰證email點取消訂閱，本人並未安裝國泰證券app，而是要取消訂閱email，卻是要我安裝app,2024-06-20 10:45:15
國泰證券,漾麵,4,存券匯撥查詢進度，只能看到［審查中］，看不到將匯入的帳號，無法再次確認~心慌慌der。希望可以查詢到：匯出帳號、匯入帳號、匯出的存券名稱和股數、進度。這樣就更完整了。謝謝,2024-06-20 09:57:37
國泰證券,潘春華,1,進不去,2024-06-20 03:21:28
國泰證券,Allen,5,股息再投入安卓手機已可更新,2024-06-19 15:47:43
國泰證券,DzJun Cheng,1,這次改版以後UI出現很大的bug，在（我的）的個人頁面中上下滑動會出現前後兩層圖片文字重疊的情況，待官方修正後我再調整評價（手機為sony 1 III，系統安卓 13 ，供開發人員參考),2024-06-19 13:33:16
國泰證券,liyu lee,3,"要更改借券約定條件時,一直出現驗章失敗,不知是什麼地方有問題,也不知道要去哪兒發問",2024-06-19 10:48:57
國泰證券,Lynn Chen,1,今天更新，當選擇下次再設定生物辨識時，立刻閃退，請問要怎麼辦？,2024-06-18 20:11:09
國泰證券,Eason Tsai,5,繼續加油，有看到在進步了,2024-06-18 20:08:12
國泰證券,李文財,3,高鐵票系列任選那裡哈…,2024-06-18 19:56:00
國泰證券,李震宇,1,系統常常死當 週末常常維修 不要求有多驚艷的功能 只求穩定操作 就如同股市操作一樣 謝謝,2024-06-18 19:52:37
國泰證券,Shushu,1,下單的加減價無法使用 委託後的價格變更也不行使用,2024-06-17 10:48:05
國泰證券,余宇燦,1,改介面後大扣分，不如原本的直覺,2024-06-17 08:59:34
國泰證券,蘇昭霞,4,希望增加智慧單或稱條件單，軟體這東西只怕想不到不怕做不到，更何況其它證券公司已經做出來很久的許許多多各式條件單服務，國泰連1個都沒有。另外各式的警示功能也是1個都沒有。,2024-06-15 18:29:42
國泰證券,楊志雄,4,能增加智慧下單的功能嗎？ 就是條件單，例如富邦ONLINE定期定額存股條件單，與玉山的E指存利用跌破KD/平均線等自動下單等等或更有智慧的讓人不用盯盤的下單功能。,2024-06-15 16:20:10
國泰證券,龍與風,1,可以不要亂改版嗎？,2024-06-14 17:11:35
國泰證券,阿奇,5,讚讚讚啦,2024-06-14 11:26:02
國泰證券,淡白Danbai,3,介面更新後一直閃退 9點開盤到現在1個小時已經閃退3次... 型號pocof5pro,2024-06-14 09:09:57
國泰證券,蘇柏良,3,那個app開啟後，”請進行指紋辨識“，根本做假的，直接按“確認”就解鎖了，還麻煩趕緊修正。,2024-06-13 21:49:16
國泰證券,Fenix Messerschmitt,3,希望能看全部ETF的報價，而不是只能用搜尋的,2024-06-12 09:57:10
國泰證券,Jo,1,新版真的沒比較好用，,2024-06-12 09:14:43
國泰證券,管理博士班義大,5,good,2024-06-12 03:01:33
國泰證券,胡子,5,介面清晰 操作簡單，目前遇到最困擾的缺點是定期定額庫存更新的速度，扣款當天晚上八點都還不見當日扣款的庫存增加，希望可以更的快點,2024-06-11 19:35:18
國泰證券,陳一中,3,自選那邊要怎麼切換自選群組呀，還是只能去樹精靈看，有咪有人知道 ^.^？,2024-06-10 17:01:40
國泰證券,林宜樺,4,App錯誤，擔保品領回後，數字異常，賣出後已實一樣是錯誤的，請修正更新,2024-06-07 11:22:41
國泰證券,啊腦弱先生,3,6/7發現下單跟委託畫面的加減價功能壞掉了，手機sharp sense 7，然後建議加入加減股價的畫面能即時試算，比方扣除手續費跟交易稅台幣淨損益功能，就不用一直切畫面看,2024-06-07 11:18:07
國泰證券,慕雨航,2,要買或賣時，價格欄那邊的增減微調價格（+-格）按了都無反應，已掛單委買委賣時，點進去委託單要修改金額或數量也沒辦法，系統有時可有時不行，這樣無法微調價格讓人操作很不方便,2024-06-07 09:37:20
國泰證券,abalabala,2,拜託弄個黑底好嗎 白底看的有夠累 到底何時才能改成黑底 反饋超過半年沒任何改進,2024-06-05 18:02:26
國泰證券,Allen Chen,5,操作簡便上手！,2024-06-05 08:13:58
國泰證券,Tom Chen,1,很常當機 一直跳出不然就沒辦法下單 已經影響當沖的下單時機,2024-06-03 09:39:59
國泰證券,A ngela,4,希望複委託定期定額可以增加英股.QQQM,2024-06-01 20:01:34
國泰證券,ziyung Kimi,1,也太常進不去了吧,2024-05-31 11:12:44
國泰證券,謝奈特,5,雖然身邊有人覺得國泰系統不好用，但個人一直以來使用順暢也覺得便利，讚！,2024-05-31 08:26:08
國泰證券,Aston Martins,1,其他部份不錯，看盤部份根本廢物，什麼指標都沒有，大概只能按個買賣...無言,2024-05-29 08:37:42
國泰證券,Wu Wu,1,"有夠難用的app,找個自選要找半天也找不到",2024-05-28 09:29:26
國泰證券,呂哲銘,1,App一直閃退無法進入,2024-05-23 14:26:16
國泰證券,許赤新,5,操作易懂，方便看盤。,2024-05-23 13:47:14
國泰證券,Wei Ruo,3,請問有到價提醒功能嗎？找不到,2024-05-23 12:31:32
國泰證券,盧伯嘉,1,容易閃退 pixel 6,2024-05-22 23:00:30
國泰證券,陳美伶,5,讚,2024-05-21 20:49:22
國泰證券,黃文良,2,鞥誒昂。'.，,2024-05-21 17:52:15
國泰證券,蔡尚吟,2,請問何時才會有個股配息資訊顯示，配息是否扣抵成本能自行勾選等功能，之前進線客服表會反應改進，結果無消無息....,2024-05-16 20:55:09
國泰證券,Tina,2,可以不要看權證，看完按返回就全部跳掉嗎,2024-05-16 11:07:40
國泰證券,Yi-Ju Shen,4,安卓版本更新至VanillaIceCream後，無法打開國泰證券和樹精靈,2024-05-14 10:34:50
國泰證券,劉宇豪,3,請問我有買一張00919群益，為何在國泰證券APP打開 後 左下角我的，介面按配股配股，看不到？ 累積現金股息顯示0？？求解,2024-05-11 17:21:07
國泰證券,蒙奇·D·罩杯,5,存股最佳幫手,2024-05-11 11:47:46
國泰證券,鍾捏,5,已將安卓版本降級，問題已解決，謝謝協助。,2024-05-10 10:48:30
國泰證券,Paul Zeng,1,超級爛，就國泰不支援Pixel beta，這要怎麼投資,2024-05-09 23:50:17
國泰證券,梁育瑄,5,"好用,除了希望改善穩定性。點開加權指數漲跌家數仍然是錯誤,希望改進",2024-05-09 18:58:54
國泰證券,Eddie Shen,2,報價延遲容易錯過買點,2024-05-09 09:02:39
國泰證券,蔡孟軒,1,超頓，數精靈就沒什麼問題，玩當沖不適合用這個app,2024-05-07 13:12:02
國泰證券,詹智翔,1,今天不斷當機，是因為太多人進場嗎？,2024-05-06 09:58:16
國泰證券,張進興,5,已經改好了，動作迅速喔。,2024-05-02 16:29:49
國泰證券,やみ君,3,什麼時候能出智慧下單/更多顏色背景/多重指標呢?使用上不知道是不是涵蓋東西太多太雜，滑動上非常不順暢，所以在改善前應該大部分還是去用樹精靈。,2024-05-02 14:17:27
國泰證券,rachel lin,1,又當！,2024-05-02 09:08:14
國泰證券,吳忠霖,3,5月1日無法進入如何買賣美股,2024-05-01 21:49:29
國泰證券,kai ming keung,5,尚算簡單易用,2024-04-29 23:31:25
國泰證券,慎野,5,希望盡快Android 15，雖然是測試版本，但所有證券app都可以正常運作，僅有國泰不支援，謝謝您,2024-04-26 22:07:54
國泰證券,Y E,1,更新後，配息區，出借區，今天又完全沒法查看！！,2024-04-25 11:43:30
國泰證券,張嘉文,3,"按我的功能要看配股配息一直重新進入重啟APP,常常當機的系統太爛了。",2024-04-25 11:27:38
國泰證券,柯佳樺,3,自選股存了300檔，結果全消失了，能確認一下是甚麼情況嗎？,2024-04-24 21:31:45
國泰證券,Rebecca H,3,借券出去 還回後，成交均價一直都是錯誤的，即使我更新app還是錯誤的，重新下載重新開啟還是錯誤的。 借券出去之後我的配息應該是沒有變，但是配息那邊已經更動配息金額，還回之後還是一樣的，覺得是不是要改變一下配息內容？多加個註記或是多個記錄感覺比較安心。,2024-04-22 21:46:42
國泰證券,Eric Huang,5,Android15 pixel6 pro 會無法開啟，請協助,2024-04-22 14:54:50
國泰證券,王奕翔,1,無法開啟app，在有需要的時候完全無法使用,2024-04-19 09:46:00
國泰證券,游建忠,5,pixel 7手機4/13更新Android 版本: VanillalceCream系統後無法開啟,2024-04-18 10:29:44
國泰證券,許永介,5,使用很方便,2024-04-16 12:17:54
國泰證券,YJ SU,1,頁面背景只有固定的白色很傷眼，現在很多股票程式都會設計深色背景，為何國泰這大公司會忽略這個呢，剛安裝摸索操作幾十分，看到眼睛好難受，這問題不解，只能改安裝其它券商程式,2024-04-15 21:22:46
國泰證券,Kelly MO,5,方便好用,2024-04-15 10:04:48
國泰證券,Yung-Chih Lee,1,阿發好用嗎？有測試過嗎？無法回答問題，就一直說不懂，證劵客戶只能問這個阿發嗎？不能找多點人來服務客戶嗎？用這個app會被氣炸 etf要如申請？申請失敗要如何退費？問阿發只會鬼打牆，聯絡客服要聽音樂半小時，這是一家證劵公司該有的服務嗎？,2024-04-13 19:00:48
國泰證券,李小林,3,定期定額沒有正2的標的物，元富證劵可以. ...,2024-04-13 14:58:49
國泰證券,阿仁,4,android15開不起來，還有樹精靈也是喔,2024-04-13 08:22:13
國泰證券,33 lin,5,國泰APP有多項很棒功的能，完全站在投資者的立場設計，可以看到國泰的用心。真心推薦給大家。,2024-04-11 10:45:44
國泰證券,badbad tsai,1,申請憑證明明沒逾期，一直顯示逾期，又一直發來簡訊憑證碼，不好用,2024-04-10 08:58:55
國泰證券,古古,1,U.andyu7 5 vmm L N and mm. B.band v b.,2024-04-06 12:48:32
國泰證券,黃喵喵,3,1. 操作介面不友善。 2. 查詢不到歷史委託 3. 自選選股篩選條件僅智慧選股，無其他自選其他選股方式；如成交量排行、成交值排行、股價排行等。,2024-04-04 02:00:44
國泰證券,顏仲廷,2,為什麼很常無法連線！,2024-04-03 09:43:28
國泰證券,孟益李,1,報價永遠不會即時……延遲就算了，委賣委買量也是錯的，股價瞬息萬變，用你家國泰每次都會被害到當韭菜,2024-04-02 11:25:11
國泰證券,彭貴勇,1,登入一直跑不進去,2024-04-02 10:00:18
國泰證券,徐玉峰,5,方便容易上手省時間,2024-04-01 09:43:54
國泰證券,Weiming Chen,2,程式經常當機、資料經常錯誤或消失 重新安裝也沒有恢復,2024-04-01 07:17:32
國泰證券,Arthur Lin,1,爛，準備換其他劵商,2024-03-28 14:06:38
國泰證券,洪老師 i 愛生活,5,非常迅速,2024-03-27 14:20:10
國泰證券,t Carol,2,更版後，帳務中復委託的定股股數累計錯誤，實際有40幾股，卻顯示成其他整股的數字。,2024-03-25 08:48:59
國泰證券,楊stary,1,你的APP真的很難用，點進去K線放大後，就不能點每條的價位，在自訂裡面就不能看到股票代碼，一定要點進去看，選自訂不能加入加權指數，還要開別的來看，想轉走了,2024-03-20 10:20:08
國泰證券,wwgagaga Hi,3,條件單項目下單選項在哪？,2024-03-20 10:12:46
國泰證券,廖廖,1,常常報價數字跑不出來，超卡 有次下單成功但頁面一直卡沒更新，重開亦是如此，害我以為沒下單成功導致重複下單,2024-03-20 09:26:50
國泰證券,黃錦財,1,無法常亮，一直鎖螢幕，不好用,2024-03-20 08:57:46
國泰證券,T 呆 T,1,系統怎麼一直重複登錄啊？,2024-03-18 10:26:31
國泰證券,黃世華,5,用阿發申購ETF就是快!,2024-03-16 11:07:36
國泰證券,Cliff Lin,4,其實國泰軟體很強。就裏面管理者 服務人員 很有問題,2024-03-15 11:58:11
國泰證券,Jerry Cheng,1,買入與賣出的限價金額都不能設定，都是出現兩條槓，就算是手動輸入也會跳回兩條槓，害我錯過賣出時間點，顧緊荷苞就是不要用這個 20240315更新：什麼叫作價格尚未補回來，都已經開盤多久了，而且還不只一支股票這樣，我前一天還可以買入改價，隔天卻不能賣出，我都有截圖，今天你們家的客服打給我說會再優化系統，也沒給出確切問題解答，建議我先用樹精靈，果然低分不是沒原因,2024-03-15 11:54:12
國泰證券,邵開良,5,很實用好操作,2024-03-15 10:49:44
國泰證券,William Chang,5,怎麼將如此好用的功能拿掉呢？下單時自動顯示目前持有股數，這很方便呀！現在卻顯示銀行餘額，是很多人下單前都不看有沒有餘額嗎？ ------------------------- 看到你們的用心了🤗用户的評論與建議也真的有在聆聽與改善，非常感謝回覆也希望能持續貼近用戶的使用體驗；評論已變更為5星，辛苦了！加油👍,2024-03-15 09:43:42
國泰證券,小帥,5,這個需要去國泰銀行開戶才能用嗎？,2024-03-14 15:18:35
國泰證券,賴焜炤,5,很方便又迅速。 1,2024-03-14 14:31:59
國泰證券,Z KAO,1,有夠爛的，一天到晚看不到價格是怎麼買賣,2024-03-13 09:58:01
國泰證券,YOYA,1,整天卡做什麼證卷 真的無言,2024-03-13 09:25:19
國泰證券,Martin Huang,1,自選股功能異常，常常會把之前的舊資料合併進來，開發人員遲未改善！,2024-03-13 08:43:54
國泰證券,Rebecca Hsieh,5,畫面比樹精靈漂亮，但可否提供 dark mode，不然一片白的用起來眼睛好痛,2024-03-12 15:13:36
國泰證券,KENGYU CHANG,5,手續費超優惠 介面簡潔清晰,2024-03-12 09:27:28
國泰證券,陳聰明,1,缺乏數據,2024-03-09 00:45:09
國泰證券,鱷魚,1,拉吉軟體 一直卡,2024-03-08 19:40:38
國泰證券,Alex Chen,3,"請問app底色可以新增黑色選項嗎? 紅綠的字配白底, 眼睛很吃力 樹精靈又經常斷線 無法改進 (update, 感謝您的回應, 希望能有改善)",2024-03-08 18:06:13
國泰證券,柔柔,5,方便,2024-03-07 11:33:27
國泰證券,陳禹溱,5,明暸,2024-03-07 10:27:31
國泰證券,Jennifer Chen,1,一直閃退怎麼下單,2024-03-07 06:56:36
國泰證券,MuscleMan,1,自選選單是要怎麼操作拉，是沒錢給工程師發薪水嗎？,2024-03-05 13:10:51
國泰證券,Vid Da,1,"## 在「成交」頁面下，點擊個股名稱或代號，不會連動開啟K線走勢圖 (在委託和庫存底下可以)。## 國泰證券app無法查詢除權息資訊，得從樹精靈查詢。## 連動性有夠差。版面顯示浪費一堆留白的空間。持股或交易多時，非常不易查詢、閱讀。使用不易。 
------------------------------
--分行-- (已修正) 未成交的委託單無法重複刪改!!! Samsung S23U. (20240117) 。",2024-03-05 10:54:11
國泰證券,凌凌漆,1,阿發一直翹班，建議IPO相關作業，改成選單式，並加入線上繳費服務，多多指教別家的APP怎便利。,2024-03-01 23:19:33
國泰證券,Chifeng Lee,1,號稱智能客服的阿發。遇到大批買盤就塞車，怎麼賺大錢？之前問問題也一直繞圈圈，不太聰明的阿發,2024-03-01 12:21:48
國泰證券,Tim,1,本來用好好的，突然不給用了，說要開期貨戶才再能用，流氓嗎？有哪家券商是這樣的，我絕不會推薦親友使用國泰。,2024-02-29 10:14:52
國泰證券,吳晨福,5,目前 Google Pixel 6 Pro 在 Android 15 預覽版，無法打開 app，希望更新一下！謝謝！,2024-02-29 00:30:09
國泰證券,韓嫣予,1,那個應該要叫人工智障助理，一直當機還功能超少,2024-02-26 09:26:43
國泰證券,Allen Tung,5,很好,2024-02-24 16:51:45
國泰證券,花樣美男子,1,沒關係你們營業員都別接電話，等20分才回電是有都多跩？,2024-02-23 09:46:24
國泰證券,唐默,1,客服沒人接，問題也解決不了，省客服專員的薪水，應該跑掉很多客戶，倒一倒算了，來別間開戶,2024-02-21 16:32:43
國泰證券,陳光榮,5,Good,2024-02-20 10:32:29
國泰證券,Vincent Nathaniel,5,建議每年的配息記錄可以完整保留，謝謝！,2024-02-17 10:52:25
國泰證券,Gray Mao,1,三星的Android 14，跳出下單確認框時解析度會跑掉，確認框會超出螢幕畫面 (和2/5 pixel手機使用者留言遇到相同問題),2024-02-17 00:57:14
國泰證券,霍去病,2,自選股如果加入興櫃股票，看不到報價。,2024-02-16 11:02:28
國泰證券,邱韋傑,1,定期定額頁面完全打不開，一直顯示系統忙線中。,2024-02-15 12:52:50
國泰證券,派大星教授加博士先生,1,系統忙碌整天都在忙碌,2024-02-15 09:40:35
國泰證券,Lydia Y,1,定期定額轉圈圈就是轉不出來，一個需要處理金錢的app表現居然這樣，真讓人難以置信！,2024-02-15 09:28:03
國泰證券,陳柏佑,2,希望的功能：1️⃣定期定額的通知可讓使用者自行設定提前幾天，甚至做成行事曆，可以一目了然看到哪一天要扣多少錢 2️⃣個股/ETF頁面可顯示歷年殖利率&月配/季配/年配 3️⃣「我的定期定額」→點進一個申購單進入「申購明細」頁面，希望也能從這頁進入個股詳細資料頁面,2024-02-11 12:47:44
國泰證券,蘇貳,1,更新後不能登入，驗證碼還收不到，有夠爛,2024-02-08 17:44:17
國泰證券,Leva Lattimore,3,今天要下單，到最後一步確認金額股數畫面時，整個畫面右偏，造成完全看不到金額那欄，是否是程式的問題，我手機pixel 6 pro，之前下單正常,2024-02-05 11:30:00
國泰證券,鄭美慧,5,OK,2024-02-05 05:25:45
國泰證券,尤樂締,5,服務態度親切委婉，各項服務超級到位與快速。很棒的客服人員。給予支持與肯定。,2024-02-01 09:11:07
國泰證券,KURT,3,自選無法顯示...,2024-01-25 14:27:06
國泰證券,na Ni,1,自選股在哪設，？步驟？找不到。別家系統不會如此,2024-01-22 13:22:27
國泰證券,小白小白,4,若有股票代號查詢功能再加一個。,2024-01-19 21:56:11
國泰證券,Claire,1,程式一直打不開，更新也卡住，要人怎麼使用？？,2024-01-19 11:28:56
國泰證券,Gina Ray,3,區塊規劃不好， 單一股票公司股利發放只2022偏晚， 獲利每季累積eps區塊也不好,2024-01-19 04:18:44
國泰證券,LYY,5,還不錯用，使用起來感覺滿直接又順手的。,2024-01-18 12:25:39
國泰證券,陳基峰,5,好,2024-01-18 09:27:08
國泰證券,許承濬,5,Good,2024-01-17 20:10:56
國泰證券,李晧暐（Misster Hao）,5,真的好用！！介面很好看,2024-01-17 14:23:27
國泰證券,趙文龍,3,姑且還是給個三分，比樹精靈好用一點，就那麼一點點,2024-01-15 09:18:06
國泰證券,林辰,1,行情頁面、個股資訊loading 不出來，完全空白 已經重刪重安裝，問題一樣 樹精靈也不好用開啟時間久,2024-01-13 16:32:53
國泰證券,Max,1,最差的下單軟體，更惡劣的是寄送行銷電子郵件，在郵件內文最下方的 取消訂閱 字樣竟然是連結到下載軟體這裡，真是夠了！,2024-01-11 07:16:23
國泰證券,k airi,5,質押或借卷均價就跑掉了,2024-01-11 04:34:16
國泰證券,Chang Ya-Ting,3,之前可以查詢庫存明細，定期定額每筆都會顯示，但最近只能看到一筆 定期定額匯總，可以改回來嗎,2024-01-10 16:01:40
國泰證券,shaly1149,2,"進到調整額度,並不想操作却一直退不出去,是何故,難道是強迫我非調整不可,完全停擺劃面。 請改進 只好到樹精靈去下單,但是樹精靈查看未實現部份,很傻眼,版面排列很難看,不易比較,不能一目了然.直到目前的最喜歡的還是永豐證最令人明瞭,明細表最簡單.",2024-01-10 14:46:17
國泰證券,Sam Chiu,2,操作流程不太流暢，且每個選項的讀取時間都太長。 回覆：你們可以看看“股票出借“的選項，進去後每點選一個子選項都要讀取超久,2024-01-10 12:05:27
國泰證券,Yi-tien Chang,1,登入後會一直顯示「報價主機連線中斷，嘗試重新連線」。令人非常困擾，重載也無法排除,2024-01-10 09:51:22
國泰證券,Justin Yeh,2,功能真的有待加強，但功能還在完善可以理解，app底色是白色，看久眼睛真的很不舒服，希望盡快有環境參數可讓用戶自行，個人偏愛深色較不傷眼，另外進入選股區價位更新速度太慢，有時候可以用卡頓來形容，建議改用websocket才會快，用戶如果不多這樣的體驗不好，希望越來越進步。 補充～我們用心給意見也請維運人員要feedback，讓我們知道，這些反應你們有收到了。 以上,2024-01-10 01:55:11
國泰證券,張瑛懌,1,免費選股變成沒有了？ 有沒有免登陸的選股方式,2024-01-07 00:45:20
國泰證券,王奕旻,2,何時會有app智慧單跟閃電下單功能？ 現在很多券商app都有智慧單了,2024-01-04 11:32:51
國泰證券,Wj Ko,1,為何最近國泰證卷和樹精靈變無法使用，啟動都馬上閃退連登入畫面都無法到達，怎麼解除安裝後重新安裝後還是一樣呢？是不讓客戶下單是嗎？,2024-01-03 14:57:10
國泰證券,Tso Lin,1,爛的要命,2024-01-01 18:35:20
國泰證券,Patty Chung (我們這一家),4,配息配股功能，已經好幾天不能進去查看,2023-12-29 10:55:26
國泰證券,廖芷宥,1,為何配股配息都打不開，以前都很快打開，這一個月完全不行,2023-12-28 13:14:28
國泰證券,黃琮証,1,大公司的app，在爛一點吧！一直轉圈圈，是要人棄遊嗎？,2023-12-28 09:21:02
國泰證券,jinglu Lin,1,超爛App 一直鬼打牆,2023-12-27 19:10:37
國泰證券,Angel Lai,5,很讚！好操作，尤其對新手人士，是天花板的設計！,2023-12-27 09:38:46
國泰證券,MU-HUAN LEE,5,改版後，借券變得很棒,2023-12-27 09:36:25
國泰證券,maple chiu,3,配股配息功能無法使用,2023-12-25 20:08:09
國泰證券,Cheney Lin,4,好用!反應的問題也修復了！,2023-12-19 20:42:09
國泰證券,張駿豪,5,這app會不斷更新好用的功能，介面也很美觀，非常推薦,2023-12-19 08:46:03
國泰證券,David Wu,5,借券之後收到本來的股票，只看到券回歸時的股價，看不到原本購買時的股價，可否調整,2023-12-15 10:41:07
國泰證券,蒔,1,取消訂閱還要裝app夠誇張,2023-12-15 08:49:29
國泰證券,王明璧 秀惠,5,方便，快速,2023-12-14 15:57:26
國泰證券,林俶徽,5,一開始不習慣國泰證券的app，現在覺得太棒了，發現很多亮點，是其他家沒有的，尤其配息通知和全年統計，還有借劵超方便，真是讚，現在幾乎只在國泰證券下單了。,2023-12-12 17:32:27
國泰證券,方華,4,您好： 希望定期定額部分的日期選項可以有3天，5天和10天的選項,2023-12-11 20:37:47
國泰證券,Yeh Gabriel,5,好棒的下單軟體、耳目一新,2023-12-08 21:04:32
國泰證券,Chun-Hao Liu,2,登入明明密碼是對的，還要一直被要求改密碼,2023-12-08 10:49:25
國泰證券,Ives Wu,5,使用順暢，生物辨識支援性高,2023-12-05 17:47:17
國泰證券,Jackie kk (天然手作原創設計),5,初次登入要你修改密碼 輸入完成後跳出一個視窗要你填寫身份證字號 不知道要點哪裡？就卡在這一關 後續聯絡客服已解決問題,2023-12-01 09:23:11
國泰證券,Ji-Gang Lin,5,越改越好，很棒。,2023-11-29 18:36:27
國泰證券,劉建男,4,希望操作的背景能夠有黑色模式，比較方便適讀！,2023-11-27 12:33:24
國泰證券,小吳,5,就是快，,2023-11-21 09:05:21
國泰證券,Liang A (L. C. L.),3,好用是好用，但有盲點。 於『交割款』那一頁：『銀行餘額』那一項顯示已經被扣完款了的餘額，但『淨收付金額』下要交付的交割款還顯示著沒有同步刪除，會讓人以為交割款還沒付清，這點請能跟扣款同步，就像餘額能同步一樣。謝謝！,2023-11-15 16:06:31
國泰證券,心魔淚無痕,3,改版後借卷系統有變的方便一些，另外常有個股報價完全看不到，例如5292，6894…等股票，希望能增加當沖買賣的試算。手機型號：XQ-2U52,2023-11-15 15:05:36
國泰證券,Vito Tseng,2,股票價格竟然不會推送更新，還得自己重新開啟才能得到一個舊價格，啥爛鬼投資app,2023-11-15 09:24:00
國泰證券,羅煥燈,5,就是棒,2023-11-13 08:19:02
國泰證券,ChuanChieh Wei,1,難用,2023-11-10 17:47:29
國泰證券,圓滾滾,5,智慧加減碼條件-下跌/上漲幅度達%（<>0%，<>5%，<>10%，<>15%）可否改為複選才叫智慧，單一選項那叫智慧根本智障,2023-11-09 10:21:46
國泰證券,Ricky Wei,2,看新聞一直閃退，煩死了,2023-11-08 19:47:22
國泰證券,鬧事仔玩具兵,1,登入之後任何應該顯示出數字的地方都完全不會顯示任何數字,2023-11-08 14:04:49
國泰證券,Robin,1,app打不開，登入畫面都沒看到一直閃退，重新安裝也一樣，後來找到解法，android webview刪除重新安裝就好了,2023-11-07 16:45:02
國泰證券,謝作正,5,好操作,2023-11-06 18:53:21
國泰證券,QBaby,1,很慢 借卷的功能變得很難用QQ,2023-11-05 12:38:38
國泰證券,Monica Chuang,4,資產總覽，未含已出借之股票市值，失真,2023-11-03 07:32:36
國泰證券,Jay Huang,1,APP一直顯示無法與報價主機連線，請問要怎麼下單看股市？？？？？？？？？？？？？？？？？,2023-10-31 13:12:59
國泰證券,k yan,1,過了三個多月了一直說要優化借券功能是優化到哪裡了？ 就叫你們直接改回舊版是聽不懂是不是？ 讓我們可以一單一單出借很難是不是？ 還是國泰連這點錢都要省？ 團隊是不是都吃飽了撐著根本沒做事啊！ 這段時間的收益減損是你們要補給我？ 到底是有多聽不懂人話啊？ 借券這個選項找了20分鐘都還不知道怎麼借出去，你們國泰是只想越做越爛是吧？ 客戶希望的簡單明瞭的介面怎麼就是作不到勒？ 難怪贏不了其他家 唯一能搬得上檯面的就只要28折了,2023-10-31 12:43:13
國泰證券,Icy Hsu,1,這幾天一直連線不到主機，要下單也沒辦法下，要看也沒辦法看，到底是要當到什麼時候，國泰這麼大間的企業，App不能做好一點嗎？,2023-10-31 12:28:48
國泰證券,hi john,1,新聞內容都沒在更新,2023-10-31 10:36:08
國泰證券,雷菁林,1,連續兩天無法連線，樹精靈亦同。,2023-10-31 09:29:01
國泰證券,林小Q,3,看不到行情資訊的使用者可以看看是不是有裝adguard或其他去廣告軟體，關掉後有可能能跑出資訊,2023-10-30 23:47:28
國泰證券,薛伃婷,1,哪有排除？昨天更新還是不行，晚上重開機才進去，今天又無法連線主機，樹精靈也一樣，到底什麼問題啊！,2023-10-27 09:38:32
國泰證券,Susan,1,個資變更的通訊地址無法更改，不能選擇縣市區,2023-10-26 17:10:08
國泰證券,徐祥耀,3,經常不能跟報價主機連線，希望能改善,2023-10-26 15:43:43
國泰證券,VM奶酪,1,有夠爛昨天開始到現在一直連不上主機.....是不給我們買賣了是嗎？,2023-10-26 12:08:50
國泰證券,Lin Miyu,4,23/10/25終於可以正常看股價行情，手機設定沒動過，應是app問題，目前有改善，更改評分四顆星。 --------- 23/09/20 我是sony Xperia 1ii 剛安裝完前兩天都能正常看股票 自從設定完定期定額後 股票行情就開始無法顯示 如今一個月了 重新安裝也沒辦法解決... 之前詢問客服說是可能雙卡機的問題... 但我也沒用雙sim卡，真的.......難道國泰只能定期定額了😵 台新證券開啟都很正常,2023-10-26 09:51:01
國泰證券,Johnson Liang,4,在國泰證券 app 進行借券戶的開設，以及全部庫存設定出借的流程非常直觀且順暢，與元大的借券體驗相比判若雲泥。 美中不足的是這個 app 沒有觸價條件單 / 長效限價單功能，對於無法每日盯盤的人來說，這個功能至關重要，甚至會影響我轉換證券戶之意願。我從官網得知國泰隨身證券 app 有條件觸價下單功能，下載並登入後又被告知無權登入、應使用國泰證券 app。國泰證券 app 應考慮加入條件單功能，才能正確取代我無法登入的隨身證券 app。,2023-10-26 00:21:53
國泰證券,666 patrick,2,常常打不開app==一直停在打開的頁面很困擾,2023-10-24 14:58:37
國泰證券,Aya老師,1,App無法登入，想更新也一直在「等待中」無法更新，無法使用App，請協助排除狀況，謝謝。,2023-10-23 22:38:47
國泰證券,C.H. Zhou,1,股票出借系統可以快點改回來嗎？ 隻數較多的股票只能整單借出，無法分開數量分批出借，且利息計算方式也很有問題，我出借10張股票就應該給我10張的利息，你們的客服居然說：因為是在同一筆借出就只能算一單的利息 這個回覆我聽到是真的很傻眼 就是不能分筆出借，所以才只能一次借出啊… 不能理解這種只想著優化美觀卻降低實用性的系統設計,2023-10-23 13:44:58
國泰證券,黃耀德,5,讚,2023-10-21 13:02:41
國泰證券,織羽緋,5,方便好用,2023-10-19 09:29:52
國泰證券,jessica ming,2,過往記錄跑了10分鐘都沒跑出來,2023-10-18 20:46:11
國泰證券,劉奇聰,1,開不了程式 有網路要更新還更新不了,2023-10-18 20:02:22
國泰證券,JOHNNY JOHNNY,5,Good,2023-10-18 12:32:12
國泰證券,蔡美娟,1,非常不好用,2023-10-18 12:22:58
國泰證券,李華容,4,我想要一個故定業務員你們公司都沒有？雖有退28%可我沒辨法馬上知道，我心情你們懂嗎？,2023-10-16 00:54:35
國泰證券,Robert Chen,5,很棒,2023-10-14 11:06:37
國泰證券,Wen Tsai,1,請問借券系統改版到底要多久？從7月上線被罵到爛掉，說要改版優化，都3個月了，這系統依然繼續放著爛，留言只要有人批評借券系統，就是罐頭回答在優化中，有明確的時間嗎？還是這是制式的罐頭回答？！！,2023-10-13 14:36:18
國泰證券,shangwen lee,2,行情表都是空的，資訊也都空的，刪除重裝也不顯示，上個月都還正常 （Pixel7 pro),2023-10-06 15:23:45
國泰證券,3 MOREL,1,為了長期定期定額，看上國泰最低100元，特地開戶。 經過一番申請，終於到了設定扣款頁面，也完成了，最後簽署同意轉很久的圈圈，跳出一堆重複申請訊息。 已經刪掉APP，評論果然有具參考,2023-10-05 14:04:53
國泰證券,letter信,5,實用,2023-10-03 07:03:54
國泰證券,吳尹雅,1,很難用,2023-09-27 14:22:23
國泰證券,bbmei Chen,3,發現bug:個股的庫存明細中，無法修改增資股的成交價,2023-09-26 09:47:34
國泰證券,黃綋恩,5,介面流暢，整合很多功能！,2023-09-25 13:36:06
國泰證券,陳宜珊,1,希望可以証券滙整成一個APP，太分散了。謝谢,2023-09-24 17:43:16
國泰證券,SC Tsai,2,請問借券功能何時能改好？新增\變更\取消約定功能會讓人疑惑，我只想知道我有哪些未借哪些已借，隨時可調整借出張數，借出多久，費率多少，可以一目瞭然，不用一筆一筆去點去查,2023-09-24 16:47:24
國泰證券,Tsai Kevin,3,只有國泰證券的app無法查詢複委託的配息。 請多多加油。,2023-09-24 09:28:07
國泰證券,陳柏岳,1,電子郵件促銷訊息一直關不掉，信件裡沒辦法取消訂閱，官網上說要透過App，App裡又找不到設定，是在整人是不是，好啊不給關掉就乾脆直接設為垃圾郵件，App也不想用了再見！,2023-09-23 17:09:07
國泰證券,游勝傑,3,會出手機智慧單嗎？別間證卷都有了！,2023-09-22 00:22:12
國泰證券,Bule Lightning,1,一個極度看人下菜疊的單位！！！！ 一定要說““““銀行愛聽的，想聽的，業務才會給過”””,2023-09-21 07:55:07
國泰證券,may wu,2,"投資能否像其他證劵公司一樣單純化就一個app就好別搞那麼複雜,連最基本的常用對帳單功能還要另跑去下載什麼樹精靈才有（我手機光是放你們一堆國泰同質性app就飽了真討厭...） 整合慢算了沒關係但強烈建議至少最基本的總要先弄好！建議請快先在這個國泰證劵app裡增加“對帳單功能”,拜託，這功能超基礎又基本的好嗎！！",2023-09-20 15:58:13
國泰證券,黃橙橙,3,主畫面一直轉圈,2023-09-20 09:21:12
國泰證券,CS熙辰,4,數量問題已回信，也已修復。 另外群組無法輸入中文喔，之前可以。,2023-09-20 01:25:15
國泰證券,吳家慶,4,Good,2023-09-19 20:36:48
國泰證券,MayLiu貞維媽,5,不錯 好用,2023-09-19 18:21:16
國泰證券,鍾緯義,5,每次通知有股票可以借卷，訊息也不說是哪個股票要借，還要自己猜？ 設定也很麻煩 如果有人持有大量不同股票，設定共同設定，因為想借某股票去設定結果又要全部改逐筆。 借卷首頁下面為什麼不顯示自己持股的借卷%就好了，反而給我沒有的，然後自己持有的還要慢慢查詢。,2023-09-18 14:48:48
國泰證券,laibuy Lai,1,選股功能的自設條件，無法修改刪除，而且有字碼錯誤的問題，請更新吧！,2023-09-09 06:11:52
國泰證券,陳奕竹,5,我是安卓系統 至在自選股無法中文編輯群組名稱 請協助改善 感謝,2023-09-08 12:48:26
國泰證券,張夢田,5,讚 投資理財都專業,2023-09-07 21:15:49
國泰證券,阿華田,1,借券系統可以恢復以前的模式嗎？現在改的有夠難用,2023-09-07 10:38:45
國泰證券,jj dean,1,這麼不想讓人借券就別做這個功能啊！,2023-09-04 14:20:01
國泰證券,Jason,1,一直閃退是怎樣？pixel4xl,2023-09-04 14:19:43
國泰證券,蔡先生,1,當天調整股票價格之後。隔天又恢復未調整的價格 內容,2023-09-02 05:15:53
國泰證券,蕭宗熙,5,方便使用，一目瞭然。,2023-08-31 23:13:00
國泰證券,Chieh Chin Chiu,5,通知訊息推播和新聞推播請分開設定開關，希望能只收到重要通知 個股申購會收到兩次推播,2023-08-31 13:52:05
國泰證券,蓉樺,1,更新之後借卷搞的更麻煩，一點都不想用它,2023-08-31 10:06:33
國泰證券,jackshu8,3,什麼時候才能看含息成本呢?,2023-08-31 09:13:44
國泰證券,mingtsun whois,1,是有沒有這麼怕我用？拼命問我密碼？ Sucks,2023-08-30 13:51:00
國泰證券,Will Lin,1,借券計算吃小額投資人豆腐 改版後功能越改越爛 能設計的這麼難用也真的很不簡單！ 按 逐筆約定後 就轉圈圈卡死 到底寫什麼程式！？ 這種爛品質也能驗收？也敢上架？ 負責主管下臺負責吧！,2023-08-29 13:57:49
國泰證券,T. Hsu,1,借券系統一樣爛，舊版還好一點，參考利率也寫一下吧？難用死了,2023-08-28 16:36:16
國泰證券,小野麗莎,3,是否可增加背景深色模式,2023-08-27 09:38:33
國泰證券,Shiki,1,三星 S23 Ultra，安卓13，個股行情畫面都跑不出來，看不到股市漲跌，安裝隨身證券，又說我沒權限觀看,2023-08-25 20:44:06
國泰證券,David 洪,3,使用上沒太多缺點，但裡面並沒有價量的警示功能，還得特地切到樹精靈設定，有點麻煩跟浪費時間，而且也沒有智慧單的功能。,2023-08-25 14:00:19
國泰證券,廖小姐,1,請問無法安裝在手機上是發生什麼問題？,2023-08-25 11:07:15
國泰證券,陳靜如,5,頁面簡單流暢，直覺式的選項好操作,2023-08-23 09:20:20
國泰證券,L,4,您好，希望在”出借中的庫存”畫面中新增顯示借出去的股票的市值功能，謝謝,2023-08-19 19:06:59
國泰證券,Will Hsieh,1,一堆人說看不到庫存結果我一進去加選完還真的看不到,2023-08-18 00:15:25
國泰證券,裕,3,群組名稱不能打中文字數限制打不了幾個字,2023-08-17 18:41:58
國泰證券,陳阿金,2,密碼不能輸入特殊符號，測試人員是工讀生嗎？,2023-08-17 13:47:48
國泰證券,葉小,1,富邦e點通的訂閱中心可以單獨訂閱：證券月對帳單、證券日對帳單、證券成交回報、證券申購中籤通知書、有價證券借貸報告書、證券股價波動提醒通知、定期定額買股預先圈存(或預收款項通知書)，相較之下國泰證券的app太low了吧！訂閱中心只能選訂閱或不訂閱，行銷廣告的垃圾郵件還跟對帳單用同一個信箱寄送，令人無語...,2023-08-16 14:56:34
國泰證券,星渚,5,有整合有鼓勵,2023-08-16 00:58:14
國泰證券,Allen Huang,5,Sony xperia 1 IV，一直重複跳通知,2023-08-14 15:44:37
國泰證券,楊劍秋,1,新版借卷難用,2023-08-12 19:39:54
國泰證券,2013 JUANG,4,業務需要,2023-08-12 10:12:52
國泰證券,李強,1,用了快一年，還真沒用過這麼難用的app..要不是為了手續費....🤷 很多地方不直覺，為了篩選一個東西，要彎彎繞繞的，要花很多時間去找，搞很複雜 .... 為了查成交歷史紀錄，還要特別去官方網站查詢，然後還要再註冊🤷真的神軟體啊！！沒看過交易紀錄不能直接在app裡查的...... 然後在委託交易裡面，也不能直接點查看實時價位，要特定跳出來，再點查詢股票的選項才能看！！真的想問問，你們是得罪工程師嗎？你們真的有使用自己的app嗎 🤷問題一堆....連吐嘈都快沒力氣.....,2023-08-11 10:07:53
國泰證券,小程,1,"推播訊息不能關是怎樣？ 關掉又自己開啟,不想接收也不行",2023-08-10 19:43:19
國泰證券,Mophy “Mophy” Liu,2,不管是用指紋還是輸入密碼，常常跳出錯誤又重新設定密碼…… 本來以為是自己手機問題，但最近換了新手機，這狀況還是常常發生……,2023-08-10 13:03:44
國泰證券,郭小芳,1,還行吧！你app 是否能改一下不要一直當機，真的蠻困擾的,2023-08-09 19:25:07
國泰證券,鄭俊華,1,更新後變超難使用，想出借股票都找不到庫存可以點選 8月初更新後，以為系統有改善，結果還是一樣，登出系統後，退出apo，系統通知欄還是一直顯示“報價服務持續運作中”，還關不掉！,2023-08-08 09:01:03
國泰證券,西妞,1,敦南的客服真的很差,2023-08-07 14:11:16
國泰證券,Blake Chang,5,建議：提供「深色模式」選項給用戶,2023-08-07 02:59:18
國泰證券,周宏裕,1,借券功能超難用，跟其他家券商比，我可能會换別人的。,2023-08-05 16:40:22
國泰證券,送外賣,1,選股只看到很多橫槓槓 根本看不到報價 國泰證券的APP怎麼沒一個能用的,2023-08-03 21:22:36
國泰證券,CU S,1,股票出借改版後超級難用，還有出借後回到樹精靈成本就跑掉，這很容易讓使用者出錯。,2023-08-03 02:27:41
國泰證券,Ming Chiu,3,這兩天都呈現報價主機連線中斷，嘗試重新連線,2023-08-02 22:19:33
國泰證券,廖紀任,4,挺簡單上手的,2023-08-01 23:26:43
國泰證券,adelaide w.111,1,借券專區自從改版後超級難用，爛透了，要不要改回來,2023-07-31 23:21:52
國泰證券,hirming shieh,1,借券系統越改越差，很多資訊查不到,2023-07-31 13:47:14
國泰證券,林璟暉,1,新的借券平台很不直覺，可以參考一下舊版嗎？借券收入還要打股號不能依照時間序嗎？沒有庫存顯示直接可以設定還要一個一個打股號？可以準備好再推出嗎？ 該改的不改，過去一年的借券收入代表的意義會比年度好嗎？借券這塊可以個別約定是有進步，但是借券收入查詢可以依時間序，券差借出可以自行設定一律借出嗎？ 我是指券差借出！,2023-07-31 09:57:04
國泰證券,Bi-Ju Chiou,3,借券操作及設定非常不直覺，例如我有庫存股票須單獨設定借券條件，但我必須從2000多個股票代號中擇選出我的特定庫存股票後，才能繼續設定。非常難用，真的建議不如改回原功能。或是自動帶入庫存尚未出借股票，畫面資訊清楚 簡單 明白，操作也有效率。謝謝。,2023-07-29 13:29:37
國泰證券,Kevin L,1,新的借券功能根本不能用，請盡快更正系統，已經影響了使用者的權益了,2023-07-29 09:01:02
國泰證券,順從生命之流,5,薪資銀行直接買很方便,2023-07-29 01:13:37
國泰證券,hui,1,美股報價都沒有買賣的成交量，只有價格是讓人怎麼判斷即時價格的量多少呢？程式設計員到底是有沒有在實際操作過？,2023-07-28 15:19:39
國泰證券,吳榮書,1,我真心覺得借劵改了之後超級難用，原來版本比較順暢,2023-07-28 15:09:15
國泰證券,張燕雯,1,我要提高額度,2023-07-28 12:14:23
國泰證券,Google 使用者,1,"借券的功能你們開發完真的有實際操作過嗎?這種東西敢拿出來上架,到底哪來的自信? 我拜托你們先把舊版借券功能放出來給我們用,你們慢慢改好,測試完再上好嗎？",2023-07-28 01:54:27
國泰證券,莊至璿,3,國泰證卷改版後，借券功能變得好難用，完全看不到那檔有借出那檔沒借,2023-07-27 17:19:54
國泰證券,WanYi Chiang,3,股票出借變得不好用 1.不能一次查詢期間內所有股票收入與費用 2.沒辦法查詢未借出的股票庫存 3.可以一次約定全部庫存，卻不能將其中一檔取消,2023-07-27 15:37:48
國泰證券,CYShen1981,1,借卷系統改版後，非常的難用。 無法看出借總張數，也無法單張設定，請用點心經營,2023-07-27 13:28:34
國泰證券,MARCH,1,沒用過這麽殘廢的借券系統,2023-07-27 08:12:03
國泰證券,IChi,2,改版後的借券系統比原來的難用很多，不如不要改，然後每次要離開系統都要重覆操作三次才能離開，請改進,2023-07-24 16:47:34
國泰證券,Charmmy Yang,1,出借股票介面改版之後一直出借失敗叫人等等再試也不說明原因 真的很難用,2023-07-24 13:47:58
國泰證券,James Pan,1,借券介面非常不友善，查詢資料要繞一大圈才查詢得到，需要改進，謝謝,2023-07-24 12:25:49
國泰證券,小瞇,2,股票出借設定，更新後變得很難使用，操作方式變成複雜，介面不清楚明瞭,2023-07-24 01:31:22
國泰證券,Evan Wu,1,借券功能改的難用的要死，原本好好的亂改什麼鬼，根本就是外行人才會改出來的東西，拜託請改回舊版！！,2023-07-23 05:20:19
國泰證券,lee hiram,1,借券系統問題都沒有更新，一再跟國泰反應都是很禮貌的會反應，然後就沒下文，原本堪用的借券系統，更新後改成一檔股票借券只能一次下一筆單，借出後才能再下一筆，實在讓人大開眼界，而且介面上只看得到借出那幾檔但是看不到借出張數，反應多次依然不改善，也不更新，也不說明，如果是刻意要刻意刪減功能也應該公告，讓不合適的用戶盡快離開去其他券商。,2023-07-22 21:20:14
國泰證券,余文騰,5,其實APP本身還不錯,2023-07-22 21:01:31
國泰證券,劉康康,1,Pixel 7 Pro 打開直接閃退 ...,2023-07-21 09:18:54
國泰證券,牛小弟,1,改版以後的借券有夠難用 拜託一下改回舊版,2023-07-20 17:03:24
國泰證券,巧庭曾,1,借券原本的比較好用，現在查收入還要挑股票，而已是全部，要一直查曾借出哪檔股票，超難用,2023-07-20 09:57:11
國泰證券,曹銘容,2,電子投票常當，投票抽籤已經登入了，按申購還要填一次登入資訊太扯了，選擇不用改用別家 您沒看到我寫已登入嗎？,2023-07-19 20:23:19
國泰證券,14 HS,1,7月初當機頻繁，不但APP有問題，國泰的資料中心也常出包，例如憑證異常無法下單及查詢，也太誇張。 證券類出了名不好用，盼了更新好久，結果...恨鐵不成鋼。本來就不好用，還會有系統當機，還好我沒當沖，2023/7/3改版後雙向借卷竟能改的更不方便，無用頁面又更慢，這軟體工程師大概自己沒投資股票吧，完成時肯定也沒人驗收，這樣也能交差！？ 7/20 雙向借券真的很難用，各種反人類設計，我投降放棄了，停止使用，股票還是用元大跟群益比較好，沒有系統忙碌不理人的問題，也沒有設計勸退使用者的雙向借券，想用國泰請三思...,2023-07-19 15:16:46
國泰證券,cyc,1,爛東西,2023-07-19 14:04:45
國泰證券,黃亮達,1,你好，app更新後變得更不方便，庫存借券都要一個一個查詢，借券費率調整變得更複雜，整體來說比改版前更加難用，希望能夠調回上一版本，謝謝！,2023-07-19 07:56:48
國泰證券,陳蕾蕾,2,出借的部分沒有以前的版面好理解,2023-07-18 12:32:48
國泰證券,鮭魚,3,連線速度有些慢,2023-07-18 09:43:39
國泰證券,林虹均,1,平常不太留言的，但這次的更新真的讓人覺得介面不舒服到極致！ 借券達一定利率就自動借出確實有增加我的出借次數。 但介面完全是敗筆，一進去就顯示大大的“幾檔股票出借中”＆“出借收入多少”，但完全點不進去、看不到細項，只能從其他拐彎抹角的小選項中慢慢尋找到，非常不直觀。出借收入也完全看不到細項，例如這收入的計算區間？什麼股票收益多少還要自己key代碼、key區間慢慢查，真的很爛很爛很爛很爛，各種不直觀的操作超級不舒服的。,2023-07-18 02:20:20
國泰證券,Luke Len,1,新改版後借券頁面查詢變得非常不好使用，無法清楚查詢自己可出借的庫存股票，無論委約狀態或是費率查詢以及借券收入，都需在所有股票海(國泰證券流通借券的所有項目內)先撈到自己持有的股票，再逐一設立查詢時間區間，才能一一查詢約定費率及剩餘張數。 設計無腦至極，傻眼,2023-07-17 16:03:39
國泰證券,肥貓,1,真的超難用,2023-07-17 13:49:49
國泰證券,陳John,2,安卓14平台穩定性版本發布了，閃退要修了沒😡,2023-07-17 13:23:01
國泰證券,wen lee,1,想要修改借券設定，只會看到轉圈圈,2023-07-17 11:56:16
國泰證券,Y F,2,新的借券系統好難用，之前比較好 配股息的系統也常常沒跑出該配的 吼，瞎瞎耶,2023-07-17 11:47:47
國泰證券,黃俊傑,1,借券介面更新後讓使用者非常難使用,2023-07-17 08:48:40
國泰證券,yu,1,如果能給0顆星有多好！國泰改版的借券難用、難用、超難用、世界級難用、宇宙級難用！改了股票出借的界面超難用，根本找不到可以出借的界面，還把我之前委託出借的股票，未經我同意就全部取消，國泰證券如此行為，金管會不管管嗎？,2023-07-15 22:15:36
國泰證券,cindy,1,借卷系統亂改，完全看不到設定狀況，然後卷就借出去了....,2023-07-15 20:04:48
國泰證券,Yulin Chen,1,借卷一點就當,2023-07-15 18:44:38
國泰證券,西達,5,還要跳好幾個畫面......麻煩 能縮點步驟，會更好操作,2023-07-15 13:03:09
國泰證券,Tony Wei,1,衷心的期望借券系統還是改回舊版，新版UI太差了。,2023-07-14 08:44:26
國泰證券,陳欣煜,1,改借券頁面是哪個主管，叫他出來面對,2023-07-13 17:20:55
國泰證券,JJ,1,借券舊版比較好用，借券收入多少一按全部都查到，新版還要自己一個一個輸入,2023-07-13 14:10:27
國泰證券,人生處處峰迴路轉,1,借券功能變爛了！以前的反而好懂，還能試算，希望改回以前的方式。,2023-07-13 14:01:23
國泰證券,蔡志宏,2,借卷部份建議可以查詢出借個股總數量及全部出借股票股數總數量，出借庫存目前市值，這幾個功能應該是最基本的。麻煩了，謝謝，希望可以越來越好。,2023-07-13 08:53:38
國泰證券,葉Lynn,1,我不怎麼去留言app的評論，但這真的爛到我想藉由這方式與app官方傳達： 喜歡舊版的股票出借，更新後整體只有難用可以形容，拜託改回來原本的吧==,2023-07-12 23:22:38
國泰證券,安東尼,1,借券系統是要測試使用者的記憶嗎 考你庫存股代號 幾張 App無法關閉只能重開機 難用到一個爆炸 爛爆,2023-07-12 21:07:32
國泰證券,pocky Chang,1,越改越難用 悲劇app 一星給你都嫌多 借券收入查詢還要一堆我沒有持有的名單裡面去撈？？ 相關單位是委外還是內部人員 委外就換了吧 內部的可以請他捲鋪蓋了,2023-07-12 14:34:30
國泰證券,萱萱,1,借券功能被改的慘不忍睹，操作期間需要一直重複登入、不能一目了然，老實說我已經完全不知道該如何操作...連一顆星都不想給,2023-07-12 12:49:28
國泰證券,Chang Z-Young,1,改版後，功能超難用，每查一樣東西就要你登錄一次，一秒鐘幾十萬上下，給你登錄，轉圈圈loading就飽了？ 只好把國泰銀行幾十億領出來換別間銀行,2023-07-12 12:49:05
國泰證券,MNO3114,2,你們更新之後，股票借券超級南用，之前的介面簡潔易操作，現在的完全看不懂，查找更困難，你們越改越難用，我是人類……不是AI……,2023-07-12 11:30:55
國泰證券,ANGEL HSIEH,1,雖然很不想給1顆星，但app真的太……，買也轉圈圈，賣也轉圈圈，查詢也轉圈圈，能不能正常點啊～,2023-07-11 19:56:41
國泰證券,LuChung Chu,1,給一星是真的很希望把出借股票系統改回舊版，舊版介面可以很容易知道庫存並自訂出借張數與費率，自從新版上線後成交率和利率變的非常差，就算選擇由國泰決定也一樣，在新版不夠完善前，懇請改回舊版，這種體驗讓我認真考慮改用其他券商了,2023-07-11 18:00:35
國泰證券,Husu Black,1,股票出借系統改的非常糟糕，一直跳訊息說符合熱門借券，卻根本無法操作，不如不要改，造成這麼多人的不便，損失的時間與收入算誰的？,2023-07-11 08:41:30
國泰證券,WeiLin Hsu,1,換版後真難用，不如換回來吧，什麼都查不到，一直被登出,2023-07-10 15:08:46
國泰證券,Jerry,1,今天使用一直出現錯誤，查詢的部分一直無法顯示，重新登入下載也一樣，開盤至今無法查詢損益，委託，成交，搞笑啊。,2023-07-10 10:24:27
國泰證券,陳安,1,拜託改回舊版的好嗎 新版的難用死了,2023-07-10 09:39:37
國泰證券,林聖翔,3,國泰又壞了....... 一直當機 看來金管會要請國泰喝咖啡了 還有就是不要一直掩護大戶出貨,2023-07-10 09:14:53
國泰證券,峻杰jay,1,又進不去了 好爛,2023-07-10 09:14:02
國泰證券,雞咕咕,2,借券系統改得更難用了，而且會一直閃退,2023-07-09 19:59:37
國泰證券,曾文祺,1,借卷一次要200張然後借捲費試算也變少了，這是坑誰啊？,2023-07-08 22:49:15
國泰證券,戴伯璋,1,更新國泰證券app後 借卷專區介面沒像之前一目瞭然 之前的比較好用 既然改版，理應比之前更進步些 如果沒辦法，回到之前介面比較可以接受 請多多加油,2023-07-08 14:39:04
國泰證券,李世宗,5,好用,2023-07-08 06:19:19
國泰證券,鄒孟澤,1,爛死,2023-07-07 12:55:33
國泰證券,S S,1,改版後股票出借無法操作,2023-07-07 12:36:39
國泰證券,peter Wang (小實),1,爛透了，系統一直有問題,2023-07-07 11:04:44
國泰證券,我若,1,哪一個低能的把借券弄成那麼複雜，難用死了,2023-07-07 10:46:52
國泰證券,Morris Li,1,借券系統無法看到出借明細,2023-07-06 22:10:56
國泰證券,湯明康,2,股票出借功能改到看不懂，我已經出借數量不一樣，而且我庫存的也無法像以前一樣點出來看決定是否出借-不好用,2023-07-06 20:59:23
國泰證券,凌安,1,基本關不掉，新改的股票出借介面也很難以操作，想看單筆交易細節竟然還要自己去查然後輸入…,2023-07-06 14:07:42
國泰證券,cr share,1,改版後的借卷 使用體驗有夠爛 不如原先可以看到庫存直接借出,2023-07-06 12:23:56
國泰證券,蔡金鳳,5,快速，簡單,2023-07-06 12:23:54
國泰證券,ick R,1,可以還給我以前的設定模式嗎？ 以前逐筆新增借出的時候，可以看目前的出借費率，現在要逐筆調的時候都看不到匯率，要跳出去才看得到。 而且不知道要怎麼借出，點選股票只有我要出借（200張）點選後庫存只有單張的沒有反應，只有複數張以上的才會有調整介面跑出，改成這樣到底是要給股民方便還是給系統方便，搞不懂，一點都不人性化。,2023-07-06 11:11:28
國泰證券,wang miruku,1,問題很多，請儘速修正,2023-07-06 10:27:12
國泰證券,Ryan,2,改版後能設定條件自動借出這方面很好，但收入與費用這部分主要就是為了看自己庫存所出租賺取的費用，結果還要以搜尋的方式去搜尋，而且還容易卡住，非常不方便，整體下來寧可希望不改版，舊版比較方便明白,2023-07-06 05:10:06
國泰證券,Wayne Hong,1,借券區更新後非常難用，不會將收入一起列出來，要一筆筆查。 而且只要使用借劵區的功能，app就會卡頓然後閃退，每查一筆就要重新登入…拜託改回之前的版本好嗎？沒事改什麼版本，越改越爛…自己有使用過嗎？,2023-07-06 00:00:19
國泰證券,吳永和,1,爛死了 今天當機,2023-07-05 23:00:56
國泰證券,邱麟琪,1,"出借證券更新並沒有好用,越改越爛",2023-07-05 20:57:18
國泰證券,Will Wang,1,這次到底在搞什麼，改版後研究半天無法完成借出股票，為何改的那抹難用?改回之前版本好麼？,2023-07-05 17:00:58
國泰證券,趙天天,1,你們7／5早上憑證中心異常我當沖下單前面成交後面無法下單害我無法改購買價格平白損失4000多有夠爛的😡😡😡😡😡,2023-07-05 15:48:25
國泰證券,L T,1,紀錄一下20230705當機說憑証異常，我看能當幾次,2023-07-05 14:55:22
國泰證券,夏宇農,3,230705 14:35 依然進不去QQ S23 一直卡在登入後憑證查詢，無法動作,2023-07-05 14:35:54
國泰證券,Hua,1,更新比不更新還卡，更新比不更新還閃退。,2023-07-05 14:27:55
國泰證券,邱宗欽,1,借券可以回到之前的版本嗎？找有些庫存沒有顯示股票名稱和代碼，根本不知道設定到哪一檔。試算也不準，不是以日計算不足1元以1元計算嗎？,2023-07-05 13:56:20
國泰證券,Thomas Lai,1,全部交易方式網頁版、APP，可以當機一小時無法交易，爛~~~,2023-07-05 13:40:37
國泰證券,許紫焱,3,借券系統改爛了，原本還能知道借券出去之後有多少錢，還能試算，現在都改掉了，請問能更新回，上一個版本的嗎？,2023-07-05 12:58:13
國泰證券,Jerry Jhang,1,借券更新在改什麼，亂七八糟根本不能用，庫存也看不到，到底在幹嘛？,2023-07-05 12:40:40
國泰證券,Perry Lin,1,借券系統改版後沒有舊版好用，例如我想知道出借收入，還要選擇個股，不能用日期直接篩選！,2023-07-05 12:17:44
國泰證券,墨風晨,1,2023年起七月更新借卷系統，改的超級差，看不到庫存，想借出也找不到選項還一直登出要重新輸帳密,2023-07-05 11:12:00
國泰證券,eexjwcrtykfyind,1,又登入不進去，常常在維修搶救,2023-07-05 10:06:20
國泰證券,MAN羊,1,笑死，因為你們的問題無法下單。是要幫忙省錢嗎？,2023-07-05 10:06:13
國泰證券,慕殤,1,改版後問題更多了，憑證無法登入股票借出去的暫時領不回來，借款無法登入還款但利息照算，這些損失都是使用的人自行承擔爛透了,2023-07-05 10:05:07
國泰證券,Carol,1,國泰證券、樹精靈、隨身證券全部不能登入，不能下單，玉山正常就你不行，常常不能用，到底是怎樣？,2023-07-05 09:51:04
國泰證券,Max Chu,1,超爛 一整個早上登不進去，損失要算誰的,2023-07-05 09:50:20
國泰證券,劉雅惠,4,常秀豆 雖然手續費很低 但不能賣出 造成虧蝕 怎麼處理,2023-07-05 09:47:57
國泰證券,YUJU,1,一直當機，不能下單，盤中一直轉圈，是要急死誰,2023-07-05 09:40:48
國泰證券,伊森,1,系統異常沒辦法下單 到底要多爛,2023-07-05 09:39:51
國泰證券,吳軒安,1,品質很差，常常無法登入,2023-07-05 09:19:19
國泰證券,LEO CHEN,1,靠，這麼爛的app真的見識到了，第一天申請成功，光是要看個K線跑不出來，這是要怎麼買股票，誇張到了極點,2023-07-04 18:16:18
國泰證券,Bob Lin,1,新版的股票抽籤介面也太差了，改版後極其卡頓暫且不論，新版仍然不如X豐，無法即時看到已借出但尚未還券項目的收益金額，且各項明細查詢全部預設跳0050還要自己逐筆挑選輸入起迄，懷疑設計的人根本沒使用過，不如舊版。,2023-07-04 15:56:35
國泰證券,Angela Huang,1,借券那邊改版之後超級難用，可以改回來嗎,2023-07-04 12:10:44
國泰證券,李尚澋,1,改版後的出借股票，非常難用，也非常難找尋自己所擁有的庫存單張股票出借金額（還需要一張一張點🤦）,2023-07-04 11:27:09
國泰證券,小昇,1,股票出借能改回去原本的樣子嗎？,2023-07-04 10:15:24
國泰證券,Annie Lo,4,更新後股票出借介面難用且反應很慢，出借明細需個股逐筆查沒有總表（未更新前有），查詢好麻煩的,2023-07-04 09:38:03
國泰證券,Jack Chuang,1,難用死了！不如上一版。,2023-07-04 08:42:23
國泰證券,蔡小恩,5,請問借券改版後的新介面，收入與費用這個項目，可否改回之前依時間軸排列已歸還的券，而不是現在的依股票查詢？依股票查詢還要再想什麼股票已經歸還了！這樣真的很不直覺，麻煩您了。,2023-07-04 06:44:04
國泰證券,王仁傑,1,出借怎變網頁版，好難用~ 原本出借回來還要重新輸入原本價格就麻煩了，現在的更麻煩~ 到現在我還沒找到像之前能1次列出所有賺的金額，且股票出借的建議%數.... 爛,2023-07-04 02:18:48
國泰證券,謝鴻林,4,資訊清楚，簡單明瞭。,2023-07-04 01:16:50
國泰證券,蒙面加菲貓,1,改這樣不知如何出借股票,2023-07-03 21:39:51
國泰證券,sharon wei,1,很爛，可以快點修嗎？,2023-07-03 21:28:26
國泰證券,Passie Passie,1,舊版設定完庫存的借券條件後，可以在一頁式的頁面瀏覽全部預借的庫存股票資訊，頁面簡單明暸又好控管，新版許多功能不足，設定完也不能在一個頁面呈現，頁面關聯性不足，還不如不更新！！！,2023-07-03 20:56:53
國泰證券,club CK,1,爛！在那宣傳借券系統改版有多好，結果根本沒整合好。我看不到庫存還得一直重新登入，設定借券條件也說跟之前的重複無法新增。要修改改版之前的也不知道怎麼改，因為系統根本沒顯示有提出出借申請。原來版本根本沒這些問體，你這不成熟的改版也能拿來宣傳。現在根本不能用。,2023-07-03 20:30:03
國泰證券,徐溍玢Yadis,2,越更新越難用，可不可以改回去？？,2023-07-03 15:55:02
國泰證券,Yupin Kuo,1,"股票與借卷系統APP特殊配合,能使該股借卷後,該股返回成交均價為0的價格,這非常適合,能自己用功筆記的投資人,此外,查詢歷史對帳單可以五年,但 一次也只能匯出50筆,如單月買入個股多筆,且長期定期定額投資人來說,借卷後,你要找回多筆個股成交均價,猶如大海撈針,令人感到心力交瘁. Round 2 今早接到貴司詢問這題,需提供更詳細的資訊,影片跟檔案以提供給貴司客服,建議貴司,再測試APP,能有詳盡的規劃,此基本BVA test會遇到的問題,不該出現,希望後續不會告訴我,需要Reload到最下面,才能匯出全部檔案,這種設計代表設計規劃不全,還是希望貴司能站在客戶角度改進,而不是造成彼此的困擾. 建議規劃如下, 1.借卷完,歸還後,APP應該要自動算出個股原本採購的成本均價,而不是叫我自己匯出五年內的資訊去算出價格,後面再APP自己打上價格. 2.APP匯出這功能不應該有筆數限制,或者需要其他操作,才能匯出,應該查詢多久,就可以直接匯出多久,這是基本的. 2023/2/16 有改進，其借卷比其他劵商好用。 20230703 新版介面比舊版難懂，設計差，還要一直重複輸入帳密。",2023-07-03 10:02:16
國泰證券,蔡承璋,2,帳號退出後，程式無法關必,2023-06-27 11:19:34
國泰證券,Tommy Chou,1,更新完後無法關閉app，按離開後國泰證券app仍然持續運作中！可以改善這個問題嗎？,2023-06-26 20:03:29
國泰證券,施勝煬,3,讚,2023-06-26 13:44:05
國泰證券,徐淑美,1,太難用,2023-06-26 09:30:08
國泰證券,Vic Tsai (蔡承融),1,工程師如果不會寫後台關閉就不要把程式狀態寫在通知列，用幾個禮拜每次不管是在app退出，還是多工滑掉都沒辦法關閉，有夠爛,2023-06-24 12:07:59
國泰證券,賴巧玲,1,為什麼不能自己設定是否開啟背景報價？用不到這個功能卻被強迫一定要開真的很討厭,2023-06-23 03:05:56
國泰證券,鄭淑貞,5,好用一目了然,2023-06-19 08:46:17
國泰證券,憶欣,5,很清楚,2023-06-16 22:40:21
國泰證券,葉怡婷,3,"從來沒有一次能更正常關閉程式。第一次下載後，必須要點兩次「離開」才能從手機中真正關閉程式。某次更新後，不管「離開」幾次，都無法正常關閉程式，手機上方會持續顯示國泰證券正在運作中，非常耗電，變得很抗拒開國泰證券這個程式。（Google Pixel 4a, Android 11的最後一個版本)",2023-06-16 19:36:52
國泰證券,Jason Lee,3,希望能增加，智慧下單的功能,2023-06-16 11:00:44
國泰證券,韓國瑜伽墊,1,無法關閉，一直卡在上面通知顯示，也做的太爛了吧？那麼大一間公司沒錢做app?,2023-06-15 09:14:57
國泰證券,溫裕誠,5,最近更新後開啟App再關閉會一直出現在通知欄常駐關不掉 請工程師解決 謝謝！,2023-06-13 17:53:03
國泰證券,歐士嘉,1,App無法開啟，會閃退,2023-06-13 14:19:25
國泰證券,Allen Huang,1,今天(6/13)更新到Android 14還是會閃退,2023-06-13 13:46:19
國泰證券,J C (VIP Dog),1,6/13自選股系統忙碌無法使用,2023-06-13 09:16:02
國泰證券,曾炯睿,1,開盤就系統忙碌中，沒辦法讓我交易，有夠爛，很垃圾的app,2023-06-13 09:15:57
國泰證券,黃柏憲,5,定期定額手續費一元 還可以設定+-碼,2023-06-12 22:23:48
國泰證券,Hung-Chia HSU,1,[23/6/9更新]這幾天手機Realme RMX3363系統Android 13發現app版本3.4.14跑股利試算後的頁面都無反應？唉，已經好幾天?！[23/1/31]每晚7點多定期定額總成交的推播竟然昨天沒出現，今天也沒補推？不會連這都被取消了吧😕... [22/9/16]新版面挺爛的，很多易顯資訊選單都消失，竟然重裝登場 那非常願意給一顆星。,2023-06-09 13:22:50
國泰證券,Elephant Little,3,關閉就會一直跳無回應，這不是廢話嗎？我就關掉了是要什麼回應，有事嗎？,2023-06-09 09:55:58
國泰證券,Mark Lai,2,三星安全資源夾下無法打開,2023-06-08 15:51:59
國泰證券,郭將將,2,6／5更新後，下單時原本可以看到自己持股數量跟均價不見了，這樣非常不方便 6／8你好，一直當機一直當機，無關好不好用 已經嚴重影響到下單使用了,2023-06-07 09:45:33
國泰證券,石原,2,按確認離開app後，實際上還在後台運作，沒有真的離開程式(因為通知欄上如此寫)。,2023-06-06 21:10:38
國泰證券,波妞,3,6／5定期定額的金額已扣款，但實際交易內容無法即時反應在庫存資料，6／6中午才收到簡訊通知，是否能進步到6／5收盤後即可更新狀態？,2023-06-06 12:10:27
國泰證券,tsute chen,1,一直進不去，什麼憑證中，很爛,2023-06-05 21:24:45
國泰證券,Bruce,3,可以恢復在下單裡面會有提示這檔目前庫存的提示嗎？,2023-06-05 19:24:14
國泰證券,蔡幸如,5,好用,2023-06-05 16:59:14
國泰證券,耀瑩曾,5,介面好用,2023-06-05 16:17:06
國泰證券,K23 C,3,下單即時預估損益這個功能拔掉了？ 有點可惜，希望能改回來。,2023-06-05 09:56:03
國泰證券,勳,3,1.會在背景程式自動運行無法關閉 2.下單無法看到自有庫存及平均單價,2023-06-02 09:21:31
國泰證券,A K,3,"Android 14 會閃退無法開啟... Pixel 7 pro, android 14 beta 2, 版本： 3.4.12 嗯嗯，不過其他券商app完全沒問題就是了...",2023-06-01 11:25:37
國泰證券,劉韋利,5,好用到不行 但希望可以把推播做個分類 只想收到帳務相關的推播,2023-05-31 13:29:13
國泰證券,Benjamin Chou,1,改完密碼再登入就一直顯示密碼錯誤被鎖帳號，有點無言欸……,2023-05-31 02:42:01
國泰證券,熙熙雷夢,5,提出問題客服人員聯繫線上排除問題，專業給推,2023-05-29 17:32:40
國泰證券,az,1,根本不能用啊，看盤個股畫面都沒有資訊，也不能下單，到底？ s21+/android13/3.4.12 B62 到今天也還是一樣不能使用，連樹精靈也一樣一直取得登入資訊逾時,2023-05-26 10:01:24
國泰證券,jada apple,3,國泰證券、樹精靈、信用卡cube，就不能結合讓使用者方便嗎？有夠麻煩,2023-05-26 09:32:19
國泰證券,Fatman Yen,4,太多新聞推送，一天十幾個。 封鎖推送後，收不到重要的證券成交消息。 你是股票app，不是新聞農場app，本末倒置了。,2023-05-25 20:42:42
國泰證券,王文俊,1,Galaxy A52 5G SM-A5260 3.4.11 R02,2023-05-25 12:12:33
國泰證券,小C,3,為什麼很多股票搜尋不到,2023-05-25 10:13:03
國泰證券,黃無咎,3,密碼為啥會動不動就不見了，老是要重新輸入，輸入了又說不對，重新設定又說和原來一樣不行，是啥bug呀！,2023-05-23 12:10:06
國泰證券,李久勇（軟今天）,5,好用,2023-05-23 00:38:19
國泰證券,Feng Phoebe,3,為什麼國泰證卷點自選是空白?明明已經有自選了啊還是跑不出來，那自選欄位有什麼意義,2023-05-22 16:12:13
國泰證券,Graece Fan,5,用這個軟体看簡單清楚,2023-05-19 07:48:15
國泰證券,福州伯,1,今日領旨了嗎？,2023-05-17 12:53:04
國泰證券,William Lu,1,每次退出App後，系統還會跳出通知國泰證券沒有回應的對話框，實在有夠煩 手機型號：SM-S9080 app版本：3.4.11,2023-05-16 17:54:06
國泰證券,Kerr,4,請問能否把國泰證券與樹精靈整合成一個APP，另外畫面選用黑色比較習慣，兩個APP一起用有點多，而且很多項目都有重疊到，所以一個比較不複雜唷。,2023-05-15 15:00:13
國泰證券,陳銳峻,5,已經支援android 14了，每次更新支援的速度真的算眾多app中，算是快的。,2023-05-11 21:35:51
國泰證券,蘇順明,1,跟樹精靈差不多欄、,2023-05-11 12:56:15
國泰證券,黑暗的化身（贖罪守護者）,1,按終止申購畫面會全黑,2023-05-11 10:25:07
國泰證券,粉鳥伯,5,介面清楚,2023-05-08 14:53:54
國泰證券,楊嘉萱（依西斯）,1,一直轉圈圈無法登入，到底是什麼爛系統,2023-05-02 21:37:05
國泰證券,Donna Donna,1,不知道為什麼零股下單都一直閃退， 下完一筆退出去 要重新登入才知道委託有沒有成功 按第二筆 還是一樣會閃退,2023-05-02 11:51:52
國泰證券,趙久億,5,這個跟樹精靈差在哪裡？,2023-04-28 20:10:56
國泰證券,Mia Chen (Mimosa),4,忘記密碼 請問 線上交易有什么注意事項嗎？ 為什麼我被擋住了，不能買賣?謝謝您,2023-04-28 12:32:18
國泰證券,林家駿,1,無時無刻都在顯示〔無法與報價主機連線〕～ 總是會錯過想下單的金額～,2023-04-27 12:22:40
國泰證券,貴公子,5,已可正常開啟使用了 謝謝 辛苦了,2023-04-26 18:05:58
國泰證券,ALAN CHEN,4,再加一顆星！目前使用穩定，介面配色也不錯，股票軟體還有很大的開發潛力，不會永遠是三竹統一的介面，另外建議開發暗黑介面模式提供選擇，謝謝！,2023-04-26 17:33:55
國泰證券,優奈YUNA,3,瘋狂閃退,2023-04-25 10:13:38
國泰證券,神者,1,會自動把我登出，很扯,2023-04-23 01:50:47
國泰證券,Pei Yung,5,"希望能增加類似 ""金融怪傑APP "" 的量能即時指標，國泰證券APP指標雖然簡單易懂，但真的太過陽春了，敲碗希望能增加這類指標，讓大家發大財把錢存進國泰，感恩啊",2023-04-22 13:08:27
國泰證券,宏仔,1,廣告跟帳務通知不能分開，爛,2023-04-21 13:19:18
國泰證券,Sky Shen,4,(更新) 登入後，從 定期投資 tab 切到 行情 tab，蠻高的機率會持續顯示轉圈圈 (Loading) 狀態。 會提供這麼明確的操作情境，自然有先確認是否是因其他因素造成。只是提供您一個常遇到的困擾，畢竟如果遇到就需要刷掉 App 重新進來。謝謝你的回覆。,2023-04-21 12:51:21
國泰證券,鍾瑞香,1,常常要重新安裝,2023-04-21 09:02:20
國泰證券,Aaron Lin,4,在配息配股頁面挑選日期超級卡的，這應該能再優化點！,2023-04-19 23:53:53
國泰證券,讚讚兄,1,為什麼自選股無法顯示???,2023-04-19 11:35:31
國泰證券,Yung-Hsiang Chang,1,連登入打帳密都會lag App速度這麼慢怎麼來得及交易？ 就算手續費再優惠 也不想在這邊下單,2023-04-15 14:52:03
國泰證券,Lu呱呱,5,個人覺得 使用體驗 國泰比永豐好,2023-04-14 18:19:24
國泰證券,劉文祥,4,便利性高,2023-04-14 12:19:34
國泰證券,宵風,1,今天上午8：30-9：00的區間想要打開app查看股票資訊，但在使用指紋登入後 連續閃退好幾次，重開也是一樣，當下也有到商店確認過是最新版本了，先前似乎也沒有說過這時間可能會進行app的維護。 因為這邊是證券的app 尤其又是在股票交易的營業時間，對於選擇使用國泰證卷為交易平台的人，出現這樣的bug真的讓人會難以接受，雖然現在近中午的時間 打開已經修好了，可是對股票這種時間起伏影響很大的東西來說 真的很不ok啦,2023-04-13 11:48:18
國泰證券,James Huang,3,"庫存找不到個股的“含息”報酬率, 永豐大戶投APP可以直接看含息或不含息報酬",2023-04-11 11:28:10
國泰證券,Andy Hung,2,你好，更新到最新版本，還是會閃退，更遭的是下完單後很常會直接關閉app，手機pixel 6，是最新的android版本 評論更新：發現評論錯app，目前使用有問題的是國泰-隨身證券，請問國泰-隨身證券和國泰證券的差別？一個看起來是自行開發，一個是三竹資訊，請問建議要用那一個？,2023-04-07 16:57:24
國泰證券,Tungshan Chen,5,"操作簡單直覺,功能俱全",2023-04-03 10:46:45
國泰證券,brooke Brooke,1,一直收不到驗證碼,2023-03-31 08:38:44
國泰證券,紀佩綺,2,最近一直閃退，點進去股票連看都看不到,2023-03-29 21:55:21
國泰證券,CC Lin,1,"找不到含息的總報酬,無法用含息跟不含息的報酬率來做比對很爛,什麼時候才能增加這個功能？",2023-03-27 22:36:28
國泰證券,廖清筆（小比 筆）,3,希望個股的配息歷史資料能寫的跟三竹股市一樣清楚 日期都標出來 而不是一整年合在一起 這樣根本不知道那個個股配息的頻率和時間,2023-03-26 23:44:06
國泰證券,朱霸子,2,國泰證券出了一堆app，到底是要用哪一個？是樹精靈？還是隨身證券？,2023-03-21 22:00:03
國泰證券,大雄,5,"操作簡單詳細，申購方便,易上手",2023-03-21 11:34:40
國泰證券,A n,1,UI不人性，常用閃退問題,2023-03-20 09:53:29
國泰證券,Helen Dong,1,3／13很誇張一直閃退登不進去。 3／17又登不進去，可以好好維護嗎,2023-03-17 13:22:55
國泰證券,Peter Peng,5,Good,2023-03-16 16:16:57
國泰證券,鍾秉源,1,這陣子更新完登入時就一直閃退麻煩修一下好嗎？,2023-03-16 10:43:56
國泰證券,陳建甫,1,爛透了，查閱配股配息又壞掉了！,2023-03-14 17:19:42
國泰證券,莉莉林,5,方便,2023-03-14 13:50:59
國泰證券,Adomxman Adomxman,5,無法買賣零股,2023-03-13 19:25:45
國泰證券,johnhuang7267,1,登入的地方一直閃退是怎樣啦,2023-03-13 10:14:56
國泰證券,Shiuan Chen,1,登入會閃退,2023-03-13 08:45:47
國泰證券,Sloan Yu,2,不是閃退就是自動登出，要不然就是連線不到報價主機，是要用什麼,2023-03-09 10:31:46
國泰證券,Jun X Liao,3,有沒有深色模式？ 如何設定？,2023-03-08 16:56:17
國泰證券,郭騏郡,2,一直更新，但沒有較方便！,2023-03-08 13:39:38
國泰證券,Mars Tai,4,請讓背景可以設定為黑色，現在手機都是OLED螢幕，看盤白底開久很容易烙印。,2023-03-08 08:55:23
國泰證券,許方,1,"沒比較沒傷害，原本以為富邦已經夠難用，結果國泰是連用都不想用 🙄爛到爆，看個k線，只要手點到k線圖，就登出還要重登入 🤷 這什麼神設定，k圖不能放大，不能點........ 要不是手續費便宜.....最後只能下單用國泰，看盤用其他app,真的傻眼的爛",2023-03-07 20:57:21
國泰證券,gplay wang,1,交易時段伺服器無法連線，這種服務品質，要是停損不及時，你要賠錢嗎？,2023-03-07 10:16:22
國泰證券,Soluna Lin,4,整個關閉之後一直出現在背景顯示報價服務持續運作中……，關閉多次之後才會真的關閉到😵‍💫,2023-03-07 00:34:08
國泰證券,早安,2,為何沒辦法下單，一直說格式錯誤,2023-03-06 12:37:22
國泰證券,H C,2,介面乾淨很多 但系統跑很慢,2023-03-06 12:24:46
國泰證券,J J,1,延遲轉圈圈，不是網路問題，已是接上wify了，每每點選一個就轉轉轉，其他的證券商app都無此問題,2023-03-05 22:36:21
國泰證券,YU-YIN Cheng,1,可否設定股利在投入的功能,2023-03-02 19:06:00
國泰證券,yen-jie Chen,1,"三不五時出現""伺服器無法連線，請確認您的網路連線狀態”，網路明明是暢通的，系統非常不順",2023-03-02 11:19:10
國泰證券,陳先生,1,點定期投資裡面任何一項就瘋狂閃退重新登入，手機pixel4，登了一小時登不進去，我到底是在下股還是在玩登入糞Game,2023-03-02 10:46:14
國泰證券,張越翔,3,更新過後，選股的部份，好像不能顯示，或是要比較久才會顯示，刪除後重新安裝，也是一樣，麻煩趕快修復，我還是很喜歡這個下單軟體。,2023-02-24 14:16:30
國泰證券,張文霖,1,今天aPP怎麼一直繞圈圈，都打不開，無法進入,2023-02-24 08:12:28
國泰證券,王昭順,5,使用安全。速度ok,2023-02-23 22:37:24
國泰證券,羊羽羊羽,3,當機沒辦法進去,2023-02-23 18:20:30
國泰證券,Gi Gi,2,舊app e櫃台可以畫面截圖，可是新app國泰證券變成無法截圖，完全無法跟朋友共享資訊，真的是愈改愈偏離使用者需求...... 感謝小編的回覆，我也找到設定變更為可截圖，但設定可不可以截圖的功能，真的是多餘的設計，且造成使用者的困擾，所以，我維持2星評等。,2023-02-23 16:21:42
國泰證券,Chen Raphael (SicariuS),1,爛死了 登入時說密碼錯誤 然後去修改密碼 就說不能跟舊密碼相同 再出來打相同的密碼 就說錯誤達三次鎖你帳號 所以 你們紀錄的密碼到底有沒有問題？,2023-02-21 10:24:01
國泰證券,Amy Yu,4,股票出借後有2個缺點希望貴公司改善 ：1. 無法看到出借部位的成本，建議與永豐證一樣能查到出借的股票成本價位，不用再用樹精靈手動設定成本，減少投資人在成本認定上的錯誤。 2. 出借後的股票，建議在配股配息中也顯示出來，減少投資人手動計算，頻率越高的配息，越需要此資訊。對長期投資人來說，手中的股票越明確的資訊，越能評估是否可以長期持有,2023-02-18 00:08:36
國泰證券,李承訓,2,哦安凹,2023-02-16 16:17:54
國泰證券,YU-I Hung,1,最近使用貴司的配息查詢如有連線錯誤，即使登入成功那個瀏覽真的很卡,2023-02-16 14:42:23
國泰證券,張先生（張某）,1,執行股票抽籤後，沒有取消的功能。,2023-02-16 12:37:26
國泰證券,鄭鈞蔚,1,憑證碼發在信箱，跳出看系統認定登出，是要怎麼輸入,2023-02-15 22:39:03
國泰證券,Zach Ye,1,為什麼roe>15的股票只有1檔，選股系統是不是壞掉了,2023-02-15 17:48:16
國泰證券,陳金台,5,好用!,2023-02-15 16:20:38
國泰證券,張峻銘,3,希望有暗色亮字的ui主題能選,2023-02-09 09:24:14
國泰證券,Home Isaac,1,一點選股就閃退,2023-02-02 10:05:32
國泰證券,永勝陳,5,伺服器被金兔佔滿了嗎，一直無回應？ 雖然糟糕體驗了一回兒，但有反應有改善 補星,2023-02-02 08:06:11
國泰證券,Eddie Chen,5,ETF定期定額可以根據季均價設定加減碼還不錯，但希望可以新增回測的輔助功能，這樣才能知道預期的效果，謝謝,2023-02-02 02:18:35
國泰證券,Karta,4,整體來說很不錯，希望能跟樹精靈一樣有庫存損益或是報酬率排序的功能,2023-02-01 17:02:51
國泰證券,洪嘉謙,1,明明只要輸入一次，就說密碼錯了三次要重新申請，今天兩次這樣了，是怎樣,2023-01-30 20:01:11
國泰證券,季羽青,3,即時選股功能怎麼不見了？！,2023-01-18 12:14:46
國泰證券,Kenny Huang,1,Pixel 5无法安装不知道为什么？那你让我用什么下单？自己下载安装后打开闪退。,2023-01-17 10:37:31
國泰證券,Mei-Yu Liao,4,傻眼了。一直卡在全新功能上線的頁面，根本進不去啊～ 所以樓上覺著難用的別太傷心了。 2023/01/17 發信求助後，人員快速解決我遇上的問題，現在用起來相當順手,2023-01-17 09:27:09
國泰證券,朱大性騷只會躲起來,3,三天兩天就更新，內容也沒有什麼變化，每次都要在更新很煩耶！,2023-01-17 08:51:53
國泰證券,洪淑真,5,方便,2023-01-16 13:22:34
國泰證券,SC S,1,原來即時選股功能怎麼不見了？🥲 可以改回舊版嗎？你們最好用的功能就是那個即時選股了，改掉就跟其他app沒差了……,2023-01-13 22:19:45
國泰證券,LCH1998,5,很猛 更新很多,2023-01-10 16:20:35
國泰證券,Anson Anson,3,更新後一直跳出持續運作中（？,2023-01-10 15:48:09
國泰證券,黃綠豆,5,智慧加減碼不錯 但條件只能一個 應該可以多段加減碼 希望之後有庫存自動停損停利,2023-01-10 11:55:56
國泰證券,Culture Huang,2,真的是很不好用，讓人想換銀行了........,2023-01-10 10:43:36
國泰證券,林家慶,1,一直更新，但介面也不見的好用，不推,2023-01-10 10:19:33
國泰證券,許維紘,1,為何app按安裝下載完成後，又跳出解除安裝，完全無法開啟..........,2023-01-10 09:50:41
國泰證券,Z.H. L,5,能否在此程式新增設定智慧單的功能，謝謝！！,2023-01-09 20:40:49
國泰證券,corepig,5,操作簡潔 非常容易使用,2023-01-08 21:38:32
國泰證券,Yunpey Liang,1,申購金額只能輸入個位數…,2023-01-06 10:51:09
國泰證券,蔡瑞雲,1,非常不好用,2023-01-01 18:14:42
國泰證券,林明毅,2,一點選股就當掉登出,2022-12-30 19:08:57
國泰證券,chang laya,5,覺得新版介面很棒耶! 下單功能很清爽~!! 讚讚,2022-12-29 20:09:00
國泰證券,曾祥恩,1,更新完就閃退，這樣不行。,2022-12-29 16:31:17
國泰證券,Jean Huang,5,讓人耳目一新的設計，好看方便又好用！,2022-12-28 08:22:03
國泰證券,高恰吉,5,App整合之後方便很多，不用下載很多的App，很棒,2022-12-26 17:58:58
國泰證券,Archine Hsieh,3,可以在手機上有智慧下單的功能嗎？,2022-12-23 08:22:33
國泰證券,潘玉銘,1,為什麼推播的新聞點進去都會跳成別的新聞內容,2022-12-23 01:16:48
國泰證券,劉秋緯,5,看得見的用💕,2022-12-22 13:18:19
國泰證券,tracy c,5,讚，好用,2022-12-19 13:43:20
國泰證券,黃乙展,2,總預估成本只有看到一半,2022-12-19 13:16:14
國泰證券,Trina Lu,4,您好，app很便利。 但我人在海外，“競拍/申購” 的API都打不到。 那個頁面都開不起來， 是否可以開放呢？感謝。,2022-12-16 12:17:26
國泰證券,諺Brian,1,登入要申請憑證，然後簡訊驗證碼應該是呆掉了，一天10次，沒有一次有發過來手機，重點關還關不掉，直接先刪除應用程式，太掉漆了。,2022-12-15 22:54:05
國泰證券,陳宏勳,5,好用,2022-12-15 05:45:04
國泰證券,吳秋玲,1,一直進不去 很難用,2022-12-13 10:03:57
國泰證券,Bell Chih,1,只能說是垃圾，資訊更新比別人慢，像是申購中籤資料其他家都出來了，你還卡住祝你中籤？趕快把管系統的垃圾廢貓換掉好不好,2022-12-12 10:31:46
國泰證券,林進春,5,改版更難用，搞毛啊。連切換個日週月線都沒法滑動，嫌業績太多嗎？還是想推客戶給三竹？ 回覆維修快速，補推回來,2022-12-11 14:29:39
國泰證券,Miclael Hsu,4,整合度很高 相當好用,2022-12-10 10:21:32
國泰證券,zn chou,4,很不錯用,2022-12-07 13:52:51
國泰證券,Brucetai62,1,自從上次更新後，我的通知這個功能點入後，呈現一片空白，都看不到訊息。,2022-12-07 10:23:36
國泰證券,NJ Wu,5,推播變成全空白,2022-12-05 09:00:02
國泰證券,Mei-Hui Lin (Amanda),1,欄位都擠在一起，無法填寫,2022-12-01 13:22:45
國泰證券,陳延誠,5,Good,2022-12-01 09:00:03
國泰證券,極意,1,推播新聞點進去後，按左上箭頭離開新聞畫面，並回到程式主畫面後，馬上又會自動跳轉到剛剛那篇新聞，無限迴圈永遠離不開。 我遇到的不是閃退的問題，麻煩回覆認真一點好嗎？,2022-11-28 17:25:10
國泰證券,Jenny Chang,1,原本還好用，更新後選股功能聯結太差，進階篩選完全沒辦法用，一直跳出相同的個股，還不如不要更新，或者程式設計沒問題再上路會比較好，不然很困擾，希望快點改進,2022-11-28 07:41:20
國泰證券,Peiling Hsieh,1,更新後會一直閃退，大都打不開,2022-11-25 20:01:09
國泰證券,LI AO,1,跟本開不起來。。。 一開就閃退,2022-11-25 17:43:28
國泰證券,Yen-ju Lai,5,update: 有聽到使用者心聲加入功能了！ 👍 原本除了定期定額還可以看到其他整張買的損益，更新後就找不到了，一定要人開多個app很不方便,2022-11-25 14:03:41
國泰證券,緋村劍心,1,"之前的多條件選股功能 ""必須登入"" 才能使用 ( ""非開戶者"" 就不能？→ 之前還可以！ ) ，只好改用 XQ、三竹了！",2022-11-24 12:17:47
國泰證券,廖健佑,1,怎麼這次更新版本後，原先可以看到每檔的年化報酬率明細變成盤中股價資訊了？ 如果要看盤中股價資訊去樹精靈看就好啦！ 而想要看年化報酬率，只剩下定期定額的頁面裡才有，不在裡面就都看不到了，再搞什麼飛機呀！,2022-11-23 01:00:15
國泰證券,橘橘,2,庫存改好了，總庫存沒有原餅圖只有定期有，484只改一半r🤔,2022-11-19 22:43:44
國泰證券,周金輝,2,嗷嗷愛噢噢噢愛噢噢噢愛愛噢噢噢安愛愛愛愛愛愛愛愛愛愛愛愛阿愛愛愛愛愛愛愛愛愛愛愛欸欸， 二二兒。,2022-11-18 12:56:29
國泰證券,Lun Ya !,2,讓我覺得最不方便的就是定期投資總損益，高低順序功能不見，這樣是要怎麼決定都是否繼續買？之前看重這功能而使用，現在拿掉這麼久更新完又沒恢復。早知道不要用國泰證券買。然後庫存也不能直接點選決定變更，點了竟然提示跑到樹精靈下單，我定期定額幹嘛還要跑到樹精靈，這邏輯真的問題。整個金融端都想搞E化，花這麼多錢設計這App結果越來越退步，不如把舊有的e櫃檯弄回來。可以參考一下玉山還是永豐，持續在進步，結果無論是世華銀行還是證券真的都越來越難用。失望至極。,2022-11-17 22:50:48
國泰證券,Andy Tsai,5,"不錯用,帳務也很清楚",2022-11-17 15:13:04
國泰證券,mumu,1,1.證券系統最爛、最不穩定的app就你們國泰！ 2.系統不流暢、每轉換畫面就一直轉圈，到底每次都要轉多少圈才滿意啊！？ 3.客服永遠都要等至少15分鐘以上才進能進線，然後進線了客服素質大部分都很差！ 4.帳務系統永遠要到8.9點才可以清楚！到底怎麼讓投資人對自己的交易可以放心？ 你們這種交易系統可以相信嗎？ 你們國泰是剛進入證券業嗎？？,2022-11-17 00:10:50
國泰證券,文怡,5,登入已解決，好評,2022-11-16 23:49:48
國泰證券,海豹,4,有一說一，ui設計的真的挺漂亮的，但就是有些功能不太直觀，像是選股裡的排行選股那些，真的藏的有點太隱密了,2022-11-16 10:55:59
國泰證券,陳建昌,3,使用配股配息的選項，查詢時發現股票出借的數量不會被計算到，這樣很不優。 還有借券還券後成本會變成0的缺點不知改善了沒？,2022-11-14 19:08:27
國泰證券,李冠嬅,5,1、改版後帳務畫面可看到完整交易明細👍 2、定期投資專區可一次看到台、美股標的，很方便!,2022-11-14 12:38:07
國泰證券,陳思妤,5,超好用,2022-11-14 11:50:15
國泰證券,Echizen Hsieh,5,新版介面終於上機了，有比之前好用，先給讚！持續努力改善，讓程式更完美！,2022-11-14 10:43:56
國泰證券,Hi Hi,5,超好用,2022-11-12 18:03:34
國泰證券,UV Z,4,改版後可看到 手動損益和K線 不錯,2022-11-12 00:25:46
國泰證券,張家旗,4,帳戶總明細終於改回來了，不過還是以前介面好看又好用,2022-11-11 15:35:04
國泰證券,陳水訓,5,很好用。操作容易,2022-11-11 11:20:04
國泰證券,陳君誌,5,很好用,2022-11-11 11:16:39
國泰證券,陳億載,5,這次改版後超好用,2022-11-11 11:14:36
國泰證券,Jona Chen,4,總算修復好了,2022-11-11 04:29:11
國泰證券,Gordon Hsu,1,馬的國泰越改越爛千萬別去開戶,2022-11-10 22:28:16
國泰證券,李雅茜,1,一直無法進入,2022-11-10 21:08:52
國泰證券,筱竹,1,ㄧ直顯示密碼錯誤，收到認證又無法修改密碼，直接刪除app了,2022-11-10 14:53:27
國泰證券,小麥,1,今天看app還是無法查出全部股票 怎麼回事,2022-11-09 15:13:51
國泰證券,Beo,1,更新後打不開，請開除IT人員，爛透了，那麼多家app，就國泰最爛，問題最多，每次更新都有問題！！！！！ 更新一下，終於登入了，美術人員也開除，我家三歲娃排板都比這好，什麼UI介面阿！ 忘了先看評價，不該更新的！ 1星，零星都沒有！ 最爛券商APP沒有之一！ 然後還可以跳訓息說，這個APP還再優化，要什麼功能請去樹精靈，會不會太扯，那就不該要我們更新，是不是要投訴金管理，貴公司IT跟高層，才會做事！！！！！！！！！！！！,2022-11-09 07:20:22
國泰證券,鄭凱智,1,集保e手掌握上的股數與金額與e櫃台上的股數，金額，完全不同，APP還沒有整合就叫人更新，爛死了。說十月底會整合完，現在都十一月了，還沒有整合完，辦事效率有夠爛，,2022-11-08 23:23:57
國泰證券,Jaycee,1,變好難用，居然都看不到全部的股票和金額，連自己有多少錢都看不到，莫名奇妙的改版 ！,2022-11-07 10:59:16
國泰證券,林育賢,5,Good,2022-11-04 12:45:22
國泰證券,王亞德,2,我覺得改的太離譜了，以前可以在e櫃台查詢我在國泰證劵買的所有股票及ETF等資產總額、盈虧等情況，現在只剩下定期定額的功能，把那麽多好用的功能拿掉，太不方便了，請改善。,2022-11-01 15:41:13
國泰證券,何家蓁,5,很好用又方便,2022-10-31 09:06:23
國泰證券,陳柏翰,1,之前說10/27更新後可以看的到股票總資產，請問在哪？,2022-10-30 09:47:42
國泰證券,燕津吳,2,很難使用,2022-10-27 12:16:36
國泰證券,Roxy Tseng,1,推播新聞點進去都不是新聞而是菜單，而且還要先登入才能開始去找剛剛的新聞是在哪裡的，那推播新聞要幹麻,2022-10-25 09:45:57
國泰證券,漂搖的小葉子,1,你們的餘額查詢功能只能看定期定額，所有股票庫存餘額不能看，已經更新過了，所有股票庫存餘額還是不能查詢，還是換一家吧,2022-10-17 13:18:10
國泰證券,a宏,1,不好用,2022-10-17 10:44:20
國泰證券,蔡宏政,5,能回到以前的功能和提前能知道下隻股票,2022-10-16 20:43:56
國泰證券,Ist Tsao,1,目前使用超過5個股票app，這是唯一會把「內容未經查證的社論」放在「新聞」標籤內的，「樹精靈」就沒這情形,2022-10-15 11:44:50
國泰證券,劉雅慧,1,原本簡易明瞭的庫存查詢不見了，國泰證券跟樹精靈2個APP轉來轉去，真的很不順暢,2022-10-13 16:03:07
國泰證券,yu,3,要怎麼變更定期定額的金額？改版後找不到去哪變更...,2022-10-13 13:58:41
國泰證券,廖莫言,1,後悔強被迫更新！原本就很棒，牽一髮動全身……證券部份真是無言。,2022-10-12 21:25:58
國泰證券,Eddie Chang,5,十月更新速度可以快點~~ 不然持股損益很麻煩。,2022-10-12 19:42:35
國泰證券,sunny HH,4,我是定期投資戶，之前是在e櫃檯變更扣款日和金額，操作簡便，現在要跳到樹精靈，很不友善。,2022-10-12 08:26:42
國泰證券,Renyun Hsi.,2,原本的好多了，現在這個一堆功能都沒了！！！,2022-10-11 05:20:27
國泰證券,H T,1,強烈建議未更新者，勿更新！更新後開啟，只會出現廣告頁面，廣告頁面無法關閉，導致其他功能完全無法使用，連零股申購皆無法進行，讓人非常挫敗，已申請別家銀行證卷，很想換，請儘快恢復成舊版或更好版本。,2022-10-09 09:13:05
國泰證券,林芬芬,1,請問，為什麼我減資後的股票及借券回來的股票變成零成本？,2022-10-07 22:49:14
國泰證券,H Liu,1,"越改版越難用, 不但以前的功能有的不見了, 還保留的功能也變成要多按很多個鍵才能找到, 請問貴公司是覺得我們客戶時間很多, 要讓我們去找藏寶嗎？ 我同時有好幾間不同證券公司的App, 貴公司的是最難用的, 沒有之一, 難用到我想把全部證券存券匯撥到其他公司, 免得被你們的App浪費時間. 如果你們是外包給資訊公司做, 你們為什麼不換公司？ 如果是你們資訊部門自己做, 你們大老闆知不知道資訊部門做成這個樣子, 可否麻煩你們大老闆自己來看這裡的眾多負評",2022-10-07 07:59:22
國泰證券,shen chris,1,改版完想用的功能都不見了，拜託還我之前的版本...…,2022-10-03 12:44:32
國泰證券,蓁,1,改版後看不到整合的股票，越改越爛,2022-10-01 13:07:08
國泰證券,Ma Ma,1,更新後有夠爛，原本數位帳戶餘額都看不到，app還沒建置完成為什麼要趕上架，然後被客訴，是要累計負評嗎？ 新app害我什麼都查不到，廢。,2022-09-30 11:06:24
國泰證券,Jennifer Chow,5,好用,2022-09-29 06:42:10
國泰證券,As As,1,更新後總庫存股票數怎麽查不到 只剩定期定額買的能看到 還不如不更新 請告訴我什麼時後能看到總庫存股票數,2022-09-29 01:22:22
國泰證券,陳志昌,5,讚,2022-09-28 11:25:07
國泰證券,Kaori Chiang,1,如同許多人反應，原本方便又好用的功能都不見了！ 例如數位帳戶餘額，還有持有股票資產總庫存(僅剩定期定額庫存部分) 不過新增了 已終止的申購 可以再次恢復申購，覺得這樣的功能很方便 9/22更新版本之後，更看不懂操作介面了！,2022-09-28 11:09:01
國泰證券,詹珮妤,1,原先覺得方便好用的功能全都沒了，越用越火大～可以把之前的恢復回來嗎？！再這樣下去考慮用別家證卷,2022-09-27 22:26:14
國泰證券,Helen Wang,1,以前可以看到股票庫存總資產，現在只剩定期定額，很不方便,2022-09-27 05:48:03
國泰證券,陳昌,5,讚,2022-09-27 05:03:00
國泰證券,love hsu,3,您好 請問如何恢復原e櫃台APP版本，因為字體大、功能按鍵簡單一目了然！謝謝您,2022-09-26 21:14:45
國泰證券,林映廷,4,今日一直閃退 打去客服 客服回覆今天沒人反應 那我是終極倒霉的鬼 虧損,2022-09-23 14:14:16
國泰證券,chia-yi hsu&hong,3,原先e櫃台的資產總庫存的功能很好，連同平均股價以及現價的呈現都很清楚好用，現在反而全沒了，強烈建議可以再加回來 （對於評論有所回應，好功能也已著手更新，升星給推）,2022-09-23 10:18:16
國泰證券,purdue,2,把定期跟庫存股的整合功能放回來吧！拜託,2022-09-22 20:33:51
國泰證券,Joyce Chu,1,越改越糟糕！嚴重降低繼續使用國泰證券的意願！,2022-09-21 21:41:14
國泰證券,陳豆比,5,限時免費欄很貼心 一鍵找到投信外資主カ買的,2022-09-21 20:37:19
國泰證券,鄭博淞,5,消息面有連結，可方便查閱手上的股票資訊,2022-09-21 13:18:31
國泰證券,王傑克,1,我的已申購定期定額下拉視窗怎麼那麼難拉！國泰網路平台品質怎麼越做越差呀！,2022-09-21 10:07:23
國泰證券,eway chen,3,檢視完整的庫存及明細，希望能添加此功能！,2022-09-21 07:49:27
國泰證券,Yi-Wen Fang,1,呃今天登入發現改版了，覺得不好用所以特地來留言（看起來應該也不只我這樣覺得）。介面說真的也稱不上變好看，反而變難用了，找不到最基本的資訊是在哈囉（？）,2022-09-20 15:48:54
國泰證券,子齊,1,更新完看不到投資總股產，只看的到定存部份。,2022-09-20 15:05:14
國泰證券,娃梓莓川,1,新版本超難用的，原本不定期不定額功能不見了，不想去樹精靈看，氣到想去開元大證卷，拜託快點改回來好嗎？暈倒,2022-09-20 11:05:39
國泰證券,Che-Wei Kang,2,定期投資->我的定期投資頁面沒辦法捲到最下面。 沒辦法看到所有定期定額的申購單，想調整最下面的申購單都沒辦法調整。,2022-09-20 10:54:12
國泰證券,lda Lan,1,無法登錄,2022-09-20 06:22:45
國泰證券,golden Wei,5,簡單又可精確找到可進場的標的,2022-09-19 23:11:48
國泰證券,黃泓瀚,3,為什麼改版後，總報酬看不到了，只有定期定額的部份才有？,2022-09-19 20:21:02
國泰證券,yo kai,1,越改越爛，剩餘額度跟損益都找不到...,2022-09-19 19:47:37
國泰證券,林書賢,1,越改越爛，現在連總庫存都查不到,2022-09-19 17:13:08
國泰證券,Chris Lin,1,你們申購單那邊滑不下去啊……🤪快點改善啊,2022-09-19 11:26:09
國泰證券,Mike,1,功能要整合在一起沒問題，但是功能都閹割了乾脆不要整合。股票快選的帳務功能很好用，特別看庫存零股，比樹精靈那兩光的零股查詢好用多了，現在全沒了。把股票快選的帳務加回來 ======== 加了一堆你們自己想加的功能，庫存明細也只給定存的看，原本舊用戶的都不用理了嗎？倒不如把股票快選重新上架，他的帳務功能好用多了。上次回帳務功能開發中，結果看到這樣的成果。,2022-09-19 10:19:20
國泰證券,ewnud bqd,1,改版後超難用，可以不更新嗎？ 一堆用不到的功能（強迫開美股複委託的更新版） 我只想投資台股定期定額、帳戶總損益（不是只有定期定額的），且看得到我帳戶餘額（才知道每個月還要放多少錢） 公司App的設計人員到底有沒有自己在投資？ 再不改進，太爛了，乾脆就換其他證券公司的app,2022-09-18 23:30:13
國泰證券,hana,1,新版難用死了，很多功能找不到，還不如之前分開功能還比較強？！只會一直推播廣告?不懂改版的意義在哪裡？,2022-09-18 19:08:10
國泰證券,新台幣,1,改版後有夠爛，改版只能看定期定額的投資持股，查詢所有持股的功能被移除，以為所有人都用定期定額在投資的嗎？ 把所有持股檢視的功能拔掉是什麼邏輯,2022-09-17 21:39:13
國泰證券,Simon Yen,1,新版本試用了二天，真的很不好用！視覺效果很差！這個「綠」色調很差！是玉山銀行的主視覺，不屬於國泰世華喔！,2022-09-17 11:03:32
國泰證券,璦玩具,1,更新後，原本有的持股庫存和損益明細全部都不見了😡！ （我知道樹精靈可以看庫存，但是我要損益明細）,2022-09-16 23:02:54
國泰證券,林五子,1,原本E櫃檯有定期定額的選項跟庫存股的選項，變成國泰證券怎麼只能看到定期定額的庫存，而原本購買整張的資料卻沒有顯示呢？,2022-09-16 22:24:02
國泰證券,mikeg wang,3,接收訊息通知關掉了還是一直來呀！,2022-09-16 20:15:18
國泰證券,張芳儒,4,"喜歡舊版e櫃檯有區分""定期定額""&""總投資庫存""分佈功能 可惜新版只剩下定投帳務，希望能再納入。",2022-09-16 18:41:38
國泰證券,徐忠舜,1,可以改回來e櫃台嗎？ 帳務功能沒有就算了，定期定額跟樹精靈下單的庫存還要分開看，真的很不方便,2022-09-16 17:41:31
國泰證券,安傑洛,5,美股終於可以定期定額了👍,2022-09-16 13:34:32
國泰證券,陳謙毅,1,登入查詢帳務 一直被登出 無法使用 要更改申購日也不行 要怎麽辦？？？,2022-09-16 11:38:10
國泰證券,謝小菁,3,請問如有投其他的股票、庫存總值要去哪看、難道還要切回國泰世華看才能看到、能否更新的國泰證卷能在加回庫存總值,2022-09-16 08:05:15
國泰證券,Teresa Hung,1,抽籤申購一直出現“簽章原文錯誤”，根本申購不了,2022-09-15 10:55:05
國泰證券,EZ (豪豪),5,選股非常方便,2022-09-14 14:37:57
國泰證券,蔡欣明,5,好,2022-09-12 16:54:37
國泰證券,陳建名,3,上個月本來查詢証卷的配股配息，已經登入的情況不用再打帳號密碼，現在又改回來要打帳號密碼，真的要多麼不方便就有不方便，証卷都能指紋解鎖了，看個配息還要打帳號密碼，麻煩儘量方便順手點,2022-09-12 14:12:22
國泰證券,海原,1,有登入無法即時看股價。,2022-09-08 18:36:50
國泰證券,王姝予,3,請問股票快選除役後，帳務功能會移到E櫃台嗎？帳務功能很好，一目暸然，真不希望它消失。希望能保留,2022-09-05 10:43:31
國泰證券,賴小章,4,改版前開啟應用程式需要登入到首頁，改版後不用登入直接進首頁，當需要操作細項功能時跳出登入畫面，那何不一開始登入就好，我舉例說明，現在開啟APP直接進到首頁，挑選抽籤直接可以看到（ 可申購）再點選申購物件就跳出需要登入，登入後跳出資訊我已申購，那何不一開始就登入讓我看到正確完整資訊呢？，不覺得違反人性嗎？,2022-09-01 20:56:37
國泰證券,Neal Liu,1,今天更新後，無法開啟app。 手機型號Realme GT Neo2 ，網路用亞太吃到飽。,2022-09-01 16:55:57
國泰證券,Jim Chen,1,很爛，只要點選競拍就會跳出程式，根本無法使用。以前的APP明明就比較好用，真不知道在整合什麼。,2022-09-01 14:23:00
國泰證券,邱淑平,2,帳務功能呢？為啥沒有啊？,2022-08-31 23:58:24
國泰證券,Kang,5,"原本的""股票快選app""裡頭 有“指標選股”, 這個e櫃檯怎麼沒有了，這功能很棒耶，我是因為這功能才辦國泰證券戶的，希望這功能能回來 Update:謝謝開發人員即時回覆，原來是我找錯地方，更新成5 顆星星",2022-08-31 17:00:38
國泰證券,Robin Pu (老卜),1,原股票抽籤 連結日曆功能的在e櫃檯沒了？這很好用的 為何不沿用呢？,2022-08-31 10:42:49
國泰證券,陳子奇,5,股票貸還款資訊是否能更直觀將借入還出日期以及利息表列？ 股票貸款預估金額功能非常好！若能再優化貸款期間利息預估更棒！！,2022-08-28 14:10:52
國泰證券,張文河,5,"。阿，,7",2022-08-23 16:06:02
國泰證券,黃婉菁,5,很棒,2022-08-22 21:02:34
國泰證券,王建彬,5,Good,2022-08-20 16:36:18
國泰證券,L J,1,不能單獨關閉新聞推送，強迫接收垃圾訊息，有夠擾人,2022-08-15 08:51:31
國泰證券,陳志昌,5,"很棒的app,希望可以有老王選股。",2022-08-11 11:23:42
國泰證券,Glen Wang,4,希望能像股票抽籤一樣，扣款日，抽籤日等可以一鍵加入行事曆，謝謝,2022-08-09 11:20:55
國泰證券,萍萍,5,讚,2022-08-04 21:16:14
國泰證券,吳昕已,4,目前才搞懂之前我一直忘密碼重新整理才行了85分,2022-08-04 01:30:24
國泰證券,Su-yu Lu,5,Good,2022-07-31 15:33:47
國泰證券,shuting ji,5,定期定額可以選擇遇假日是否扣款,2022-07-27 09:25:28
國泰證券,Dyson Hsiao,5,E化很好的銀行,2022-07-25 11:21:33
國泰證券,謝家瑋,5,"信用帳戶""續約""在APP內的顯示方式不夠明確直覺。 收到貴公司掛號信，通知可在APP續約後，進去APP後只有看到""變更額度""。於是打電話問營業員，她說在變更額度操作即可完成續約。 但是變更額度審核通過後幾天，自行再進去APP看，才發現信用帳戶契約日期並沒有延長，而且上方才新出現一排""續約""的紅色小字(之前都沒有出現)，點進去又申請一次，才完成續約。 請貴公司優化信用帳戶續約的步驟及顯示方式，以利客戶使用，謝謝。",2022-07-23 17:47:02
國泰證券,陳新廣,5,讚！,2022-07-22 00:09:17
國泰證券,CL Chen,1,整天傳一堆廢言 真的要出借的時候伺服連不上 來亂的嗎,2022-07-21 14:08:22
國泰證券,key l,2,系統通知 不能分交易通知申請通知 還說管掉就會收不到申請通知。只好關掉都不要用了 跟推廣通知嗎,2022-07-16 11:21:12
國泰證券,Kevin Teng,4,功能多，還不錯,2022-07-16 09:05:47
國泰證券,郑雪麗,5,沒問題,2022-07-15 09:20:16
國泰證券,敵仁吳,5,軟體人性化 好上手。,2022-07-14 21:30:01
國泰證券,Chou John,4,快速好用。,2022-07-14 12:06:01
國泰證券,玲玲,5,很難開啟瀏覽器，謝謝工程人員給予協助處理，已經可正常瀏覽使用,2022-07-07 20:53:25
國泰證券,YHC,2,扣款日期已過，通知無法扣款，沒仔細說明原因，還是我自己打電話去客服問，說買的某股票跟國泰有利害關係不給買，真的很無言，那為什麼還要放在上面,2022-07-05 14:22:29
國泰證券,j jacky,4,好,2022-06-26 01:46:34
國泰證券,康添坤,4,讚,2022-06-22 11:03:15
國泰證券,JESSE S.,5,直覺簡便的介面，優惠的手續費，大推！,2022-06-21 16:12:56
國泰證券,燕燕,1,1. 當天得不到帳 隔天早上オ能知道正確金額 超爛！ 2. 當天當沖買回已完成交割的股票 當天不能提作股票貸款擔保品 更爛！！,2022-06-20 23:23:31
國泰證券,Ling ju Ho,5,順暢,2022-06-20 19:54:19
國泰證券,erick chen,5,功能與速度反應快速,2022-06-20 09:24:27
國泰證券,KK4NI,5,使用便利！,2022-06-18 08:43:25
國泰證券,黃建達,5,方便好用，除息後如果可以直接扣掉成本均價會更棒,2022-06-18 01:16:27
國泰證券,jackyhtl,4,借券無法設定利率，只能用app預設的，出借的利率，更新後可以了,2022-06-17 11:30:26
國泰證券,wang James,5,可用自己允許操作金額存儲,2022-06-16 19:17:07
國泰證券,臭臭花,4,整體使用起來是還不錯，但有個想建議的地方，如果在不更改申購金額的情況下，能一次把帳目下所有定期定額的申購時間一次性調整日期，會更方便，因為目前只能個別調整日期，如果你手裡的張數種類一多，變成你要一張一張去更改，真的很傻眼，花費不少時間，就只有調整所有申購時間這點，覺得還蠻需要的 謝謝,2022-06-14 13:24:45
國泰證券,Yi-Liang Chen,2,股票出借系統又掛了，常常無法正常使用,2022-06-13 19:35:51
國泰證券,舒正華,1,無法更新,2022-06-11 16:02:51
國泰證券,陳景安,5,讚,2022-06-10 10:31:02
國泰證券,王阿姨,5,簡單明瞭操做方便,2022-06-08 13:24:24
國泰證券,鄭近驊,3,不能下載 重開機也不行,2022-06-07 14:52:13
國泰證券,何治鋒,4,怎麼沒有定期定額買00907阿！！！,2022-06-07 10:08:09
國泰證券,林漢洲,1,有編輯過股票成本後，投資總額和參考損益會算錯，都是0，能早點改善嗎？這問題已經很久了！,2022-06-04 17:27:24
國泰證券,劉雅卉,1,難用,2022-06-01 22:38:52
國泰證券,KUO KUO,5,券差出借故障這麼久還沒修復。 謝謝修復,2022-05-23 11:45:11
國泰證券,蘇容嫻,5,簡單易操作,2022-05-23 11:21:57
國泰證券,Leo Fang,5,流暢,2022-05-20 15:58:59
國泰證券,李鴻成,1,處理BUG超慢，14天了，還沒修好卷差出借,2022-05-19 14:18:06
國泰證券,weiwei yao,1,卷差出借有問題點進去一直與伺服器無法連接 過一下子馬上跳出借卷需求通知點進去都沒東西 一個多禮拜了 到底有沒有再處理啊🤬🤬🤬,2022-05-19 08:25:12
國泰證券,John Weak,1,券差問題狀況＋1，麻煩貴公司快點處理,2022-05-18 13:57:58
國泰證券,Dinos Huang,1,券差出借問題，一直回應大家額滿 無法再顯示!是這樣嗎~到底客服有沒有先去了解什麼問題？請問貴公司sop作業流程是如何處理？系統更新有問題後都沒有配套措施嗎，還讓愛用者等了半個月。,2022-05-18 13:47:22
國泰證券,Jason Tseng,2,app的券差出借在android系統上無法正確顯示，可券差出借的股票無法顯示出來，反而同一證券帳號在ios上就可正確顯示出可出借的股票，請趕緊修正，謝謝。,2022-05-17 14:17:30
國泰證券,peggy chiu,3,一直不能更新,2022-05-17 12:04:27
國泰證券,何瑩瑩,1,卷差出借系統跟安卓不合，每天跳通知，點進去都沒東西，致電客服給的回覆，也沒有解決我的問題。蘋果手機不會有這個問題，只有安卓系統有，不是額滿的問題！,2022-05-16 14:55:51
國泰證券,miya chang,1,卷差出借系統，現在跳通知，點進去都無法提申請，致電客服給的回覆，改版可能無需求，但事實我1339開始一直點到1340畫面跳為可出借，卻無股票任何資訊可提申請，而48分卻收到推播，明顯是APP需求，客服一點也無正視這問題。,2022-05-16 14:03:00
國泰證券,tony yao,5,介面設計完整,2022-05-13 23:45:10
國泰證券,RAY SU,1,股票出借項目無同步庫存，系統顯示查無資料,2022-05-13 19:26:52
國泰證券,鄭Steven,5,好,2022-05-13 00:34:12
國泰證券,魏淵三,5,Good,2022-05-12 15:01:39
國泰證券,林瓊雯,1,更新後-按什么都寫異常,2022-05-10 20:01:06
國泰證券,謝贏鋒,5,讚,2022-04-28 09:07:31
國泰證券,xin yi Liu,5,很好用的程式，各種資料跟說明都很清楚，推國泰證券！！,2022-04-27 10:20:52
國泰證券,李大偉,5,good app,2022-04-26 08:36:17
國泰證券,Renee Chen,2,20220425整個當掉無法開啟app.......,2022-04-25 11:55:54
國泰證券,Ching-tian Tsai,1,每天一直推播要來差券出借，但沒成功借出過半次，真的爛死,2022-04-20 12:57:44
國泰證券,郭承泰,1,真的是很爛一直無法更新,2022-04-15 12:10:14
國泰證券,李百雲,5,好,2022-04-14 14:20:38
國泰證券,白翎,1,4/6更新無法下載,2022-04-13 18:40:25
國泰證券,Youtong Chen,1,"小米realme系統分身裡面裝的國泰證券所有不同app都會閃退,不能使用",2022-04-11 22:16:58
國泰證券,YL C,5,希望定期定額可以增加把股利繼續投進去的功能,2022-04-06 21:33:58
國泰證券,張家銘,5,最近的新版本（3／28）不能更新,2022-04-03 11:13:45
國泰證券,Jack Lai,5,好用的APP,2022-04-02 09:56:59
國泰證券,謝寬達,5,讚,2022-04-01 20:33:18
國泰證券,小豬,5,很好的體驗,2022-04-01 19:22:49
國泰證券,王惠芳,5,good,2022-04-01 18:30:32
國泰證券,Tina,4,通知說可以更新，但是來到下載頁面卻沒有更新扭可以點耶，只有開啟,2022-04-01 18:01:15
國泰證券,張海芋,5,蠻好用的！,2022-04-01 11:13:05
國泰證券,藥燉台股,1,下載不下來....一直卡在93％,2022-03-29 12:45:14
國泰證券,Red Kuo,3,常用功能設定好之後，過一陣子又恢復預設，每次都要重新設定？....,2022-03-28 16:19:07
國泰證券,Shuru Wang,1,無法登錄，一直說我密碼錯誤，我非常肯定密碼是正確的！結果輸入三次後要我補發，可是申請補發也不行，一直停留在空白的畫面，這是當機了嗎？,2022-03-21 22:12:25
國泰證券,行蹤飄渺,1,借券回到庫存後，原本的成交價變成0,2022-03-17 08:25:05
國泰證券,叭叭拉啦啦,1,奪命連環call，放棄這卷商,2022-03-17 08:18:58
國泰證券,真田ひろし,1,為何無法更新,2022-03-16 12:02:11
國泰證券,李志強,1,一顆星都不想給，轉不停，建議解除再安裝，又轉了幾個小時，打給客服中心，講了半個多小時也沒有辦法解決，真是~~~。,2022-03-14 15:50:58
國泰證券,Allen Hsieh,5,Good to use,2022-03-14 15:32:38
國泰證券,chris,5,Good,2022-03-11 10:52:36
國泰證券,shih涵,1,更好幾次都未成功？,2022-03-10 13:20:06
國泰證券,吳佐林,4,希望增加生化辯識,2022-03-10 10:08:54
國泰證券,hana cyo,1,怎麼一直轉圈圈？,2022-03-09 14:58:53
國泰證券,"ShihTing, Leslie Lin",1,無法更新欸,2022-03-09 08:29:09
國泰證券,鍾柏弘,5,實用性高，值得推薦,2022-03-08 14:02:02
國泰證券,What Luck,3,無法順利更新,2022-03-08 13:09:19
國泰證券,楊曉玲,5,很方便,2022-03-07 17:30:45
國泰證券,yi Hong,5,非常方便，簡單直觀又快速,2022-03-04 17:11:11
國泰證券,YR C,1,為什麼 掛單14:30盤後定價 沒有成交的 委託單 （沒有成交）為什麼沒有刪單， 到隔日（ 在不知情的情況下）還自動成交 這是什麼爛系統，火大。,2022-03-04 15:50:24
國泰證券,蔡鳳卿,3,"您好 我的sony手機在打開此app格式會跑掉 右邊畫面會被切掉,請協助修正更新版本 謝謝！",2022-02-23 20:01:15
國泰證券,Julie WANG,5,不能更新e櫃檯，每次都只到91%就被退出了,2022-02-21 13:39:45
國泰證券,陳建名,1,真真真的。。。。爛，證劵戶申請成功了，並且都成功改成指紋密碼進入第一次，隔十分要進入不管是指紋密碼還是英數密碼都顯示錯誤，國泰證劵跟國泰樹都一樣的。。。爛！！一顆星都覺得多！那麼多錢打廣告了，不如花點錢把APP用好一點！,2022-02-17 18:28:20
國泰證券,rain,1,一直打不開，重新下載也一樣,2022-02-16 23:11:51
國泰證券,fujung lee,5,好用,2022-01-24 07:41:09
國泰證券,楊玉玫,3,這兩天總是更新到92%就卡住了 為何無法完成100%更新呢？請告知哪裡出問題 希望能儘快更新 謝謝！,2022-01-23 09:39:29
國泰證券,林徹,5,讚！,2022-01-22 17:21:34
國泰證券,林良咕,5,想請問我原本有設定的定期定額投資標的 2834臺企銀 是不是被下架了，不能投資了?,2022-01-21 20:49:53
國泰證券,羅慶賜,5,方便及利引用,2022-01-19 11:53:38
國泰證券,陳昱璇,5,讚！操作介面明瞭,2022-01-17 07:38:34
國泰證券,J.A C,1,推播通知延遲了整整一個小時，換了隻手機還是一樣，傷心.....,2022-01-14 16:09:22
國泰證券,健榮高,5,非常好用,2022-01-10 18:09:59
國泰證券,朱子涵,5,非常方便的軟體，很適合所有投資人使用,2022-01-10 13:30:18
國泰證券,Wu倩倩,1,打不開,2022-01-09 12:34:13
國泰證券,李宏安,5,好用,2022-01-09 11:02:36
國泰證券,太朔昭甩,5,Good,2022-01-07 22:15:37
國泰證券,張峻誠,4,實用性高,2022-01-05 17:39:00
國泰證券,jack155343,3,阿發一直轉圈圈,2022-01-04 18:24:15
國泰證券,王煥棠,5,很好操作,2021-12-29 11:30:45
國泰證券,李正夫,5,股票貸款很方便,2021-12-28 12:54:12
國泰證券,POAN KO,5,跟其他銀行比國泰app真的強多了,2021-12-25 00:21:24
國泰證券,SJ H,1,驗證碼倒計時結束都沒有收到簡訊，下一輪收到後說是錯誤的驗證嗎，最後就說太頻繁發送，很糟糕,2021-12-21 07:54:54
國泰證券,zhengqin tang,1,沒辦法安裝,2021-12-16 17:52:26
國泰證券,周麗如,5,讚,2021-12-15 10:26:44
國泰證券,Ethan,3,點選股票配息還要重新登入一次很不方便 希望能改進,2021-12-11 11:43:30
國泰證券,Kai Xiao,5,還不錯,2021-12-09 18:00:39
國泰證券,白祟喜,5,棒,2021-12-08 17:44:22
國泰證券,王建宗,5,讚👍,2021-12-06 14:19:02
國泰證券,gavin shyu,5,好用,2021-12-06 12:06:07
國泰證券,陳嘉菁,5,好用,2021-12-03 23:35:08
國泰證券,NICK CHOU,5,噢噢,2021-12-03 21:11:33
國泰證券,daniel wu,5,Ok,2021-12-03 18:01:43
國泰證券,梧棲柱,5,很棒👍,2021-12-03 15:40:07
國泰證券,斷腸人,5,人性化的介面，很攢,2021-12-03 07:55:58
國泰證券,張益誠,4,很方便,2021-12-01 23:09:55
國泰證券,장linda,1,無法更新,2021-12-01 13:03:25
國泰證券,張詠淳,4,很好,2021-12-01 10:13:02
國泰證券,rose shh,5,很好,2021-12-01 09:30:34
國泰證券,銓毅,4,建議增加過去填息日數查詢功能,2021-12-01 00:24:38
國泰證券,Joy Swap,5,很準,2021-11-30 21:35:33
國泰證券,Eason,4,很方便，但能不能不要每次更新後，常用功能裡的列表就要重新排列一次,2021-11-30 19:52:52
國泰證券,小叮噹,2,無法下載與更新,2021-11-30 17:24:26
國泰證券,張逢升,5,"方便實用,辦理各種業務不用臨櫃,快速又簡單操作的介面,好棒的app",2021-11-30 17:16:26
國泰證券,李喬曦,1,無法接受更新,2021-11-29 21:51:11
國泰證券,蘇恆生,5,操作方便，簡單,2021-11-29 14:54:58
國泰證券,柳大尉,5,讚,2021-11-23 19:40:18
國泰證券,amy Shen,4,Good,2021-11-22 22:01:09
國泰證券,小意,1,被你們搞👍,2021-11-19 12:27:17
國泰證券,羿如柯,5,很方便,2021-11-17 08:34:36
國泰證券,康,5,👍,2021-11-15 21:43:49
國泰證券,小陳日記,5,還不錯用,2021-11-15 11:47:25
國泰證券,吳怡曄,4,股市新手，方便使用,2021-11-13 19:24:35
國泰證券,巧霏,5,第一次用,2021-11-12 09:31:37
國泰證券,鄭偉良,5,好讚,2021-11-11 22:14:41
國泰證券,Vens Yan,2,當沖買賣資料回補太慢 都提醒額度不足 少沖好幾次少賺幾萬,2021-11-10 13:15:12
國泰證券,小葦,5,很多功能都能線上處理很棒,2021-11-09 00:05:39
國泰證券,陳俊志,5,Good,2021-11-06 10:33:11
國泰證券,J J,1,爛，刪評論,2021-11-04 18:33:42
國泰證券,Jeff F.,1,憑證查詢一直失敗，無法申購,2021-10-28 22:50:42
國泰證券,Yu Chieh Liao,4,預收款項送出申請會當掉，手機型號Google Pixel5，系統Android12,2021-10-27 12:07:21
國泰證券,朝演王,1,沒辦法更新 轉了一天 還在轉,2021-10-26 21:04:36
國泰證券,Cheng Han Tsai,5,感謝有美股定期定股，希望可以趕快跟美股進定期定額,2021-10-26 16:23:12
國泰證券,Jessie Chen,1,更新了一整天………到底要更新多久？？？,2021-10-26 14:46:35
國泰證券,吳淑敏,1,畫面一直跳動,2021-10-07 07:24:32
國泰證券,江林信,5,請問：在「我的庫存」裡面的「投資總額」與「參考損益」兩個欄位怎麼都變成「0」了？新的 BUG ？,2021-10-06 22:44:22
國泰證券,喝開,1,複委託會自己偷買股票,2021-10-06 08:35:02
國泰證券,鄭紹春,4,還不錯,2021-09-17 22:35:02
國泰證券,曹曹,5,"國泰目前推出的APP第一名,還可以查區間股利收入,與預估股利",2021-09-17 07:53:32
國泰證券,緣份,1,股票持股，可以設定讓自己排序嗎，讓我們自己編排持股的順序，還有賣股票能否設定讓持有者設定那張先賣，不要一定要先買先賣好嗎,2021-09-15 18:19:09
國泰證券,hsinhsin tsai,1,超級無敵爛的App. 國泰世華已開戶，一下子要下載樹精靈，一下子又要下載e櫃台。明明已開證券戶，為何不能直接連銀行直接申購就好。浪費時間一小時仍未弄好。😡,2021-09-14 19:26:27
國泰證券,tzi lien hung,1,要更新，確一直等待中.….,2021-09-13 19:25:36
國泰證券,成涁然,1,"親臨證卷營業處要註銷帳戶，被告知因為改名只有身份證健保卡無法證明是本人，還要有戶口名簿，這麼謹慎我還真謝謝貴公司啊，""只有""新名的身份證和健保卡無法證明是本人?xxx!上e櫃臺註銷也只能註銷一個，無法連同複委託一起註銷，只剩這東西又不能在e櫃臺單獨註銷，還真是讓人無言，xxx!",2021-09-10 20:05:50
國泰證券,蔣秀玲,5,買賣下單速度極快!,2021-09-04 10:45:06
國泰證券,陳亞捷,1,最近畫面一直被彈出，又從新登入連線，沒幾分一直重複,2021-08-26 00:38:46
國泰證券,志遠林,5,好,2021-08-20 01:46:44
國泰證券,未來人,1,"爛，這麼大的公司都不會將系統整合，開發一堆重複性的App, 重點還很常出問題，不懂在想什麼",2021-08-19 00:21:18
國泰證券,edward huang,5,So far so good!,2021-08-15 10:02:40
國泰證券,德咦,1,何時支援andriod12,2021-08-14 10:11:48
國泰證券,黃光偉,5,很方便,2021-08-13 21:19:56
國泰證券,阿飄,5,👍,2021-08-13 10:44:50
國泰證券,廖芳語,5,我不懂請多多指教,2021-08-13 10:44:28
國泰證券,Akira Wu,4,方便,2021-08-13 09:10:26
國泰證券,鄭小勇,5,好用,2021-08-12 22:49:59
國泰證券,吳朝忠,5,讚,2021-08-12 22:15:22
國泰證券,張s,5,策略連盟成功,2021-08-12 15:22:45
國泰證券,KK,2,系統可登入，屢次無法股票借款，自動跳出，不寫出客服服務時間，打電話沒有人接，要app更新也不會自動跳出，是有腦袋在做事嗎？,2021-08-12 00:22:16
國泰證券,王諭宸,4,資訊迅速明確，好實用，讚!,2021-08-11 22:37:23
國泰證券,Hc Tsai,5,使用方便,2021-08-11 17:57:03
國泰證券,Yu chih Tszeng,5,投資理財最好的管道，存蓄退休金的規畫很完善,2021-08-11 15:56:09
國泰證券,MINGHUANG CHANG,5,讚！,2021-08-11 12:50:17
國泰證券,陳惠美,5,好用，感謝。🙏😊👌,2021-08-11 10:21:41
國泰證券,孫名毅,1,定期定額申請時 一直在說請確認網路連線狀態 搞得不能申請,2021-08-11 09:48:32
國泰證券,英,5,好用,2021-08-10 16:36:19
國泰證券,鄭曄祺,1,客服電話非常非常難打通，而且還無法等待，等沒多久系統就會讓你斷線。緊急事件都無法即時處理。,2021-08-10 10:50:53
國泰證券,Gaize Li,3,點選推播通知需登入，登入讀完訊息後按返回想進入一般頁面，卻又顯示登入，再一次登入還是回到推播通知？？重複幾次之後App就當機了…當機了…我只能另外由手機主頁開啟App，請修正由推播通知登入的問題，謝謝,2021-08-10 09:20:53
國泰證券,張詠傑,1,不能單純一個樹精靈使用嗎 買個股票到底要用幾個app,2021-08-09 13:38:24
國泰證券,Sheng-Chieh “Jason” Huang,2,不支援 Android 12,2021-08-06 21:32:58
國泰證券,Chia Chi Chang,5,請問股息查詢不含興櫃股的嗎？ E櫃台裡的配股配息裡查不到,2021-08-05 11:47:50
國泰證券,丁文惠,4,真的很好用,2021-08-03 10:27:17
國泰證券,謝榮銓,5,感恩,2021-07-26 17:39:28
國泰證券,廖書賢,1,太酷了吧 我的指紋辨識登入=密碼錯誤,2021-07-26 14:37:16
國泰證券,pinsheng pan,5,買賣快速，帳目透明，已向朋友推薦。,2021-07-26 11:18:02
國泰證券,Alan Cheng,2,更新後反而在 beta 3下一直閃退。,2021-07-25 00:39:36
國泰證券,黃昭維,4,從元大轉過來，設定賣的價錢無法馬上知道賺多少錢，很不習慣，價差小時無法知道賺還是賠,2021-07-22 19:07:11
國泰證券,桃園 鄭秀卿,5,Good,2021-07-21 18:06:22
國泰證券,A T,3,非常卡，更新後介面有更好，但流暢度依舊非常差，如果在交易量大的時候非常容易當,2021-07-21 10:29:27
國泰證券,Google 使用者,5,好,2021-07-20 13:15:17
國泰證券,楊書雯,5,迅速確實好用,2021-07-19 20:23:00
國泰證券,黃文星,4,使用簡便，利用方便快速,2021-07-18 20:01:23
國泰證券,何友助,5,好,2021-07-17 21:10:39
國泰證券,Stanley Lin,5,good,2021-07-16 12:19:26
國泰證券,三寶的拔,5,對新手來說，操作超簡單,2021-07-14 23:03:42
國泰證券,陳明玉,1,看留言回覆，就只有一句，請打客服專線，重點是，都沒轉接專人接聽，永遠都是語音然後直接切斷，有打跟沒打一樣，還浪費電話費,2021-07-14 22:33:58
國泰證券,忠誠,5,非常好用，感謝。持續進步，大家用的開心~,2021-07-14 21:34:44
國泰證券,林小志,5,“此用戶很懶，什麼都沒有留下”,2021-07-14 18:34:38
國泰證券,李淑眞,5,會想推薦,2021-07-14 16:16:16
國泰證券,蘇容嫻,5,簡潔方便,2021-07-14 10:56:50
國泰證券,Rushoun Bai,5,讚,2021-07-14 09:52:41
國泰證券,歐立宸,3,沒有人三天兩頭一直在更新的啦！ 內容做好再上傳啦 會用的時候都很急 還要等更新,2021-07-14 09:18:34
國泰證券,葉時全,4,方便好用,2021-07-14 08:22:09
國泰證券,陳小盈,1,一堆得下載，更新又狂閃退,2021-07-14 02:28:32
國泰證券,邱二君,1,系統說要更新卻無法更新,2021-07-14 00:07:32
國泰證券,Ling Feng Cheng (沾沾),5,重設密碼流程，看手機簡訊驗證碼時會離開 app ，看完回來竟然是重跑流程重發簡訊，一天只能發兩次簡訊認證但根本沒有機會輸入，貴公司有考慮過這種狀況嗎？請在切換 app 時能保留在同個畫面等待使用者輸入，要不然你們重設密碼的手機簡訊流程就是沒有作用的。,2021-07-13 20:57:00
國泰證券,Sophia Cheng,5,簡單！,2021-07-13 14:45:14
國泰證券,YM Lin,5,方便 實用,2021-07-13 13:32:10
國泰證券,Wang Kyle,1,這是2007設計的app嗎,2021-07-13 09:56:30
國泰證券,簡語涵,5,建成分行協理讚,2021-07-13 07:30:26
國泰證券,盼盼,1,要用的時候沒功能,2021-07-13 07:10:24
國泰證券,Linchun Chien (南投小純),5,幫我投資賺錢就是好app,2021-07-13 02:28:51
國泰證券,dragon chen,5,介面清楚,2021-07-13 00:01:00
國泰證券,Jeryuan Kuo,5,每次都閃退，要把快取跟使用者資料清掉才能登入,2021-07-12 23:22:21
國泰證券,李昕輝,5,好用,2021-07-12 22:40:53
國泰證券,德瑞克,1,為何更新完卻無法登入？以前沒有這困擾。請改善！,2021-07-12 08:51:23
國泰證券,王神手,5,GOOD,2021-07-11 10:00:33
國泰證券,楊宗樺（我思故我在）,5,Good,2021-07-10 22:00:24
國泰證券,Warm Fan,5,不好用，但也就算了,2021-07-09 16:06:00
國泰證券,mayco Lin,1,要圈存買股票就故障讀不到金額，超爛,2021-07-09 09:24:00
國泰證券,Leona Lin,5,方便,2021-07-09 09:07:52
國泰證券,楊杻雅,5,方便查詢,2021-07-08 13:26:25
國泰證券,Google 使用者,1,網路不穩導致預收款項顯示重複申請多次，請貴公司儘速解決app網路穩定問題,2021-07-07 19:05:41
國泰證券,Wayne Ding,1,處置要預收款還壞掉，還要打過去人工處理，超爛,2021-07-07 15:57:23
國泰證券,Che wei Lin,1,E櫃台的圈存系統又出問題， 現在又要維修到11：30，這樣股市怎麼交易？,2021-07-07 10:53:19
國泰證券,celia hsu,1,為什麼更新後按預收款項常沒反應 好不容易按進去卻暫停交易,2021-07-07 09:44:30
國泰證券,邱英銓,5,好用 實在 值得一提,2021-07-06 18:31:45
國泰證券,張銑洋,5,好用,2021-07-06 10:12:51
國泰證券,吳雪珍,4,很好的,2021-07-05 20:29:27
國泰證券,Gary Huang,1,APP太多種，太複雜了,2021-06-29 22:47:04
國泰證券,TONY S--,4,簡便好用,2021-06-29 21:35:47
國泰證券,陳敏娟,5,速度加快],2021-06-29 10:04:12
國泰證券,Shao yu Chu,3,打不開，一直閃退，重新安裝也沒辦法解決,2021-06-28 12:19:26
國泰證券,Alien LINE,1,更新頻率太過於頻繁,2021-06-28 11:30:11
國泰證券,林瑞貞,4,還不錯,2021-06-27 20:22:24
國泰證券,Tony Huang,1,開通股票貸款後無法提高融資額度至不需財力證明的50萬，e櫃檯亦無法取消已開通的股票貸款。此問題以持續數日，貴公司至今仍未提出線上解決之辦法。 自網路開戶使用貴公司產品以來，服務非常沒有品質，總是被轉來轉去，依舊未有解決辦法，不免有被踢皮球之感,2021-06-19 21:36:23
國泰證券,蔡白洲,5,很棒,2021-06-18 11:16:40
國泰證券,啟祥郭,4,密碼補發 簡訊認證時 跳出whoscall 會跳回第一步 導致密碼補發失敗 害我當天直接無法登入,2021-06-18 09:03:08
國泰證券,Jing Ru Weng,2,為什麼不能一個app直接股票下單、定期定額和股票抽籤呢？,2021-06-17 12:26:55
國泰證券,流浪漢,1,股票開盤期間一直無法圈存，樹精靈也常常閃退，拜託工程師換一批專業點的好嗎？至少開盤期間不要有任何問題，原本賺錢搞到變賠錢才能交易，這樣子誰敢用你們家的app系統下大單啊？,2021-06-15 10:57:54
國泰證券,Phoebe Du,1,為什麼今天暫停預收全額交割款項,2021-06-15 10:19:11
國泰證券,P.L CHEN,5,我喜歡它，但我不會操作它真可惜說我自己,2021-06-14 04:42:45
國泰證券,楊岱樺,1,要求更新! 總是……等待中，無法順利下載更新。 反覆重新操作……總是等待中 數天了!…完全無法操作使用…這棵大樹…真讓人失望。,2021-06-11 11:50:11
國泰證券,Tanpy Chen,3,更新後無法指紋登入！！！,2021-06-10 11:28:42
國泰證券,sun sun,3,E櫃臺和樹精靈在預收款項的部分無法連動耶,2021-06-09 13:57:31
國泰證券,BEYOND,5,Great!,2021-06-09 12:53:28
國泰證券,張周德,1,更新完，我買的股票在APP全部顯示零。反應後，國泰说他們資料没問题，問题都在客人身上，感觉真不好。,2021-06-08 13:31:17
國泰證券,YR Chang,1,密碼居然沒有預設遮隱也真是奇葩,2021-06-06 10:50:15
國泰證券,Jonson Tsai,1,額度調整的介面有問題。電話號碼蓋在輸入額度的窗口。趕快改啦～,2021-06-02 12:15:25
國泰證券,江典,5,👍,2021-06-02 01:10:27
國泰證券,L L,1,"只想下載證劵下單app,跑出超多國泰相關app都不知該下載哪一個了...",2021-06-01 16:13:16
國泰證券,邱瑜,1,有點麻煩，為何不把樹精靈整合一起？？,2021-05-30 01:01:34
國泰證券,張浚煌,1,定期定額申購明細無法查看,2021-05-27 07:27:40
國泰證券,Sun weiwei,1,app一直維護無法使用,2021-05-16 18:05:40
國泰證券,Oo O,5,👌,2021-05-13 10:41:17
國泰證券,Wendy Lee,1,庫存資料一直顯示轉檔，根本不能查,2021-05-11 22:02:43
國泰證券,tt_正翔,1,大公司的app不好好經營，雖然客戶不會走，但觀感0分 1.智能客服能回答的問題太少，根本不活化，建議別再鑽研這個智能客服 2.app不時進不去，不是網路問題，相信不少人會這樣,2021-05-09 03:14:32
國泰證券,陳坤祥,5,棒,2021-05-08 10:19:44
國泰證券,Amelie McLaurin,5,很好,2021-05-07 12:19:05
國泰證券,cw ch,1,庫存資料轉檔時間太久，平日晚上幾乎不能查看資料,2021-05-06 21:52:12
國泰證券,Ed Tao,1,一個功能一個程式，跑得還很慢。,2021-05-05 19:24:24
國泰證券,li vash,1,一間這麼大的公司整合開發個app搞的這麼小氣 出了新功能就外包一個app 明明電腦上就可以搞定的東西 可見上頭的氣度 專線打不通 阿發還廢的跟什麼一樣 下單頁面導覽有夠差 沒人去挑毛病真的都不會進步...,2021-05-05 09:43:20
國泰證券,張杰倫,5,好用，線上作業方便,2021-05-03 09:46:32
國泰證券,Liu Andy,4,1.請將開戶功能整合至證券e櫃台，不要在分那麼多app。 2.建議請設計app的同仁要參考同業app（如元大萬事通，中信服務讚，富邦證券e開戶等），介面和功能可以調整一下。 3.線上開戶不要限制只能開敦南分公司！,2021-05-02 17:04:53
國泰證券,eex5318 E,1,App當機 看不到自己定期定額的商品 用阿發客服查詢也顯示沒有,2021-05-02 00:53:06
國泰證券,cora chen,1,超難用，app多且雜，沒整合，一種功能開一個app，光線上開証卷戶定存定額買股就5個app，登入只能轉圈圈然後閃退，千萬不要再用（網路不佳）這個理由塘塞呼嚨使用者。放棄了，勸大家不要在用。,2021-05-01 14:00:11
國泰證券,蔡永和,4,方便性好,2021-04-28 12:44:50
國泰證券,jk j,4,平安喜樂,2021-04-25 11:55:32
國泰證券,Mick Tsai,2,想請問你們什麼時候才會整合app每個功能都要下載一個app真的很麻煩又很佔版面 別家都可以為什麼就你們不行？,2021-04-23 20:57:24
國泰證券,Libre Wang,1,每次打客服沒有一次撥通，而且app時常當機不要說我網路不好什麼的，我用5G一樣當，難道是叫我去穿越用6G才跑得動嗎?，有句話叫死性不改就是在說國泰證券,2021-04-23 02:14:50
國泰證券,黃Tree,3,"更新為安卓11系統後,無法開啓.手機為oppo 10x",2021-04-12 15:27:29
國泰證券,H Y H,2,無法看到申購的股票……,2021-04-10 22:38:42
國泰證券,林欣怡,1,真的很難用，只會一直顯示伺服器逾時未回應...。頁面登不進去已這麼多人反應也不見改善。,2021-04-10 22:32:09
國泰證券,Oscar Lin,4,"額度調整欄位與後方的貼心提示字重疊, 無法進行調整",2021-04-09 11:27:57
國泰證券,Gordon Guo,4,好用,2021-04-07 20:27:53
國泰證券,廖雅信,4,Good,2021-04-06 04:46:48
國泰證券,田文郎,5,量大時會當機,2021-03-31 10:38:23
國泰證券,宗才寧,5,操作簡單、資訊快速，滿足客戶要求。,2021-03-29 08:52:39
國泰證券,Luckynine,3,怎麼更新完就系統異常……,2021-03-28 08:49:45
國泰證券,Erica Tsou,1,今天一直當機，自動關掉，無法使用,2021-03-23 21:15:05
國泰證券,Chanjung Chan,1,這大概是我用過最難用的app了，三天兩頭就顯示網路連線未回應，然後就登不進去了！,2021-03-18 13:44:02
國泰證券,裕齊周,2,指紋感應有問題，輕觸尚未擺好就出現錯誤。然後一下就三次錯誤鎖住不能登入。其他APP都不會有這個問題。（包含國泰自己的網銀也是正常的。）,2021-03-16 20:43:41
國泰證券,Minghsing Liu,1,設計非常的難以使用 操作其他功能還要下載其他的App 不了解這個APP的設計目的是什麼,2021-03-16 16:34:02
國泰證券,Howard Chang,1,一堆APP...合併一下吧~,2021-03-15 22:55:41
國泰證券,Vanessa Chang,1,系統告知我的網路沒連線，但另一個都是國泰的精靈樹卻能正常使用，看起來就是系統問題吧，怎麼可以怪到消費者身上？,2021-03-15 09:18:54
國泰證券,洪柏鈞,1,還是一樣啊！更新最新版本，要線上開戶一樣輸入完基本本資料（完全沒超過一分鐘），居然還是一直跳出畫面閒置太久，爛，只是換了一個圖案而已吧？,2021-03-12 09:30:16
國泰證券,林安身,5,好用。,2021-03-12 06:18:30
國泰證券,Hebe Hsu,1,純申請…,2021-03-10 20:54:26
國泰證券,Tsai Neo,1,補發密碼部分還是沒有改善...一樣會退回上一頁==,2021-03-09 11:11:07
國泰證券,Pei-hua Wu,3,再臻完美，加油,2021-03-08 14:07:36
國泰證券,Michael Chang,5,Ok,2021-03-08 11:27:15
國泰證券,王銘鋒,5,很好,2021-03-07 18:52:26
國泰證券,林言玉,1,真是激怒客戶的APP，申請驗證碼後，要輸入就被退回上一頁，每兩天試一次，已經試過大半個月了，完全無法登入！,2021-03-06 21:52:28
國泰證券,Henry,5,昨晚透過線上申請股票交易調高額度，雖要附上財力證明，但隔天早上11：12 就馬上收到簡訊通知已經調高額度👍👍👍剛好可以馬上進場逢低撿股😀,2021-03-05 11:33:53
國泰證券,吳卉淇,5,很好用！,2021-03-05 09:19:39
國泰證券,Matty Liu,5,great,2021-03-04 22:29:39
國泰證券,賴建福,5,很好又方便,2021-03-04 19:42:35
國泰證券,喵,1,打客服等半小時都沒人接，留言要求回電等三天也沒人回，看來國泰證券服務真的很差,2021-03-04 11:04:50
國泰證券,Ken Lin,3,額度調整不方便,2021-03-04 09:42:27
國泰證券,王宇穎,5,好用,2021-03-03 21:57:59
國泰證券,Z Sony,1,櫃臺功能不能使用只能找客服 ，客服又忙線 ，麻煩多聘幾個客服好嗎,2021-03-03 14:39:26
國泰證券,林永承Sam,2,要點進去我的申購就閃退 一直點不進去,2021-03-03 09:06:05
國泰證券,General Life YC's,2,按下需要登入後才能看的選項，直接關閉跳回桌面，麻煩趕緊更新修正！,2021-03-02 20:04:27
國泰證券,C. joseph,1,更新完完全不能用 登入直接閃退,2021-03-02 14:34:21
國泰證券,YA YUN TSAI (TYY),1,"很難用，沒辦法登入，重新載入，登入一下，登出後又沒辦法登入，這應該是有問題吧，為何不整合成一個APP,用那麼多個APP,還每個都不好用，也蠻厲害的。",2021-03-02 10:38:35
國泰證券,Ping Ping,1,更新後完全無法登入使用，又找不到可以解決的方法,2021-03-02 10:25:26
國泰證券,HS F,1,無法登入，一直跳出,2021-03-02 09:30:20
國泰證券,綾綾,2,常常無法登入,2021-03-02 09:19:37
國泰證券,陳建宏,1,系統一直自動關閉。太爛了。,2021-03-02 09:08:55
國泰證券,成龍,1,一直閃退無法登入是怎樣,2021-02-28 22:59:33
國泰證券,哈士奇,1,太爛了，補發密碼Bug根本無法完成。 底下留言不少人反應：忘記密碼填寫身分證字號 生日，按下下一步 收到驗證碼，結果要輸入App時，App自動跳回上一頁根本無法輸入，搞屁哦。 To小編：罐頭式回覆就免了，此爛Bug不改，反應給客服是鬼打牆逆？！,2021-02-27 15:26:44
國泰證券,侯淑麗,2,"”e櫃台""已停止運作 更新完就無法登入了",2021-02-26 21:57:30
國泰證券,Shuwen “shuwen” Chen,1,是優化還是劣化，更新後一直顯示關閉，所有功能都無法使用,2021-02-26 19:28:26
國泰證券,楊依瑾,3,預收款券裡面的選項，一點下去就當機,2021-02-26 08:57:44
國泰證券,Wen Wen,5,感恩謝謝您辛苦了,2021-02-26 04:43:59
國泰證券,KEVIN CHIA,1,補發密碼一收到簡訊就跳回第一步，然後就卡死了，客服電話也一直忙線,2021-02-25 13:25:46
國泰證券,Jessica Lin,5,方便,2021-02-24 21:00:09
國泰證券,chou,3,為什麼只有78檔股票可以選擇?,2021-02-23 16:10:54
國泰證券,陳勁吾,1,智障爛東西 補發密碼，按照簡訊輸入驗證碼 又跳回前一步驟，重新輸入身分證出生年月日。連續3次就鎖住。App沒有進入下一步還把我鎖住？聯繫客服，早上打下午打全都是語音，客服人員忙線中？ 建議利用智能客服？就更好笑 全都是文字敘述，只能找到情況類似的敘述，點選查看，問題還是沒辦法解決 沒本事就別學人家玩智能、玩線上、玩科技 直接打給金管會證期局投資人服務專線（０２）８７７３－５１００ 表明投訴，保證專人馬上服務,2021-02-19 15:04:00
國泰證券,Kg Lin,3,希望加入臉部辨識登入,2021-02-19 13:02:34
國泰證券,alexia yu,2,年後登入都有問題，一直說網路連線異常？,2021-02-17 21:59:55
國泰證券,Alex Hsu,1,光看盤就花很多時間，差個0.5雖然只是個數字，買個幾十張漲和跌，獲利相差很大，功能不容易操作，請整合好app再開放投資人申請數位證卷商品,2021-02-17 15:57:24
國泰證券,王聖淞,5,讚,2021-02-09 20:01:32
國泰證券,mm王,5,調度靈活！很棒！,2021-02-09 07:25:45
國泰證券,hsu stone,4,很麻煩,2021-02-06 16:04:04
國泰證券,Momosky Yen,2,每次要查詢進度就閃退...,2021-02-01 09:28:05
國泰證券,陳秉鑑,4,正在使用中……,2021-01-29 15:41:47
國泰證券,PIP,1,很爛，股票可以貸款卻不能取消，還要臨櫃辦理，很爛的系統，不成熟就不要影響投資人，浪費我們很多時間，投資人千萬不要在這開戶與使用，去元大開比較好,2021-01-29 13:35:51
國泰證券,Hank Lee,1,是怎樣啦，給新密碼又錯誤。是三小,2021-01-27 16:08:13
國泰證券,陳金雀,5,好用,2021-01-26 21:38:19
國泰證券,蔡世賢,1,樹精靈可以開e櫃台連不上去，爛透了,2021-01-26 12:21:49
國泰證券,劉景岳,5,操作簡單易懂，，，,2021-01-25 23:29:57
國泰證券,吳雨伶,5,辛苦了，謝謝！,2021-01-25 17:54:19
國泰證券,Angela Su,5,Good,2021-01-25 11:19:56
國泰證券,hsiaoyu lin,5,很好用,2021-01-25 09:32:13
國泰證券,蔡先生,1,請參考元大投資先生，小小地方差異很多。另外，建議年度新紀錄完成，可配合一些優惠給客戶增加吸引性。不想也沒關係，因為你們夠大。,2021-01-25 06:47:24
國泰證券,陳培鴻,1,沒辦法使用線上簽署功能,2021-01-24 01:38:46
國泰證券,樊天下,5,方便,2021-01-23 20:08:49
國泰證券,劉韋彤,5,簡單的操作介面,2021-01-23 17:01:22
國泰證券,顯民,3,還是三竹比較好用,2021-01-23 16:28:28
國泰證券,劉小玉,4,建議可以與樹精靈結合，在操作上會更便利,2021-01-23 11:38:00
國泰證券,張玉,5,方便明瞭,2021-01-23 03:46:56
國泰證券,鄭雅方,5,喜歡國泰,2021-01-22 20:58:07
國泰證券,UFang,1,登錄時常卡住,2021-01-21 19:39:30
國泰證券,呂冠儀,5,很方便！,2021-01-20 12:10:10
國泰證券,18e8,4,Qwe,2021-01-16 00:52:28
國泰證券,盧卡斯,1,一個開通的email帳號都能填錯，以致我收不到開通密碼，打電話反應，一樣的事情要我說好幾次，（資訊，客服）不能傳達或處理就不要出來，服務真的超爛,2021-01-12 16:37:06
國泰證券,BABIBU CHENG,1,設定密碼時一直跳出程式，一天兩次機會就這樣沒了，那下單時也這樣還得了？,2021-01-11 01:12:59
國泰證券,游富騰,4,貴公司的客服專線真的特別難打進去，服務品質真夠差勁的,2021-01-08 15:42:58
國泰證券,貓王子,5,棒,2021-01-08 13:45:21
國泰證券,菞,5,交易額調，客服服務超快~~,2021-01-08 10:10:14
國泰證券,K&C LIN,1,要使用密碼發送修改密碼，還未填入認證碼卻一直跳出，一天也只限兩次，這app bug真多 有夠難用，氣死,2021-01-07 00:10:58
國泰證券,秋八月,1,請問我的三星S6平板不支援… 無法安裝，能不能解決呢？ 出現裝置不支援,2021-01-06 18:28:52
國泰證券,士達林,5,预收票券,2021-01-06 09:33:14
國泰證券,Anthea Lee (Anthea),2,到底為什麼需要那麼多app功能不整合在一起?在app之間不斷跳來跳去的，時間都浪費掉了 股票快選拿來看股票相關資料，想要下單還需要跳到樹精靈，其他功能還需要e櫃台，光是證券相關就需要3個app，實在是有夠麻煩:(,2021-01-04 10:22:38
國泰證券,avfr a,5,很好,2020-12-29 16:46:48
國泰證券,029李安浩,5,好用，手續費便宜,2020-12-24 22:03:12
國泰證券,溫丫貴,5,很方便的股票借貸系統,2020-12-24 15:08:09
國泰證券,Ball LIU,4,好用,2020-12-22 20:15:49
國泰證券,王伊莉,5,方便,2020-12-16 21:26:53
國泰證券,曾瑞文,5,更新後庫存版面更清楚了，謝謝工程師們！,2020-12-16 20:51:13
國泰證券,布羅利（銅）,1,開戶就像犯人一樣被審問,2020-12-14 12:18:08
國泰證券,Overman Ou,5,相當方便使用,2020-12-14 11:58:53
國泰證券,黃朝欽,5,非常實用,2020-12-03 11:56:11
國泰證券,李諺錡,5,學習,2020-12-02 20:21:15
國泰證券,蕭信中,1,今天維修過後我的密碼竟然登不進去耶？！,2020-11-15 18:36:39
國泰證券,陳奕伶,1,我的0056在e櫃檯的總存股數，與我的集保存摺不一致！！直接差了407股耶，這也太扯了吧,2020-11-13 13:27:32
國泰證券,waku waku,5,輕鬆股票借款，投資沒煩惱,2020-11-09 08:45:58
國泰證券,ヒューゴ,3,昨天開的時候系統異常，到今天都還是異常 有點可怕,2020-11-06 08:13:37
國泰證券,蘇宏洋,1,更新過後帳密都登不進去， 傻眼。,2020-11-04 16:26:24
國泰證券,富凱,5,讚,2020-10-29 14:10:30
國泰證券,和風書院,1,這種爛app整天出包，還是三竹系統好。另外為什麼平白無故給我老婆額度調升到499萬？這樣會害死人,2020-10-29 11:16:38
國泰證券,Yahoo642 .yahoo0805,4,棒,2020-10-27 11:34:33
國泰證券,顏宏明,4,目前來說，界面操作簡單，畫面清楚,2020-10-27 09:42:21
國泰證券,郭碩傑,3,指紋辨識功能無法設定,2020-10-22 09:46:31
國泰證券,vivian Chen,3,更新後定時定額的成本、現值、損益、報酬率，那一排只能看到一半的數字，被截掉一半的數字了，我的手機是Google Pixel 3 XL，希望可以再做改善,2020-10-18 15:29:11
國泰證券,shan,5,更新後能看見定時定額的成本、現值、損益及報酬率，比之前更清楚明瞭，真的很棒！,2020-10-16 18:28:11
國泰證券,Lee Grace,3,測試中,2020-10-15 13:41:34
國泰證券,hh Liao,3,建議國泰新增 koko帳戶做交割帳戶。永豐大戶可以當證券戶 富邦證券可以選其它間銀行當交割戶 都不需要再特地去臨櫃開新戶,2020-10-13 17:44:38
國泰證券,阿路米Riccardo,4,Good,2020-09-30 10:43:23
國泰證券,劉建男,5,人性化的操作介面，連長輩們都不用交，看就懂。實在是完美無瑕的App,2020-09-28 08:48:21
國泰證券,馨儀,1,系統相較其他卷商慢很多，不只盤中且盤後也慢，更誇張是9/25盤中12點左右持續一個多小時主機無法連線登入，用手機完全無法買賣，已掛單無法取消，已有庫存也無法賣，這種系統讓人完全無法信任，偶有量大瞬間當機難免，但盤中持續一個小時多真的太誇張！！！,2020-09-26 12:01:48
國泰證券,Neil Yang,1,定期定額下搜尋投資標的顯示的最近搜尋結果，居然列表顯示的標的和點選下去選到的標的不同，看起來是剛好順序相反，害我不小心下單了錯誤標的，馬上取消上面說隔日才會才會生效，但隔日就是圈存日了，這樣有來得及取消嗎？這種和金錢有關的app怎麼還會寫出這種低級bug,2020-09-24 13:36:48
國泰證券,紀珮璇,1,為何突然說屢次停止運作,2020-09-16 11:40:37
國泰證券,曹銘容,2,為何不能整合在一個app裡，讓客戶造成困擾,2020-09-15 12:45:40
國泰證券,Kidding Chen (Kidding Chen),1,蘋果股價竟然顯示2020/9/9大跌73.98%，花生了什麼事,2020-09-11 00:42:12
國泰證券,來食,5,方便,2020-09-09 16:56:35
國泰證券,林弘祥,5,整體來說比其他證券還好用,2020-09-03 20:57:44
國泰證券,林永唯,2,更新太多次，增加很多容量需求,2020-08-31 13:07:56
國泰證券,鄭文全,4,已經安裝程式了，卻不能開戶使用，有用嗎？,2020-08-31 08:38:25
國泰證券,陳欣誼,1,大慢了,2020-08-29 21:53:18
國泰證券,薛錦春,4,好用,2020-08-27 20:11:48
國泰證券,c ck,5,可以零股買賣1元手續費這點就很不錯了 可以增加聯華 零股嗎？,2020-08-25 21:22:16
國泰證券,楊桂枝,5,很好看很期待有加防火牆,2020-08-20 04:24:36
國泰證券,蔡子榮,1,平板電腦找不到e櫃台,2020-08-17 16:39:26
國泰證券,鄧阿博,2,奇怪，之前設定 股票抽籤 通知，曾有發email通知，現在又沒通知我了....,2020-08-17 16:17:53
國泰證券,林光武,5,讚！,2020-08-10 19:44:06
國泰證券,楊詔鈞,1,安卓11還是持續會閃退，麻煩儘速更新支援，不然都無法進行定期定額的量更改,2020-07-27 12:11:22
國泰證券,Calvin,2,沒有國泰自己的00878,2020-07-21 01:55:23
國泰證券,WU Callie,3,無法使用指紋辨識,2020-07-19 22:56:03
國泰證券,正吉,5,好用,2020-07-17 12:00:59
國泰證券,JOHNSON TSENG,5,看了理財達人秀下載的路人留,2020-07-16 19:57:50
國泰證券,zita ziv,2,更新之後無法查看推撥,2020-07-16 08:09:21
國泰證券,用心小宇,1,不好用 資料不夠明確，明明值利率>5%-8%又年年配的，能定期定額的明明超多檔，結果只有這70幾檔，資料庫感覺有被限制，感覺是引導用戶去選擇這幾檔股票，太過主觀了。,2020-07-15 22:29:52
國泰證券,蔡沛璇,4,還不錯,2020-07-15 19:36:39
國泰證券,orange ou,1,請問有操作手冊嗎？問營業員怎麼操作，都一副我們本來就應該知道？！那你們在公司會對營業員有教學講解操作app嗎？很想換營業員……,2020-07-14 12:34:26
國泰證券,郭泓佑,5,讚！,2020-07-14 08:58:31
國泰證券,Jimmy Chen,1,很奇怪的app，為什麼用wifi連線就會出錯，無法登入，必須用行動網路才能連線登入！？ 同時間wifi連線使用樹精靈卻完全沒問題…,2020-07-10 15:40:54
國泰證券,YY Wang,1,20200709早上8:15使用預收款功能，直到8:45左右才預收成功，到底？？？？？？？,2020-07-09 08:59:42
國泰證券,小高,3,E櫃台更新之後一直當機。,2020-07-02 14:54:47
國泰證券,Yu-Ju Su,1,非常難用，系統容易當,2020-07-01 17:03:54
國泰證券,pucca tzeng,5,好用,2020-06-30 12:06:06
國泰證券,MJ M,1,不推薦如果你喜歡沒有溫度的下單不需要任何服務我覺得你可以用它但是如果你碰到有問題的時候需要專人解決打電話會等到會很生氣，價位肯定跑掉，交易量比較大的時候大我還是會在有營業員的地方我寧可讓人家多賺手續費服務好很多什麼問題都找得到 國泰手續費也沒比較便宜！敦南分公司接單營業員的水準也蠻差答非所問口氣態度都不是很好，下單還要受氣什麼鬼東西啊!,2020-06-28 14:22:30
國泰證券,文文,5,方便,2020-06-18 07:49:16
國泰證券,陳千賀,5,非常流暢實用謝謝。,2020-05-17 14:11:04
國泰證券,林俸志,5,速度快，簡易操作。,2020-05-15 02:23:29
國泰證券,詹惠如,5,好用,2020-05-14 14:12:45
國泰證券,Michael Chang,3,無法下載,2020-05-14 12:33:40
國泰證券,星塵,5,非常棒!,2020-05-13 16:11:13
國泰證券,陳龍,5,好好好,2020-05-13 15:29:16
國泰證券,E ast,5,定期定額買零股。 養成儲蓄好習慣。 操作方便又簡單。 線上開戶真輕鬆。,2020-05-12 00:34:20
國泰證券,陳志銘,5,😘,2020-05-09 06:50:57
國泰證券,Dachen Wang,5,優質，專業，精進，人性化，多元化的發展與思考，就靠你們了,2020-05-07 20:02:00
國泰證券,Google 使用者,5,定期定額1元真的超讚，要是台股也能跟美股一樣0手續費就太棒啦🤩另外，app真的超多個😅希望可以整合成一個,2020-04-24 21:18:00
國泰證券,Google 使用者,5,之前在集寶作業裡有用過圈存交易，昨天要用怎麼好像找不到?,2020-04-01 07:58:31
國泰證券,Google 使用者,1,國泰app就是多！！功能無法整合 用的滿肚子火 等以後改好整合再考慮要不要用國泰！！,2020-03-25 09:30:53
國泰證券,Google 使用者,2,被誤導通訊地址更改打給客服，去電客服卻沒權限修改通訊地址,2020-03-09 09:49:05
國泰證券,Google 使用者,5,讚,2020-02-19 22:02:17
國泰證券,Google 使用者,3,美股定期定股 可以撤除掉 SPDR 系列，改用先鋒Vanguard 系列 ETF嗎？ 先鋒Vanguard 系列 管理費比較低！ 另外 美股定期定股 可以多提供一些選擇，例如 台灣媒體最愛的 Costco 美股。謝謝。,2020-02-06 21:15:30
國泰證券,Google 使用者,5,清晰迅速,2020-02-05 08:30:12
國泰證券,Google 使用者,5,介面設計好用,2020-02-03 12:56:34
國泰證券,Google 使用者,4,"重開後可以使用了,感恩",2020-01-30 11:02:04
國泰證券,Google 使用者,5,好用,2020-01-15 14:10:42
國泰證券,Google 使用者,5,方便,2020-01-15 12:16:40
國泰證券,Google 使用者,4,為何我的外匯那麼多 都不會入我的帳號呢,2020-01-10 15:50:19
國泰證券,Google 使用者,1,今天更新時一直卡住，重新安裝也一直卡住，是不給用?? 一直旋轉不會下載,2020-01-03 11:36:01
國泰證券,Google 使用者,3,為什麼國泰自己的債卷etf都不能定期定額，00687b，難道自己公司的etf都沒開放嗎？,2019-12-28 21:03:57
國泰證券,Google 使用者,5,Nil,2019-12-20 22:18:11
國泰證券,Google 使用者,4,方便,2019-12-20 12:21:55
國泰證券,Google 使用者,5,放款很快,2019-11-26 13:50:55
國泰證券,Google 使用者,5,好,2019-11-11 18:55:25
國泰證券,Google 使用者,1,爛死，重要時機常故障,2019-11-08 00:09:41
國泰證券,Google 使用者,5,方便,2019-11-07 21:05:08
國泰證券,Google 使用者,1,更新過後 登入多次皆無法正常登入…… 幫你們打摳 加油加油 如果更正了 就還你們四顆星喔~ 辛苦了 希望早點可以使用到流暢的定期定股 麻煩你們了,2019-11-06 12:30:36
國泰證券,Google 使用者,2,更新之後雖然多了幾個etf 可以選擇，但閃退的問題更嚴重了，定期定股一直閃退到底是要不要讓人買股？,2019-11-05 04:01:20
國泰證券,Google 使用者,5,好,2019-11-01 13:39:53
國泰證券,Google 使用者,1,不用了,2019-10-28 09:27:19
國泰證券,Google 使用者,5,介面清晰,2019-09-26 08:58:00
國泰證券,Google 使用者,4,好用,2019-09-02 15:30:41
國泰證券,Google 使用者,5,好,2019-08-22 14:39:38
國泰證券,Google 使用者,5,方便,2019-08-05 01:08:20
國泰證券,Google 使用者,5,不錯,2019-07-30 10:42:48
國泰證券,Google 使用者,5,方便使用,2019-04-15 10:47:48
國泰證券,Google 使用者,5,很有效率,2019-04-08 13:11:58
國泰證券,Google 使用者,5,符合需求。 操作簡單方便~,2019-04-01 11:12:24
國泰證券,Google 使用者,5,😁 😁,2019-03-14 09:36:02
國泰證券,Google 使用者,4,為什麼只有國泰需要？,2019-03-07 10:01:23
國泰證券,Google 使用者,5,很明瞭，簡單清楚,2019-02-16 15:16:07
國泰證券,Google 使用者,5,定期定額存股很方便。,2019-02-13 13:26:52
國泰證券,Google 使用者,1,請app功能整合好,2018-11-27 22:00:54
國泰證券,Google 使用者,5,操作介面非常清楚简単，容易上手,2018-11-26 22:52:24
國泰證券,Google 使用者,3,更新之後就無法登入，閃退,2018-11-15 10:52:26
國泰證券,Google 使用者,1,功能也不整合好，要求安裝一堆app，還一直強迫更新!需改進!,2018-11-01 16:35:14
國泰證券,Google 使用者,5,真的很好用，可以存股票,2018-08-03 13:22:15
國泰證券,Google 使用者,3,希望提供元大S&P500的定期定額,2018-06-28 19:01:10
國泰證券,Google 使用者,1,要線上簽署always顯示網路異常隨即跳回主畫面,2018-06-11 22:48:27
國泰證券,Google 使用者,1,太多了太多的 app 讓人搞不清楚，能不能整合成一個？,2018-05-25 03:36:01
國泰證券,Google 使用者,1,看了很多人的留言，你們完全沒回覆為何只能下載APP才可處理，官網不能併用嗎?根本沒答覆，閃躲,2018-05-22 20:49:44
國泰證券,Google 使用者,2,國泰證券就分了好幾個app，功能都分散在每個app，不能統整嗎？非常不便利,2018-05-22 07:20:41
國泰證券,Google 使用者,1,威脅客戶安裝app，感覺很差,2018-05-21 11:24:44
國泰證券,Google 使用者,2,為了「客戶行業普查」，強迫安裝此一多餘APP，建議日後將功能整合在「隨身證券APP」，避免不必要的程序！,2018-05-21 09:16:57
國泰證券,Google 使用者,1,威脅安裝，我安裝了，但是不喜歡你們的宣傳口吻！,2018-05-20 12:37:30
國泰證券,Google 使用者,1,要客戶補充資料沒關係，但為什麼只能用app登錄行業普查，單純一點直接在官網讓客戶登錄不行嗎？且這種要客戶提供個資的事情只用mail跟簡訊通知，官網卻沒公告，會讓人很質疑真實性，難道貴公司的網站跟網路銀行是裝飾用的嗎?強迫人下載安裝app讓人感覺很差,2018-05-17 20:15:53
國泰證券,Google 使用者,1,威脅客戶下載APP令人不舒服！ 結清在國泰的證券戶， 就不用下載了， 對吧！！,2018-05-17 18:15:02
國泰證券,Google 使用者,1,威脅性裝app,2018-05-17 08:56:43
國泰證券,Google 使用者,1,收到 一定要裝這app 沒有一家銀行這樣做 很奇怪 可以出來解釋一下嗎 我沒用帳號很久 確收到這通知 這根本是威脅吧,2018-05-16 20:13:43
國泰證券,Google 使用者,1,"收到這種簡訊，表示很像威脅""國泰證券提醒您!依洗錢防制法規定，請下載國證e櫃台App於5/20前登錄行業普查，以免影響權益""",2018-05-16 19:25:59
國泰證券,Google 使用者,2,被威脅而必須安裝app感覺很差。,2018-05-16 17:54:11
國泰證券,Google 使用者,3,股票出借時不會自動帶入建議的費率很不方便，再來有限制要10張以上才能出借也很不方便，建議以上兩點改善。,2018-04-17 13:54:12
國泰證券,Google 使用者,5,简单好用,2017-11-07 23:53:02
國泰證券,Google 使用者,5,Good,2017-09-09 10:29:43
國泰證券,Google 使用者,1,信用卡戶無法e化申請，電話專員說要臨櫃，跟型錄內容說的不符。,2017-08-28 14:05:57
國泰證券,Google 使用者,5,好方便居然可圈存,2017-05-11 09:34:45
國泰證券,Google 使用者,5,好方便!,2017-05-09 14:42:04
國泰證券,Google 使用者,5,改個資很方便,2017-05-09 14:40:03
