user,score,content,date
張敏益,5,失去才懂得這個app的好 欸新版跟達變一樣,2025-10-30 03:59:31
Signih Yang,1,點了免登速查，最後告訴我 設定免登速查前需先登入，這哪招...,2025-10-09 09:46:49
M.E chen,5,很好的服務,2025-09-11 21:27:21
謝旭忠,5,簡便，安全。實用。,2025-08-30 09:19:02
Hsuanli Chou,5,方便性,2025-07-29 13:59:43
吳明浲,5,這個直覺性比較好，繳費就是繳費，查帳就是查帳，一目了然，其他部分都被隱藏起來了，新版的希望也能繼續優化，功能多用不到只是擾民,2025-07-29 12:26:36
王品妍,5,友善,2025-07-18 16:16:53
Tao Hu,5,其實還蠻好用的，可惜關閉了，唉...,2025-07-04 22:09:29
王淑美,5,隨時可登入查詢很方便，查匯率也很全面，使用起來很順手,2025-07-01 01:43:26
天眼Sky eye,5,我還是習慣用舊版的，新版用一下下，感覺很複雜，舊版的一目了然，容易懂。,2025-06-28 23:17:55
James Wu,5,Good,2025-06-25 11:34:06
Charles Tsai,3,你們新版本的app根本無法登錄喔！麻煩盡快處理，否則會造成很多問題，謝謝,2025-06-24 07:36:21
徐翊秀,1,電腦操作很麻煩,2025-06-23 23:19:04
Jeffrey Chang,5,很方便,2025-06-21 21:12:35
Char. W,3,1.現在的問題時密碼帳號無法再登入，要重新設定。2.我為何一定要用快速登入，那是手機必須設定圖形或指紋密碼才能使用快速登入。 你們app絕對有問題 我明明常常登入 帳號最近二個月登入好多次了 都是一樣的沒有改 今天輸入帳號密碼（信用卡用戶快速登入）突然又告訴我是輸入錯誤的！ 而且以前也發生過這樣的事情 我一頭霧水以為自己記錯了， 所以帳密我現在都有記下來，明明就是完全正確的！！,2025-06-18 11:35:31
三條線屬鼠（三條線屬鼠）,5,不錯大銀行有用心喔～,2025-06-10 14:16:26
言身寸言身寸,5,舊版很實用，新版不實用，如要廢除舊版請三思。,2025-06-06 09:15:51
葉語,2,新版的我使用不上手，要的東西找不到，舊版頁面還可以設定自己要的常用選項，新版我要找半天，使用上真的很困難。,2025-06-06 06:31:53
陳信宏,5,本版很好用！,2025-06-05 10:26:21
MANDY KAO,4,因為新版太難用，所以顯得舊版超好用。,2025-06-03 21:42:25
徐子淇,5,不喜歡難用的新版，喜歡舊版的，不要下架啦😭😭😭😭😭,2025-06-03 10:05:04
林靖淵,5,讚,2025-06-02 14:23:07
宣祖同,5,請維持舊有的行動銀行 app,2025-06-01 08:15:26
Elle Yang,5,讚,2025-05-30 22:18:26
劉麗雲,5,很方便,2025-05-30 06:38:42
俊聖黃,5,好,2025-05-29 08:49:13
陳瑞華,5,迅速確實,2025-05-28 00:01:57
簡兆良,1,舊版不能用了，新版手機又不能安裝，難道要客人換手機嗎？,2025-05-24 15:35:56
Venus Sue,5,新版的很難用，資訊都不知去哪裡了，看到的都是廣告啥的，和自己都沒關係，舊版的超好用，簡單明瞭，馬上就知道自己要的資訊，不需要浪費時間經過很多步驟。,2025-05-23 20:29:33
Point X,1,都要下架了你還更新什麼 你要不要跟你的客戶說清楚,2025-05-23 18:11:45
陳穎臻,5,富邦行動銀行為何不能夠用？,2025-05-22 08:32:40
羽蓉,5,舊版比較好用 ，新版信用卡部分一直讀不到資料，新版太爛連星都不想給 > 所以我給舊版5顆星。,2025-05-21 23:42:14
Andy Fung,4,不錯。,2025-05-20 07:01:48
wu小菁,5,支持此版的，新版超難用😅,2025-05-19 23:20:50
Walter Jue,5,之前留言新版一顆星不到，舊版五顆星，可以的話，能不能不要強迫用戶用新版呢？這麼多人反應了，不應該充耳不聞。今天竟然限制使用舊版，你們難道不知道，新版的設計，根本就不是網路銀行該有的app設計嗎？懂不懂啊，還是捨不得花錢找專業的設計網銀app？新版app要找功能之困難，反而充滿廣告推銷，你們是不是本末倒置了？,2025-05-19 20:39:47
Jay Chang,5,舊版的比新版好用 舊版簡單易懂 新版感覺東西變多 可是要查個資料卻變麻煩了 真心不想換成新版 請繼續讓人家用舊版吧 ！,2025-05-18 21:14:00
Mary Yin,4,舊版很好用啊！如果新版本很糟，何要更新為新版？虧我還一直跟朋友推介貴行網銀。網銀作業不就是為了讓客戶操作方便嗎？舊版介面簡潔、功能清楚，如果新版無法達到相同功能，怎能強迫客戶更新呢？我曾因某家銀行網銀介面實在太糟，縱然它有比貴行好一些些的存款優惠，我仍把薪資戶轉回貴行，因為那個使用體驗實在太差了。如真要更新，至少介面要相同、速度要更快、系統更安全，才有更新的價值，我是貴行老客戶，衷心希望貴行能重視客戶心聲。 另外，誠懇建議，網銀用戶基本上都希望可以縮短時間，所以一些花俏的介面最好能省則省，那些只會浪費網路資源，拖慢速度，該做的是訊息清楚，至於雪花飄什麼的，就請免了，因為有時急著查資訊或轉帳，真的沒有那樣的心情浪漫。 非常感謝！,2025-05-16 23:45:39
Leo Chen,5,舊版比較好用為何要下架，能下架新版嗎,2025-05-16 18:45:00
MAI,5,舊版比新版好用多了 可否保留舊版,2025-05-15 19:47:25
嘰咕伊娃,1,最近介面功能跟新版一樣變得更難用(用他行的帳號繳卡費就算了，繳富邦卡費還得再重新輸入富邦本行的帳號…)，最後還是直接上“富邦官網操作還來得快些”，APP 只能形同虛設，為何不能維持之前原版的功能，甚至再變得更好呢？新版的介面使用上真的很不順手@@ 反正直接刪除富邦銀行信用卡的APP(希望別影響富邦人壽APP)，等到版面評價留言有變好了再下載....,2025-05-15 03:28:27
蹤蹤,5,很好,2025-05-14 18:36:59
kostif chiu,1,有舊版可以對標的情況下，新版 UI 居然可以設計的這麼難用，超級傻眼，這麼多用戶反應，卻還執意限期下架舊版強迫客戶切轉新版，無奈只好新舊版本都給一星，小小用戶只能以此表達不滿。,2025-05-10 14:33:40
Wayne Li,5,認真覺得比新app好用 為什麼要改版,2025-05-07 16:51:04
Andy Chen,5,可以跳出簡訊驗證碼，不用記，真方便,2025-05-06 20:39:48
張瑞銀,5,操作方便易懂,2025-05-06 10:57:01
蔡雅婷,5,為什麼要下架 我比較喜歡用這個 下架之後 我還可以使用嗎？,2025-05-05 22:09:57
曹榮穩,5,讚,2025-05-05 14:42:42
久清,4,比新版好用,2025-05-05 10:54:47
傅莉婷,5,很好用很方便,2025-05-05 10:44:32
鄭琪叡,5,好用,2025-05-03 10:37:37
洪慧卿,5,舊版比新版好用,2025-05-02 09:53:17
林惠華,5,希望更簡單,2025-04-30 07:15:34
張麗美,5,希望後面有很多地方都可以有進步,2025-04-29 22:19:54
陳齡嬌,3,使用不久，尚難評論。,2025-04-29 17:39:36
Joe Gi,1,好端端的沒事找事 弄個新版交作業證明自己有在做事是嗎,2025-04-29 02:37:12
Ying-Hui Chung,4,good,2025-04-28 11:54:13
Chang Eric,5,簡單好操作,2025-04-28 10:04:06
vinian Wu,4,好,2025-04-22 09:50:26
Kurt Yeh,5,比新版好用,2025-04-21 21:29:38
林荃彬,3,還是這APp比較習慣，比較簡化好用，新的很複雜，介面不明，簡單明瞭就好，希望改簡化,2025-04-19 21:58:13
Corey HSU,5,集保e手掌握app還是得透過這app才能連結帳戶，下架後怎連結？,2025-04-18 21:07:06
Hao H,1,帳號密碼只能用全 大寫英文字，超級難輸入,2025-04-16 09:35:11
陳惠美,5,我比較會使用舊的APP，新的比較不會使用。舊的超好使用的，謝謝工程師的設計。,2025-04-15 11:44:28
Tina Hsu,4,喜歡舊版 希望不要下架,2025-04-11 22:50:36
黃東璧,5,迅速、確實。,2025-04-09 15:04:40
cindy yu,5,我喜歡用這一版的，新的用的不順手，還有喜歡利用幫你存記帳，但是現在沒有這個功能了，哭哭,2025-04-08 15:09:42
岑卉許,5,非常快速便利,2025-04-07 21:59:16
惠景,1,原本舊版4顆星，新版（-4）顆星，囉嗦的版本，就不能精簡嗎,2025-04-06 22:00:14
Shih-Hsiung Hsu,5,很方便使用！,2025-04-06 20:51:21
Peter P,5,給5星的要下架？頭殼壞了😀😃還超過1000000次下載😀,2025-04-06 11:31:11
沈玉鳴,5,快速且及時提供資訊,2025-04-05 20:52:37
士傑劉,5,順暢不會delay,2025-04-04 13:57:55
陳妤,1,請問是 幾月下架 終止服務呢？🗨️🙏❓,2025-04-03 19:35:33
MiCh Yu,5,還很不錯用的,2025-04-03 17:07:24
孫小七,5,舊版本界面比較有親和力,2025-04-03 17:06:38
彭思敏,5,【2025/3/3最新心得：舊版超優 富邦該重視客戶們的心得保留舊版。。因手機整個重灌 手機內所有app都重新下載安裝，就好奇安裝 新版富邦:夭壽難用 介面也差，測試半個小時確定新版爛，馬上解除。 趕快找回舊版的安裝。】 【2024/12/19更正，手機無法下載新的app。舊版的app很好用，繼續保留此app。】【🔴目前哪個銀行，這樣搞自己的app，國泰 中華郵政 也沒這樣搞，幹嘛一定要下架 強迫使用無法下載的新版。。所以從5個星更改為1個星。】 這個app很好用，幹嘛要廢除下架，幹嘛要換成 難用的版本。。原本比國泰還好用。現在要下架要換app，打算學其他留言的人 資產全部都搬去其他銀行。,2025-04-02 09:20:56
張可佳,4,整體不錯，但可加入日、月可轉帳金額，謝謝,2025-04-02 06:47:57
賴志昇,5,快速便捷,2025-04-01 13:54:20
黃盛龍,5,App應用程式使用介面簡單操作又明瞭,2025-04-01 11:01:20
鄭富盛,5,很實用，很棒喔！,2025-04-01 08:09:38
Tom Huang,5,good,2025-03-25 12:12:35
莊景惠,5,簡單明瞭,2025-03-25 10:49:06
weima Li,5,方便，省時,2025-03-25 10:29:03
Patrick Cheng,5,使用起來運行順暢，看到要下架覺得很可惜，優點建議能保留下來。,2025-03-24 19:50:58
tery hong,2,新版App無法使用M+連動， 如發紅包與付款，都一直連到舊版GOOGLE PLAY(要再下載/舊版已刪） 如何解決❓❓,2025-03-24 16:15:04
郭欽仁,5,新版真的很難用，連我都看不懂，家裡的長輩怎麼辦，富邦，你該正視客戶的聲音，保留舊版❗,2025-03-24 00:59:39
Huang Jalin,5,很喜歡 前衛創新 使用旋轉的模式 選擇 可惜 要下架了要適應新的app,2025-03-22 18:04:47
撒克,5,舊版的超讚，新版的字大到不可思議，根本不能用。要移除舊版的至少要有辦法把字調成跟舊版一樣小。,2025-03-22 13:54:09
郭榮豪,5,完美,2025-03-20 13:39:47
Fu-Syue Ceng,5,2025/03/20 更新 謝謝人員辛苦回覆。但字體已經設定最小了，還是比原版的大很多，所以很難瀏覽跟使用。 -------------- 很喜歡目前的版本 畫面可以一次瀏覽很多資訊！ 試過新版很多次，實在不好用，字太大能看到的功能太少。 看到大家都喜歡舊版，拜託不要停用舊版！！ 新版真的用到很痛苦！！！,2025-03-20 01:05:01
夜晚之鷹,5,穩定好用的APP,2025-03-18 22:18:26
曹西源,5,Good👍,2025-03-17 17:10:31
大均94c21林世丰,5,使用多年不錯，現在要下架，又要花時間熟悉新的,2025-03-17 11:42:51
小林（小林）,5,不錯,2025-03-15 22:05:49
Chloe,5,還是比較喜歡舊的…… 有比較明確的分期未入帳金額總計… 新版還要自己算比較麻煩,2025-03-11 20:17:41
Piju Chen,5,介面簡單明瞭，使用順暢。,2025-03-11 13:00:30
歐陽麒,5,方便明暸,2025-03-10 12:03:18
周添堂,5,順暢好用，千萬不要下架呀,2025-03-10 11:30:11
謝煥賢,5,Ok,2025-03-09 19:25:53
何何,5,舊版真的好用太多了，每個月的分期總額非常詳細，新版根本不知道是多少…,2025-03-06 16:27:52
王小玄,5,新版超難用，支持舊版,2025-03-06 13:06:06
Julia Lee,5,這個app很好 可惜了 因這個app的功能才開富邦的帳戶 結果…,2025-03-05 15:00:24
HUANG I,5,操作介面好用,2025-03-05 12:24:46
車神SKY,5,系統完善,2025-03-05 11:53:47
宗,5,很棒,2025-03-05 10:11:18
壹壹,5,請不要下架舊版 新版真的很難用 舊版比新版好用很多又明瞭 請把使用者心聲聽進去 app設計是方便使用者查詢 不是找麻煩,2025-03-05 10:10:13
10 20,5,何時下架,2025-03-05 06:19:32
sky,1,舊版好用應留下了，新版才應下架操作很煩瑣，登入通知訊息怎么設取消都無法成功,2025-03-05 00:22:20
amos0726,5,舊版比較好用。,2025-03-05 00:11:03
郭仲修,5,簡單好用,2025-03-04 21:34:35
啵啾,5,好可惜..舊版APP只能使用到6月 新版的版面好複雜，還是舊版的好用，操作也簡單明瞭~,2025-03-04 12:59:10
Po-Chen Chen,5,舊版功能分類清楚，容易找到想要的選項，可以不要下架嗎？新版用五分鐘就受不了，立刻移除了。,2025-03-04 01:05:22
郭冠麟（天問）,5,還是舊版比較好用，新版難用死了,2025-03-03 19:27:34
林鉅程,5,加油,2025-03-03 10:28:09
Jerry Chiu,5,比新版本好用,2025-03-02 22:32:34
趙欽玲,5,迅速安全安心的,2025-03-02 21:59:00
陳其君,5,我也覺得舊版的好用,2025-03-02 15:14:39
陳阿祖,5,舊版的真的比新版的好用多了 舊版可以不要停用嗎？,2025-03-01 00:57:35
賴柄錡,4,"舊的APP比較好用新的真的很卡,希望不要把這個舊的App下架",2025-02-28 17:16:58
陳穎信,5,舊版比新版還直覺一點，新版的真的不好用..很怕出錯又浪費時間確認..,2025-02-25 09:13:22
Ming lin Hsiang,5,豪雨，順手,2025-02-23 18:13:29
朱大寶,5,非常的棒，讚讚讚！,2025-02-23 10:28:25
Winnie,1,除了無法直接進行黃金買賣交易很麻煩！ 但這舊版比新版好用多了！,2025-02-22 13:36:31
Yun Chieh Tu,5,還要更新換app啊 真麻煩,2025-02-19 17:33:19
邱建國,5,讚,2025-02-19 09:56:33
lukas hank,5,還不錯啊 換一個語言寫法嗎,2025-02-17 11:14:28
Scott Lu,5,新版非常難用，安裝使用幾次就卸載了，還是舊版好用，希望你們能聽見用戶的心聲。,2025-02-17 02:30:03
celine celine,1,拜託請改回舊版，清楚又好用，新版真的太難用了啦！,2025-02-15 00:51:41
蓋一偉,5,方便，好用,2025-02-14 17:19:28
火龍果,5,讚啦,2025-02-13 11:55:14
R***,1,糟糕的體驗,2025-02-13 00:05:44
Josh Jiang,1,舊版可以別下架嗎？ 新版真的太難用了，我根本不會用，想要的功能找不到，也無法查詢信用卡未入帳分期的詳細資訊,2025-02-12 23:37:15
Tom nasa,5,簡單明瞭,2025-02-12 22:29:03
sa sa,5,great,2025-02-12 18:43:48
張美桂,5,清楚選擇使用。,2025-02-12 09:52:18
鍾毅光,5,使用滿意,2025-02-11 21:49:27
wuu Guo,5,很方便，操作簡易易懂，容易上手！,2025-02-10 17:29:50
fanli chiu,4,為什麼要下架,2025-02-09 14:18:30
李門人,5,使用方便,2025-02-07 13:11:54
郭昱瑩,5,順暢，介面設計優。,2025-02-06 11:55:16
wangsir wang,5,很順,2025-02-06 10:31:06
yinga Lee,3,集保e掌握連結銀行 只能與舊版連結 新版無法連結使用,2025-02-05 22:46:18
周政賢,5,實用,2025-02-05 13:36:25
41 R,5,方便，快捷,2025-02-05 00:14:35
王紫晴,5,很適用,2025-02-04 23:19:51
淑鈴紀,5,"無論是台灣帳戶或外幣帳戶均能一目了然,清清楚楚呈現",2025-02-04 22:36:27
long win,4,還能再更精簡,2025-02-04 16:54:17
厲雪雲,5,服務熱誠,2025-02-04 12:54:40
Stacy Wang,5,蠻好用,2025-02-04 09:25:10
吳兆簊,5,匯款使用流暢,2025-02-03 18:58:43
陳Hung,5,已經習慣使用,2025-02-03 18:14:44
Fang Lu,5,非常迅速且方便 ！,2025-02-03 13:37:44
Miles Chi,1,都要下架 轉安裝新的app了 還讓集保e存摺的授權連到這邊 無心,2025-02-03 09:19:28
Y.J Chang,5,轉帳不需記密碼，很快速,2025-02-02 16:10:25
洪聰和,5,好用為何要下架,2025-02-01 09:56:45
李漢強,5,還不錯 可以設定自己喜好的快速登入英文代號。只差沒有物理辨識 如 指紋開啟就是跟手機一樣有解鎖功能。目前第一銀行APP有這個功能。就連全聯 LINE Pay都有這個簡便方式，不然每次都要輸入代號 密碼有時都會忘記還要去翻紀錄本查。 😊,2025-01-29 11:42:10
楊錦賓,5,很好，滿意。,2025-01-27 01:02:10
WK228,5,為什麼要下架？ 我覺得舊的比新的還要好用，因為舊的很詳細，而且也很清楚，新的很簡略，而且也很不好操作。,2025-01-24 18:05:45
Jane,5,好用 快速 清楚,2025-01-24 16:24:05
科比陳,5,舊版比較好用，轉帳功能也很清楚比較好了解，新版的轉帳功能不清楚，不太好用,2025-01-21 20:54:27
花蓮後山圓夢,5,好用,2025-01-19 08:25:29
Iris Huang,5,使用很順利，清晰容易操作,2025-01-16 16:21:21
Dannin Huang,3,一直叫人移轉到新版，但根本沒辦法移轉，設計不好。,2025-01-16 10:16:54
姍,5,雖然你很醜 但要下架了所以還是給你五星,2025-01-12 02:25:56
胡威先,5,方便好用，符合人性的使用習慣。,2025-01-11 19:10:23
尤姿盈,5,讚、,2025-01-11 09:42:51
Transform Yang,1,所以到底什麼時候下架 有些需要app確認的都還是用這個舊版app不能用新版app確認,2025-01-10 13:16:24
月零司,5,舊版介面還是比新版方便好用，希望在新版持續優化前，不要貿然將舊版下架,2025-01-10 10:45:34
SJMA,5,簡易操作，清楚明瞭,2025-01-10 05:37:58
Mia C,2,如果在LINE可以打開，然後驗證就好。為什麼要在這找信用卡明細還要另外登入？找之期帳單更麻煩， 帳單明細分開，太長，列印也不方便。,2025-01-09 10:00:06
蔡秀燕,5,簡易操作也很順暢實用,2025-01-09 08:04:49
李師賓,5,系統操作簡單,2025-01-06 10:23:59
Lena Chiang,5,容易選擇、很好,2025-01-06 07:39:58
man of steel,5,新版能不能新增免登入就可以看到存款有多少嗎 還是新版其實是有 只是我沒發現？,2025-01-06 02:06:38
Chiu Sung-Ping,5,Goof,2025-01-05 23:07:47
kawah so,5,good,2025-01-05 08:55:49
王泰斯,5,"操作上很方便,也很實用.",2025-01-03 10:02:14
楊沐瑞,5,很好用。,2025-01-02 15:51:05
蘇聰財,4,方便有效率,2025-01-02 09:21:37
Arthur Lin,4,好,2025-01-01 15:30:33
王泰閎,5,是說…我沒用過其他網銀,2025-01-01 08:12:20
upenter u,5,為什麼不能螢幕擷取匯款明細了？這樣怎麼紀錄匯款證明 app內也沒有設定可以更改 麻煩請幫忙一下 謝謝您 更新 可以截圖了 幫補五星 謝謝您,2024-12-31 15:38:37
Alan,5,原本安裝新版就把舊版刪掉，結果新版超難用，連簡單繳費功能都能做壞，華而不實，馬上下載回舊版,2024-12-30 22:56:49
Evelyn0401 Lai,4,複雜又難用，使用舊系統，一直引導下載，之後黑屏。新系統常用項目只有5樣太少，整合的糟透了，根本就是複雜化，詢問銀行行員，居然回答這系統是新的，他們也不熟，請客户自己回家慢慢找，真心連一顆星都不想給。,2024-12-29 14:36:32
周峻緯,5,很滿意,2024-12-28 13:57:18
張志龍,3,12/27 輸入個資容易外洩！再加油更改啦！,2024-12-27 21:49:12
Cindy/lucy Hsiao,5,工程師好棒,2024-12-27 21:21:38
Edward Wang,5,體驗過新版後，直接解除安裝再回來使用舊版,2024-12-27 15:21:07
Cindy,5,富邦行動銀行app 非常實用，操作簡單，自從民國108年 買房子搬家到台南市東區至今，已經使用很多年，網路購物消費、遊戲儲值，富邦銀行行員很謹慎地為客戶層層把關，有次在網路連續小額儲值，馬上就接到富邦銀行行員來電，謹慎地確認我的身份，再三告誡我，切勿把帳戶借給別人使用。富邦銀行 感覺好窩心🥰富邦銀行 有您真好🙏,2024-12-26 13:25:09
Hp Wu,5,新版非常難用，舊版不要下架,2024-12-25 07:54:28
shiou-wen wang,5,使用感覺不錯，頁面簡單清楚易操作,2024-12-23 23:13:42
Ted Tieh,1,一直跳訊息要我去使用新App，去用了新的以後兩邊都找不到自己的存款總覽怎麼看，到底是哪個白癡寫的東西啊,2024-12-23 22:45:17
Samuel Hsieh,4,因為使用新的富邦app這個就沒繼續用了，但最近發現集保e存摺如果要連結富邦帳戶，會使用這個app而不是新的，所以上來反應一下，謝謝。,2024-12-23 22:40:58
李森林,1,本來之前給五顆星，可惜聽不進客戶的心聲，決定只給一顆星，另外也也要改用其他銀行的信用卡了，使用超過20年的富邦，再見了， 舊的評論： 可以不要下架這個app嗎？因為新版Fubon+真的很爛！！！！！！！！！！,2024-12-23 06:29:36
千秋李,5,非常方便，很安心,2024-12-22 21:08:16
陳素貞,5,讚,2024-12-21 14:05:06
俄羅斯聯邦帝國,3,信用卡分期未入帳金額查詢應該加到新app,2024-12-20 15:51:52
鄧麗華,4,希望扣款明細能清楚一點 只有銀行名稱 久了 誰知道扣什麼,2024-12-19 09:00:33
Gary,1,舊版非常好用，為何要強迫升級，且大陸手機改版有一定困難度，不能新舊版都同時可用嗎？目前無法使用富邦手機銀行中。 行動銀行的使用人都是客戶，不尊重客戶自行選擇的權利，而強迫升級改版，造成的不方便是以顧客為尊的初衷？ 請開放舊版繼續使用，體諒客戶的心聲，這麼簡單、卑微的請求有困難嗎？請不要執意改版升級造成客戶困擾。 回覆請不要敷衍還要和客服聯絡，直接讓舊版可執行就是最直接的正確回覆。,2024-12-18 15:35:09
陳羊羽,5,好用,2024-12-17 08:31:23
Andy2000 W,4,舊版的好用，用趨勢科技掃毒軟體，說舊版的安全，新版的不安全，為何改新版的會不安全？,2024-12-15 18:15:32
心有所屬,1,真的很爛都用那麼多年永遠卡片只停留在3w都不知道花了多少錢結果你們連基本的額度也沒有增加更沒有福利回饋又很少：門檻低：福利少：又無法調整額度 真的想把你們信用卡都停止就不用一直繳費又刷臨時有需要請問你們何時讓我增加額度根本都沒有。,2024-12-15 10:52:24
P. Hsu,4,新APP不符合我的裝置，所以沒辦法裝，希望可以向下兼容舊的手機。,2024-12-15 07:03:54
Julier Yu,2,2019時給了5顆星，但今年一直更新實在太煩了，扣星。新版就是比舊版難用，試用一天就刪了用回舊版。現在要強迫大家用新版，超不爽。,2024-12-14 10:37:15
UJ (守護),5,即將下架所以有新版的這個可以刪除了吧？,2024-12-13 20:44:51
wang.092554@yahoo.com.tw wjn,5,Good app,2024-12-13 09:41:36
Junacin Wang,1,為什麼半夜不能登入，只寫系統資料更新中，也沒提示預計可以使用的時間，去用電話開卡也失敗，是有人上班才能用是嗎，很爛的系統欸,2024-12-12 03:11:46
劉育彬（5）,5,滿意,2024-12-07 17:26:02
tenya chang,5,讚,2024-12-07 00:01:20
葉人華,5,簡潔，操作便利，功能齊全。,2024-12-06 23:45:45
高明錫,5,介面清晰,2024-12-06 22:10:52
Zehn (_),1,爛得要死，一堆亂七八糟的功能放第一層選單然後該給的設定不給，閒著沒事還在那邊更新鎖手機截圖，你們自己匯款完都不需要截圖匯款紀錄? 什麼弱智設定。你問為什麼來這邊罵舊版? 因為新版更爛啊，你們請來的程式設計師工作的時候能不能多用點腦?,2024-12-06 13:00:37
陳小志,5,越來越方便，讚,2024-12-06 10:10:06
CC H,3,我的手機 os android8.0 不能用新版app Fubon+,2024-12-06 09:39:03
大葉小葉落葉盤,5,快速又方便，推薦好選擇，就是選富邦。,2024-12-05 21:11:55
Micah Lo,5,操作方便,2024-12-05 11:33:07
曾淑梅,5,很好使用,2024-12-05 08:31:48
tsai tina,5,順手,2024-12-05 07:30:21
Kevin Lin,5,好用的網路銀行服務,2024-12-05 06:13:17
Sea Sea,5,使用方便,2024-12-04 18:31:00
Tien CC,5,讚,2024-12-04 16:23:46
Jack Huang,4,"歷經新版的洗禮，覺得舊版比新版好用。但在重新安裝舊版的過程中，發現一個錯誤： 轉帳時選擇擇轉入帳號裡有一個可以打開的說明：“您完成本交易後,即可透過交易結果頁下方之 「轉入帳號設定」功能,調整轉入帳號順序, 便利您下次轉帳時使用。” 這個敘述應該不正確，我試了兩次也沒有出現這個功能。 反而我去下拉式選單找，有功能讓我重新排序約定/常用帳號。",2024-12-04 13:10:20
Mimi X,5,所有網銀中富邦是我最得心應手、好操作、又快速，很讚！,2024-12-03 17:34:07
酒舞花開,5,真的不要下架拜託，用的好好的幹嘛突然研發一個新的又不好用的版本，真的下架的話我要換銀行了,2024-12-03 13:27:42
莊瑞華jack ahua,3,轉完帳為何不能截區畫面拍照 這照片是要通知受款人用的 這樣就不方便了,2024-12-03 11:41:50
令狐逸塵,5,新版問題已修正，可直接從舊版繼承轉移可免除重新設定,2024-12-03 10:07:20
XIAN,1,Fubon+ 我的手機不支援無法安裝... 拜託舊版不要下架 不然我無法繼續用手機查詢帳戶與交易 那只好就轉它家銀行App使用了,2024-12-02 05:09:42
Pei-Yu Wu,5,桌面ㄧ目了然，很快可以找到名目,2024-12-01 22:18:24
姜國年,5,很棒,2024-12-01 13:31:53
蘇智華,5,好用,2024-12-01 09:56:17
ronadino li,5,非常滿意,2024-12-01 06:40:09
cho Zhu,1,無法清楚看見自己剩下的刷卡額度，繳款，也不會隔天顯示繳款，顯示都是未繳款狀態，不像其他銀行，繳款後很快就會顯示已繳款資訊。會讓人困惑自己繳款是否入帳。介面功能說真的，很難讓人好操作，玉山似乎是目前覺得好用又好操作的App,2024-11-30 17:59:07
Tang Candy,4,請問下架就不能用嗎？還是要改下載富邦別的app，這樣帳號、密碼、代碼等資料可繼續延用嗎？,2024-11-30 07:43:16
An Lee,3,指紋登入設定是我用過所有銀行裡最難用的,2024-11-29 14:47:31
楊震康,1,好,2024-11-29 11:22:04
Booker Lin,1,我知道要轉移，但是連結點下去是空白頁面導不到新版下載頁阿,2024-11-28 09:14:02
tptsao TW,2,要求裝了新版但集保e手掌握需要舊版連結,2024-11-26 16:01:58
王鐘芸,5,非常感謝,2024-11-25 07:45:31
基隆圖書book,1,"bird 🐦 , 原本跟 中信金 / 中信銀 的 app 有得比， 介面 自選項 變不方便 ， 失望 ...",2024-11-24 19:03:13
楊秀菁,5,方便,2024-11-24 13:16:15
Q Mavis,5,清晰 、好用 、不卡,2024-11-23 21:26:35
Max Chang,5,介面清楚一目暸然，請不要下架。,2024-11-22 14:58:37
吳惠萍,1,操作複雜,2024-11-21 18:48:00
Clark Chung,4,集保認證請轉移到新app,2024-11-21 13:47:07
何正邦,5,簡易明瞭好用,2024-11-20 16:53:42
Bell Chung,5,很棒，人機介面很棒,2024-11-20 13:43:21
Sara Chen,5,這個app清晰明瞭，直覺好用， 不知為何要改新版？？ 新版版面花俏，使用上需花很多精神來摸索， 希望舊版的功能可以整合到新版app,2024-11-20 11:18:49
楊小婕,1,登錄優惠複雜沒誠意，還會一直自動登出要重新登入，超煩的🙄,2024-11-19 20:07:47
東威江,1,集保e存摺 連結還是導向到這個舊APP 麻煩盡快改進 很不方便,2024-11-18 20:45:22
漆茵嘉,4,方便,2024-11-15 17:33:18
YiChin Hsieh,5,還不錯，但未來可以純指紋交易就不用花簡訊錢了,2024-11-13 21:07:06
Ju Ouyang,1,詐騙,2024-11-13 18:23:45
謝went1640@gmail. com,5,容易操作,2024-11-13 17:56:12
殲天者（Lufalans）,3,真是有病的app，想賺錢想瘋了嗎，我點個移轉還要先跳網路投保廣告出來，搞的一個銀行程式像是那些充斥詐騙資訊沒有實質內容的農場網頁，舊版都這樣還期待新版什麼呢。,2024-11-12 11:24:41
Shain Yao,1,哪來那麼多密碼 真的很難用,2024-11-11 23:15:00
Lin K,4,版面只設定需要項目確實還蠻好用的，但若要設定或尋找更改其他東西，還是需要花點時間找！,2024-11-11 11:25:15
林台勳,5,是否能把新版的信用卡部分，刷卡消費的分期部分能顯示明細跟顯示總和呢？不然不像舊版至少能看到分期的每月總和,2024-11-10 23:11:06
雲語錄（雲語錄）,2,代碼 無法輸入,2024-11-10 21:47:53
林建宏,5,太棒了,2024-11-09 17:29:22
P c,1,已經申請動態密碼，但一直回覆我沒申請動態密碼無法開證券帳戶，後來我直接去開了其他家,2024-11-09 13:10:39
林建良,5,超讚APP,2024-11-09 10:41:04
廖國安,5,可以,2024-11-09 00:44:07
許儀,5,這舊版比較好用，一目了然，新版糟透了!,2024-11-09 00:41:25
迅猫,5,介面簡介明瞭,2024-11-08 21:42:08
Friend,5,操作很順手,2024-11-08 08:49:46
1070707 niceday,5,這個版本用的好好的，給你五顆星，留用吧。新版挑設備，載不了...,2024-11-07 21:07:00
雲,5,可以使用 luckypay,2024-11-07 20:17:28
chou js,5,方便,2024-11-07 08:13:55
游鵬豐-5,5,超讚 ！很方便,2024-11-07 08:01:24
chun yang,4,畫面簡潔易操作，讚！,2024-11-06 20:46:46
雷簡誠,5,有效快速,2024-11-06 16:23:19
徐小天,5,舊版比較好用，為啥要下架,2024-11-06 14:23:10
Kami小嘉,5,很好用 我喜歡邦你存這個服務希望新版的Fubon+可以實裝,2024-11-06 09:51:56
Ken “w285416”,5,很直觀很方便,2024-11-05 16:44:22
Chih wei Cheng,5,穩定完整,2024-11-05 06:41:54
gRACiE LiU,5,剛安裝了新版。新版看起來很簡潔，但直白說，舊版比較好用。如果不被強迫使用的話（譬如舊版要下架不能再用只能使用新版），我會只用舊版。 舊版自訂自由度高，那個新版呢，目前，首頁可自訂項少還強迫你一定要有三個服務卡牌，那我沒貸款沒信用卡沒外幣沒玩股票也不買你網路保險呢，就變成版面上有一堆垃圾選項....,2024-11-05 02:34:44
劉釆,5,快速易懂,2024-11-04 21:02:31
鍾秉誠,5,介面簡單明瞭,2024-11-04 16:19:57
Leslie Yen,5,很好,2024-11-04 15:11:03
很難搞,3,為何現在看不到存款金額了,2024-11-04 15:02:24
李姿蓉,5,好用的app,2024-11-04 11:55:21
Jessie Lin,5,今天顯示你們更新憑證，要我更新app，但google store顯示已是最新版，現在我要怎麼用？,2024-11-04 08:26:06
Shulien Hsu,5,今天突然發現app要下架了，這個版本介面使用多年也很順手 當年各銀行陸續架構app時，富邦所推出新穎貼心的設計都讓我印象深刻，例如邦你存、e家付、數位客服，及無需登入即可迅速瀏覽自設的首頁轉盤訊息等。而一頁網頁式設計，使用戶展開左側資訊欄能迅速找到所需服務 如今，新app設計看起來高級，實際上跟其他銀行app無太多分別。而多年經營的富邦吉祥物也從此消失。。更令人印象深刻的是新版app斗大的信用貸款頁面似乎時刻提醒用戶多多借款 我應該會懷念這個版本的app,2024-11-03 22:27:53
林佳頤,5,好用,2024-11-03 21:49:05
Jill,3,更新app才發現要下架了，建議app內也有提醒。,2024-11-01 23:06:41
林祺山,5,好用,2024-11-01 19:38:00
林琮閔,5,很方便，不錯用,2024-11-01 14:34:38
Chun-Kai Mao,1,無法使用原舊版程式轉移，從新版選擇舊版登入後，舊版程式在登入完成立即開啟瀏覽器同時舊版應用程式被登出，隨即瀏覽器關閉自動再打開舊版已登出的程式，根本沒有辦法回到新版畫面，要如何轉移？,2024-11-01 09:51:25
溫智國,5,很棒,2024-11-01 07:20:03
MAGGIE CHEN,5,感謝默默工作的無名英雄，你不孤單，有良心的台灣人敬上,2024-11-01 06:35:57
蘇阿牛,5,很好用,2024-11-01 06:00:35
余俊霖,5,好用直覺,2024-11-01 02:11:55
Quinn Lee,4,重新安裝手勢登入就不能用了，頻繁更新使用者每次都要重設手勢，這樣沒有便利到反而擾人，能不能改成更新後不用重新設定手勢 2024/10 update 已經不會有上述問題 修改評分,2024-10-31 11:34:43
sky701111 sky,1,0800網路電話，請恢復正常，不然只能給1星！萬一在國外勿造成用戶聯繫不便！！！,2024-10-30 13:32:51
徐維廷,5,方便好用,2024-10-30 13:00:29
Zen Chen,4,使用時間太短，而且沒有提示「時間到」,2024-10-29 16:45:16
Isabel Feng (Isabel),4,順，安全,2024-10-28 21:45:26
雲月（小黑喵）,5,我想問一下，這APP哪裡可以切換英文模式,2024-10-28 12:51:00
徐鴻兆（big）,1,只有富邦登入藥兩個密碼 很討厭 過10多年了.2024年10月 繼續討厭兩個密碼.. 還要再加一條.APP回報帳戶異動速度越來越慢.晚3-5個小時很普遍.甚至更久.電話反映沒用. 就連我賄款給同業銀行.都看完人家的回報簡訊了.富邦APP回報未必會到.要等..,2024-10-25 11:52:10
彭素英,5,簡單明瞭方便,2024-10-24 15:28:54
張藍琪,5,讚,2024-10-24 11:18:08
林伶憫,5,簡單明瞭,2024-10-24 08:29:03
shuyie Chang,5,Good,2024-10-24 05:36:57
黃淑芳,5,簡單明瞭,2024-10-23 19:35:02
葉昌傑,5,讚我喜歡,2024-10-22 21:11:27
ciao giovanni,4,此app操作算是直覺好用。,2024-10-22 19:27:56
陳James,1,無法登入，直接鎖死，無法退出，爛app.,2024-10-22 08:58:17
chungping huang,3,登錄活動，就一直轉一直轉，有事嗎,2024-10-21 20:39:24
YL Tsai,5,報bug後修復很快,2024-10-21 20:11:28
Yuling Chen,1,每次要登錄信用卡活動時就連登入都無法,2024-10-20 16:09:31
Alex Hung,5,作業很順暢。,2024-10-20 07:24:05
謝Sandy,5,👍,2024-10-18 09:13:45
蔡愛春,5,Good,2024-10-17 16:47:22
張家楨,5,棒,2024-10-17 11:55:38
DCW Tsai,5,介面清楚連線反應速度快,2024-10-16 22:36:10
CLPK Cheng,5,很直觀，很方便，但又兼顧隱私考量,2024-10-16 18:10:38
Jessie Chien,5,不好意思，安卓系統一直無法收到驗證密碼，有點困擾，請幫忙排除看看，謝謝,2024-10-16 14:58:18
藍寶寶,5,好用,2024-10-16 14:57:47
何正輝,5,非常好用,2024-10-16 09:57:06
eva yeh,4,清楚，好用,2024-10-15 18:27:06
李勝強,4,好用,2024-10-14 14:44:18
鄭貴雄,1,更新之後改版了 很難使用的網路銀行 都會卡在 使用者代碼 使用者密碼 很複雜 希望不要這樣子 簡單畫一點 一卡在第六位動態密碼,2024-10-11 18:07:14
Han,1,知道什麼叫快速登入不？每次要登入都得重新登入使用者帳號密碼在重新設定快速登入，我得自己手動登入就算了 好笑的是還不給登入，更好笑的是上一秒才重新設定完帳號密碼下一秒繼續顯示我錯誤，還要更好笑的重新設定密碼卻顯示不得與舊密碼相符，然後同款密碼卻又不給登入，到底？我就想繳個費我還得斬八關？再繼續這樣搞，我真的想把儲蓄險給退了，之前繳的算我做公益，其他銀行都沒這問題，就你問題最多,2024-10-11 12:58:45
gg ug,1,客服有夠慢,2024-10-11 12:13:20
林褓弟,5,穩定好用，非常值得推薦給需要理財的朋友！讚！,2024-10-11 09:39:44
張珈瑋,1,這家銀行app的頁面設計很有問題 對於會去查帳的朋友很不友好 首先是只要跳脫頁面就要重新登入 第二是信用卡明細永遠無資料 但其實是有的，方法1是帳單明細→消費明細 不要點明細那個一樣無資料 我不懂設計這麼多無用的頁面是要幹嘛？？ 方法2則是不在信用卡帳務欄目裡，在信用卡消費裡，簡直莫名奇妙，你們設計這麼沒用的頁面 為什麼不把一樣的東西放在一起 能不能我一點來看就有東西，而不是東一個西一個 然後名字還要叫信用卡明細，卻又沒有明細！,2024-10-11 09:35:24
Truman Su,4,相當穩定,2024-10-11 09:24:31
姍姍,5,畫面看了就很想用這家理財,2024-10-09 19:01:28
羽洋,5,好用,2024-10-09 18:59:36
林秋莉,5,操作簡單清楚,2024-10-09 15:59:26
陳淑鈴,5,很好,2024-10-09 09:07:50
劉仁煥,5,方便，快速處理。,2024-10-09 08:11:14
陳小美,5,實用,2024-10-08 23:49:56
0943 Konggai,5,很方便,2024-10-08 20:24:37
大鼻子多比,1,想登錄繳個卡費都沒辦法登，明明網路是正常的卻一直轉圈,2024-10-08 13:42:20
王小明,5,好用,2024-10-07 18:50:39
人蛙殊途,5,一直要人更新，又沒更新檔，到底給不給人用啊！,2024-10-07 11:19:44
陳國彩,5,讚！,2024-10-07 10:34:10
呂福翺格上租車,5,查詢方便登入簡易,2024-10-07 09:13:10
jiang kelly,5,效率高,2024-10-07 08:48:46
Annie Lin,2,系統介面是我用過所有的網銀中最難用的，麻煩改進更新好嗎？,2024-10-07 02:10:04
鍾明順,5,Good,2024-10-06 23:26:01
雷射花束,1,真心建議下次好事多還是換家比較實在.....光登入問題等了快一年還是這麼難登入....我是不知道貴司用戶到底是有沒有多到這程度.....一個這麼大的公司app能用到這樣也是不簡單....繳個卡費還要拼人品？,2024-10-06 23:23:01
hanamichi Sakuraki,5,怎麼不能更新？app也打不開！,2024-10-06 16:59:03
榮怡平,5,效率高 安全,2024-10-06 14:14:37
呂素娥,5,方便,2024-10-04 23:51:20
Ronni Blue,5,查詢很順利 清楚明白,2024-10-04 16:42:20
吉克戰士長,5,介面可以再漂亮一點,2024-10-04 15:16:49
安李,5,非常好使用,2024-10-04 14:55:50
江謝姍姍,5,方便,2024-10-04 13:44:17
阿瑋,5,功能很完善的網銀app,2024-10-03 20:50:58
郭dona831@gmail.com,5,方便操作，快速查詢,2024-10-03 17:24:21
劉素琦,5,"更改新版面本來不知如何查詢餘額，後來發現只要轉動輪盤,非常喜歡這個設計，讚！讚！讚！",2024-10-03 03:12:33
政哥,5,簡單好用！,2024-10-02 23:02:32
grace,5,富邦行動銀行非常方便好用,2024-10-02 18:53:48
林博裕（阿修）,5,簡單明瞭,2024-10-02 17:03:23
ML Lo,5,介面設計不錯，使用方便,2024-10-02 15:01:07
IRIS W,4,系統能增加每一筆消費得到的回饋點數欄位嗎？,2024-10-02 11:58:10
tingyu kao,2,版面設計使用上不太直覺 很難找東西,2024-10-02 11:39:23
Cian Cian,5,不錯,2024-10-01 23:18:06
林豆豆,5,介面清楚明瞭，使用容易,2024-10-01 19:51:49
Lionel,1,要繳電信費，App卻要我輸入對方帳號？！ 其它家的，都是查詢，就可繳納電信費。,2024-10-01 12:52:39
Joey Lin,5,還蠻好用的，讚！,2024-10-01 10:35:43
Google 使用者,5,匯率即時清楚，換匯方便,2024-09-30 19:37:58
葉思辰,1,下載很久了，目前沒有一次登入成功，沒辦法用,2024-09-30 11:47:22
銘,4,What is genius Joe running so hard,2024-09-30 04:22:57
張瓊文,3,方便快速,2024-09-29 17:01:38
陳協助,5,功能性很快速,2024-09-29 15:02:24
lisa Wang,1,無法更新？目前11.5版,2024-09-29 12:35:56
Phoenix,1,"幹，都有人抱怨登錄只停在loading,還不處理，二月說處理，現在不但loading還跳出整個凍結的更新email提示。",2024-09-28 22:21:52
kc Kuo,1,代號錯誤，確說密碼錯誤,2024-09-28 12:47:20
高行春,4,很好,2024-09-28 11:35:51
Zayin (Zayin),1,一直轉圈無法登入,2024-09-27 19:59:58
辜秀芳,5,快速方便,2024-09-27 19:58:55
何宗陽,5,使用方便,2024-09-27 06:15:23
NiCOLE TSAI,4,左上角的貸款訊息視窗可以不要每次開啟APP時就出現嗎？那個視窗讓畫面看起來很不清爽,2024-09-27 00:51:10
劉昇,5,超好用,2024-09-27 00:02:31
廖建智,5,不錯！速度快！,2024-09-26 09:16:31
Ginger Lee,5,好用，喜歡,2024-09-26 01:06:09
李翠屏,5,很好用,2024-09-25 18:26:19
彭依倫,5,好用,2024-09-25 14:29:04
Amy Chan,5,方便好用清楚,2024-09-25 12:33:21
Chiu Chris,3,繳費的部分是否可提供明細的功能？因為這部分是獨立的，現在要去存款明細茫茫大海不知如何找起,2024-09-25 10:29:51
楊秀敏,5,"頁面易懂,最喜歡能用指紋快速登入",2024-09-25 08:50:21
陳安安,5,讚,2024-09-24 20:32:38
Shihjen Chen,5,使用簡易方便操作功能齊全,2024-09-24 13:30:43
林漢森,5,不錯,2024-09-24 13:03:36
AS_Allen_Shih,5,希望查詢存款明細紀錄能篩選特定交易類型(如CD存款之類的),2024-09-23 07:20:03
郭旭,5,很棒,2024-09-23 00:05:05
廖艶紅,1,爛,2024-09-19 19:23:58
我也是呵呵,4,假日常更新，今天卻無法網路轉帳，一直卡在六位數驗證碼，然後根本沒寄訊息給我怎麼驗證，已經三次都沒收到，資訊處理如果有像辦信貸這麼積極就好了，每個禮拜瘋狂收到信貸資訊，利息卻比別家銀行高許多,2024-09-19 13:37:03
Chuck Jou,5,好用,2024-09-18 18:35:21
耍廢遊戲人生,1,客服電話用啥智障AI，要人重複講問題浪費時間，好不容易轉到真人又說等一下把客戶晾著不知道要等多久,2024-09-18 17:32:33
Bond Chu,1,永遠在loading。然後快速登入也永遠用不了？每次都要key in輸入。,2024-09-18 15:27:56
10元大將,1,說好的“友善“呢？？？,2024-09-18 13:11:02
Wei-Zhi Chen,1,爛app 每次到超商要繳費就登不進去,2024-09-18 12:21:33
cocoki cocoki,5,請問可以把上次匯款繳費的資料能在繳費的時候帶出來讓我們選嗎？,2024-09-18 10:46:18
阮彥萍,5,操作容易,2024-09-18 09:50:36
顏秀芬,5,介面簡單使用順暢,2024-09-18 09:49:46
L Y,1,一定要用電信卡的行動網路才能驗證登入，很沒意義。 覺得手機屏幕太小，想把app裝在平板上使用，這樣也有罪就對了。 有本事你開發鴻蒙版app，讓我們在華為三折機上面也可以用啊！只會要求用戶？,2024-09-16 12:58:46
M.Y. W.,5,謝謝工程師與客服,2024-09-15 08:15:13
slink93,3,登入一直卡loading，根本不能用，重新安裝也沒用。,2024-09-13 04:54:29
大呆,1,快速登入 兩隻手機 試了十幾次 都沒法成功 其他六家銀行的app 都很順利,2024-09-11 20:26:32
袁俊寬,5,讚,2024-09-11 19:14:00
阿飄,5,好用,2024-09-11 17:55:13
王天祺,5,方便好用,2024-09-11 12:51:32
jun,1,信用卡會員 登入時，時不時就在轉圈圈 ，能不能做好一點啊？ 你們家app在爛什麼啊,2024-09-10 15:59:06
Nancy Chen,5,good,2024-09-09 17:45:52
YI CHEN HSIEH,1,很不穩，常常都無法查詢電子帳單，覺得這麼大的公司連電子服務都做不好，想棄用換別家了,2024-09-09 14:53:45
Ming Tsung Yeh,5,轉賬順暢,2024-09-09 12:07:45
鴨,5,簡單 明瞭,2024-09-09 06:14:07
Jia Zhong He,5,很好！,2024-09-08 16:08:31
陳振發,5,很好用 很貼心,2024-09-08 14:29:28
蔡雯琪,5,超方便,2024-09-08 11:27:49
姷辰陳,5,舒適、可靠、值得信任的App,2024-09-08 09:51:33
江俞壕,5,👍🏿👍🏿👍🏿👍🏿👍🏿👍🏿👍🏿👍🏿,2024-09-07 16:55:44
蔡橙子,5,辛苦了，版面查詢簡潔明確。,2024-09-07 14:20:15
張沛瀅,5,好用，明確說明，操作方便簡單,2024-09-07 13:58:26
Vanessa Chang,5,使用直覺、方便,2024-09-07 11:01:21
王均衡,5,頁面佈置詳細合理,2024-09-07 11:01:01
黃巧妃,5,讚,2024-09-06 23:13:30
林嘉逸,5,點選使用很清楚，設定很方便。 感覺的出設計上很用心，讚哦！,2024-09-06 15:01:39
silentgiant1990,1,介面有夠醜的 加油好嗎...看看台新 國泰,2024-09-06 14:44:45
阿駿哥,2,1.成功登入後出現Loading就不能繼續了，重裝也沒用 2.生物辨識功能很難找到在那裏啟用 總結：而更加友善,2024-09-06 10:21:30
富蘭馬魁,5,Nice！連舊手機跑起來也挺順暢的。👍,2024-09-06 00:23:26
黃山,5,非常棒的設計,2024-09-05 08:07:39
藍幽,5,使用上很簡便舒適,2024-09-05 06:44:13
OREO PAT,5,網銀系統好用穩定,2024-09-05 06:34:53
余彥霖,5,有越來越符合大多數人的使用習慣 希望再加油努力的,2024-09-04 23:13:48
Hui Ying Yu,5,很方便，系統穩定,2024-09-04 17:30:35
張簡秀真,5,方便快速,2024-09-04 11:26:26
黃國忠,4,對持有該公司信用卡的持有人，繳款非常方便，也不會有繳款遲繳致產生違約滯納金,2024-09-04 09:28:23
林紹禹,5,加油！,2024-09-03 23:32:08
謝樺萱,5,介面清楚好上手,2024-09-03 22:17:09
阿麒麒,5,很方便的app，操作簡單,2024-09-03 18:01:54
Elegance Liu,5,操作方便,2024-09-03 13:20:48
黃成億,4,很好,2024-09-03 12:32:11
黃碧娥,5,操作方便,2024-09-03 11:37:15
張鳳音,5,讚,2024-09-03 08:32:10
use personal,4,好,2024-09-03 07:19:34
高良志,5,ㄧ目了然，,2024-09-02 19:22:05
YUN PEI LU,5,棒棒。富邦銀行，好用的網銀。,2024-09-02 18:22:27
蔡Kevin,5,好用,2024-09-02 16:06:55
Yin Oo,5,：）,2024-09-02 14:01:20
Baby Crazy,1,超爛. 更新了也一樣.卡死在登錄頁面根本進不去. 排擠安卓機？故意這樣卡顧客不給付款導致拖欠卡費你們誰要負責？？？,2024-09-02 12:53:52
羅翊庭,5,希望能增加信用卡剩下可刷額的,2024-09-02 10:22:00
哆啦A夢可愛,5,讚！,2024-09-02 10:15:18
蔡佾倫,5,好用，很方便。,2024-09-02 03:00:49
Owen Huang (謙),5,只能跟著手機配置暗色，介面有點醜,2024-09-01 21:24:50
VVV,5,好用,2024-09-01 18:01:15
Lau Charlie,5,不錯！,2024-09-01 15:58:25
Backer Chiou,5,好用,2024-09-01 10:19:51
66C08巫培善,4,如果要不要放置入性廣告，在功能上只要是判斷要輸入數字能自動跳九宮鍵的數字鍵盤就更好了,2024-09-01 10:03:03
劉春杜,5,使用簡便 易懂,2024-09-01 09:51:04
norton yu,5,方便，安全,2024-09-01 08:13:32
Art Duck,5,待開卡的卡號自動載入； 很貼心的系統功能。,2024-08-31 10:05:55
藍正一,3,"垃圾 App 早早宣布要升級 10.2 (06/16) 也老早更新至最新版本，07/15 早上打開 跳出強制更新 然後就進入無窮迴圈。 ""請立即前往更新，<> 《最佳的使用體驗》。 火䦨/火暴/骨豊/馬僉 2023/7/15 留下極度不滿意評論，過了一年 2024/8/8 才回應；好吧！1星 改成 2星。 2024/8/30 有新回應。積極度有提升，改 3星。",2024-08-30 09:58:47
paul lin,4,容易操作使用,2024-08-29 16:40:36
瑞凰除蟲消毒,5,很棒,2024-08-29 10:51:37
Chen-Chien Chen,5,介面直覺 使用方便,2024-08-28 19:47:00
蘇宏瑜,4,基本使用沒什麼問題，但希望轉帳後有個畫面可以截圖通知收款方，而非純文字，內容要有給收款方的備註資料,2024-08-28 12:01:54
Mars Chiang,1,即時餘額完全不準，錢都領出來了，竟然還顯示尚未提款的金額？！想要知道到底還有多少，還得進去轉帳看可用餘額，這不是很奇怪嗎？ 網路銀行，就富邦的最難用！,2024-08-27 22:30:08
ZHI WEI CHEN,5,好用 很順暢,2024-08-27 11:02:17
Hsinyu Lin,5,順暢不當機,2024-08-26 23:07:55
Yenchih Chen,1,"有富邦的信用卡,本想裝App以後可以方便查詢信用卡使用狀況及繳費，結果竟然不能線上註冊",2024-08-26 14:29:14
盧正宏,5,讚,2024-08-26 13:15:51
獅尾章,5,蠻好的,2024-08-26 08:41:53
xscs Xxcsc,1,機巴難用,2024-08-26 01:15:50
陳慧雅,5,尚可,2024-08-25 21:28:16
張金田,5,清楚說明,2024-08-25 15:45:42
黃淑媛,5,簡單明暸,2024-08-23 13:19:06
林美雲,5,快速便利,2024-08-23 10:35:42
Min-Chiao Chen,4,轉帳的歷史表單能否開啟刪除功能 上面一長串 謝謝,2024-08-22 15:16:44
林先生,5,明白，方便,2024-08-22 14:35:03
王均安,1,超爛超可悲,2024-08-22 10:15:32
Serena LinTing,5,使用上很方便,2024-08-22 10:03:56
Tan Tony,5,很好用，容易上手，介面設計使操作方便。很人性化。,2024-08-22 07:29:02
Ka Ru,1,每次都進不去，設了人臉辨識隔天又不能用了 登入都要一直輸入使用者代號什麼的 很浪費時間！ 有時進去一直卡頓不然就在維修中 請問可以在進去前就先通知用戶嗎？ 請麻煩好好的優化程式 謝謝,2024-08-22 01:13:09
孫仁廣,5,很好用可靠,2024-08-21 17:44:56
蕭筱耿,4,方便使用,2024-08-21 11:14:39
宜秀媽媽Ruby,5,app非常簡單好操作,2024-08-21 09:38:41
賴儀峰,4,簡單易懂,2024-08-21 09:32:21
ranger YU,3,網路轉帳推播訊息的交易密碼訊息通知收不到，跟著線上客服做手機設定也沒用，同手機之前都沒問題，app也是最新版,2024-08-21 06:01:54
jason boy,1,文字客服根電話客服都等太久了真的無法超過15分鐘電話費不用錢阿 在這樣我要換一家銀行用了。你們信用卡覺得服務不周,2024-08-20 20:20:09
楊慧瑜,3,用過別家的銀行app就能更深刻體會富邦app簡陋得有多像政府網站＆功能有多不人性化，要不是為了momo購物真的只有剪卡一途,2024-08-20 19:57:46
Egg Yang,1,垃圾app轉帳收款有夠複雜，排版超級爛，能不能學一下台新永豐，整個程式像70年代的東西，app的工程師可以找個年輕一點的嗎,2024-08-20 19:13:25
駱承澤,5,駱承澤 黑狼駱承澤玄狼,2024-08-19 18:30:01
w萬里,1,App不錯，但銀行本身信用不佳,2024-08-19 12:40:33
Atrex,1,你好，帳務通知訊息跳出的速度還是特別慢，之前有改善。可是剛剛又發生了，還有希望未來建議app出深色背景更換.,2024-08-19 08:24:23
爾莎,5,好用,2024-08-18 23:03:09
陳乃瑜,3,為什麼系統說立即需要更新，當下點選更新選項，卻一直只有顯示開啟使用不了？！當下要使用網路轉帳臨時沒辦法使用！搞什麼,2024-08-17 19:37:30
鍾林,4,使用方便,2024-08-17 17:56:23
文美芳,5,快速且方便,2024-08-15 22:53:17
Rebecca H,4,工程師辛苦了，人生就是活在人與人互相折磨的日子，還能埋怨什麼，所以介面可以再可愛一點嗎？ 我用app繳了貸款，金額一直維持原金額，我錢是繳到哪裡去了？是我繳的當下不會變要等二到三天再去看總金額是否有變化嗎？ 這樣很恐怖耶~,2024-08-15 13:31:21
范春敏,5,好用,2024-08-15 12:54:40
Huier Fang,1,登入龜速，我安裝了台新，玉山，聯邦都沒有這些問題，裝這個app要登入要看心情....不是偏鄉但登入的等待感就像二等公民....感受很差....重點是要關掉重登也不行...,2024-08-15 12:54:30
Anne Kuo,5,跟很多家銀行app比起來富邦真的超級好用,2024-08-14 17:21:19
HanBing Dao,5,好用。,2024-08-14 16:18:00
一日四月,2,看個貸款資料等到雷鋒塔倒西湖水乾,2024-08-13 23:48:42
yenping lu,4,"更新後的程式有bug,使用lucky pay掃碼，ios和安卓系統不能對掃，希望可以盡快解決",2024-08-13 21:41:59
Tracy,1,我要設定結果出現此手機已被（我的身份證字號）綁定，然後，我無法操作？？,2024-08-13 14:16:08
劉明輝,3,不大順暢,2024-08-13 09:39:17
徐雪雲（Snow）,5,比世華.中信託都好太多。,2024-08-12 13:36:44
Wilson Chen,5,介面清晰操作好入手,2024-08-12 11:15:35
A Shen Wang,5,好用，簡單明瞭,2024-08-12 08:39:04
DiKen,1,有夠難登錄，爛透了。,2024-08-11 16:33:32
怡秀,5,方便，快速，正確！,2024-08-10 19:00:49
張美雪,5,不錯用,2024-08-10 16:20:54
張志鵬,5,很便利很省時很進步,2024-08-10 11:53:12
Carol Chiu,4,畫面乾淨，操作方便,2024-08-09 15:28:04
SH LIU,5,好用。,2024-08-09 15:22:33
胡明昇,5,方便迅速,2024-08-09 15:12:43
何淑芳,5,很便利，查詢方便,2024-08-09 14:22:27
Ivy Huang,5,"非常好操作的app,希望可以愈來愈好！",2024-08-09 11:51:18
范振聲,5,Good,2024-08-09 11:39:05
黃秀蓮,4,方便查詢,2024-08-09 11:31:04
Raymond Ho,5,Good,2024-08-08 21:05:10
陳瑛瑛,5,很便利,2024-08-08 18:47:29
SU LING LIU,4,不錯用,2024-08-08 13:02:00
Allen Duh,5,謝謝辛苦開發這個APP的人員，謝謝 2023-07-15：一直說有更新，卻無法更新，解除安裝，整個重新安裝還是一樣，麻煩工程人員看看，是什麼原因，謝謝 2020-08-08 問題已經解決了，感謝工作人員,2024-08-08 12:32:51
Boxiang Huang,1,完全無法登入，點app要求更新，沒有更新的選項；刪掉重載也是一樣的問題，客服還打不進去......請協助，錢在裡面非常不安心 過了一年多才回，真夠用心,2024-08-08 09:20:17
Mary Lee,4,已無此問題：出現要更新，問題是app 已經更新，仍然出現要更新，重開機也一樣，怎麼都登入不進去，甚至解除安裝重新下載，也不行。別家行動銀行都沒出現過這個問題。,2024-08-08 09:06:30
3D Saxon,5,通知憑證更新，重新安裝後，就無法使用了，修改後就可以了,2024-08-08 08:40:40
Linda,1,密碼被鎖住很麻煩，非常難用！,2024-08-08 07:23:26
eric ck,3,我更新了進不去，一直叫我更新,2024-08-07 22:47:15
Norman Kuo,5,現在還不錯用,2024-08-07 19:19:54
陳嘉隆,5,對帳明細清楚好用,2024-08-07 14:07:17
張筱青,1,"無法使用，無法登入，刪除APP,不使用。",2024-08-07 12:53:35
ALEXANDER TSENG,3,無法臉部登入 差評,2024-08-07 11:33:16
劉諦,4,整體上使用還不錯,2024-08-07 07:06:12
Alvin Hsiao,5,清楚 直覺 方便,2024-08-06 23:57:29
Vincent Chen,5,安全可靠又方便。,2024-08-06 18:45:14
李舒迷（Schumi Li）,5,安全方便，穩定性高,2024-08-06 11:04:38
何俊平,5,使用時快速明瞭易懂,2024-08-06 01:21:31
王小元（大仔）,4,介面清楚明瞭,2024-08-05 10:50:04
Shih Su,1,垃圾系統 進不去怎麼繳費 垃圾,2024-08-05 09:44:15
RJ K,5,使用方便 直觀 好用,2024-08-05 09:08:00
心之助,5,讚,2024-08-05 07:32:03
邱明麗,5,快速方便，謝謝,2024-08-05 07:10:56
洪浩然,5,快速便捷,2024-08-04 21:50:44
Liu Jeromy (Clio),3,還有買賣外幣畫面怎麼沒有即時報價，牌告匯率也不揭示？是叫人傻傻的買嗎？ 已經是新版，那你們又提醒要裝新版，到底要什麼版號也不說，app 也沒做檢查新版，還要再去app 商店查也沒有新版，這不是擾人的提醒嗎？,2024-08-04 14:07:22
Ivan Tseng,5,操作穩定,2024-08-04 07:42:06
ben chao,4,流暢度好，圖示化可再加強一下就更完美。,2024-08-04 06:35:25
Ching lun Chiang,5,棒棒棒,2024-08-03 20:48:31
周恩祐,4,還行,2024-08-03 04:08:00
郁志剛,5,快速,2024-08-02 16:40:24
巫志霖,5,滿意！,2024-08-02 15:57:09
阿龍,5,好,2024-08-02 13:30:22
ashley chu,5,好用,2024-08-02 10:54:03
鈞默語,5,棒,2024-08-02 10:44:53
張桂群,5,好用,2024-08-02 09:14:20
WAREJIN,5,方便使用,2024-08-02 06:54:02
ZOE Fish許小魚,5,很好,2024-08-02 06:47:36
LOVE &PEACE,1,登入幾次都顯示系統資料更新中...想查個卡費都沒辦法 超不方便,2024-08-02 01:23:20
陳淑珮,5,即時快速,2024-08-01 13:09:36
Charming Wang,4,帳務通知沒金額很煩。,2024-08-01 10:13:21
平安,4,更方便使用！,2024-07-29 19:37:52
周于琦,1,按登入，轉了快一分鐘都還登不了,2024-07-26 16:48:50
學甲人（抖音搜續:愛吃真實的學甲人）,5,很好用，簡單,2024-07-25 11:34:11
Peggy Huang,5,希望能增加備註的限制字數,2024-07-24 19:19:55
便當犬,1,只會Loading的App,2024-07-24 18:20:40
Kelly Koe,5,Bㄒ小ㄒㄢㄢㄢㄢ小ㄒ小ㄒ日ㄡ,2024-07-23 16:46:11
呂金城,5,非常好用的程式，不卡頓操作簡單方便快速,2024-07-23 13:46:24
邱垂從,5,讚,2024-07-23 09:40:38
Marcelo CHEN,5,風險評估提醒及簡化程序非常,2024-07-22 13:40:45
小野,3,app開啟登入後，查詢金額就又被登出？系統當機嗎？,2024-07-22 09:38:36
Alice Ding,1,爛死了，改版後轉半天登入什麼都不能用,2024-07-22 09:33:48
陳大帥哥,5,讚,2024-07-21 19:58:03
侯語,5,使用體驗越來越好 從之前帳號刷卡不會即時通知 到現在所有的通知都非常即時迅速 越來越好 希望能再接再厲 謝謝富邦,2024-07-21 08:44:20
盈盈,5,設計很用心！,2024-07-20 01:33:46
何月燕,5,轉帳非常方便,2024-07-18 22:26:56
fresh annie,1,一直loading 無法進入登入畫面,2024-07-17 11:58:29
黃朝乾,2,繳費後更新很慢，有時候都懷疑自己是不是沒繳費！那麼大的銀行，APP搞得也太爛了吧！,2024-07-16 21:38:44
Kenneth Cheng,5,操作直觀，方便好用。,2024-07-16 15:42:55
李小比,5,跟別的銀行app相比確實好用多了,2024-07-16 08:38:39
longxing,5,很順,2024-07-16 07:44:58
eric hsu,4,好App,2024-07-15 15:14:04
Tsai Kevin,5,為什麼app都無法顯示可用餘額呢？一直顯示的並不是戶頭裡面的可用餘額，要去哪裡才看得到呢？,2024-07-15 00:19:53
遠,1,轉帳太多筆會被凍結真的很無言，還要舉證資料給銀行人員，非常麻煩，已經解除帳戶契約，永不在用富邦銀行,2024-07-13 13:25:33
林俊宏,5,很好,2024-07-12 17:27:51
eric hung,2,指紋辨識登入無法使用了嗎？已經設定指紋辨識，但登入仍要重新輸入帳號及密碼？,2024-07-12 16:05:36
映雪,5,簡單快速,2024-07-12 11:44:36
張耿誌燈張耿誌沒,5,無法更新無法更新之後再無法用之前可以用,2024-07-12 09:44:48
hydrated Bing,1,甚麼年代了，重複登入還要等session過期。,2024-07-11 17:28:05
hank hsieh,5,Good,2024-07-11 09:57:28
林偉祺,3,Luckypay要開通非約定轉帳就算了，為什麼開通還要多等一天？到底為什麼要搞那麼麻煩沒意義的設定？,2024-07-10 18:58:57
劉景銘,5,方便，安全。,2024-07-10 16:04:51
Google 使用者,1,到底有什麼問題每隔幾天就叫人更新APP ，推播跟EMAIL不曉得收幾次了，打開google play又沒要更新，真的是有病！,2024-07-10 12:43:02
邱子容,5,非常好用！！！！！,2024-07-10 12:36:08
Jason Borne,5,方便好用,2024-07-10 11:04:59
簡文通,4,我在6／17已更新版本了，請問還有更新版本嗎？,2024-07-10 10:15:48
Johnny Huang黃乃彥,5,Excellent,2024-07-10 07:09:01
陶小陶,4,請問這APP是最新版嗎？有通知要改版成最新。 不知 現在這是否是最新版本？,2024-07-09 23:34:11
黃雅芬,5,好用,2024-07-09 20:58:58
Han Hu,5,簡單明瞭,2024-07-09 18:47:51
吳尚達,5,使用方便,2024-07-09 15:45:30
黃凱泉,5,方便使用，感覺還不錯，,2024-07-09 12:03:01
小敏,2,要查詢繳款金額登入之後完全無法進入頁面！最後只能打客服才知道繳款金額！,2024-07-08 20:13:53
Alexa Tsao,5,使用十分方便，介面也滿好用的 最近一直收到要更新的通知，但從這邊沒看到可更新,2024-07-08 20:12:36
張鄀琪,4,速度快,2024-07-08 15:06:00
曾啟銘,5,介面簡單明瞭，功能實用,2024-07-08 13:11:48
ilona chao,5,介面清楚簡單 使用很方便,2024-07-08 12:53:21
嫺,5,字體大。畫面清。,2024-07-08 12:34:20
cindy Peng,5,方便使用,2024-07-08 11:30:24
Fanny Tu,5,👍,2024-07-08 10:52:17
淵鄭,5,Good Ok,2024-07-08 03:41:20
宇,2,最近使用富邦行動銀行已登入，但畫面中的所有功能無法點選完全沒有反應,2024-07-07 19:08:39
李美技,4,簡單，明瞭,2024-07-07 12:09:55
文松郭,3,",if5o讓人羨慕",2024-07-06 08:11:21
劉秉鈞,5,迅速又安全！便利且實惠！,2024-07-05 23:34:48
陳繼文,1,信用卡會員登錄卡超級久,2024-07-05 19:00:58
黃美英,5,簡單明瞭很方便使用,2024-07-05 14:45:06
周建宏,1,就已經更新了 還一直寄信通知 煩不煩啊,2024-07-05 13:42:44
Ann Lin,5,好用又方便,2024-07-05 12:56:38
陳水照,4,不評論,2024-07-05 11:06:44
CHUANG SUMEI,5,簡單方便容易操作,2024-07-05 07:55:08
堯,1,卡loadong,2024-07-05 03:15:43
vivian kao,5,操作簡便,2024-07-05 02:24:24
Sophia Liu,5,"非常好操作, 簡單易上手, 使用起來不會茫然無措，很滿意！",2024-07-04 15:58:27
陳小蓁,1,完全無法登入,2024-07-04 14:24:49
Studio Halo,5,很好,2024-07-04 11:31:27
BLAIR,3,icon設計、版面配色、字體大小不是很專業，綜觀其他家行動網銀，就連上海商銀都還算中規中矩。明明是金控的翹楚，也有在做網銀的使用問卷，但怎還是讓人感到落後？,2024-07-04 10:07:49
Ting Hung,4,不錯喔,2024-07-04 06:39:24
Steven Chen,5,查詢方便明快,2024-07-04 03:35:49
Blue Kuo,5,還不錯,2024-07-03 19:49:14
鍾阿泰,5,棒,2024-07-03 15:25:18
Tzu Hsuan Chuang,2,每次登入成功後一直轉圈,2024-07-03 15:16:57
周周萍,5,非常好用,2024-07-03 14:37:13
Eric Fan,4,問題解決還可以,2024-07-03 00:12:26
曾子軒,5,介面清晰，簡易操作，直覺感受，值得推薦。,2024-07-02 15:41:20
Samson Huang,5,查詢方便快速,2024-07-02 14:05:49
vanessa chiang,5,若是可以，學習玉山銀行線上預約銀行預約掛號,2024-07-02 13:06:08
chuya888,5,簡單明瞭,2024-07-02 12:33:49
T CC,4,很方便,2024-07-02 11:25:38
Tun Hwa Lin,5,讚,2024-07-02 10:38:39
Sheng,2,介面不夠美觀，回饋也不是單筆給，拜託改進，感謝。,2024-07-02 09:14:52
Min Jie,5,好用,2024-07-01 17:52:21
Lancy Cai,5,使用方便,2024-07-01 14:26:58
卓宥宏（Taku）,5,很好,2024-07-01 13:48:51
謝詠吟,5,老人網路菜菜，但還是具不離開富邦,2024-07-01 13:16:31
加油,4,繳費功能稍差，1.沒有台中市停車費 2.沒辦法直接輸入電話號碼就帶出本月應繳金額,2024-07-01 11:53:44
Nadia Ma,5,簡便，好用,2024-07-01 10:09:24
林希孟 序12,5,給你五星,2024-07-01 08:32:12
Richard Chen,5,非常流暢好用,2024-07-01 06:47:11
陳宏毅,5,方便安全,2024-07-01 06:37:13
余朝財,5,簡單明瞭的選項。,2024-06-30 00:22:46
褚文英,5,操作介面人性化,2024-06-28 15:40:43
李金諺,2,介面不美觀，首頁捷徑整天跳新的沒用 icon 出來，還沒辦法關閉海外刷卡，在用過的銀行 APP 內是最難用的,2024-06-27 11:40:08
YAO-KUO CHEN,5,快速方便,2024-06-27 09:45:29
JJJ,5,不錯,2024-06-26 10:56:25
王又,5,清楚明白的介紹和引導 讓使用者操作 不會顯得困難,2024-06-25 15:53:01
王麗民,5,我已經加Line了謝謝啦,2024-06-25 12:58:14
Yang Buckson,3,很順便宜好用,2024-06-24 11:13:55
達觀,5,O.K.,2024-06-22 08:24:44
Mo,1,什麼時候才有線上管理信用卡功能,2024-06-21 16:48:58
Ti-Hui Lei,5,簡單不囉嗦,2024-06-21 10:59:10
小斌,5,好用,2024-06-20 22:45:12
蔡淑雅,5,用來買momo的商品，還可以賺momo幣。,2024-06-20 21:09:19
Dora,1,因為網路問題沒登入成功，要再登入時，說已經登入了，請 5 分鐘後再試一次。要用網頁登入，也說在 app 上登入了。明明就沒有登入成功。因為這 5 分鐘之差，活動登錄已額滿，還真是優秀的 app 阿。,2024-06-20 15:38:11
Me Show,5,讚,2024-06-20 14:47:19
王宣惠,5,還不錯,2024-06-20 13:10:05
李華祥,4,APP 沒有查詢跨行優惠次數的功能，還要去網路銀行，超麻煩,2024-06-19 18:48:41
Tina Cheng,5,容易操作,2024-06-19 10:37:01
蘇世裕,2,連線十分鐘， 上不了。,2024-06-18 18:07:22
ARNOLD SU,1,無法更新,2024-06-18 17:18:51
77milkpluschoco,4,操作簡單直觀,2024-06-18 12:17:03
小寶貝怡伶,5,簡單好用,2024-06-18 11:24:29
Linus Clark,5,不錯,2024-06-18 10:18:54
方榮堂,5,到底抬頭看看的,2024-06-18 07:50:58
Alex Wang,5,還不錯,2024-06-17 23:30:44
Oliver Lee,5,方便好用,2024-06-17 18:28:36
Gavin Eagle,5,Very nice,2024-06-17 17:24:24
張秀珠,5,好用！讚讚呦～,2024-06-17 17:11:07
han Cheng,2,都什麼時代了，在android上不能支援人臉辨識登入？只能用手勢和密碼登入也太落伍了吧！,2024-06-17 15:01:45
Ting Chang,1,像活在win97的畫面，很多東西都很不直覺，主介面充斥著一大堆不必要的功能選項，AI難用的要死 用過多家銀行的app，玉山是最跟得上時代在進步的，希望富邦好好跟人家學習一下,2024-06-17 12:19:56
撒旦,2,指示標示不清 一下說是網路銀行 一下說是數位帳戶 新戶2.5%根本像是詐騙 乾脆不要給,2024-06-17 00:31:42
Gino Chi,5,操作便利上手,2024-06-16 21:17:03
Chinfu Chen,5,使用上很便利，app跑起來也蠻快速的，顯示應該不太厚重，就銀行app來說，很棒。,2024-06-14 18:41:21
郭芳玲,4,Ok,2024-06-14 08:37:15
william ou,5,好用,2024-06-14 07:50:09
Wei-Hung Chen,1,簡訊驗證常常收不到,2024-06-14 07:15:57
藍婉綾,5,非常方便,2024-06-13 18:48:50
智原,5,直覺反應，自訂功能偏少,2024-06-13 15:01:29
Brian Hsu,5,跟其他銀行app比較後，這個app相對操作還是比較直覺方便的,2024-06-13 10:46:03
Sir Yang,5,深入淺出，操作容易,2024-06-13 00:48:31
沈桓慶,5,軟體操作很穩定，網路上的說明書也容易查詢,2024-06-12 17:16:32
Carson Liu,5,簡單易操作,2024-06-12 11:31:24
lao良,5,方便使用，安全有雙驗證。,2024-06-12 05:44:47
Chang Steven,5,棒,2024-06-11 21:05:39
劉秋慧,5,很便利,2024-06-10 22:00:05
蔡維真,5,容易操作,2024-06-10 10:51:58
賴榮發,5,米其林不其怪 黑紫米飯級 吃飽飯練笑誇話,2024-06-10 00:14:02
呂大銘,5,操作一目了然，很快查到所需。,2024-06-07 14:17:12
Living Hsiao,5,好用、方便。,2024-06-07 10:43:55
暴躁小喵,5,操作介面簡單扼要,2024-06-06 20:05:26
曹嘉宏,5,方便使用,2024-06-06 18:37:15
Tom Po,5,程序簡潔好用,2024-06-06 18:20:08
林啟明,5,贊,2024-06-06 16:43:49
林阿諾,5,只有富邦 可以超越富邦 加油,2024-06-06 16:02:08
PinWei Wang,3,Google pixel 4 沒辦法臉部解鎖....,2024-06-06 13:25:36
張仁鴻,5,Ok,2024-06-06 11:58:03
世明鄭（Ming）,5,好用，加油,2024-06-06 11:10:35
suyumei suyumei,4,方便使用,2024-06-06 11:04:23
Jwoluen Hor,2,"2024/06/06，説好的，我的主頁我決定，但是富邦信貸廣告，就是關不掉，佔據主頁位置，礙眼，遮擋，令人反感！ 2023/07/15原本好好的，正常使用的軟體，突然無法使用！提供錯誤的訊息指示，浪費客戶的時間。 1. 2023/07/15 早，一直出現“富邦行動銀行憑證已更新”的畫面，並指示""請立即前往更新...""，無法進入富邦行動銀行？ 2. 依指示，進入Google Play，已是最新版本，無更新按鈕。 3. 將軟體移除後，重新按裝，結果相同。出現“富邦行動銀行憑證已更新”的畫面，並指示""請立即前往更新...""，無法進入富邦行動銀行！ 4. 透過各種途徑，將問題反映給台北富邦銀行。 2023/07/15 11:10 收到簡訊通知 富邦行動銀行Android版本因進行憑證更新作業，7/15將暫停服務（iOS版本可正常使用），「暫停服務」期間請改用網路銀行，造成您的不便，敬請見諒。",2024-06-06 08:36:39
Jane,1,一直無法登入但信箱又告知傳成功登錄很奇怪,2024-06-06 03:12:19
謝嘉男,5,讚,2024-06-05 19:15:04
盛煜章,5,即時方便好用好查,2024-06-05 16:13:36
breakmask,5,方便好用,2024-06-05 14:55:21
黃祥珍,5,功能跟使用便利性越來越好了,2024-06-05 08:55:18
Patrick Huang,4,使用Xpreia 1v 的lucky pay時掃碼的對焦總是比內建的掃碼器慢很多，需要花很多時間掃碼,2024-06-04 22:53:31
pancake pancake,1,頁面很沒有設計感,2024-06-04 16:03:29
lai 賴chao ying昭英,5,功能非常完備， 另求，因為家人是外藉人士，希望簡訊能有英語版,2024-06-04 15:41:45
黃莉惠,5,介面清楚，使用感覺良好,2024-06-04 13:16:12
謝.乙民,5,好用,2024-06-04 09:12:13
黃裕婷,5,方便好用,2024-06-03 18:56:31
Alice Apple,5,使用簡易,2024-06-03 13:18:42
陳裕方,5,總冠軍,2024-06-03 11:57:25
陳小靜,5,介面簡單好用,2024-06-03 11:43:52
kelvin fok,1,登入後loading超久,2024-06-03 09:36:23
顧小姐Coco,4,還不錯用,2024-06-03 02:06:33
Ming Kuo,5,超好用,2024-06-03 01:32:54
Tsai Sherry,5,視覺化易懂好操作！,2024-06-03 00:44:55
CHG LIN,4,繳費怎麼沒有國民年金繳費項目？,2024-06-02 20:06:08
小饅頭頭,5,簡單明瞭，好用！讚！,2024-06-02 19:04:56
呂理成,5,操作介面平易近人,2024-06-02 19:01:56
鄭安琪,5,很棒很詳細,2024-06-02 12:55:52
樹蓉黃,1,容易使用,2024-06-02 12:07:57
林懋興,1,只是想查信用卡帳單 進來這頁面要我下載這APP 真的想幹譙一下,2024-06-01 16:56:55
陳奕全,5,很棒,2024-06-01 14:24:59
陳美合,5,方便操作,2024-06-01 12:32:23
s.t. Shiau,1,在Xiaomi Pad 6上無法安裝，第一次碰到在平板上無法安裝。有辦法改善嗎?,2024-06-01 09:44:06
鄭鈞元,5,"實用App,方便金控.",2024-06-01 08:45:18
Claire Chang,5,使用順暢，功能好找,2024-06-01 07:51:53
羊安格斯,5,直覺易懂,2024-05-31 13:56:50
Ming-shen Fu,5,詳盡,2024-05-29 21:36:34
ju chen,5,Good,2024-05-29 07:33:57
Susan Lai,5,迅速確實,2024-05-28 11:26:31
Whs L-,5,簡單清楚,2024-05-27 20:32:02
邱擎宇,5,清楚好用,2024-05-24 15:25:03
Andy Luan,5,🙏🙏不錯用,2024-05-24 14:30:50
David Liu,5,good,2024-05-23 19:47:48
范裕詮,1,信貸廣告放在首頁中間 到底是什麼白癡設計 要打廣告也不設計漂亮一點 不美觀又礙眼 對齊角落很難嗎 看到這樣的設計就不會想使用,2024-05-23 03:24:21
victoria hung,5,使用流暢，操作簡單，介面清晰,2024-05-22 23:16:14
彭凱祥,5,讚！,2024-05-22 15:13:14
Jenny Chen,4,希望可以增加管理信用卡的功能 可以自己設定國內外刷卡或是限額 比較安全,2024-05-22 14:10:25
Purple Chang,2,下載超過一年，每次要申請快速登入都會卡住停格，但信箱還是會通知已登入，APP永遠要重新key in 帳號密碼才能登入 我有在使用的銀行APP超過五家，就只有富邦的這麼不方便，所以一直不想去開戶🙄 都有確認過是最新版本，也沒有阻擋不知道是不是因為沒有富邦帳戶只有信用卡才這樣為難我們..,2024-05-22 12:15:05
無尾熊,5,讚,2024-05-22 09:57:41
商nice,1,網路打不開....,2024-05-22 07:10:55
湯明謙,5,超好用,2024-05-22 00:27:11
juju a,3,實在覺得很奇怪，沒登入時繳費那欄項目會出現很多，等我登入後繳費欄項目只有出現台北停車費繳款，這是怎麼回事，重新下載還是一樣,2024-05-21 22:52:07
george fan,5,初次使用尚不錯,2024-05-21 22:45:38
簡嘉德,5,蠻好用的,2024-05-21 16:06:35
Jenner Lin 林金保,5,方便使用,2024-05-21 11:08:31
施淑絹,2,麻煩囉嗦，代碼？密碼？,2024-05-20 07:58:14
byron wang,4,廣告太多,2024-05-18 17:48:21
林建平,3,再加油,2024-05-18 00:06:13
劉立芸,3,爛，不好用,2024-05-17 07:51:49
蔡岳勳,5,棒,2024-05-16 17:34:45
黃雯英,4,方便快速，很好使用！,2024-05-16 07:37:08
許達達,1,登入一直讀取中不能使用,2024-05-15 14:59:34
徐一一,5,仔魚昂。3.6；；1‘’,2024-05-15 08:46:14
小蘭,5,很方便使用,2024-05-14 12:02:36
十次元領域,3,希望首頁速查帳戶存款的部分能多列一條“可動用餘額”，方便使用簽帳金融卡的user。,2024-05-13 19:55:49
張湲鈴,4,還滿好操作的,2024-05-13 16:12:00
陳丹馨,5,速度快,2024-05-13 14:30:15
eetw001 L,2,每次登入就會一直轉圈，但是不會進入登入畫面，關掉重開之後又要求重新登入，重新登入之後又說原來已經登入沒有退出。,2024-05-13 11:27:06
劉世賢,5,好,2024-05-13 09:45:41
小寶,1,有夠難用！一般帳戶跟信用卡分開！要重瓣使用者代碼跟密碼！為何不直接合併就好！？隨便要這個資訊都找不到！爛爆,2024-05-13 04:00:14
水Agnostic,3,這個APP沒有辦法在「小米平板5」上面使用… 不方便，請改善…,2024-05-12 15:24:02
天邊一朵雲,1,畫面雜亂、操作不直覺要找半天。 使用率低,2024-05-12 15:09:25
Ming Hsien Wong,5,非常好，請繼續維持！,2024-05-11 22:51:08
Lorinda Chang,5,好用，易上手,2024-05-11 10:04:54
lfat54,5,方便使用,2024-05-11 06:29:46
陳震謙,5,介面使用清楚方便 餘額顯示希望能再明确,2024-05-10 21:08:23
許詒茵,4,順暢,2024-05-10 20:13:56
李淑真,5,還滿不錯用的,2024-05-10 18:14:45
Ke K,1,手勢登入圖形，圈太大，線太粗，很容易誤劃到別的圈造成錯誤，請改進，謝謝。,2024-05-10 14:08:08
Rongde Liu,3,速度有點慢,2024-05-10 08:17:54
潘宏濤,5,比較贴心❤️,2024-05-10 05:19:36
蔡仁瑋,1,內建QRCode很難掃描…,2024-05-09 15:31:42
宥誠施,1,一直轉圈跟卡著……到底為何要做這個APP,2024-05-08 08:21:20
晨文,3,怎么沒有信用卡消費分析,2024-05-08 05:50:03
陳家妤,5,一目了然，也不會卡卡的，用起來很順暢！,2024-05-08 00:24:13
一條豬,1,app突然不能買外幣，打電話去詢問，兩個客服說的方式不一樣，一個說線上可以處理，一個說要到據點處理，搞什麼東西，看不懂,2024-05-06 21:42:22
陳聰賢,5,好貼心實用,2024-05-06 20:13:24
陳先生,5,OK,2024-05-06 16:48:40
龍姵婕,5,方便好用,2024-05-06 15:52:13
陳威益,5,非常好用跟便利,2024-05-06 13:39:18
張麗華,5,好用,2024-05-06 11:54:35
呂翎翎,5,還是不順暢,2024-05-06 07:35:08
郭金銘,4,方便好用,2024-05-06 07:26:29
林魚,5,👍,2024-05-05 12:11:12
Vincent Chu,5,很好使用，謝謝,2024-05-05 00:21:53
David yeh RC,5,很適合,2024-05-04 12:59:23
Joy C,5,很棒,2024-05-04 10:40:13
Augustus,1,使用介面簡陋難看，2024年我以為我還在用2012年的APP，學一下國泰世華好嗎？,2024-05-03 23:40:14
Kevin Liu,5,APP簡單明瞭易操作,2024-05-03 21:03:01
Joyce Hsu,5,網頁清楚明瞭，使用起來很舒服、方便。,2024-05-03 13:52:37
謝家羚,5,個人覺得好用,2024-05-03 12:47:14
k k,5,好用,2024-05-03 10:44:57
hsienyih szeto,5,很棒，能跑更快 更棒：）,2024-05-03 07:08:17
Steven Yang,5,使用方便，人性化，速度也快。,2024-05-02 22:19:19
許文耀,1,到底給不給繳信用卡費都更新完了還在那邊不給登入白眼,2024-05-02 14:44:31
Lee eric,5,Good,2024-05-02 14:18:33
Peiying HUANG,3,使用沒問題,2024-05-02 07:10:38
徐樂明,5,直覺簡單,2024-05-02 07:03:29
wen hsueh,5,很好,2024-05-02 07:00:58
YC C,5,很不錯,2024-05-01 23:04:03
朱淯清,5,Very good！,2024-05-01 18:33:06
張小孟,5,第一次申請線上網銀使用及密碼很簡單順利,2024-05-01 18:03:08
李正筆,5,流暢,2024-04-30 20:42:11
王淑娟,5,查資料很方便囉！,2024-04-30 12:15:45
國上張,5,簡單，方便,2024-04-30 07:01:49
黃冠傑,1,爛！！！ 1. 刷卡無法即時反應刷卡資訊 2.現金回饋顯示不透明 （例如：別間顯示是XX回饋1% 87元，XX回饋2% 250元，清楚明瞭）3.現金回饋富邦J卡 日本在地消費台幣25000元 回饋金只有110元 （那我辦J卡幹嘛？） 總結：要不是有富邦摳死多 不然絕不繼續再用富邦產品,2024-04-28 11:52:26
王露露,1,密碼不能有連續四個英文或數字，我這輩子第一次碰到這麼刁難人的規定！密碼不合規定，還把我剛才打的信箱和帳號也清空，我不申請你們的信用卡了可以吧？,2024-04-27 20:32:32
Yee White,1,爛,2024-04-26 15:01:59
Lu Andy,5,直覺介面讚,2024-04-26 10:23:06
Caroline Sun,1,一直轉圈圈登入不了，查不了信用卡帳單明細，更新了也一樣，loading~~~轉轉轉轉轉轉轉轉轉轉轉到失去耐心，就是登入不了，非常糟糕的體驗，已刪除app。,2024-04-26 03:28:53
Lucas Lou,5,快速登錄希望可以像全支付那樣，可以選擇指紋＆Face （臉部辨識），台新銀行＆聯邦銀行都有指紋與臉部選項可以選擇登入 本人有使用五家銀行app，中信，富邦，國泰都沒有臉部辨識可以切換選擇，僅有指紋,2024-04-26 01:12:44
JC,1,信用卡消費不會通知，要是被盜刷完全不知道,2024-04-25 22:27:38
Petet,4,還不錯,2024-04-25 20:59:33
彭仲平,1,一天到晚轉圈圈,2024-04-25 19:50:32
HAU,1,爛死了 一直卡住無法登入,2024-04-25 19:44:29
Sihhan Young,1,登入就卡在loading,2024-04-25 19:33:36
ANDY FENG,1,無法下載 無法更新 2024/4/25 又無法登入 一直在登入畫面轉圈 我還是連富邦信用卡一起停掉 換一家系統比較穩定的銀行好了,2024-04-25 19:32:20
李後錦,1,網路沒問題，卻卡在轉圈圈無法登入,2024-04-25 19:25:04
Dan Chen,1,"2024/4/25系統又崩潰 一直顯示 富邦行動銀行憑證已更新為保護您的資訊安全,富邦行動銀行已更新憑證,並提供新版本供下載。 請立即前往更新,享受最佳的使用體 驗。",2024-04-25 19:07:50
維特謝,1,一直不能登入，一間這麼大的銀行做這麼爛的app,2024-04-25 19:07:23
Quins,2,質感與直覺感還有滑順程度都輸別家銀行欸，賺那麼多請升級一下謝謝～,2024-04-25 19:04:40
joey Koko,3,1130425 維修嗎？,2024-04-25 18:58:50
Shen,1,登 不 進 去 ！,2024-04-25 18:56:11
chen iris,1,一直轉圈無法登入,2024-04-25 18:49:05
횐리여,1,今天一直轉圈進不去,2024-04-25 18:37:51
陳燕輝,5,功能豐富，使用方便，讚,2024-04-25 15:12:57
陳柏佑,1,無法連結「集保e手掌握」，之前明明可以，這次重連卻顯示「授權失敗」「非法進入」🤬🤬🤬；希望可以在「帳單明細查詢」頁面顯示各張信用卡的消費總額,2024-04-25 10:13:37
莊大永,5,非常實惠,2024-04-24 10:47:09
珊珊,1,"为什么我人在海外,并使用翻墙软件,还是无法更新?",2024-04-24 09:29:22
A Fan,1,應該是自從某次更新後 已經好幾個月沒辦法登入了 一直轉圈圈,2024-04-23 16:15:56
林靜宜,5,整體畫面活潑，色彩豐富，連結相關資料快速,2024-04-23 12:38:38
李阿叔10,1,爛,2024-04-23 12:37:26
姓氏（JONEY）,1,密碼誤按三次要更改帳號密碼，都輸入完資料後，選擇確定會寄發簡訊到手機裡，要輸入簡訊內的驗證碼才能完成更改帳號密碼，但要點開簡訊看就必須要跳出app回到手機桌面，等我看完要回到app內輸入時，更改的介面不見了居然直接回到app主頁，已經試過4次了，沒有一次可以， 請修正！！！,2024-04-23 11:16:43
Austin Wang,1,不人性化，項目多，直覺性不高,2024-04-23 01:17:58
林俊希,4,簡單清楚,2024-04-22 21:38:29
堯哥,3,app人性化，些許功能很好用；但帳戶提存款無即時推播功能，是否可新增？,2024-04-22 18:14:46
Army BTS,5,簡單又快速 不卡 比新× 玉×網銀 好N倍,2024-04-22 13:21:57
zheng yang Tang,1,整天要登錄爛死了,2024-04-22 09:34:22
Hoshi Yama,1,常要更新，帳單通知也有跳沒跳的，信用卡日本回饋也難搶，我已經在辦新銀行的，要剪掉了，辛苦了,2024-04-21 17:20:34
吳玟蕙,1,信用卡活動寫說裝App登錄，結果連登入都登不進去...Loading沒完沒了... 重開三次，浪費很多時間，直接刪掉,2024-04-20 16:09:52
何宗勳,5,讚,2024-04-20 09:54:54
王聰敏,5,網路存放款非常方便,2024-04-20 07:43:02
張儷齡（Iris Chang）,5,Good,2024-04-19 16:26:55
新欽洪,5,方便,2024-04-19 09:14:26
葉宏斌,5,快速方便，查詢不用往返銀行，節省不少時間，便利的服務細節°,2024-04-18 18:34:16
徐原興,5,很好,2024-04-18 12:55:48
程敬儒,5,好用👍,2024-04-17 18:50:56
丹尼爾陳,5,好用方便,2024-04-17 16:52:52
Jimmy hong,1,爛死了,2024-04-17 15:53:24
涂文信,5,Ok,2024-04-17 15:50:24
白桂英,1,請問，到底要更新多久？ 一直轉圈圈~,2024-04-17 11:23:29
Nancy Cheng,5,讚👍👍👍👍👍,2024-04-16 23:11:31
蔡維綸,5,不錯,2024-04-16 18:48:14
歐正華,1,下載更新不了，貴程式出什麼問題？我們所有的事情都要臨櫃了？,2024-04-16 16:24:43
Ken Lin,1,Lucky pay無法用秀圖碼轉帳，一直出現無法識別,2024-04-16 12:59:28
Jam Tony,5,最近app都沒法繳信用卡 明明網路登錄就有帳單是騙誰，但是應用程式卻一直顯示無帳單，這問題有夠超過，兩三個月了，並且已經登錄或登出換電腦等一直不給我登入是怎樣？？ 信用卡帳單問題如果一直不解決有夠糟糕，這麼嚴重的問題一直沒改善，如果一直沒改善我認為到時候我會向金管會檢舉,2024-04-16 09:16:15
Luke_Joanne YU,5,方便,2024-04-16 08:54:57
葉時行,3,原來使用者能自行添加約定帳戶的說明。只是這功能藏得有點深啊。希望能改成比較直覺化，像其他家銀行(例如第一、永豐)一樣在轉帳時就能編輯約定帳戶的備註說明。,2024-04-16 08:54:42
陳寶惠,5,便利好用,2024-04-16 02:00:04
晴,3,App 消費通知不夠即時 ，都已經離開收銀櫃檯50多分鐘才收到消費通知，而且訊息內容竟然還不會顯示消費金額和地點，希望能夠加以改進！,2024-04-15 22:59:30
徐子涵,2,ttd2u÷×',2024-04-15 12:11:41
洪楷崴,1,基本功能（餘額查詢或交易紀錄）找都找不到 太不直覺了,2024-04-15 05:57:37
周子揚,4,很好操作,2024-04-14 18:37:20
林俊明,5,讚,2024-04-13 16:40:00
Vito Wen,1,真的很陽春，使用者體驗很差 貴公司的UI/UX team需要再加強 拜託去參考其他銀行的APP...,2024-04-13 12:00:42
陳武彥,1,永遠登不進去,2024-04-13 08:58:04
Chou,1,一直推信貸廣告，還強制顯示,2024-04-12 17:41:09
黃顯棟,1,不好用,2024-04-12 17:20:33
beaglekuo Kuo,4,簡單,2024-04-11 21:37:16
Vivi Lee,1,登入不了 一直轉圈圈,2024-04-11 06:51:56
趙和謙,5,效率、親切、安全與方便,2024-04-10 15:12:16
ANNIE LIN,3,一直在loading 畫面.....根本不能登入，好幾天了耶！！！！銀行app這樣會不會太可怕了,2024-04-10 02:51:09
冰水果（冰水果）,1,麻煩業務員 電話過來 基本禮貌越來越爛 說不需要貸款 直接掛電話 你們現在是如何啊？ 不需要現在連基本禮貌都沒有了！？ 素質原來是看業績表現啊？,2024-04-09 22:46:12
Jerry Lee,1,在所有銀行的APP裡面最爛的就是這個，繳完信用卡費用也沒顯示，那我還安裝你這個爛APP幹嘛,2024-04-09 21:11:02
KEVIN Chen,4,還好,2024-04-08 23:08:10
QQ妹,5,好棒,2024-04-08 17:03:02
鍾秀雲,5,讚！,2024-04-08 15:30:36
Kay Hsu,3,"因為App無法看到自己的跨行轉帳與提款免手續費次數，一直不敢轉太多錢到富邦去，現在才發現要網頁登網銀才能查詢覺得很瞎，使用app就是為了方便,這設計似乎已造成使用者使用上的不便！",2024-04-08 14:37:38
allison huang,5,使用過程流暢,2024-04-08 10:51:03
順,5,帳務資訊迅速獲得，感謝工程師和貴行行員，謝謝您！,2024-04-08 10:07:02
鴻哥設備士-陳駿鴻,5,"好用,系統穩定,操作簡單",2024-04-08 02:47:35
淳翊柯,5,很好用！,2024-04-06 14:33:19
Qaqcool Qaqcool,1,"登入一直轉圈圈登入不到 切換飛行模式再來,就會跟我說「使用者重複登入,請五分鐘後再嘗試」 五分鐘後再嘗試,又是一個新的循環了 都多少個版本了,工程師都不把這Bug修復一下嗎 與其在每次更新新增要在成功登入後才能享受到的新功能,還不如在下次更新修復好原有的Bug",2024-04-05 15:47:05
Fish Yu,5,很不錯用喔,2024-04-05 15:45:03
Sam Su,4,讚啦,2024-04-04 20:34:34
趙諾門,1,登入網路銀行就進到信用卡選項頁面，存款選項都不見，沒登入前頁面都還看的到， 登入就不見。我要怎麼看存款啊,2024-04-04 12:05:00
east Double,4,好用,2024-04-04 11:55:56
Sang Huang,5,簡單方便快速,2024-04-03 16:01:19
黃金枝,5,好使用,2024-04-03 15:33:43
Ting-Yao Sun (帥阿毛),1,登不進去,2024-04-03 08:23:29
方美才,5,很棒很方便的網路銀行…,2024-04-02 20:11:08
蔣Dandan,5,Good,2024-04-02 18:57:49
་ཀྱི་ཨང་དང་པོ། ང་ནི་འཛམ་གླིང་ཡོངས,5,更新了還是進不去,2024-04-02 17:36:24
Vickie chen,5,轉帳快速,2024-04-02 13:41:11
幾分紅,5,功能切換清楚明瞭，人性化。,2024-04-02 10:24:31
徐阿宏,5,功能符合操作需求,2024-04-02 09:40:12
Bayas Ning,5,一目瞭然可以看到自己想用的項目,2024-04-01 23:45:20
lin jerry,1,無法與華為的鴻蒙系統相容,2024-04-01 22:04:21
林佳霓,4,簡單操作。快速明療。.,2024-04-01 13:52:46
御門幻流,5,操作上沒什麼問題，便利性高,2024-04-01 12:19:00
ALICIA CHUA,5,目前覺得還蠻好用的，工程師加油,2024-04-01 12:06:55
騰哥（二少）,5,讚，好用,2024-04-01 11:22:30
林宸安,5,請問一下你們的邦你存，取出錢來，甚麼時候會到帳戶裡？這幾天都沒看到！,2024-04-01 10:04:10
ava y,5,操作介面清楚好用,2024-04-01 09:15:11
龍阿迪,4,中規中矩,2024-04-01 08:18:29
李建德,5,功能齊全，使用方便。,2024-04-01 01:00:04
jason19870304,5,良好使用,2024-03-31 18:19:53
Tiffany CHEN,1,APP超難用，點選服務據點一直出錯轉圈圈無法顯示，還整個APP當掉，只能退出重現進入APP才能繼續使用其他功能，更新APP後一樣無解。 目前用過最難用的一款銀行APP了，工程師請加油好嗎？,2024-03-31 16:46:19
Albert Lin,3,今天來抱怨數位帳戶：我過去自己辦數位帳戶後透過App視訊審核可以將非約定轉帳額度升到5/10/20萬；近日協助70歲初頭（健壯頭腦清楚）母親申辦，辦成功後，待要再視訊升額度時卻直接秀出此帳戶無法執行之錯誤，去電後被告知因內部審核此帳戶無法升級需臨櫃轉成一般戶；非常傻眼生氣，我們就是想要省去去現場的時間和需要數位的高利等優惠才辦，並不想要一般戶好嗎？你們是歧視老人嗎？你們是歧視國中畢業嗎？你們數位帳戶做半套嗎？如果說是預防老人被詐騙那請問每月上限5萬跟20萬差很多嗎？會被騙就是騙，申請時一開始填出生日就應該要卡關或告知清楚了好嗎？怕老人被騙那就乾脆數位直接限制年紀或學歷怎樣不給辦，而不是辦完變閹割功能，最後白辦了，真的浪費了我們許多填表時間！！！,2024-03-29 21:25:45
louis Shieh,1,這是目前使用最複雜的登入軟體,2024-03-29 16:56:36
sc you,5,很順手,2024-03-29 07:49:44
PENG CASH,5,快速，方便，好用。,2024-03-27 10:06:00
史坦Stan,5,個人感覺系統介面設計很人性化，各服務或選項分類算很仔細。,2024-03-26 18:35:31
劉祈岑,5,富邦 APP 非常好用值得推廣,2024-03-26 14:02:05
東華的小白,5,轉帳10次免手續費的優惠不錯,2024-03-25 19:11:08
黃崇堯,1,能不能把跨行轉帳提款優惠次數放在app顯眼的地方,2024-03-25 16:01:44
寬正,5,方便省事快速,2024-03-25 12:03:10
JP愛好自由,4,不錯用,2024-03-24 12:42:53
kuanj,3,轉帳好用，但lucky pay不好用,2024-03-23 23:45:54
derek jian,1,‘’台北富邦客戶您好，為保障您的權益，請您撥冗檢視留存的Email是否正確，如需更新您可透過網路銀行或洽鄰近分行、本行客服，謝謝！ ‘’結果最後一個步驟回覆*失聯狀況不能更改*，真是莫名其妙!!!,2024-03-23 20:35:01
徐judy,5,感謝提供簡單方便的app 可使用！,2024-03-23 15:10:15
吳傳振,1,不知如何取得使用者代碼?請告之。,2024-03-22 20:45:50
抖抖哥,5,好,2024-03-22 16:38:50
차승원,1,最不直覺也不友善又難用的APP了!!,2024-03-22 14:48:17
Terence Huang,5,好用，方便,2024-03-22 11:22:17
阿顯,5,非常簡潔、方便,2024-03-22 08:30:55
Ning Fan,5,暢順智慧好用,2024-03-22 03:27:07
Cathy Wu,4,用起來挺順的，就是醜了點。,2024-03-21 11:58:57
小龍,5,各項圖示分類清楚明確。有個小建議，圖示在手機亮度及天色較暗時，圖示會有糊掉的感覺，建議色差對比是否調整一下。謝謝！,2024-03-20 12:51:17
洪淞諭,1,超難用 尤其登入明明顯示登入成功，就是一直卡在loding畫面,2024-03-20 08:08:41
Penny Liao,1,用過最爛的銀行app 簡訊收不到，帳戶還要一直綁定,2024-03-20 07:39:49
陳錦瑞,5,方便便利👍,2024-03-19 19:53:04
Tary Chang,1,開app不會自動跳到登入介面、沒有臉部解鎖，很不好用 更新：根據回覆再看了一次，依然沒有顏值可以選,2024-03-19 16:35:42
許米婭,1,為什麼要用使用代碼 又不知怎么用夠麻煩了只是交個帳單顯限出條碼不是更便利嗎,2024-03-19 11:05:43
邱品樺,5,網頁一目了然，使用方便，很快就會操作,2024-03-16 19:25:17
C.Y. Chen,1,這麼大間的銀行，網路也可以爛掉，無法登入,2024-03-16 15:56:57
潘志明,5,很棒,2024-03-16 02:19:32
Hannah Chou,3,操作介面有夠難操作的 請學一下中信、台新的,2024-03-15 15:43:36
lee jj,5,很好用，方便。,2024-03-14 18:28:45
路人甲,5,操作簡單方便又直覺,2024-03-13 21:51:50
李尹琨,5,很方便,2024-03-13 19:23:17
Woei-Kae Chen (wkc),1,"富邦數位銀行帳戶只能匯出最近六個月的交易紀錄，期限明顯太短，很不方便，完全不符合""數位""化的應有能力，台灣銀行帳戶可以匯出最近2年內的交易紀錄，為什麼富邦不行呢？",2024-03-13 11:49:25
禾璧汶,5,使用順暢,2024-03-13 11:36:33
郭懷恩,4,謝謝你願意回覆。之前已經在高鐵的ATM重設密碼了 為什麼登入前可以看到我的存款選項，登入後卻找不到這個選項？還有這個的使用者代號&密碼，跟網頁版的不一樣嗎？手機app可以登入，網頁版的卻顯示密碼錯誤，然後三次就把我鎖了？？？,2024-03-12 18:47:53
ivy su,1,Loading ~Loading~Loading~,2024-03-12 15:56:25
Fuego Gelo,1,信用卡即時消費通知只通知某卡號有消費，誰沒事會記正副卡號碼？卻不顯示消費金額消費地，要看金額還要進app，倒是大額消費分期邀約會顯示消費金額，是怎樣？保護隱私兩套標準？還是你想增加app使用率？還是其實是我想太多，跟保護隱私沒關係？ 2024.03.12 新增 你們是有多喜歡Line，什麼訊息都要往Line上送，自己 app 能推播不推播，一天到晚綁Line綁Line，這麼喜歡幫異業做推廣？,2024-03-12 15:52:45
Arthur Chien,5,簡單，清楚易操作,2024-03-12 14:30:57
冽樣,5,持續更新不錯用。,2024-03-12 12:50:26
葉厚均,5,轉帳可自行留備註，也可以給對方留備註；很棒的功能。 我也是中國信託的銀行用戶，但是中國信託沒有這個功能,2024-03-11 16:15:19
Alex Lai,2,真的是難用，看看玉山銀行行動銀行App，去學學人家的... 要不然學國泰世華的也OK! 另外我申請網路銀行帳號，為何看不到我銀行帳號的存款金額（沒有這個選項）..... 然後打電話找服務人員，等到天荒地老也沒有人接...留話請你們撥電話來也至少要等一天... 錢賺那麼多，服務人員多請一些好嗎？ 別家銀行比你們服務好太多了... 我之前有你們的信用卡，因難用剪掉，如果不是Costco 卡，百分百我一定會再剪,2024-03-10 22:28:23
王子平,1,很難用，弄得花花悄悄的，眼花撩亂,2024-03-09 13:25:09
翁崇賀,5,簡介簡單清楚明瞭，好操作,2024-03-08 15:25:26
林振良,3,每次線上繳費都要輸入一次銀行帳號，就不能設定常用繳費帳號的選項嗎？,2024-03-08 13:01:30
高浤竣,5,非常方便有安全好使用哦,2024-03-08 09:57:26
Celia Huang,5,初次使用，還蠻得心應手,2024-03-08 00:36:45
謝逸嵐,1,帳密輸入後一直在loading，一直轉圈圈，無法進入程式，然後轉完結束後，會直接登出，根本無法使用,2024-03-08 00:16:47
黃惠龍,4,隨時清楚明白個人之帳面上入帳金額及扣款餘額…..等！,2024-03-07 14:51:04
ZZ HI,1,綁定集保e存摺流程非常複雜 ，其他銀行並沒有此問題,2024-03-07 12:45:38
carlason huang,5,方便,2024-03-07 11:36:35
farrong yang,5,順手,2024-03-07 11:14:25
Chloe Chen,4,字體大，介面簡易清楚👍,2024-03-06 15:59:13
林Silver,4,越用越順手,2024-03-06 14:07:41
cathy meng,1,常常登不進去，一直轉圈圈，一直轉圈圈，一直轉圈圈，本不想評論，但真的很爛我一定要說出來,2024-03-06 10:06:01
Yeh Nancy,5,操作方便設定，謝謝,2024-03-06 09:52:56
何瑋翎,5,辦理個項業物需電腦程式更新,2024-03-06 03:29:45
鄧羽涵,5,方便又快速,2024-03-05 16:30:31
Michael 【マイケル】,5,方便、好用,2024-03-05 14:18:19
蔣炳湖,4,利用方法好像一天來了,2024-03-05 09:42:39
劉家菱,4,系統操作方式明瞭、很不錯,2024-03-05 07:33:15
Min Yeh (Amy),5,操作介面簡單易懂，方便使用。,2024-03-05 04:36:04
buck ckc,1,無法使用,2024-03-04 15:02:25
莊娟娟,5,很方便使用，謝謝~,2024-03-04 10:53:00
coco ho,5,順啦！,2024-03-04 08:17:02
立明何,5,簡單易用。,2024-03-03 20:48:11
吳璟宜,5,操作介面佳,2024-03-02 23:13:32
孫粉圓,5,很順,2024-03-02 23:00:22
Bruin Lee,5,反應已更新。讚！,2024-03-02 17:08:45
林麗娟,5,好用,2024-03-02 09:23:08
游嘉銘,5,便利好用，不用請假到銀行臨櫃，省下不少時間,2024-03-01 18:35:43
李錦濱,5,清楚 操作容易,2024-03-01 14:43:55
馬榮,5,很好,2024-03-01 14:35:38
Tony Wu,5,水哦,2024-03-01 10:05:48
Enzo Kuo,5,應用非常簡潔，操作方便,2024-03-01 09:49:26
仟陌林,5,非常好用，簡單易上手,2024-03-01 06:22:39
William Lin,5,很棒。,2024-02-29 22:27:02
Sheng yi Lin,1,每次登入都要登兩次才進的去 真的有夠爛！,2024-02-29 17:32:43
吳柏煒,5,解說詳盡,2024-02-29 15:55:01
Steve Yang,4,設計簡潔，方便使用 轉帳，lucky pay 很方便 其他功能也很好上手,2024-02-29 12:20:33
yang elsa,1,無法登入，一直要填入各種資料然後一直錯誤，無法使用,2024-02-29 12:10:14
mei hung,5,畫面乾淨利落,2024-02-29 05:53:32
Yen-Hsun Chen,5,建議信用卡部分，可以依據不同卡列出總消費金額，使用者有多張卡時就不用自行計算了,2024-02-28 14:04:02
強尼,3,要不要參考台新、中信等其他家的網銀app，他們的介面清楚好看，富邦要在多加油！,2024-02-28 13:55:34
文瑋,5,有人情味......,2024-02-27 21:21:46
吳柏逸,1,明明寫的登入成功但就是進不去是什麼鬼,2024-02-27 19:52:11
Mingshiu Hsieh,1,非常不好,2024-02-27 17:27:38
shiow Liu,5,清楚使用方便安心,2024-02-26 10:27:31
莊秋雄,4,剛安裝時都可以正常使用，兩天後約八點使用就卡在登入畫面，等到十點才好，但是依舊是lag，不像第一天那麼順,2024-02-25 16:57:41
Tapj Tapj,1,app乾脆下架都去臨櫃就好，光登入Loading一直轉一直轉，要不是好市多真的不想用，沒有一家app像這款這麼優秀,2024-02-25 10:14:33
Allen Wang,1,今天是怎麼回事APP一直無法登入 一直卡在loading,2024-02-25 09:56:28
Howard Kang,1,登入流程輸入帳密後 loading 狀態至少跑了 1 分鐘以上才登入成功，使用體驗不佳。 （同時間、地點測試多款他行 app 無此情況）,2024-02-25 09:46:25
ton21bkk hsu,5,網速流暢,2024-02-24 16:50:56
鄭博士,5,好用,2024-02-23 22:00:24
鄭羽珊,5,謝謝你們的付出，感恩。有你們真好,2024-02-23 12:51:39
bojie huang,5,桃園南崁分行櫃檯 黃怡真黃小姐 熱心又專業 感謝黃小姐的協助,2024-02-23 10:45:38
Megumi Fang,3,本次（2024/1/18）更新之後無法使用WIFI連線進行登入，必須切成4G網路才行，還請貴公司確認是否為更新後的異常，謝謝。,2024-02-23 00:17:55
李啓富,5,還不賴,2024-02-22 22:32:15
振嘉,1,富邦算是台灣的大銀行了吧？app介面找一個轉帳藏的有夠深，到底是請什麼骨灰級工程師設計的阿？ 一堆廣告檔畫面，有夠擾民的！,2024-02-22 11:15:46
郭存心,5,有可轉帳單的系統更好,2024-02-21 19:06:18
goose106s chiacl,5,讚！,2024-02-21 12:28:43
Carol Wu,1,明明就顯示已登錄成功了，結果Loading是要轉到何時才肯進入頁面?,2024-02-20 16:19:59
蔣淑貞,5,清楚好用,2024-02-19 22:09:21
吳依汝,5,簡單好用 是理財的最佳工具,2024-02-19 14:48:13
黃思凱,5,簡單方便安全,2024-02-19 12:06:44
mandy yang,5,還算簡單易懂,2024-02-18 19:49:07
Roger Tsai,5,聰明,2024-02-18 17:30:03
Hsine Tsai,5,易用，速度快！,2024-02-18 12:14:11
王寵,4,還算方便,2024-02-17 23:28:37
我只是骨架大,4,還可以，功能太多有點亂。,2024-02-16 18:48:07
徐秋香,5,非常棒,2024-02-16 17:16:35
金繼業,5,網路操作順暢,2024-02-16 14:10:44
Eric Shen,5,程式順跑。Impressive! Good for you!,2024-02-16 11:27:03
葉士賢,1,換手機，花了半個多小時還無法找到怎麼轉帳 氣死了,2024-02-15 21:30:27
王彥評,5,明確快速,2024-02-15 14:22:19
廖介民,4,還不錯用,2024-02-15 09:27:49
林宏岳,2,沒事去改手勢登入的點位做啥 搞得點超大隨便都誤觸，而且還是可重複 根本拉不出長斜線....,2024-02-14 20:12:43
Kuo Cheng Hsu,5,容易上手，使用方便，常用的功能也很快可以找到使用方法。,2024-02-14 11:51:41
阿囉哈,4,還不錯,2024-02-14 08:42:37
Alex Co,2,轉賬簡訊都收不到，很離譜,2024-02-14 00:35:55
Alex,3,QR 碼常常掃不到，請修復謝謝,2024-02-12 15:40:28
Po Ying Lo,5,容易查閲存款，做定期存款指示清楚。,2024-02-11 01:50:56
羅新翰,5,人性化操作介面，超級好用！,2024-02-09 23:48:55
林小若,5,方便迅速,2024-02-09 12:47:07
Orion Chen,5,操作簡單，建議可以再簡化，或者由使用者自行規劃平常使用按鈕,2024-02-09 07:43:35
李家豪,5,可以正常下載了,2024-02-08 04:32:04
巫lily,5,很棒！,2024-02-07 12:17:24
陳淑華,5,使用簡潔安便,2024-02-07 10:05:46
Limin,5,好用,2024-02-06 16:32:18
Skydancer T,5,使用直觀方便容易上手,2024-02-06 15:33:58
黃茈瑄,1,超難用，介面不符合人性，顯示登入成功還是不能用。 所以我目前的富邦帳戶只用來繳貸款，完全不會考慮用來存錢。,2024-02-06 10:00:35
Stan Shih,5,即時訊息，充分明暸,2024-02-06 09:40:54
riga chen,5,用了很多年有一直在進步感謝了,2024-02-06 07:20:45
I.C. Cheng,5,方便使用。,2024-02-06 06:21:24
Kaichi K,4,介面簡潔清楚 很喜歡,2024-02-06 00:19:10
吳長江,5,連3C智障都用得順手。,2024-02-05 23:19:16
Chinghai Yang,5,Very easy to inquire,2024-02-05 17:50:07
葉子,1,"從沒有用過那麼爛的app,主要用來追踪當期信用卡繳費訊息，現在還要強迫使用者下載網銀app，登入也無法登入一直鬼打牆，之前國泰COSTCO聯名卡不曾有此事情發生！秒將app删除😡",2024-02-05 11:59:30
湯凱迅,1,卡又慢,2024-02-05 11:55:26
Miyako Li,5,非常好用 👍👍👍,2024-02-05 08:33:21
一口心,1,都跟好市多合作APP還哪麼爛.... 什麼時候才要好好更新登入卡頓 別的地方登入其他家的APP都沒問題就你家登錄在轉圈圈,2024-02-05 08:28:25
見城哲太,5,Good,2024-02-04 17:14:36
林士真,5,快速,2024-02-04 10:38:52
黄金安,5,贊!,2024-02-03 23:32:57
Emma Wang,5,簡單明瞭好操作,2024-02-03 20:53:34
沂穎,5,簡單好操作,2024-02-03 00:04:30
吳美慧,5,好用,2024-02-02 17:29:28
Jackie Gu,5,友善的直覺式操作介面,2024-02-02 16:25:12
吳雲珮,5,讚,2024-02-02 15:48:03
陳豆豆,5,順暢,2024-02-02 15:16:04
謝忠全,5,好用,2024-02-02 14:55:14
陳彩麗,5,很好用,2024-02-02 14:30:57
陳中和,5,優質的服務,2024-02-02 12:36:10
姜清海,5,使用方便,2024-02-02 11:31:08
陶威毅,5,讚,2024-02-02 10:23:35
JH J,1,使用介面非常爛與古老不人性化的系統,2024-02-01 21:22:11
余文輝,5,額功能齊全但預借現金跟貸款數比較需要去臨櫃,2024-02-01 20:44:12
李良發,5,方便,2024-02-01 16:00:44
Alpha Lin,5,不錯用,2024-02-01 14:06:54
sam hsieh,5,good jobs.,2024-02-01 14:01:54
念慈顏,4,尚可,2024-02-01 13:41:53
Huang鈴兒啊,4,簡單明瞭,2024-02-01 12:35:26
ty tang (阿永),1,本人為視障，點選功能「視障友善行動銀行」 完全不知友善在哪?? 字體小、沒快速登入、一樣白底頁面。是更不友善的功能 針對視障的功能，根本就很瞎，還說友善??? 還是APP能有深色功能?能告訴我轉換方式。,2024-02-01 11:11:05
betty lu,5,系統、版面配置、功能選項清楚流暢，使用起來很順手,2024-02-01 10:16:54
shih smh南無阿彌陀佛,4,好操作 謝謝,2024-02-01 09:13:57
莊文成,5,方便，實用的行動銀行。,2024-02-01 08:54:54
李章華,5,程式運作既迅速又流暢,2024-02-01 06:56:04
傅祥恩,5,感恩的心,2024-02-01 05:21:45
吳虹儀,5,使用方便，登入快速,2024-01-31 08:15:55
fan kuei-ying,5,操作簡單 使用方便,2024-01-30 19:39:23
nick chen,5,簡單明瞭，查帳方便使用,2024-01-29 21:53:48
李佳興,1,更新就把使用者的快速登入清掉到底什麼邏輯,2024-01-27 19:51:15
Helen Wang,5,使用富邦銀行的應用程式是很好的管理和學習.,2024-01-27 04:20:04
蔡惠茹,1,無法登陸 爛透了,2024-01-27 02:12:27
江岳穎,2,我想跳出這個畫面！跳不出去！！！！,2024-01-26 21:33:53
Chloe Wu,2,要登入一直轉圈圈，重新開啟App又顯示重複登錄，要再等5分鐘 等等等等等等,2024-01-25 22:34:41
Yitzu Chang,1,強制要更新卻無法使用 其他家銀行有安卓系統閃退情況 貴公司是否也有類似情況,2024-01-25 16:07:30
Carol Hsu,1,"網上用電腦版信用卡網銀,點老半天沒反應，被迫來下載app,一樣難用死了，明明前天線上繳費了，昨天登入去看，還顯示本期已繳金額0,害我又回去銀行看轉帳記錄。要不是好市多我才不會辦你家的卡,我用過玉山，國泰世華的比你家好用太多，銀行小間還不知上進",2024-01-25 13:36:10
李淑鍊,5,使用過程順暢，介面簡明可以快速查詢到所需的資料，比新xx好用許多,2024-01-25 12:34:30
陳晧宇,5,直觀使用,2024-01-24 10:16:44
dollarway (9號),1,請不要在凌晨半夜發送信貸廣告，半年內又出現相同問題，我會再降兩顆星。 題外話，怕被盜刷，在收到訊息那一刻就打開app查看，看了嚇一跳，訊息時間顯示19：40，是你們的系統有問題嗎？還是資安有漏洞？ 今天20240124凌晨兩點，又再發廣告，只能一星了，不會再改。,2024-01-24 02:09:18
陳文峰,5,使用方便,2024-01-23 15:04:31
闕湘芸,5,簡單易懂很讚！,2024-01-23 03:20:27
沈彤,1,超難用 狗都不用,2024-01-22 20:52:03
Sharon Wu,5,還不錯,2024-01-22 02:17:57
李慧美,4,簡單明瞭,2024-01-21 16:16:40
10938vic,5,查詢方便有效率。,2024-01-20 13:26:56
蔡阿沁,1,九點一到就卡爛 害我掛不到單 垃圾,2024-01-20 10:33:44
胡NICK,4,good,2024-01-19 18:30:32
Sniper Shih,2,Xiaomi 13T 1. 使用lucky pay開相機掃描QR code有機會掃不出來，華南的掃碼APP啟動相機可以掃出lucky pay掃不出來的QR code 2. 收款碼的QR code無法下載,2024-01-19 16:04:16
Shin,1,開啟app一直出現溫馨提醒是怎樣，擋畫面又關不掉，請改善,2024-01-19 15:19:31
moonjuice moon,1,升級到android 14後，無法下載 lucky pay的 qr ode,2024-01-19 14:15:27
陳淑慧,5,易操作,2024-01-19 08:15:39
寬,4,讚,2024-01-19 07:51:02
_Benson Wolff,1,連生日都無法判斷，這到底是什麼一回事，誰能教教這個APP呢？,2024-01-17 19:24:04
妮小喵,1,都2024年了，登入成功後一直卡在Loading...的畫面依然沒解決，換到電腦登入，因為手機已登入過就要再等幾分鐘後才能再次重新登入，繳個卡費真困難...,2024-01-17 10:05:12
Chien Fu Chen,5,好,2024-01-17 08:22:04
Matt Yang,5,簡單好用,2024-01-16 17:46:07
許永金,5,方便／迅速,2024-01-16 15:13:41
劉兆強,5,好,2024-01-16 11:37:48
侍予田,5,So far so good,2024-01-16 11:31:52
張晏魁,4,請勿使用不斷跳出評分對話窗的方式強迫評分 App使用經驗良好，與line無介面問題,2024-01-16 09:47:27
潘小姒,3,帳務異動&刷卡通知「推播通知很不即時」 例1：21點收到轉帳，打開APP查看「訊息通知」有入帳，但推播是 隔日凌晨4點 才收到。 例2：15點刷卡，推播也是等好幾小時才出現。,2024-01-16 07:26:47
SH Yang,5,Good,2024-01-15 16:16:07
呂淑珍,4,順暢,2024-01-15 15:01:30
JY Wu,5,方便好用,2024-01-15 12:28:22
郭涵文,1,半個月了…整整半個月每次都登入畫面都是成功之後持續loading，打電話給客服反應得到的回應是「最近沒有維護」以及「用戶網路訊號較弱造成無法順利登入」，平時習慣使用的幾家網銀就只有富邦有問題，已經滿格4G+了，想問到底到什麼程度才能符合貴公司的標準呢?為什麼是檢討客戶啊啊啊啊啊，只是想要繳信用卡費為什麼這麼困難！再這樣真的要剪卡放棄了欸,2024-01-13 17:23:24
K Versace,1,垃圾,2024-01-13 05:44:20
舞珩,5,簡單明瞭，使用便利,2024-01-12 16:03:38
邱文子,5,112年反應詢問後，超級好用好查，很便捷，趕快改成5顆星。 1 12年剛開始不夠簡捷， 不易抄作， 想詢想查都未能及時給與？？？,2024-01-12 13:09:20
鄭元,1,無法更新,2024-01-12 09:56:52
feng Sherry,5,簡單便利，流暢好用,2024-01-11 19:03:00
Google 使用者,5,Quick and easy to use.,2024-01-09 20:47:10
BENSON,1,爛透了一直轉圈圈是什麼鬼 帳號密碼都打完了，然後一直轉,2024-01-09 20:21:12
Yi Ting Liu (tomjoke),5,Awesome,2024-01-09 20:12:25
許篤恭,5,方便,2024-01-09 15:30:52
Fang-Yu Chang,5,介面簡潔明瞭，可以自己設制快捷鍵，操作方便,2024-01-09 07:31:19
鼠背 show,5,app快速穩定,2024-01-08 17:52:39
Liu Maxx,5,系統穩定 介面簡潔,2024-01-08 16:28:51
周倩如,1,沒有活人的專人客服電話！！！ 只有語音的數位客服服務,2024-01-08 14:14:11
KUEEN HSU_SK (享崐),4,迅速確實,2024-01-08 12:05:08
弞谷長,4,雖然用起來沒什麼問題但UI看起來有點老舊,2024-01-08 05:39:43
dwdy,1,網銀開卡，一直要你先登入 我就還沒開卡是要怎麼登入啦 設計的人在想什麼？,2024-01-07 20:20:44
林世傑,5,穩定可靠。,2024-01-06 18:59:20
黃成,5,安全，方便，實用。,2024-01-06 18:43:31
Js Chen,5,各項功能一目了然，操作簡單容易，很不錯！,2024-01-06 15:17:20
温至弘（Xiaowen）,5,好,2024-01-05 14:20:21
徐家豪,5,使用順暢，功能完整,2024-01-05 12:50:43
Mike Wu,5,使用簡易 容易上手,2024-01-05 10:39:11
LU ethan,5,good,2024-01-05 09:39:56
Emily Soong,5,操作簡單方便,2024-01-05 09:05:59
櫻,5,昨天和剛才要登入時顯示更新，結果一按更新就一直重複出現更新……重新安裝也一樣，請問是怎麼了？,2024-01-05 06:35:55
吳惠茹,5,簡單方便，人性化😊,2024-01-04 20:54:49
Marco,5,很方便，功能齊全,2024-01-04 14:45:17
林希音,5,不錯,2024-01-04 14:24:14
明金,5,好用,2024-01-04 12:11:01
慧弘,5,方便明瞭,2024-01-04 08:40:52
王菁華,5,"目前使用很方便,謝謝您！",2024-01-04 07:44:56
王秀綿,5,還不錯,2024-01-03 22:27:53
Fanglan Lu,5,使用界面便利，容易操做,2024-01-03 21:55:42
Cloud Chiang,5,很有幫助，好用,2024-01-03 10:16:23
詹靜宜,5,方便操作，迅速有效率,2024-01-03 08:11:06
施瑞佑,5,Well,2024-01-03 07:28:05
劉欣華,5,使用介面很直覺人性化,2024-01-03 06:54:12
Sunny Steve,5,Good,2024-01-02 23:55:22
steve shih,5,操作方便，容易上手，期待更多直覺性的功能及優化。,2024-01-02 22:03:56
Hsin-Pei Hsieh,4,介面簡潔清楚,2024-01-02 19:16:07
洪寶寶,4,改善很多，不錯。,2024-01-02 18:50:03
糟老頭,5,方便清楚好操作,2024-01-02 14:46:45
張嘉芸,5,使用便利、操作簡單,2024-01-02 10:28:21
Luke Wu,5,還算方便。,2024-01-02 10:09:45
普通國民,5,介面容易上手，反饋速度算快，還不錯，好用,2024-01-02 08:53:00
李宗益,5,頁面設計不錯,2024-01-02 03:11:29
陳世澤,5,好,2024-01-01 21:39:19
Fanghui hu,5,方便查詢帳戶資料,2024-01-01 13:38:13
雨Rain,1,每次登錄說已經成功登錄。但畫面一直轉圈圈到底是要讓人怎麼使用,2024-01-01 11:33:57
jiunhau wang,5,請獨立台幣活存顯示,2024-01-01 11:31:25
Google Google (Google Google),4,《Google Play》電信帳單代收服務使用條款 ￼ 台灣大哥大(下稱「本公司」)係依照以下條款之約定（下稱「本條款」），提供本公司之行動電話門號用戶（下稱「用戶」）使用本公司之電信帳單代收服務（下稱「本服務」，本公司得隨時變更本服務名稱，且不因此影響本條款之效力及雙方權利義務）。您使用本服務前請務必詳細閱讀本條款相關內容以保障權益；當您已開始使用本服務時，視為該您已確實閱讀、瞭解並同意遵守本條款。 您於本條款為任何修改或變更後，仍繼續使用本服務時，視為您已確實閱讀、瞭解並同意遵守本條款之修改或變更。若您為未成年人，除您本人應遵守上述規定外，並請您的家長（或監護人）同時確實閱讀、瞭解並同意遵守本條款之所有內容，您方得使用或繼續使用本服務；當您於本條款為修改或變更後仍繼續使用本服務時，即表示您的家長（或監護人）亦已確實閱讀、瞭解並同意遵守本條款之修改或變更。 一、服務內容及費用負擔 1. 您同意使用「併同台灣大哥大電信費帳單付款」，作為您在Google Play平台購買應用程式或其他商品/服務(以下合稱商品)之付款方式，前述商品交易之費用將併同依您於本公司之帳單週期採分立款項,2024-01-01 08:19:49
佳儀張,3,網銀收款qr code 建議改成直接顯示qr code 就可以收款，還要額外把他下載下來到相簿才可以掃有點多餘。,2023-12-31 13:48:58
劉平,5,感嗯!,2023-12-30 23:13:04
HT,1,不太懂這個設計，還沒登入前可以看到金融卡開卡的畫面，但登入後金融卡開卡畫面消失，請問要如何開卡？,2023-12-28 18:39:42
林東舜,5,介面清楚好操作,2023-12-27 22:15:36
馬居士,1,momo卡回饋要降了！ momo卡回饋要降了！ momo卡回饋要降了！ 3%送的是mo幣，下次消費再折抵並無實際3%！ 國泰CUBE卡選擇 玩數位實實在在有3%且範圍更廣！ 其實，富邦的誠意越來越少、momo的誠意越來越少也是可想的... 因為，都是我們消費者把它們寵壞的！,2023-12-26 18:34:06
Lila Chang,1,常常一直轉圈圈進不去，怎樣，要進去你們家系統還要看運氣是嗎,2023-12-26 16:42:33
菽,1,"只有一個字可以形容“爛”系統,系統一直跳出來沒辦法進入,打語音電話也沒人接,一直聽語音,沒有辦法解決 客戶的問題.",2023-12-25 21:39:11
胖胖熊,5,操作簡單易懂 操作介面一目了然 感謝工程師的辛苦研發,2023-12-22 15:03:33
甘惠文,5,好用,2023-12-22 10:20:22
棠芯Bella,1,非常爛，每次登入都顯示（EAI-X202）「系統資料更新中，暫不提供服務」，甚至登入時還常常轉圈圈，轉個屁啊？要繳卡費都這麼困難，搞啥？要不是好市多，我還真覺得國泰和聯邦好用多了！,2023-12-22 01:36:34
李瑄,5,介面簡單，好操作！,2023-12-21 11:05:25
Nana Wang,5,這麼多家銀行 我目前最喜歡的 超棒,2023-12-20 23:15:08
劉秀美,5,一目了然,2023-12-20 19:44:01
darkfan,5,之前都一直使用Gpay，因為看到TWQR台灣pay所以安裝此程式。不知道lucky pay要怎麼設定載具歸戶呢？,2023-12-20 13:39:05
黃智遠,4,請問到底發生什麼情形，一直登入不了，無法與系統連線，打電話去客服還欺騙無其他人反應，屬個案事件，今日通知更新連到App才發現一大堆人反應跟本就有問題一段時間了，難道你們客服跟現況不同步？還是刻意要隱瞞？重點是今天更新後，一樣問題沒解決！傻眼了，無言！！,2023-12-20 10:38:13
Mike Hsu,1,app的名字是富邦行動銀行、而不是台北富邦的開頭、這app到底是不是台北富邦銀行的呢？還是詐騙集團的呢？讓人無法判斷而不敢使用、,2023-12-20 09:18:15
張鈞傑,3,整體還算不錯，但LuckyPay三星對三星掃QRcode從來沒成功過。,2023-12-20 01:13:20
巫秋賢,5,使用看看,2023-12-19 09:17:20
陳清健,5,顺，,2023-12-19 09:00:32
Gingerlily D.,5,非常便利,2023-12-17 18:36:57
飛力,5,讚,2023-12-16 20:48:56
Travis Peng,5,目前一百分,2023-12-16 17:35:48
嘉平王,3,無法單次使用“立即繳款”，他行帳戶繳信用卡費，非常不方便。 雖然網路銀行，可以使用他行帳戶繳信用卡款，但是使用上非常的不直覺也不方便。,2023-12-16 09:23:35
俊偉張,5,好用,2023-12-16 01:08:07
Roy Cheng,5,簡明清楚,2023-12-15 23:48:26
陳Avon,5,快速好用 謝謝,2023-12-15 18:05:19
LO ALBERT,1,App登入後一直loading中，錯過信用卡優惠登錄，網站登錄時顯示行動銀行已登入，超差勁的app,2023-12-15 16:20:09
李淑靜李淑靜,1,老太太記憶力減退，忘記了密碼，想看帳單太複雜了，打不開，還是寄紙本帳單,2023-12-15 14:14:34
Joe Weng (翁顯亮),1,介面功能混亂。信用卡無最基本的即時消費通知，即時刷卡金額查詢,2023-12-15 08:47:42
臨界點,5,操作便利，版面清晰明瞭，非常好用的軟體。,2023-12-14 10:06:01
Joshua Sun,1,綁定集保e存摺很容易失敗,2023-12-14 09:25:28
丁育蓴,5,很棒,2023-12-14 08:13:57
李彬誠,5,很棒,2023-12-13 13:32:58
楊弘軒,5,好用,2023-12-13 11:29:49
林建興,5,快速方便,2023-12-13 08:27:14
Brian Hsiao,5,介面流暢,2023-12-12 16:59:09
潘呆,4,能否將信用卡繳費後更改顯示成（已繳費），每次線上繳完費，過幾天會突然忘記自己有沒有繳過，上去看還是不知道到底有沒有繳完費,2023-12-11 23:44:03
江老師,5,作業系統穩定,2023-12-11 19:42:49
吳佩穎,4,介面蠻直覺,2023-12-11 14:48:29
莊惟任,1,刷卡10幾天 沒有明細就是沒有明細 玉山刷完隔天就全出來了 你們10幾天都搞不定 扯,2023-12-11 10:19:53
鄭文吉,5,補摺機的讀寫模式有很大的改善空間！,2023-12-11 10:09:39
蔡宜倞,5,快速有效率,2023-12-11 10:07:58
Tony Wang,5,界面操作很順暢,2023-12-11 09:24:53
蘇冠誌,5,很棒,2023-12-10 21:31:53
Brandon Bo,5,方便清楚,2023-12-10 21:15:17
鄧芸湘,5,好棒,2023-12-10 17:16:17
蘇嘉玲,5,非常智慧貼心,2023-12-09 23:16:38
Brian Lan,5,不錯,2023-12-09 16:27:24
Avan Sung,1,明明資料沒打錯，就是一直說我輸入錯誤,2023-12-08 16:18:40
Liu Eric,5,Pretty informative and efficient.,2023-12-08 15:40:33
白犀牛,5,使用清楚便利,2023-12-08 12:28:14
簡炎明,4,服務熱忱，很好。,2023-12-08 10:48:36
陳淑娥,5,不卡 速度快,2023-12-08 10:37:08
楊健民,5,各項作業指示明顯，操作流程順暢，結果顯示清楚。,2023-12-07 15:57:17
Liming Shih,5,操作方便,2023-12-07 07:25:30
依伶,1,爛死了，每次登入都要用代號密碼，只要選指紋辨識就是卡住，連設定都不能設定，自從好市多改用富邦到現在依舊沒有改善這個問題,2023-12-06 21:07:23
藍海虎鯨*Alfres*,5,讚,2023-12-06 19:44:10
Teddy Chan,5,讚,2023-12-06 16:23:05
Chingyu Tsai,5,方便又好用，而且很簡單， 我給五星好評。,2023-12-06 13:21:35
Benny Ho,2,只有使用好市多信用卡，繳卡費時依據大圖示點信用卡-本期帳單應繳金額-立即繳費，就只能用銀行轉帳。 如果想要超商繳費還要跳出到主畫面右側邊往下拉的選單中才找的到，每次都找好久，可以整合起來在“立即繳費”，提供繳費方式選項內嗎？,2023-12-06 10:52:54
廖小美,5,操作簡單.明瞭易懂.介面精緻,2023-12-06 09:44:55
周尼歐,5,OK,2023-12-06 09:21:29
陳逸群,5,使用者操作介面直覺 轉帳功能很不錯,2023-12-05 23:34:44
justtin,1,用了10幾年的網路銀行，第一次遇到要轉帳，居然跟我說人太多叫我晚點再用，不知道在搞什麼鬼，急著要轉帳，死活就是不給用，到底多少人能足足試了1個小時才成功？你富邦傳出去真的會被其他銀行笑死，平常不是很會搞行銷？電話簡訊樣樣來，一個小APP做不好？還限制別人匯款了？搞的好像我的錢變成你的錢了，要你點頭我才能用？屢試不爽，整個火都上來，我覺得是有必要把錢移去其他家了，真是莫名奇妙轉個帳還要排隊還要你富邦同意,2023-12-05 21:57:59
jesse lu,1,"那個智障信用卡客服可以停掉嗎？真的很浪費的時間, 完全解除解決不到問題",2023-12-05 19:18:48
阿杰,2,可以新增他行繳款的選項嗎？不然每次都要點進數位客服才可以用他行繳款的功能,2023-12-05 16:19:50
熊家蘭,4,明確方便,2023-12-05 15:18:17
Eunice Peng,5,操作便利，一目瞭然,2023-12-05 14:03:10
謝東程,5,很棒的軟體，真的很貼心！棒棒的,2023-12-05 11:46:32
媛貞黃,2,登入很久。麻煩改進一下可以嗎？,2023-12-05 10:38:12
Yen Shyang Hwang,5,好用，直覺。,2023-12-05 09:53:16
張裕成Chang， Yu-Cheng,5,好用,2023-12-04 23:29:50
Ch C,5,非常滿意,2023-12-04 19:48:17
廖自然,5,很好使用。,2023-12-04 14:43:39
Hsiente Chien,4,Good,2023-12-04 10:35:33
陳清詳,4,使用方便,2023-12-04 09:27:01
陳麗薰,5,"使用介面容易操作, 易懂",2023-12-03 21:14:14
fredmingchi,5,簡單 好用,2023-12-03 21:09:59
高怡如,5,各項業務查詢迅速便捷，持續領先業界，為顧客提供更優質的服務，謝謝辛苦的工作人員。,2023-12-03 20:49:59
莊志遠,5,使用介面親切,2023-12-02 21:04:48
Taichia Zong,5,好用,2023-12-02 15:17:03
張羽麟,5,不錯用,2023-12-02 15:07:29
蔡建華,5,方便，快。,2023-12-01 15:06:29
徐慧卉,5,真的很方便好用,2023-12-01 11:20:30
Mike Wu,5,越來越方便,2023-12-01 10:37:42
Oucher OWH,1,換手機程序很爛,2023-12-01 09:43:01
沈清仁,5,方便使用，不會卡卡,2023-12-01 09:30:50
吳建坤,5,很方便,2023-12-01 07:31:31
柯小寶,5,讚，很方便，好用,2023-12-01 07:15:57
楊文嘉,5,讚,2023-12-01 05:14:37
Wen Wen,5,Good.,2023-12-01 02:10:24
。 H,5,好用,2023-12-01 01:58:24
陳2111,5,方便使用,2023-11-30 16:27:33
蓁,1,星展銀行app可以自己設定當期的消費額度，也可以自行開啟或關閉 網路交易、國外交易、預借現金交易、感應式卡片交易且隨時可更改，希望能改善這樣可以有效杜絕網路及國外盜刷。,2023-11-30 14:02:57
22618946 j,5,我的信用卡沒開卡 為什麼要繳年費3600 搶人嗎,2023-11-30 12:19:39
小湛Boris,5,很好,2023-11-30 09:25:03
whc yy,4,還不錯，好用。,2023-11-30 08:52:47
Chuang Rockwell,5,簡單易懂的操作介面,2023-11-29 08:31:19
Amanda Nen,5,親切有禮服務特優,2023-11-28 14:33:17
Steve Tseng,4,OK,2023-11-28 14:23:15
白藍地,5,順暢，很好用,2023-11-28 14:00:30
Joe Peng,5,介面清楚易懂可靈活設定主劃面,2023-11-27 22:24:15
賽衣架,1,加油好嗎 一直無法登入,2023-11-27 20:03:26
Roger Liu,5,設定快，方便,2023-11-27 17:56:50
Alan Lindsome,1,"登入不了,一直在轉圈圈",2023-11-27 16:33:47
T Chung,1,無法登入,2023-11-27 14:54:49
Ray JK,2,一直登不進去，金融博覽會完就掛啦？這也太扯了~,2023-11-27 14:50:42
Mr Dan,1,掛鐘不動，網銀出問題了嗎？,2023-11-27 14:49:01
魚仔,1,App不管是更新前還是更新後都打不開，無法繳納信用卡卡費，就算刪掉app 重新下載也沒用,2023-11-27 14:46:32
Vincent,1,"真的很扯，連查詢存款都不行爛到誇張。2023／11／27 今年不知道第幾次大當機，又是一個網銀,App沒辦法使用的上午，但是連提供一個平穩的使用系統都沒辦法。如果沒必要，千萬不要用富邦銀行.......（我是因為薪轉不得已）",2023-11-27 14:01:03
許廷廷,1,到底為啥可以在一般上班時間進不去系統？？？？？？？？一直說系統連線異常，整台手機就只有你家網路不通，你們家工程師是在混水摸魚？？？？？？,2023-11-27 13:43:57
hero mr.,1,我下載完甚至連都連不進去...,2023-11-27 13:33:51
chih-wei Chiang,1,難用，解除安裝,2023-11-27 12:18:48
藍雯馨,2,更新後無法登入?!又無法登?11/26,2023-11-26 19:15:25
Eleanol Wei,1,經常進不去，系統滿爛的,2023-11-26 00:37:35
Light Lin,3,點訊息通知跳Uncaught SyntaxError後就壞了完全進不去,2023-11-25 11:06:36
520 W,1,富邦有內鬼， 剛辦網銀不到2天，居然我在睡覺就有人可以用我網銀登入，太誇張了，通報金管會。,2023-11-25 07:59:25
葡萄柚‖,4,發生未控制錯誤，系統怎麼了，刪除在下載還是不能正常開啟，請客服趕快提供解決辦法 。 感謝客服技術能即時處理 。,2023-11-25 06:11:34
yannis,1,從12號到25號都是「系統更新中，暫不提供服務，造成不便，尚祈見諒」是要更新多久？都半個月了，這樣卡費遲繳就不是我的錯了吧？系統難用到儲蓄跟國內消費直接換卡處理，現在連日本消費都想換卡了。,2023-11-25 01:26:35
張老狼,2,初次安裝後使用前要強迫滑五個頁面，太浪費時間,2023-11-24 13:05:11
佳炆,5,非常好用,2023-11-24 10:24:38
hpo14,1,10.50 / 10.51 / 10.61 打開就直接閃退,2023-11-23 19:59:56
黃小狼,1,操作介面跟身份介面複雜易搞混，緊接著就是鎖帳號，還得費時間去解鎖。從沒用過這麼難用的app。連國泰世華的車尾燈也看不到。,2023-11-23 13:25:46
Aaron,1,這幾天使用app 一直顯示發生未控制錯誤 重新安裝也沒用 該如何解決？,2023-11-23 07:18:51
小幫手,2,快速登錄 一直沒辦法設定，麻煩多參考台新app好嗎,2023-11-22 23:13:48
維仁,5,很好,2023-11-22 20:55:59
政忠陳,1,打不開，更新了還是一樣，移除重裝還是打不開,2023-11-22 20:00:21
REN,1,信用卡用戶無法登入，顯示登入成功後，Loading畫面沒有跳轉到登入後的首頁，等了三分鐘還是Loading，網速正常,2023-11-22 19:58:42
JS Tsai,1,閃退打不開,2023-11-22 14:19:50
莊和泰,5,很便民,2023-11-22 10:03:28
玲演,3,11/21APP一直閃退無法登入,2023-11-21 18:54:21
Phill Shyu,1,"進入app就跳出錯誤訊息，訊息內容是 發生未控制錯誤 ""uncaught syntax error:Unexcepted token '?'"" 清掉資料重新安裝還是同樣結果",2023-11-21 11:41:31
GREAT,1,跟國泰的差不多爛,2023-11-20 23:46:13
愛妠梨,1,開啟APP時，顯示錯誤,2023-11-20 23:22:03
陳樹繆,1,一直出現…發生未控制錯誤，那麼久了，那麼多人反應，問題還是存在,2023-11-20 17:11:11
水語,1,一直顯示發生未控制錯誤 沒辦法使用,2023-11-20 14:50:03
洪仔洪仔,5,讚讚讚好用,2023-11-20 13:17:05
薛佩星（morgan）,1,這是我用過最爛的系統,2023-11-20 11:01:59
Thierry Cheng,5,nice,2023-11-20 09:31:53
蔡郁婷,1,有沒有人管管，app打開就出現錯誤,2023-11-19 19:21:33
Stephen Chen,5,簡潔易操作,2023-11-19 18:48:16
Clifford Ton,5,非常好使用,2023-11-19 12:24:14
Danny Li,1,今日App一直顯示開啟錯誤,2023-11-19 07:11:23
大肚王國,5,ok,2023-11-19 01:03:01
廖馬克,4,原本密碼正確，一直在讀取進不去畫面。 後面貴公司APP有改善，更改增加星星數，不錯繼續加油。,2023-11-18 18:45:22
文,2,版面雜亂，也無法查詢立卽消費資訊,2023-11-18 15:39:03
Hellowanz Chang,2,不好用，我有兩張以上的富邦信用卡，只能看好市多聯名卡的帳，另一張只能用Line看，爛爆了 我不想讓你知道我是誰...你去參考別家銀行怎麼做的,2023-11-18 15:21:38
彭偉哲,5,方便,2023-11-18 14:08:22
Wei -Jun Hong,1,一直跳錯誤,2023-11-17 23:24:46
Sunday,5,為什麼這兩天無法開啟，一直出現”未控制的錯誤”。,2023-11-17 20:40:43
z,3,我想知道app已經更新為什麼會發生未可控制的錯誤 以導致app無法正常使用,2023-11-17 13:55:24
郭千鳳,4,便利性＋安全性。操作系統順暢，謝謝智囊團隊。,2023-11-17 12:39:20
葉淑芬,5,便利順暢。謝謝！,2023-11-17 11:58:59
陳桐議,5,辛苦了，謝謝你們！,2023-11-17 11:02:00
潘長生,5,操作很容易,2023-11-15 19:20:41
吳美玲,1,弄半天也不成功,2023-11-15 18:45:49
Jim,1,從國泰轉到富邦明顯感受到 這個App相當難用,2023-11-15 12:17:36
Angelina,5,使用起來很人性化,2023-11-15 09:21:51
Liu Angus,1,信用卡繳費還要註冊，國泰世華只要輸入資料跟OTP驗證即可繳費。貴公司系統相當不便。,2023-11-15 08:01:49
jc c,5,Good,2023-11-15 06:19:23
Jason yu,5,資訊及時、介面操作方便。,2023-11-15 06:14:14
Apple Ma,5,很好用,2023-11-15 00:19:42
kage yeh,1,更改密碼後出現page not available.信用卡戶不能設定自動扣繳，那出現這個選項幹嘛，根本智障。,2023-11-14 13:24:36
Nica LIN,5,很視覺化，很方便使用,2023-11-14 10:17:35
Chad Hsieh,5,流暢,2023-11-14 08:06:16
nightgenie,1,首頁一直出現富邦信貸是三小！操！,2023-11-13 11:25:06
丁健剛,5,很方便,2023-11-13 09:52:04
陳孟勇,1,繳完卡費跟沒繳完費都顯示一樣，垃圾APP,2023-11-12 00:50:29
陳佑昇,1,都還沒使用到一直跳評分,2023-11-11 23:59:52
黃重重,5,使用方便,2023-11-11 18:30:58
Dadun Hsu,4,查詢方便,2023-11-11 17:54:44
金萍,4,雖然有很多項目我目前用不上，但是其它項目用起來還算順手,2023-11-10 19:42:47
林佳燕林佳燕,5,不能下載嗎 遊戲,2023-11-10 18:40:08
林文漢,5,不錯不錯,2023-11-10 12:24:09
liu william,5,讚,2023-11-10 07:45:04
Ting,3,以前的版本手機桌面小工具可以出現匯率，但自從更新後匯率都不見了，只能點秀匯率才看的到，變得有點不方便了。,2023-11-09 23:22:05
iam lin,5,好便利,2023-11-09 19:47:03
申子辰,5,很不錯的整合系統,2023-11-09 14:58:30
RHC,2,不好用,2023-11-09 13:55:45
張玉君,5,清楚簡單，方便操作,2023-11-09 13:39:15
飛蚊,5,容易使用,2023-11-09 12:41:40
郭文文,5,快速,2023-11-09 09:36:28
羅采寧,5,方便好操作,2023-11-08 23:15:24
Amber_love_coffe,3,個人覺得版面雜亂，操作起來很多東西都需要按一遍才找的到自己要的，認真覺得不方便。,2023-11-08 21:49:00
順吉,5,讚,2023-11-08 12:22:43
許志禾,4,還不太熟繼續熟悉中,2023-11-08 09:50:40
王星惠,1,卡到根本不想用！！！！ 指紋登入是什麼！？根本就不能用，每次都輸入帳密！,2023-11-07 21:16:36
蔡俊男（Adam）,5,好用，很直覺化。,2023-11-07 20:39:57
許小胤,5,很好用,2023-11-07 20:27:15
Kyle,1,超級難用 不人性化 介面搞得一點也簡潔 很愛廣告,2023-11-07 13:06:55
楊兆莨,3,目前使用頻率不高，但使用時覺得快速！,2023-11-07 10:26:03
Vanessa Chang,5,使用方便，快速查詢,2023-11-07 08:23:34
你最怪,5,真心覺得很好用,2023-11-06 11:37:12
鄧麗君,5,很棒！,2023-11-05 16:13:46
丁淑敏,5,頁面清楚，操作方便,2023-11-05 12:44:49
Pei-hua Wu,5,好用,2023-11-05 12:09:49
淑華王,5,簡單方便快速,2023-11-05 10:47:05
JingHao Huang,3,堪用,2023-11-05 08:50:19
CHENGE YU,5,真的很會欸，討厭，講什麼給工程師鼓勵嘛～ 好啦！加油哦,2023-11-05 00:15:57
Jing Lin,5,便利,2023-11-04 10:56:55
Ken,1,使用介面看似正常 實際用下來超爛 準備多跑一趟銀行吧,2023-11-04 01:49:17
陳宥丞,5,方便快速👍,2023-11-03 22:52:44
林玉菁,1,"從來沒用過這麼難用的APP,一直Loading,重新下載還是一樣",2023-11-03 21:58:55
楊光峻,5,good,2023-11-03 15:30:22
Patrick Huang (築夢居老叟),1,剛開始功能太多很難用,2023-11-03 14:16:23
王彥博,4,操作上還行,2023-11-03 13:15:43
劉得利,5,很好，沒出過問題。,2023-11-03 12:06:15
gina,5,快，簡單容易上手,2023-11-03 11:05:01
宗霖（小霖）,5,好用，轉帳快速查閱信用卡金額方便，系統介面清楚明瞭，調整額度快速。,2023-11-03 09:50:47
Yang Danny,5,使用的介面清楚，明瞭，很用心經營,2023-11-02 21:29:28
1 Liu (‪大利‬),5,好還要好,2023-11-02 18:15:45
董菊華,5,方便使用 透明化 細節清楚,2023-11-02 11:50:40
Ming,1,ui設計爛就算了！連繳費都是問題，唉,2023-11-02 09:19:28
劉宥慶,1,是要多爛 三不五時就登不進去一直轉圈,2023-11-02 08:17:19
Boris Lee,5,方便好用,2023-11-02 07:37:35
張世杰,5,操作簡易明暸,2023-11-02 07:30:37
Fang Huang,5,使用方便,2023-11-02 00:41:55
劉阿綱,5,好使用,2023-11-01 19:34:43
林玉萍,1,新用戶下載APP，結果一直打不開 貴公司的APP系統可以用點心嗎？ 刪除後再重新下載，還是打不開，要不是好市多是跟富邦配合，還真不想用富邦。,2023-11-01 14:57:39
Jo,5,很不錯用,2023-11-01 12:01:47
瑪莉哈啦,4,整體而言好用,2023-11-01 11:53:15
Carlos Chen,3,Pixel 6 Pro/Android 14，富邦銀行App新版10.51會強制跳出不能用，降回舊版10.40才能用。,2023-11-01 09:52:22
Marilyn,4,好好,2023-11-01 07:23:48
Timyi Chou,5,隨選即用 讚！,2023-11-01 07:11:55
u s,5,我還以為這個app不需要評論，很方便，臨時需要調高額度時就這家最快，只需要跟它的智能打字對話就好(當然調完刷太高會有人工客服來電確認)，還不用打只會轉自動回覆or AI回覆語音兜圈子麻煩，平時保持最低額度需要時在馬上調高，如果要去旅遊刷旅費團費真的是很方便，給工程師5星好評，希望保持下去,2023-11-01 06:18:18
李淑貞,4,為何城市違法進入，盡快處理,2023-10-31 22:22:31
司馬錯,1,最基本的繳完費都不會更新已繳費,2023-10-31 11:39:26
Shao XU,4,可以提供pixel8的臉部解鎖功能嗎？,2023-10-30 17:46:09
chang胖胖文,3,每次登入都要等超久,2023-10-30 12:23:13
Cindy Hung,4,簡單，友善,2023-10-30 09:09:29
謝得隆,5,方便清楚迅速,2023-10-30 00:11:51
Tau Evan,5,好用，方便,2023-10-29 15:15:28
李大元,1,繳信用卡被導引過來，連註冊都無法註冊,2023-10-28 14:32:27
princess mango,1,早上原先客服說好要傳資料給我，一直等到晚上9點多還是沒傳，撥了客服專線等約4～5分鐘後才用語音說大約還要等超過10分鐘，這樣處理事情態度的銀行，還真是第一次遇到,2023-10-27 21:41:27
謝侑宏,4,個人化極佳,2023-10-27 16:22:57
劉兆卿,1,這輩子看到最爛的客服，永遠打不進去，語音服務像智障一樣，已經剪卡，這輩子不會再用任何富邦服務，爛爆 操,2023-10-26 22:23:05
陳文（家蓉）,1,耗時難用,2023-10-26 12:13:44
鄭鴻鈺,5,行員～細心講解耐心教導,2023-10-26 11:33:51
莊士文,5,棒,2023-10-26 09:53:09
黃俊豪,5,方便,2023-10-25 14:47:50
Lomeoh Chen,1,目前的版本10.50在我的小米12一開就閃退，請儘速解決，謝謝。,2023-10-25 14:13:04
AL C,2,LuckyPay常常掃不出QRcode導致無法交易！盼改進,2023-10-25 07:08:56
CHUN CHENG CHEN,5,方便,2023-10-24 13:18:59
張志宗,3,0⁰000000000000000000△1／／90,2023-10-23 13:25:19
li Yang Chen,1,更新完無法使用,2023-10-21 13:51:20
BRI UTA,1,一直說 網路銀行已重複登入，遇到要登錄活動的時間，是故意的吧,2023-10-20 15:04:39
張小博,4,簡單好用,2023-10-20 08:18:59
JiaLing Wang,3,點入信用卡再點繳費，只能用富邦帳戶的存款扣繳，無法使用他行帳戶（例如國泰世華）扣繳，不太方便。,2023-10-20 05:35:03
molsmopuim Windowslow,2,希望改善每次登入要新增指紋辨識就維修的問題。 希望美元24小時都能線上app換匯無限時段。,2023-10-20 00:12:21
廖珮敏,1,登入失敗,2023-10-19 23:31:36
7f938 gdf,1,"用過最爛的銀行app,數位銀行開卡流程完全不對，害我要跑一趟臨櫃",2023-10-19 23:11:56
邱台生,5,簡單方便,2023-10-19 12:58:55
瑜,1,繳費過的帳單能否標示一下已繳費或直接讓系統弄掉 不然繳了也收到款上面還是有標記這個月的費用 我是要繳還是不繳 顯示都不顯示讓我又多繳,2023-10-18 23:17:00
蔡銓桁,2,登入卡半天，操作介面跟其他家比不好入手，要接好市多，請提早做準備,2023-10-18 13:26:53
尤膩膩,1,用過四家行動網銀頁面最難理解操作，鬼打牆的重複，簡單事複雜做，依然無法解決，爛爆了！,2023-10-18 11:07:42
蔡乙銘,5,方便又好用,2023-10-17 17:51:35
呂昊凡,5,復古風UI，不好看但用起來不會卡,2023-10-17 17:25:42
Hsu Deana,1,登入一直轉圈圈，完全無法登入,2023-10-17 10:29:23
T Lin,1,彰化銀行的只要刷卡完馬上會出現在帳單明細上 為什麼你們的就要等2、3天才會出現？？？？？？？？？？？,2023-10-17 08:58:50
Yi sheng Lin,3,更新Android 14後，開啟程式會一直出現程式已經停止,2023-10-16 21:03:46
賊妮,5,很棒。好用。,2023-10-16 18:59:12
賴仁德,5,好用,2023-10-16 15:06:17
Charles Chiang,5,系統簡變流暢,2023-10-16 12:47:49
黃淑珍,1,之前有下載後刪除，現在又下載，卻一直不能登入，一直顯示身份證或密碼錯誤，但身份證號碼是系統自己顯示的，我沒法修改。點選忘記密碼，重新設定，輸入完按確定送出，畫面又回到尚未輸入的畫面，試了很多次，都一樣結果。刪掉重新下載，還是重複同樣問題，沒用過這麼爛的app,2023-10-15 22:58:54
Sep 17,1,App無法登錄,2023-10-15 17:26:39
文（不對題）,1,信用卡登入永遠轉圈圈，從開始到現在沒進去過,2023-10-15 16:19:14
林,1,連郵局App都比你們好用了，丟臉,2023-10-15 14:52:26
曾鴻裕,5,好用的介面,2023-10-15 14:29:09
羅子喬,5,很讚的App,2023-10-15 11:57:44
鄭富隆,5,非常人性化的介面,2023-10-15 11:10:41
Kevin Lee,1,"用過最爛的銀行app, 登入收到成功email卻還一直轉圈圈，重複好幾次無法登入，基本的都做不好",2023-10-15 10:34:06
Mandy Fung,1,很差的使用體驗，很差的系統操作設計,2023-10-15 01:57:44
楊儀君,4,不錯呦,2023-10-14 14:34:23
劉政旻,5,方便安全快速,2023-10-13 14:08:59
雷克亞維克,5,富邦是一家很好的銀行，我非常感謝富邦這個好夥伴！,2023-10-13 13:41:23
daisy,1,希望能夠學台新richart app消費明細清楚,2023-10-13 10:27:34
陳peiging,5,清楚易懂,2023-10-13 01:27:26
劉仲偉,1,最近為何位數位客服一直不能使用，要申請一些程序都無法用。,2023-10-12 22:32:44
趙慧香,4,很方便使用,2023-10-12 09:17:54
Jason LAN,5,滿意,2023-10-12 08:44:53
大頭晨,1,快速登入無法使用 永遠在轉圈圈 app那麼爛就知道這間公司對消費者不用心,2023-10-12 07:02:55
平安,1,一直轉圈圈,2023-10-11 10:37:43
Francois Yu,1,又是強迫更新 否則無法使用 你們沒有去過google不能用的地方嗎,2023-10-11 08:38:17
莫在問,1,為什麼一直登不進去,2023-10-11 06:50:41
張小米,5,易懂好用，每次都提醒要登出的服務很特別也貼心,2023-10-10 17:07:41
Angel Lin,5,"平均而言,使用感受優於其他網路銀行app",2023-10-10 12:12:15
Wu,5,加油打氣,2023-10-10 10:28:18
蔡有恩,5,安置子嗣在˙這一個溫ㄛ˙ㄟㄥㄧㄝㄣㄘㄔㄘˊㄞㄧˋㄣㄨˊㄨ˙奧茨至於產生ㄛˋㄕㄢㄤ歐,2023-10-09 16:14:49
Bella Chuang,1,操作介面看起來很漂亮，但實際上難用。 貸款＆投資的浮動選單真的很討厭。 如果有需要的人，會自己去找，可以不要跳出來讓人給人看？ 為什麼APP沒按登出，就不能登入網頁的網銀。 為什麼不能直接設定就強制登出APP?,2023-10-09 01:24:37
林世芳,5,方便,2023-10-08 14:49:48
littlefoot chen,5,"流程順暢, 資料查看方便",2023-10-07 13:42:50
林翊汶,1,永遠都在登入中……,2023-10-07 12:55:19
Songji Tsai,1,"感謝富邦神難用而且奇醜無比的app, 讓我自從換卡以後都不想去好市多花錢了",2023-10-07 11:33:44
張芥源,5,快速方便與安全,2023-10-07 10:01:17
陳芎凱,5,讚，好用,2023-10-07 09:29:48
Cong Wen Shen,1,Always Loading,2023-10-06 18:39:55
Egan Hsieh,5,感謝各位工程師建立好用的App,2023-10-06 16:40:04
包寶寶,5,方便簡單好用,2023-10-06 14:45:52
Ch.雪,1,"重頭到尾都爛， 辦刷卡卻不寄帳單，要帳單明細還要自己申請，請卡時怎不說清楚，要打客服還要自付電話費，mail只會收到已繳費用，但無法知道明細， 打完客服才會給你電子客服連結點，富邦真的很缺錢，刷卡分期剩餘金額都沒提醒，只一直說你行收到多少錢的mail,下一期要繳多少呢？ 是鼓勵大家剪卡嗎 繳完這期一定剪卡，最爛的銀行，要民眾自己跑流程，辦卡時都不辦好後續， 打完客服，查到繳費期限已過兩天，真的是超愛坑",2023-10-06 11:57:38
余鴻銘,3,上次卡不能用，造成我的困擾,2023-10-06 10:51:55
許智誠,1,這麼大家銀行，app做的體驗這麼爛，顯示登入成功卻一直轉圈，是不是該正視問題！！,2023-10-06 09:27:01
elise y,5,very good,2023-10-05 23:31:34
涂勝宗,1,富邦這麼有錢APP做這麼爛！登進去一直轉！什麼資料都出不來！是要查個屁啊！請工讀生寫程式？,2023-10-05 20:09:43
趙柏宇,5,整體來說算不錯,2023-10-05 17:39:28
游秉翰,5,簡單,2023-10-05 17:25:14
Lin Luna,5,Great,2023-10-05 14:54:20
魏竣宸,5,讚,2023-10-05 14:09:46
John Chiang,5,頁面簡單好用,2023-10-05 13:19:51
囍寶,5,很好用😊,2023-10-05 12:29:00
Yan Yan,1,每次登入一直等待！登不進去！,2023-10-05 10:10:32
喵兀來了,5,Good,2023-10-05 08:32:02
林義盛,5,方便好用,2023-10-05 07:03:13
Arthur Perng,4,操作迅速，值得依賴～,2023-10-05 06:00:12
陳癸南,5,很好。,2023-10-05 05:17:46
陳小月,5,很棒,2023-10-05 03:30:06
岳虛左,5,方便好用！,2023-10-05 00:04:02
麗塔Lita C.,5,使用順暢，很棒,2023-10-04 21:51:51
viki chiu,1,app能難用成這樣也不容易，快速登入一直鬼打牆，開發的人沒自己用過有多難用嗎,2023-10-04 21:09:19
王耀濱,5,操作簡單、不複雜,2023-10-04 17:11:15
Nick Hong,5,好用，方便,2023-10-03 22:28:46
趙亞倫,5,操作方便簡單,2023-10-03 13:04:00
Box Cash,5,使用方便，老人家都會使用,2023-10-03 08:45:17
Candy Chu,5,好用,2023-10-02 23:40:43
簡驗盒格,5,使用直覺，流暢。,2023-10-02 22:20:42
习主席,4,繼續加油,2023-10-02 21:46:44
丁顯維,5,安全好上手,2023-10-02 19:02:32
木木土申 毅,5,讚，好用,2023-10-02 19:01:57
小蔣,5,很方便👍,2023-10-02 15:47:02
張秀鈴,5,Great.,2023-10-02 10:00:35
Fang,5,Good,2023-10-02 09:12:45
跳舞豬豬,1,你們的App在安卓和ios系統登入後的畫面是不一樣的 安卓有轉帳功能 ios沒有轉帳功能 是不同一個App嗎🤔,2023-10-02 08:00:20
Trex Pro,5,非常好用的應用軟體，謝謝你~,2023-10-02 07:51:33
鍾振宏,5,功能使用起來非常方便！,2023-10-02 02:37:57
debbie yen,2,一直鬼打牆,2023-10-02 01:02:27
蔡穎澍,5,很好使用，功能多元樣,2023-10-01 21:31:08
薛叡,5,各項功能很清楚的列在左邊,2023-10-01 17:11:23
Ada Kuo,5,操作介面很靈活,2023-10-01 14:29:43
蔡佳珍,5,明瞭好用,2023-10-01 13:58:56
陸惟智,5,方便好用,2023-10-01 07:15:08
王嘉照,2,開始與而至阿榮BOT的第二季,2023-09-30 14:53:02
柔伊,1,每次要用都在更新超爛,2023-09-29 13:29:39
sherry wu,1,快速登入按指紋一直進不去 一定要用一般登入 輸入使用者代號 還有密碼 所有銀行APP就你最麻煩,2023-09-29 01:06:56
Lion Lin,5,開卡超迅速比花旗好用多了,2023-09-28 19:15:15
顏渼姈,5,找不到ㄧ些功能 想要投資也找不到路,2023-09-28 12:05:09
筱筠,5,非常好,2023-09-27 22:16:15
Sasami Daru (flyingyia),4,Pretty good.,2023-09-27 15:58:21
文坤楊,2,還是轉到國泰較實在，app進不去還一直更新,2023-09-27 12:05:17
RenAn Guan,1,App的名稱請改成“富邦銀行”，不要用“富邦行動銀行”，現在每個App都是行動的了，還特別強調“行動”不是多此一舉嗎？謝謝！,2023-09-26 22:06:41
潔潔,5,繳費很方便,2023-09-26 18:41:50
童筱綾,1,App沒有即時消費通知的設計 真的是非常愚蠢 到底為什麼要把即時消費通知弄在Line？ 然後App完全沒動靜？ 查個消費明細還要從Line翻找 單筆分期也要從Line去處理 這App是設計心酸的嗎？？？？？,2023-09-25 21:49:39
Yen,1,介面比狗畫的還醜,2023-09-25 21:30:29
wanli Yen,1,我要看信用卡帳單明細都不能看，輸入生日，身份號碼都沒有用，,2023-09-25 18:53:55
Joe Lin,4,簡單方便,2023-09-25 15:01:45
Bruce Yeh,1,更新 卻一直轉圈,2023-09-25 13:43:52
shouhan,4,快！,2023-09-25 10:00:51
oxygen,2,希望帳戶可以跟信用卡合併，不然要打兩次超級麻煩！其他家打一次就可以看到信用卡跟帳戶,2023-09-25 05:22:32
Su H (Suforever),1,從昨天登入app頁面跳出需更新 一直無法成功 移除舊的 重新從google play 商店要重新下載富邦app 一直呈現無限循環繞圈圈安裝中 從昨晚安裝到現在還在繞圈 史上最難安裝app 沒有之二 只有之一 這是哪門子被迫更新 原本能用 現在裝都裝不了 無言,2023-09-24 11:46:52
陳賊,2,不好用，做的很複雜，不夠直覺。,2023-09-24 08:52:23
吳聲忠,5,讚,2023-09-23 19:24:43
李金清,5,讚！,2023-09-23 15:41:06
TH Zeng,5,不錯,2023-09-23 13:17:57
唐馨蓮,5,好用,2023-09-22 21:10:08
沈香,1,更新帶太久了,2023-09-22 20:51:33
yu,3,希望能在app顯示還有幾次免費轉帳次數，可以參考像永豐那樣的顯示方式，一目了然,2023-09-22 16:00:42
龍少爺,5,"系統順暢度很好,能提高使用者便利性 👍👍",2023-09-22 10:00:28
游婷婷,1,很難使用，不易操作 用了多家銀行的APP，富邦最難使用,2023-09-21 11:44:02
唐十一,1,最糟糕的APP，沒有之一 我很少評價APP但富邦真的讓我很無言 使用體驗後連鼓勵都放棄了 不是因為好市多絕對拒絕往來,2023-09-21 09:10:57
陳思涵,5,很順手,2023-09-20 22:17:12
広さん,3,太複雜了,2023-09-20 18:18:33
Ziva Chen,1,為什麼這麼慢...,2023-09-20 16:32:42
黃信翰,1,反應慢,2023-09-20 16:30:09
古木,1,App根本登不進去，有夠爛,2023-09-20 16:25:47
Lin Vero,1,很常卡住不能登入，希望能改善，不然感覺真的很糟,2023-09-20 16:22:22
Tiffany Chen,3,為了登錄活動下載來用，結果活動時間一到server直接掛掉 要做活動硬體就要準備好啊......,2023-09-20 16:17:19
Hepburn,5,非常讚,2023-09-20 15:32:26
eria b,1,信用卡要辦理自動扣繳，會引導到這個app，等你好不容易申請好帳號登入後，才會說不提供信用卡帳號自動扣繳資料…？,2023-09-20 15:15:26
Never Lucky,1,點進去就閃退，已經一週了,2023-09-18 10:05:32
呂珊,1,鳳看他w飛飛，恩愛昂,2023-09-17 16:56:09
陳小帥,1,真的太難用了 要查帳很不方便,2023-09-17 11:37:21
tomy huang,1,頻寬加大很難嗎？要登入app等半天也進不去，都已經更新了卻還是一樣的結果，真叫人失望,2023-09-16 09:50:36
布丁天下,1,真的覺得這個App 不好用，,2023-09-15 22:22:11
Albert Wang,5,出現憑證已更新，但已經是最新版本，移除之後重新安裝，一樣鬼打牆,2023-09-15 13:03:08
jason no1,5,設定非常清楚,2023-09-15 11:00:44
koui yeh,1,爛 登入是要loading多久 沒用過這麼慢的銀行app...,2023-09-14 21:26:33
董木生,5,烏拉,2023-09-14 19:43:05
蔡菜子,5,好用又簡單,2023-09-14 13:42:11
莉蓁蘇,5,方便好用,2023-09-14 13:36:05
Leo Liu,1,信用卡繳費怎麼可以設計得這麼不直觀....,2023-09-14 08:54:52
hsu tony,1,只是要查信用卡的消費金額 又要重新申請 你們公司的服務太爛了,2023-09-14 08:50:15
張明鳳,5,介面好使用,2023-09-14 08:12:57
張博彥,3,有夠爛，永遠在維護,2023-09-14 01:23:53
鄭宸雅,5,轉帳可以直接拍照掃描，超棒的,2023-09-13 23:21:06
e.w,1,富邦的app真的要在加油 不管是操作順暢度還是美觀都很不好，連賴給別人收款的QR cord 都會一直跳掉，超不方便 而且要綁快速登入也是一直失敗還會跳轉很久最後當掉 我自己使用過richart、玉山、國泰的app，沒有一個像這樣既不穩定頁面也不順暢的，整體看起來也很陽春，真的不行,2023-09-13 22:48:09
Paddy Shu,1,完全找不到帳號申請的介面，是90年代的復古程式嗎？,2023-09-13 20:20:39
文心（PN水瓶）,4,功能多，不錯使用。,2023-09-13 15:50:22
鄭二哥,5,台北富邦 APP 非常好用很貼心,2023-09-13 11:50:50
Frances Lai,4,希望增加關閉國外刷卡功能，以降低盜刷風險。,2023-09-13 10:03:35
寧缺,1,你們可以不要把上期帳單跟下期帳單合在一起嗎可以分開嗎這樣會搞混,2023-09-13 09:56:11
阿德,5,蠻直覺的操作介面,2023-09-13 04:11:49
chien hung Pan,5,功能豐富，程式還能運行很順暢，尤其還跟證卷整合的很好，做的很好,2023-09-13 04:06:27
yulin lee,5,簡單明瞭,2023-09-13 03:33:41
Frank Huang,4,算好用,2023-09-12 22:24:50
Heavia Wu,5,眾多網銀app中相對好用,2023-09-12 11:24:01
許原菖,5,很放便,2023-09-12 04:30:23
陳慶松,5,好用！,2023-09-11 22:01:06
柯,3,:⁠'⁠(:⁠08⁠-⁠)(⁠T,2023-09-11 16:53:57
lo tto,1,APP設計的好爛，連一個簡單的快速登入設定都做不好！我原本設定好好的，可是只能進入在信用卡客戶那邊，我想快速登入銀行端客戶那邊，弄了老半天還是弄不好！ 整體介面難用就算了，連一個簡單的快速設定...哇靠真的是廢到笑,2023-09-11 09:40:11
葛國平,5,使用經驗美好,2023-09-11 08:27:09
Eason H,1,以前國泰好市多卡繳費，馬上看的到已繳費。使用富邦爛系統，六日出帳都很快，但是六日已線上繳費還是顯示未繳費，而且只能使用帳戶繳，也不能產出條碼，真的覺得爛！！ 要不是好市多改用富邦，我再怎樣也不會辦富邦爛卡第二次。,2023-09-10 20:43:40
楊庠玉,5,很流暢方便,2023-09-10 12:39:14
陳義霖,5,讚,2023-09-10 09:54:50
蔡玲玲,5,讚👍👍👍,2023-09-10 09:38:24
yui,1,原本以為聯邦很難用了 沒想到居然還有更難用的 刷卡當天沒有即時消費 過了數天居然還是沒任何明細 最扯的是出帳日當天 我要繳費居然顯示什麼正在處理中 連要查一下明細都不能 要不是因為需要去costco消費 我真的不想碰你家的APP 連你家的卡都不想用 真的是用過最差的銀行APP 拜託學一下國泰吧,2023-09-09 20:31:35
Joey Chen,5,非常方便,2023-09-09 18:34:35
楊津津,5,还不错,2023-09-09 10:11:39
Johnson.jiang Jiang,4,界面清晰好用，惟換匯時無法即時顯示優惠價格的滙率。,2023-09-09 01:54:26
Melissa Shih,5,很方便操作使用,2023-09-08 16:48:53
義钀,1,剛開戶，想使用網銀，結果一直停在準備中，想說是不是手機問題，結果其他家網銀都可以登入，就富邦不行...,2023-09-08 12:48:48
戴崇倫,3,轉帳設定很方便，又可查看進出帳。 Lucky pay的QR code 暱稱顯示上方很不方便，找人名時都會被擋住。 暱稱應擺放在QR code的中間。,2023-09-08 12:13:45
琪琪,4,"人性化,好用",2023-09-07 22:31:22
陳芯芯,5,介面操作簡易方便,2023-09-07 15:14:22
媞瀅吳,5,很方便,2023-09-07 15:09:42
楊貴華,5,好用,2023-09-07 14:28:33
M H,5,簡單易懂好用,2023-09-07 13:22:08
Wen-Ping 真光 Tseng,5,方便,2023-09-07 13:08:00
陳建龍,5,介面流暢清楚明白,2023-09-07 12:06:13
林芃妘,5,讚，專業，有效率,2023-09-07 06:59:00
Chuang,5,符合我的操作習慣,2023-09-07 01:34:05
Audrey Holly Jeng,4,介面設計清楚容易操作，很貼心的服務，可以線上開戶真的好方便。謝謝資訊開發工程團隊的努力！,2023-09-06 22:52:34
蔡耀億,1,轉圈圈App,2023-09-06 20:04:50
Husan LiN,1,App的介面，很難之使用，可以在優化一點,2023-09-06 14:26:27
昱,1,廢物程式，連更新都不讓人更新了，已轉了2天的圈圈,2023-09-06 06:41:32
Chris Wu,1,介面超不直覺難用得要死，連忘記密碼都不知道要去哪裡重新設定，app設計的工程師是都在睡嗎,2023-09-05 23:03:34
fish Fan,4,最近蠻順的~~~,2023-09-05 20:07:52
Rita,5,介面清楚，使用便利,2023-09-05 16:37:01
Lucia Jhang,1,慢到誇張 登入轉圈圈轉了5分鐘還登不進去，重登也是,2023-09-05 12:57:40
夜狸,3,希望可以顯示剩餘額度多少,2023-09-05 10:01:57
Fion Tsai,5,算是很完整的網銀app，基本的查詢功能都很直觀，使用起來非常順手，分期尚未繳清的明細也蠻清楚的,2023-09-05 09:42:34
FU CHENG LUAN (欒富程),5,好用 方便查閱,2023-09-05 09:17:28
邱秀珠,1,只是要查一下信用卡繳費日期和金額，帳單也沒有寄來，一直進不去，真的有這麼難嗎？你們是一家數一數二的銀行可是怎麼如此爛,2023-09-05 08:28:17
tai lungan,5,讚,2023-09-04 19:38:04
William Ho,1,"不能更新,這是什麼問題",2023-09-04 11:17:10
Yula Chang,5,挺方便好用的！,2023-09-03 20:48:39
ㄔㄣㄔㄣ,4,用心了 謝謝 繼續加油💪❤️,2023-09-03 11:26:18
宜微,1,今天一整天都無法登入…,2023-09-02 18:30:01
看看你右邊,5,比起聯邦跟第一的app，個人覺得富邦相對好用很多。,2023-09-02 17:30:37
陳翠美,3,您好:借卷的費用帳款，均無備註是哪一檔股票，而基金的配息帳款，也無備註是哪一檔基金，此些均會造成對帳的困擾，期能改善，謝謝。,2023-09-02 16:32:38
連家慶,1,一直轉圈圈要怎麼繳帳單...不如寄紙本過來！,2023-09-01 23:10:51
安琪拉,5,操作介面清楚,2023-09-01 15:28:33
陳瑞婷,5,很棒，簡單好操作,2023-09-01 14:24:40
C Y,4,合併日盛後，在富邦網銀日盛的帳戶怎麼轉帳？只有原來富邦的帳號有轉帳功能，其它帳戶無法。,2023-09-01 12:26:49
劉宗瑭,5,好用,2023-09-01 10:55:53
Wang Nick,5,登入速度快，介面直覺好用，常用功能可調整至首頁，很好用,2023-09-01 08:40:00
邱米米,5,好用,2023-09-01 06:08:41
Wayne Pai,1,黑幕，完全不動。什麼時後才會修復。解除重裝一樣黑幕。富邦其他的 app都正常，就這個網路銀行不動。 最怕這種事了，手機空間不足，看來不能轉帳了，是要更新什麼。,2023-09-01 00:10:43
Z SWEN,4,還不錯,2023-08-30 09:52:57
chtomea rex,1,7／30不懂在幹嘛用的app，登入帳密打完，loading一直轉，就是進不去，幹嘛設計出來？！ 8／29狀況一樣，完全沒變，loading轉不停，富邦的資訊人員都是在幹嘛的？ 還是卡片減一減，帳號停用就算了？！,2023-08-29 16:00:06
邱勤善,3,Troop meeting p,2023-08-29 10:24:04
黃建誌,5,界面很流暢，容易操作。 體驗起來還不錯,2023-08-29 00:31:23
jyu Chen,1,辦個戶都困難重重，怎麼用,2023-08-29 00:03:41
Cih,1,到底要loading 多久？,2023-08-28 22:17:06
Ming Hang Lee,1,你們綠色帳單的網站8/28一直無法登入，請問是網站故障嗎？,2023-08-28 17:39:06
曾文錦,1,連絡網路非常慢，連結不上有夠爛,2023-08-28 02:07:10
彭世全,5,讚,2023-08-27 18:59:42
Li-ya Chen,1,"用北富銀和台灣大,都是富邦產業，三天兩頭收不到認證簡訊，也不能改發email，無法轉帳。",2023-08-27 18:26:49
DAFNA,1,請立即修正信用卡無法登入的問題，已經卡在loding很久了！,2023-08-27 18:09:31
Kunyuan chen,5,清楚簡單,2023-08-26 11:19:16
張芯慈,5,很方便！隨時想知道刷了多少！,2023-08-26 10:39:10
David Chen,2,不夠直覺，需要摸索,2023-08-26 07:07:44
Nathan Lym,1,進不去，進不去！我真的是永遠都進不去，不進了！刪掉好了！,2023-08-26 01:21:26
J C,1,都已經收到email的登入成功通知了，但是APP還一直在Loading.....，還無法按返回，只能整個關掉重開啟APP，然後又得重新再登入，已經好幾次了！ Line的信用卡綠色帳單一樣，輸入資料後按登入完全沒反應！ 我用過多家銀行APP，第一次遇到這麼糟糕的情況！電子帳單有時候寄有時候不寄，天啊啊！我只是想看金額繳費而已...為什麼困難重重？,2023-08-25 20:16:31
朱小鱼,2,系統操作介面很不直覺,2023-08-25 16:24:30
高贈婷,5,用習慣好用,2023-08-25 10:41:16
蝦如,3,有時密碼或帳號是正確的就是進不了…最後還被鎖。只好到富邦櫃臺…。這個app有些問題不好使…。,2023-08-25 07:44:27
jss5890,5,非常滿意,2023-08-25 00:33:46
PEIYUN CHENG,5,實用 查詢也方便,2023-08-24 15:44:24
江月雲,5,方便,2023-08-24 15:13:59
Janne An Wang,4,還算不錯的app!,2023-08-24 12:26:08
邢小萍,5,很迅速,2023-08-24 08:48:34
Chih-Hung Yang,1,「免登速查前，請先登入」 貴公司不覺得這句話邏輯死去了嗎？相隔多個月還是一樣的問題,2023-08-23 16:38:45
lee hank,5,讚,2023-08-23 13:32:35
Tony Lu,5,Excellent,2023-08-22 16:44:55
gill se78,3,刷卡金額能設一個已刷卡但店家未請款的明細嗎？只顯示店家已請款的部分，未請款的金額只能在line找，太麻煩了，可參考一下永豐的，它們的就會顯示,2023-08-21 23:40:06
Annie Kuo,1,沒辦法知道目前的 存款利率 跟 剩餘跨轉、提領次數。 最重要的東西應該是要放在首頁顯眼的位置，但你們竟然直接沒有，找都找不到，麻煩優化一下app吧……,2023-08-21 19:40:00
CH,5,非常方便及友善使用者的介面！,2023-08-21 14:16:14
Will Hsieh,1,轉個帳有夠困難完全收不到OPT簡訊,2023-08-21 00:24:13
施明德,4,很好但要更好,2023-08-20 11:27:56
TeddyGJ,2,介面醜到爆炸，簡直污染手機,2023-08-20 02:03:07
jonny lee,4,使用快速方便,2023-08-19 21:52:35
朱瑞發,1,找不到開卡,2023-08-19 16:15:54
麵包,1,連登入都無法。已收到登入通知，但app還是一直在轉圈，到底要轉到什麼時後？目前用過最難用的銀行app,2023-08-19 11:28:50
蔡奇峰,5,使用方便,2023-08-18 16:22:50
Artemis Mil,5,介面簡單明瞭，清楚好上手,2023-08-18 02:58:59
Arvr Vix,5,速度快，介面好用,2023-08-17 18:49:32
劉弟弟,1,都什麼年代了還無法用指紋辨識記錄登入app，每次登入還要輸入一次帳號密碼👎👎👎,2023-08-17 17:51:16
Coco Tsai,5,新版很方便使用 謝謝優化,2023-08-17 16:31:57
Justin Linn,1,"登不進去，一直在loading,是在哈囉",2023-08-17 14:16:42
哆啦,1,"永遠都在繞圈圈，一個不想讓使用者繳費的app, 這麼大家公司app做成這樣",2023-08-17 13:36:47
go ofy,1,最近常常顯示應用程式錯誤 連結不成功，完全沒辦法打開app，非常非常困擾,2023-08-16 17:37:21
吳哲均,5,很好，好用快速!讚!,2023-08-16 13:34:55
宋政峰,1,爛 沒有其他形容詞,2023-08-16 12:13:10
陳志禎,5,貼心好用,2023-08-16 09:38:01
韓吉,1,快登滑鎖常常誤判導致一直失敗，害我直接被鎖app還要到銀行解鎖,2023-08-16 07:12:48
林家羽,5,操作快速、簡單,2023-08-15 21:34:18
Hector,1,目前無法登入,2023-08-15 19:36:15
green y,1,個人算是管理卡費很嚴謹的人，每筆消費必定記帳，並且隨時留意刷卡通知及app內開銷紀錄。但自從轉至富邦信用卡以後，當下的開銷，完全不會顯示在app裡！！！我必須去看剩餘額度才能“推算”出來自己的總消費，非常不便利！令我十分懷疑這個app的設計動機？ 8月至今使用此卡消費快滿萬元，app顯示的「已消費金額卻是0」…也找不到任何明細介面。 貴行設計的app非常不便利，開銷曖昧不明！令我在使用信用卡上感到十分不安，我寧可盡量不使用此卡消費。希望此意見能轉知相關人員，謝謝！,2023-08-15 14:58:26
skr SKR,1,突然連不上了網路環節正常，突然連不上了網路環節正常，突然連不上了網路環節正常，突然連不上了網路環節正常,2023-08-15 09:00:06
狐尼,1,需要顯示：扣款帳戶金額-信用卡消費金額 的功能比較好,2023-08-15 08:03:35
K K,5,介面簡單易懂好操作,2023-08-14 22:58:42
Alice,4,查每次的紅利點數，如果也一起顯示當次的消費，一目了然會更好。,2023-08-14 21:53:37
kora Pe,1,已經無法登入一個禮拜了，顯示連不上server，清掉重安裝也都試過了，客服永遠忙線中，可惜最低只能打一星,2023-08-14 17:07:00
吳傑克,5,好用方便查詢轉帳,2023-08-14 16:58:35
Johnson Ku,5,操作便利直覺,2023-08-14 14:42:43
韓森博一,5,好用方便,2023-08-14 12:27:13
許世德,5,很方便，也不會卡卡，值得推薦,2023-08-14 12:01:28
Wendy Wu,5,好用,2023-08-14 11:15:34
Lisa / Chris Lee,5,方便好用,2023-08-14 08:05:50
AT 24,1,難用不直覺不美觀，希望可以參考學學國泰的介面，設計的更人性化、好使用、好看一點，期待改善後的結果,2023-08-13 16:51:35
阿幹,5,讚,2023-08-12 22:44:29
RenBang,3,"無指紋辨識登入功能, 且登入時間緩慢, 介面陽春",2023-08-12 19:41:22
吳怡璇,5,不錯,2023-08-12 14:05:58
Shiau Ching Chiu,1,顯示登入成功，畫面一直轉，重開app重新登入也是顯示登入成功，轉5分鐘轉不出來🙄🙄,2023-08-12 09:26:47
霧澤影,1,"8/11新增，一般帳戶跟信用卡登入要分開，繳信用卡的不能繳貸款＝＝＝＝＝5/27新增，登入後就要求更改新的使用者代號跟密碼，是在改屁哦，原本的記好好就又要換，去改又出現個""null"" ，三個小？？？ 要人去改又不讓人換，工程組的人腦袋也是裝三個小是不是？ 會裝APP就是信用卡的帳單一直不來才裝來繳費，現在不讓人登入，那我乾脆刪掉等紙本來算了 ＝＝＝＝＝＝＝＝＝＝＝＝＝＝ 有夠難用，申請個網銀，使用者代號就轉來轉去搞了一小時，申請好的要登入說要先登出才能登入，啊都還沒登入是怎樣登出？",2023-08-11 23:48:35
邵明,5,贊,2023-08-11 13:07:02
K YM,1,App設計太醜太不好用，可以花錢請專業的來嗎？,2023-08-11 09:37:52
無小心,5,很方便使用,2023-08-10 22:05:24
Ken Liao,5,富邦行動銀行是人們生活中，貼心 又便利的理財好幫手，有夠棒,2023-08-10 21:12:35
Rende Yu,4,使用簡單明瞭,2023-08-10 13:46:00
張雅雯,5,非常容易上手的app,2023-08-10 08:51:53
Rex Kuo,2,使用很多家銀行的app，就你們家的app最難用，也很不直覺式，圖案配置也是很奇怪，可以請工程師把app優化一下嗎？要不是有申請你們家的信用卡，才不會想要用你們的app哩，等我卡片寄到研究完，如果可以不必用到你們的app了，我就把app刪了,2023-08-10 02:34:38
Vicky Fan,5,很好,2023-08-09 10:04:25
錢立昇,5,非常棒,2023-08-09 02:46:55
吳文立,5,這程式使用起來滿方便,2023-08-08 22:07:17
劉永淳Anthony大海,5,有善的操作界面，太棒了！,2023-08-08 19:02:10
穎川包,5,用習慣就好,2023-08-08 09:38:08
冷天色,1,沒有指紋登入嗎？,2023-08-08 09:30:09
Bill Lee,3,信用卡客户可以用他行帳户扣款繳卡費，但是一般客户卻不行，必須用本行帳户繳。建議更改為均可用他行帳户繳費，以免浪費時間及資源，須自他行轉帳至本行，再進app去操作扣款手續。(他行數位帳户利率較富邦高，故資金存他行。建議富邦也可提高數位活存利率。),2023-08-08 08:54:07
YiMing Hsu,1,不詢問直接改客戶的帳單格式,2023-08-08 08:24:04
吳泰和,5,方便使用,2023-08-08 06:28:46
石秋瑩,5,簡單易懂的APP，操作容易,2023-08-07 21:58:35
陳奇延,5,不錯用,2023-08-07 21:55:36
鄧建中,4,還是有成長進步的空間,2023-08-07 20:44:36
Joan Lin,5,使用上非常簡單明瞭，好操作使用。,2023-08-07 19:47:32
朱華顥,2,介面該重新設計了,2023-08-07 19:19:06
Summer Tsai,5,讚！,2023-08-07 18:01:58
nickie wang,5,很方便使用,2023-08-07 17:54:21
君君林,5,比其他銀行的APP好用太多了,2023-08-07 09:30:53
洪淵博Louis,5,穩定不當機！ 要給工程師按個讚！,2023-08-07 09:20:38
shekuo lee (shkuo),5,使用简单方便,2023-08-07 06:28:37
顧大中,5,很好,2023-08-07 05:42:53
kuo mingkang,5,流暢 介面方便 直覺,2023-08-06 21:02:07
Jessie HSC,4,還行，方便。,2023-08-06 07:43:20
洪靜婷,5,跟以前的行動網銀比較富邦網銀真的很實用,2023-08-05 19:33:51
阿瑪納（‫אֲמָנָה‬‎）,5,算是好用哦！不卡頓。,2023-08-05 13:46:16
潘玉真,5,操作簡易、貼心。且與時俱進、符合人性。,2023-08-05 09:49:02
Alan Yu,1,無法行動轉帳 已偵測本行動裝置有連線風險...,2023-08-05 06:58:00
Wei-han Chang,5,建議轉帳完成通知收款人，可直接提供轉帳貼圖。,2023-08-05 00:55:39
James Perng,5,目前使用起來都很順暢，介面也還算好理解，希望後續改版不要變差。,2023-08-04 23:33:39
Ben Liu,2,這App的UI設計得不太好：那個圓盤有夠難轉，然後下面那排充滿沒用的icon（例如LuckyPay）還無法客製化。我個人覺得設計的滿醜的。收到數位帳戶金融卡時還要求我去富邦提款機改密碼；現在數位帳戶不都是任一提款機都可操作嗎？很會找麻煩。,2023-08-04 21:47:20
Henry,4,手機app網銀沒辦法下單黃金存摺,2023-08-04 20:56:17
王宜皇,5,好用,2023-08-04 20:14:52
Joanne Cheng,4,何時才會有指紋登入,2023-08-04 17:57:34
TP SUN,5,何處能檢視已預約轉帳？ 若能查詢會更方便。謝謝,2023-08-04 13:10:51
蔡坤政,1,客服難打，經常要等候半小時以上！,2023-08-04 12:26:01
吳永安,1,無法轉帳,2023-08-04 11:02:18
楊耀章,5,容易查詢，不用多層翻頁,2023-08-04 10:51:47
陳怡瑄,5,方便，快速,2023-08-04 09:29:53
洪莉婷,5,👍👍👍👍👍👍,2023-08-04 07:52:36
張貴美,4,快速查明！簡單清楚，讚！,2023-08-03 21:34:16
ML Wu,5,淺顯易懂操作方便迅速,2023-08-03 18:42:25
黃太子,5,ㄌ了他只，ㄐ ㄐ的特點了，治療妳。,2023-08-03 16:05:48
天才,5,值得推薦,2023-08-03 15:28:59
HAUHWA HAUHWA,5,因為只用幾個查詢功能，目前用起來是覺得還蠻快蠻順手,2023-08-03 11:29:46
Ruby,1,爛透了 轉圈完寫您已登出？？？？,2023-08-03 10:28:16
鍾世新,4,好操作,2023-08-03 09:58:31
盧德政,5,非常好用,2023-08-03 05:18:50
angel C,5,很方便，隨時可以看存款明細,2023-08-02 22:13:04
MISS,1,很後悔沒看評論，刷卡好幾筆金額都不準，還高過原本金額，繳費後，原本金額也沒變，無怨無故就送我違約金，真怕了,2023-08-02 19:19:14
布丁拔,5,App方便使用 讚,2023-08-02 16:22:59
尤曉貞,5,好用。謝謝。,2023-08-02 13:40:40
賴美瑾,5,很順利,2023-08-02 13:12:21
LI-SHENG SU,5,操作簡單好用,2023-08-02 08:23:23
ting chen,5,介面清楚完整好用，功能很完善,2023-08-02 06:23:23
戴銘Benson Tai Ming,4,幫你記，是一項非常貼心設計。,2023-08-02 06:02:08
Johnremarkable Lin,5,好的APP，分享給家人.,2023-08-02 03:39:51
楊字璿,5,個人覺得最好用好按的行動銀行,2023-08-01 22:51:07
陳銘賢,5,速度穩定方便,2023-08-01 21:17:59
呂光瑞,5,讚、方便、快速,2023-08-01 13:59:21
Ivan Huang,5,🥰😍😘,2023-08-01 13:28:44
呂政泰,5,操作方便,2023-08-01 13:06:10
姚小新,5,好用方便。,2023-08-01 11:56:51
Kai Kai,1,登不進去的情況改善了，但已繳款後一星期查詢，還是未繳款，有點掉漆。,2023-08-01 09:34:43
插天吳插天,5,不錯！,2023-08-01 08:40:14
Albert Chang,5,方便又安全,2023-08-01 06:25:01
文圓黃,1,顯示已登入，畫面卻一直跑不出來,2023-07-31 23:21:53
Jack Huang,4,如果界面能設成黑色主題會更好，比較不會那麼刺眼,2023-07-31 10:11:01
賴俊義,1,爛死了！,2023-07-30 21:37:04
Enn Young,1,真的跟傳說一樣難用欸🤣🤣🤣,2023-07-30 19:09:46
黃耀鋒,4,好用,2023-07-30 11:36:46
xin FanFan,1,每次登入都卡住一直轉圈圈，爛死,2023-07-30 06:07:36
Amy Han,4,還順,2023-07-29 23:33:28
郝運氣,5,使用上還算順暢 加油,2023-07-29 17:18:36
Faust k,1,1.強制更新但卻無法更新 笑死 2.你們富邦的app真的是公認最爛 登都沒辦法登 連公股銀行app都不會出問題 幹,2023-07-29 11:06:21
Jordan Liou,4,很不錯,2023-07-29 07:54:00
郭BEN,1,App信用卡介面很差，app無法查詢消費明細，如果被盜刷根本無法查,2023-07-28 23:28:22
陳薇羽,5,便捷,2023-07-28 21:15:53
陳小汝,1,連不上app,2023-07-28 08:57:18
Joanna Chen,4,順暢，還不錯用。,2023-07-27 22:08:51
Shion Yuki,1,和日盛合併後app變得複雜死了，不喜歡,2023-07-27 14:55:20
王麗卿,5,非常好,2023-07-27 06:28:41
莊lookingfor,1,沒有要我建立信用卡資料！。,2023-07-26 20:46:57
謝云華,2,每次要登錄，就會登錄很久，一直卡在登入畫面,2023-07-26 12:27:38
QQ Lee,5,使用起來，簡單明瞭，謝謝你們。😊,2023-07-26 07:07:03
黃瓊,1,有夠難用 根本登入不進去,2023-07-25 00:16:56
Ony and,1,你們app說真的線上繳費處理效率有夠差的，剛辦好信用卡，想說試刷一下，一筆300多元，用app轉帳付，過了4-5天了，看app上信用卡帳單依舊在，用手機打到客服花了超久時間，光打這通電話費就108元，語音信箱唸一大堆要我等待客服等了近10分鍾什情況，辦事效率不予自評，也就算了，貸款扣款就效率特別的好馬上就扣款，真的有夠讓人傻眼，讓我信用卡不想用也沒那意願用，對你們的銀行超無言的，如不是日盛跟富邦合併沒辦法，不然打死我再也不會想在富邦開戶，因以前也因帳單問題害我信用破產，麻煩改進一下好嗎,2023-07-25 00:11:49
黃淑娟,5,容易操作,2023-07-24 23:14:15
Stanley Lee,5,更新: 登入問題解決後，整體使用很方便... 舊的: 新的版本應該有問題喔... 安裝完最新版本後，還是要求我去更新認證...,2023-07-24 10:14:43
周經世,5,簡單明白 方便就手 資訊充足,2023-07-24 07:23:27
jacob chang,5,介面很人性化，操作容易。,2023-07-24 06:53:43
MJ Victor,1,1.資料庫跑好久，進入要跑15-20秒，查明細更久，有些甚至要到一分鐘還跳不出資料 2.另外登出沒有提醒，僅是切換到其他 app一直被登出,2023-07-23 19:00:17
Arthur Hsiao,5,Good,2023-07-23 14:49:33
ingrid chen,2,更新後無法登入,2023-07-22 20:29:06
P GIMY,1,客服電話完全打不通 更新電話還是打不通，靠著文字客服聯繫上 另外完全不建議使用富邦的行動網銀，要調高行動網銀的轉帳額度，一定要視訊驗證，然後視訊驗證又卡死營業日18：00前，極端不方便，申辦前請三思,2023-07-22 10:31:22
Mei-chun Ko,1,要開卡，第一次用app.等到時間結束，完全收不到驗證碼。打電話找人工客服，已經等了10分鐘以上，還沒接上客服。,2023-07-22 08:25:13
陳繼文,1,爛到爆,2023-07-21 20:11:11
葉博博,2,如果可以整合一般和信用卡，不用分開登錄，會更好，介面選項處理不夠簡單化,2023-07-21 07:57:48
張鑫鴻,5,簡單明暸好使用,2023-07-20 08:19:39
楊資郁,1,說要更新才能使用但是不能更新！,2023-07-20 03:49:03
黃慧琳,5,很棒～,2023-07-20 03:20:09
林琪淑,5,富邦銀行操作簡易方便喔！,2023-07-19 21:05:55
洪芠芠,2,牛轧糖,2023-07-19 20:36:51
JH Yu,5,簡單好用,2023-07-19 07:34:06
戴參,1,一直無法更新，有沒有,2023-07-18 23:48:47
葉曉茹（Emma）,1,"一直說要更新憑證，下載多次都無法更新，也無法登入App,希望盡快解決",2023-07-17 21:09:56
何政毅,1,已經一個禮拜，一直都登入異常，爛死了。更新完還是一樣，到底要有多爛,2023-07-17 20:39:17
Eva Lai,4,最近無法順利分享收款帳戶QRCODE，點選後不會自動跳到line的畫面，也不是停留在銀行app畫面（在android13不同廠牌手機 可複製現象) 再麻煩處理，謝謝 App版本10.21,2023-07-17 20:14:42
"Hsieh, Yi`-Fang",3,有夠蝦，如何查信用卡繳費記錄? 最爛的金融app。 這麼大的公司出這麼爛的app。 有進步了，但是還可以更好。,2023-07-17 14:24:01
林安伯,5,Good,2023-07-17 14:06:30
黑白熊,5,什麼鬼..就最新版本了，還要我更新。刪掉app重新安裝也是一樣，是不給用了嗎！？,2023-07-17 13:03:22
呂憲璁,4,操作介面容易,2023-07-17 10:43:44
Jason hsu,5,讚💯💖💯👍💕👍💯,2023-07-17 09:46:40
flowerfes,1,打開app說要更新，無法更新，解除安裝後，重新安裝也一樣無法進app說要更新，軟體工程師趕快來上班囉。更新7/17現在好不容易進去了，但是一直卡在登錄中，信用卡無法繳費了。,2023-07-17 08:40:10
廖啟智,5,7/15日.剛點開app跳出要更新的提示，點了轉到play卻沒有更新可以選，只能點開啟 刪除app重裝也一樣，麻煩檢查一下版本發布，都靠app繳卡費的...,2023-07-17 01:50:58
HK JEN,1,真的非常難用，帳戶連動設定也很差。,2023-07-16 22:48:56
Ina Rebel,5,還行,2023-07-16 21:29:54
UV Z,2,已開了數位帳戶 但登入只能看到信用卡資訊,2023-07-16 18:51:12
Yahui Chuang,5,打開APP說憑證已更新，要更新APP，點選更新後，到google商店並無更新選項，只有開啟和解除安裝。點選開始，又表示要更新……無限循環，無法使用。 已解決問題，可以使用了！,2023-07-16 17:19:44
Chen Chun yu,4,Ok,2023-07-16 12:14:20
王巧鳳,1,更新慢，更新完畢進入頁面一直一直轉圈圈，要繳費完全無法繳。,2023-07-16 11:29:18
Tsan Nung Wu,1,一直跳要更新的提示，但是明明就已經更新完成了，現在app都打不開，你們都沒測試過嗎。。。 更新，好不容易升級了，但是現在OTP都收不到，app可以在爛一點沒關係,2023-07-16 10:42:24
李宜憲,5,原本只是想確認東西，但一直寫有新版本要更新，開商店也沒有可以更新的選項，也不知道該怎麼辦,2023-07-16 09:19:52
歐妹妹,1,更新後反而看不到整個月的收支明細，更不好使用。,2023-07-16 05:25:28
Google 使用者,2,"2023/07/16可以更新了。以後不要搞這種烏龍好嗎？ 2023/07/15是怎樣？ 開App叫人更新,這裡根本沒有可以按的地方。刪除重下載也沒用，完全開不了……所以勒？！ 2017/12/07使用須更新→更新後出現內部錯誤無法更新→須刪除重新下載！ 搞啥啊？",2023-07-16 03:31:23
YC L,5,一直說行動銀行憑證已更新，叫我更新，點過來又只有開啟的項目可以選，沒辦法更新是要怎麼更新，導致app根本無法開啟使用。,2023-07-15 22:38:04
劉亭郁,1,有事嗎？ 不更新就不能進行動銀行是怎樣？？ 更新等超久，就是更新不了，連一毛錢都動不了，是要怎樣啦....,2023-07-15 21:54:26
Yu放空,2,"已更新版本10.20但進不去 無限回覆顯示叫更新新版app.🤔 重開機一樣無法進，已更新但還是顯示需更新,（一天後...就可以登入了，不知道發生什麼事）",2023-07-15 21:30:31
gary wu,1,不好操做,2023-07-15 21:27:54
吳志成,5,好,2023-07-15 20:22:09
劉彥麟,4,更新之後完全進不去，無法使用,2023-07-15 20:04:39
noresu li,1,麻煩，一直更新，不更新還不給用,2023-07-15 18:58:27
Kent Chen,3,點APP 突然一直跳，富邦行動銀行憑證已更新，點底下更新跳來這網頁，安裝都裝最新版本了，原本使用好好，突然不能用？ 最後移除APP 重裝也一樣？ update 下午測試又可以了,2023-07-15 17:42:14
Chang Hamson,1,反過來，這是不是也代表了每次新版的系統，都在倉促之下就推出，因為充滿了問題要馬上又更新呢??,2023-07-15 16:05:13
黃貫（Noto）,2,開啟時強制更新 卻沒有更新內容提供下載 從新安裝也沒用 不知道是不是更新內容還沒上架 更新：7/15（當天）1543已經有更新可以使用,2023-07-15 15:43:56
澎澎（跳跳糖）,4,叫人更新...到那裡更新啦 奇怪欸,2023-07-15 15:42:09
陳郁文,3,地區撲克牌,2023-07-15 14:54:31
Lee Chun-Liang,1,我重新開機10次了，清出應用程式快取也10次解除安裝後再安裝也10次，每次都還是顯示憑證未更新，要下載更新然後就無限迴圈，請問貴銀行行動app與憑證更新是不是要讀了10個博士才能下載更新？更新程式寫成這樣，開發人員是不是先全部遣散再換一批？？？？？ 果然要駡人才有用，把安裝包56MB換成了更新包6Mb終於可以用了，但還把更新包偷偷改成7/14更新日（出包的前一天），會不會太此地無銀三百兩？更新時間沒算好就擋人家app使用，不用出來說對不起嗎？？？,2023-07-15 14:35:33
Tracy Tsai,1,憑證咧？？？,2023-07-15 14:21:21
加朗,4,想用超商繳款條碼，但礙於程式不斷提示更新而無法使用，點選更新選項雖有跳轉至play商店，但商店頁面沒有更新選項，於是陷入死循環，請務必修復此問題(程式版本為10.20) 7/15更新：此問題目前已修復,2023-07-15 14:07:05
Nico Hsu,1,現在連不上阿阿阿，一直顯示更新憑證，更新了也沒用，現在可以登入，但輸入密碼後無限轉圈圈,2023-07-15 14:05:08
Phoebus Lin,5,簡單好用。,2023-07-15 13:57:15
楊世民,5,ok,2023-07-15 13:56:10
裴子靚,1,更新了還是不能用到底是怎麼回事？,2023-07-15 13:51:41
李政道,5,反應問題，快速處理解決,2023-07-15 13:33:49
游秉叡,5,不知為何顯示憑證已更新，但無法更新A P P也無法開啟，刪除重安裝依然相同狀況，清除play商店快取後重開機也不行。,2023-07-15 13:32:44
sam mouse,2,接到訊息要跟新，結果跟新卻結果一直要跟新憑證，無法跟新，一直停留在要跟新 煩啊，又要請假處理，只為了這app,2023-07-15 13:28:50
Janet,4,一直出現富邦憑證已更新導向更新，進play後卻無更新下載,2023-07-15 13:23:26
ST TS,1,系統顯示要更新到了play商店卻沒有更新選項，選擇打開選項，又要我更新，無限迴圈,2023-07-15 13:10:16
Elvis Chang,3,開啟app時，顯示憑證更新要求user去更新，但點更新後沒有檔案可供更新. 然後就這樣無限迴圈。打不開app呀....... 隔天更新：已提供更新檔案供下載！但隔了一個晚上！ 這樣很不優！,2023-07-15 12:42:24
Deborah Chang,1,說憑證更新，不更新不能用app，但更新app後還是不能用。富邦不論AI或真人客服都很廢，怎麼打都聯絡不到。現在app也是？！ 真的是我目前遇到最爛的客服和行動app...,2023-07-15 12:39:07
Peko Lan,5,本來五星，人性化操作介面，容易上手 今天要用居然開不了app，昏~ 都已經更新了就是開不了，重新安裝重新開機清除快取都沒用😭 -------------------------------- 喔喔，本來以為今天星期六沒有客服的說，沒想到不到兩小時就有回覆了🤭 再次重新安裝app更新後能用了，所以改回五星@@,2023-07-15 12:34:33
Priest,5,說有更新結果進來根本沒有，等你們上架完成我更新完再改星。,2023-07-15 12:29:32
李明彥,5,算好用的app,2023-07-15 12:25:15
謝惠珠,1,很糟糕、不知為何一直要人更新，不更新或更新都不能使用,2023-07-15 12:24:28
Tokin Yo,1,要顯示更新憑證要求更新APP，但無任何需要更新的項目，導致無法使用APP，一直重複顯示更新憑證要求更新，無厘頭，很傻眼,2023-07-15 12:21:08
舒子軒,4,速度快，穩定度還需要再多試試,2023-07-15 12:17:52
Yung-Chang Wei,1,前幾天還能用，現在莫名卡“...行動憑證已更新...請立即前往更新...”，根本看不到什麼更新選項，app移除重裝機，刪除軟體資料什麼的都沒用。完完全全的垃圾app。,2023-07-15 12:14:29
Wesley wei,5,已經是10.20版本，因為我經常使用此app。 今天突然要求更新憑證，依要求點擊更新，進到google play 後，卻無更新的選擇，才發現版本是最新版本，重新開啟app後又要求更新，因此進入無限迴圈，無法登入。 請IT加速處理，不然週末沒有現金可以使用了... ［更新進度］ 才剛發布訊息後，就可以更新了....謝謝,2023-07-15 12:13:13
郭宗富,1,點進app叫我更新，我點更新又跳去網路商店的更新頁面，點網路商店更新也沒辦法更新，要退出也退不出，等於app無法使用,2023-07-15 12:10:02
鍾秋芸,1,為什麼要強制更新，更新好了，又重複更新，是怎樣！,2023-07-15 12:09:12
Paul Chien,1,顯示行動銀行憑證已更新，點進來商店又不能更新，app也不能開，請問這樣是要用什麼？,2023-07-15 12:07:49
吳太太,1,點進去不給開啟，說要更新，一直不給更新.....完全無法用=..=重新開機也是無法作用。直接把APP刪掉，再下載一次也一樣。要不要請工程師看一下。,2023-07-15 12:07:19
R J.,1,打開app跟我說憑證過期要更新，更新之後還是打不開，什麼情況？,2023-07-15 12:06:02
楊可可,3,app點進去說要更新，點進去之後沒有更新鍵，也一直登不進去,2023-07-15 12:05:52
kk hsieh,1,系統說沒更新不能用，但是Google play就沒有更新的啊,2023-07-15 12:05:32
ike wu,1,已經移除後裝最新版，開啟還是叫我更新軟體，但因為是最新，只能開啟，開啟app後，還是叫我更新,2023-07-15 12:04:52
楊雅婷（Panay）,1,無法更新……要進網銀無法進入,2023-07-15 12:04:11
蘇安,1,更新無法進入開啟,2023-07-15 12:04:08
鄭筱蒨,1,為什麼無法更新,2023-07-15 12:03:58
Chen Chen,3,一直說憑證到期，重新裝也是，無法使用app耶，要如何重安裝？,2023-07-15 12:03:27
C. Jimmy,1,新版本無法安裝無法使用...,2023-07-15 12:03:12
Andy Ho,1,我已經裝最新版本了還要我更新，造成完全無法使用。請貴公司嚴肅看待自己的app，這是關乎到別人現金管理的問題。,2023-07-15 12:03:09
蘇芷玄,1,一直跳出銀行憑證已更新 畫面跳到Google 商店也沒有要更新 然後點開啟又跳回去一樣出現銀行憑證已更新 阿到底什麼時後才能讓我開app 昨天晚上就已經這樣了 是都沒有要維修嗎？,2023-07-15 12:02:42
詹萬樺,1,Nokia X3手機完全不能使用 我權限都打開了為何一直在更新通知及app更新畫面循環，不讓我更新，app叫我開啟但又回到更新通知畫面，一直循環。,2023-07-15 12:02:16
101 j,1,系統通知更新程式憑證，點進去又到app按開啟，又回到通知畫面，沒有更新選項，是在玩什麼遊戲！app根本沒法開啟！,2023-07-15 12:02:10
陳耀堂,2,App無法打開,2023-07-15 12:01:51
田琇琇,5,不錯,2023-07-15 12:01:50
張樹茂,3,很好使用,2023-07-15 12:01:40
Lazier,1,已經更新到最新版本了，還是一直瘋狂的顯示要更新不讓我進去，刪掉重載也一樣,2023-07-15 12:01:19
洪靖捷,1,要求更新又更新不了急著轉帳都不能用,2023-07-15 12:00:47
Water Duh,1,不論有無更新至2023/6/16都打不開也沒提示怎麼回事,2023-07-15 12:00:42
子文許,1,不更新不能使用 但是開啟你們的APP為什麼無法更新 只跳出開啟和解除安裝兩個選項,2023-07-15 12:00:15
洪彩棉,1,無法更新，昨天還能正常使用 進app說要更新，結果點更新無動作,2023-07-15 11:59:33
朱麗娟,1,完全無法更新,2023-07-15 11:59:17
March man,2,今天開啟app要求要更新，點了更新鍵後連結到google play ，卻沒有更新可用，再點開啟程式又回到要求更新畫面，在這個廻圈裡往返，卻無法更新使用，也無法登入使用，移除重裝也一樣，我認為寫程式的廠商該考慮換人做了，感覺這種問題是寫程式的菜鳥才會發生的。,2023-07-15 11:58:19
Bill Hsioa,1,要求更新結果是解除安裝後，重新安裝還就是無法登入,2023-07-15 11:58:10
陳彥宏,1,強制更新憑證但要下載時卻只是一直轉圈圈要我確認網路，不能下載又不能用，是真的覺得客戶太多要大家走是吧？,2023-07-15 11:58:06
a021 Li熊貓,1,無法使用,2023-07-15 11:58:04
NICK LIU,1,App說銀行憑證已更新叫我來google play更新，結果打開google play卻顯示已是最新版本沒有更新選項 只有打開app的選項，打開之後又跳一樣的訊息在鬼擋牆，請問貴公司是工程師打翻泡麵還是怎樣了？？？,2023-07-15 11:57:56
黃楠益,1,更新無法使用，移除重新下載還是一樣。,2023-07-15 11:57:33
劉宜明,1,打開要求更新，點更新又點到開啟，重新安裝也沒用,2023-07-15 11:57:04
Lisa Tsai,1,一直出現要下載新的程式，但無法知道更新的程式要去哪下載,2023-07-15 11:55:56
黃Kenny,1,一直叫我更新再登入，明明已經更新沒有新的更新資訊，重新安裝也一樣，請立即改善！！,2023-07-15 11:55:18
Ryan Huang,1,怎麼不能夠更新？,2023-07-15 11:55:03
太郎花,1,今天打開app要求更新，氣人的是更新後也不能用（我重新安裝了5次），還要打客服語言專線後，才知道7/15更新憑証中，無法使用app！為什麼不能主動告知用戶7/15不能用呢？用戶的時間浪費在確認無謂的問題上....,2023-07-15 11:54:54
Candice Kao,1,表示App要更新，但沒有更新選項，解除安裝重新下載後，仍出現App更新.....開發人員煩請協助處理，謝謝,2023-07-15 11:53:54
amber lee,3,體驗一直很好，但今天打開app需要更新，到play store卻沒有更新的檔案，無法使用造成很大困擾,2023-07-15 11:53:00
Chien-Min Lee,1,超爛，非常爛，原本想打0星的，急著要轉帳，一點開app就說要更新，選了更新後，畫面切到google play，好笑的是跟本沒有更新的選項可以選，現在整個卡住無法轉帳，app重新安裝也不行用，貴銀行到底有沒有人實際測過啊...這樣搞顧客是什麼意思，是要顧客找別家銀行嗎？好的，你們成功了。,2023-07-15 11:52:15
carolyn liao,1,"為什麼更新後不能開啟app ,又說要更新憑證？",2023-07-15 11:52:15
Jeary Yen,1,一直要更新 又不給更新 爛透了,2023-07-15 11:51:44
吳敏蓉,1,爛 已更新，居然打不開系統,2023-07-15 11:51:39
slor,4,不會馬上顯示已繳費的狀態挺讓人困擾的，然後要我更新APP，卻又沒有得更新，是不是工程師忘記放更新包了🫣,2023-07-15 11:51:35
Joe Huang,1,按更新後無反應，App進不去,2023-07-15 11:51:14
吳昭明,1,爛東西，就已經是更新到最新了，還一直要更新,2023-07-15 11:50:51
郭峻瑜Jim,1,垃圾軟體一直叫我更新但明明就是最新版了，數位做的最爛還硬要推綁，信用卡消費給的不乾脆，整合爛卻不以客戶優化服務為出發點，既然想做可以不要半調子嗎？,2023-07-15 11:50:17
nancy Hsu,3,更新會當掉,2023-07-15 11:50:16
洪千雅,1,說要更新，點進卻沒有更新的可以按... 重新下載也打不開app，還是說要更新.. 請問到底要更新什麼？,2023-07-15 11:50:09
林叮叮,1,無法更新,2023-07-15 11:50:06
Amanda Li,3,開啟程式要求更新，但進入googleplay卻沒有更新檔案可安裝，嘗試移除重裝還是顯示要更新程式才可使用，是否更新檔還未正確上架？,2023-07-15 11:49:57
Gary Hsieh,1,要求更新確沒辦法更新，還沒辦法打開APP...如果因此發生帳務問題，請問要算誰的責任……,2023-07-15 11:49:31
Monica YEH,1,是怎麼回事，一直要求更新不給用，商店內也沒有更新，是要怎麼用。 照你們的步驟操作過，也一樣不能用，在搞什麼。,2023-07-15 11:49:22
Du Yang,1,更新後，無法開啟,2023-07-15 11:49:15
許智翔,1,無法更新,2023-07-15 11:49:05
Kieu thi Hai,5,不能更新登入呀 系統在維護嗎 憑證要怎麼升級,2023-07-15 11:48:48
李啟翃,1,要客戶更新系統，但卻沒給更新選項，是在找客戶麻煩賣嘛！,2023-07-15 11:48:23
鄭皓遠Gordon,1,無法使用,2023-07-15 11:48:10
劉嘉欣,1,無法更新，刪除又重新下載一樣無法開啟，結果APP一直要我更新版本,2023-07-15 11:48:04
何宗翰,1,不能用,2023-07-15 11:47:52
winnie chen,1,根本更新不了,2023-07-15 11:47:44
江瑋倫,3,提示銀行憑證已更新，要前往應用程式商店更新，但是進來又沒得更新，重新安裝也不能使用……亂七八糟,2023-07-15 11:46:48
吳怡璋,1,一直叫我更新憑證更新app，play store確沒有更新，重新下載也一樣不能用,2023-07-15 11:45:57
楊梅燕,1,什麼爛app，更新不給更新，重新安裝又一直繞圈圈，一直重覆更新-開啟-更新-開起，到底！！,2023-07-15 11:45:51
play Monkey,2,App進入後推播說要更新，自動連到Google play 卻找不到更新鈕。如何處理？,2023-07-15 11:45:23
潘見輝,1,一直跳出叫我更新畫面且不能使用，但我已經最新版本，還要更新什麼,2023-07-15 11:45:13
肥宅陽光,1,打開app叫我要更新憑證版本，連來google商店，然後google商店又顯示已安裝最新版本，叫我直接開啟，就一直這樣重複輪迴，而且也移除重新安裝了，到底是怎樣？沒事到底整天在更什麼新，腦袋進水嗎？,2023-07-15 11:44:42
暴動,1,要客戶更新APP，選擇更新後，卻沒顯示可以更新的選項，要人如何更新,2023-07-15 11:44:33
jane,1,為什麼都打不開，一直叫我更新，都已經更新完了,2023-07-15 11:44:29
痞子小六,3,更新後無法開啟APP,2023-07-15 11:44:09
Jerry Liao,1,20230715: 一直跳出更新憑證，更新APP後還是跳出更新憑證，到底是什麼問題? 原先可正常使用，8/28開始無法使用，重開機或重新安裝後都無法使用，Android版本,2023-07-15 11:44:09
許建仁,5,没有評論,2023-07-15 11:44:01
常玉琛,1,更新完之後還是不能進app啊？到底在搞什麼啊？,2023-07-15 11:43:45
甘蔗,1,爛,2023-07-15 11:43:01
YJ Chen,1,更新完了，還一直跳出憑證已更新的訊息，怎樣就無法開啟app，很糟糕的使用經驗。,2023-07-15 11:42:56
志偉蘇,1,更新後完全打不開...是要更新什麼東西,2023-07-15 11:42:35
Brian Gent,1,行動銀行憑證已更新，但app也沒辦法更新，一直loop無法使用,2023-07-15 11:42:14
陳逸文,5,很好使用……棒！,2023-07-15 11:42:09
Jenny Chou,1,點進去秀要更新行動憑證，不更又不給用，要去更新又無更新鍵只有“解除安裝 & 開啟”是怎樣啦！！！,2023-07-15 11:41:50
張瀛仁,1,開app要使用一直跳出更新訊息點了重新下載還是無法使用,2023-07-15 11:41:39
李沁君,1,跳要更新，卻不給更新也不給登錄，移除後重新下載也還是不行使用一直叫我更新,2023-07-15 11:40:56
David Kuo,1,2023/7/15白天app無更新也不給使用,2023-07-15 11:40:23
yc huang,3,拜託客服...又是更新問題.... 進不去app啦,2023-07-15 11:40:06
HSU TONY,1,更新後無法使用,2023-07-15 11:39:42
李培睿,1,今天突然跳出要更新，但到Google play 並未有新版，然後開啟後又跳出要更新，永遠無法開啟，很糟糕,2023-07-15 11:39:19
林珍瑋,1,一直要我更新，但是就無法更新，也沒有更新鈕，不知道到底是發生什麼事,2023-07-15 11:38:32
Bizwear,1,更新完無法使用,2023-07-15 11:38:21
廖曉曉,1,已經更新了 還要我更新 根本跟 進不去,2023-07-15 11:38:16
黃敦暘,1,跑更新通知，按更新沒反應,2023-07-15 11:38:04
吳聲偉,1,打開app畫面顯示憑證已更新叫我去更新 但是沒有需要更新的地方啊 搞什麼東西,2023-07-15 11:37:56
翁秀玉,1,每次進去都叫我一直更新,2023-07-15 11:36:05
倪淑婷,1,真的很不好用，登錄麻煩，更新完還是進不去,2023-07-15 11:36:02
Crocro Soo,1,當機啦！,2023-07-15 11:35:07
麗滿廖,5,很好用,2023-07-15 11:35:03
孫德芸,1,要求更新憑證後app完全無法使用耶！移除程式在重新安裝多次仍無法使用app,2023-07-15 11:34:56
Sir “張SIR” 張,1,就已經更新了 還沒辦法使用 一直要更新是還要更新什麼鬼？ 垃圾app,2023-07-15 11:34:16
Elva Lin,1,今天要登入時莫名其妙出現要更新憑證，進到這裡又沒更新可下載，現在完全進不去無法使用😡 難道手機也得換？,2023-07-15 11:33:57
賴小翰,1,無法更新 程式打不開,2023-07-15 11:33:34
Eason Huang,1,完全無法開啟APP，即使移除後重新安裝，還是顯示銀行憑證已更新，請立即下載更新==,2023-07-15 11:33:01
統帥三軍,1,顯示需要更新憑證，引導到google又不能更新，到底。。。,2023-07-15 11:32:59
Kelvin Lin,1,今天忽然不能使用，開啟APP後跳出富邦銀行憑證已更新並提供新版本供下載的訊息，強制跳到google play要求更新。但根本沒有需要更新程式，按開啟鈕跳回APP又冒出同樣訊息，一直重覆，根本無法進入APP介面。移除重裝APP與重開機都無效。,2023-07-15 11:32:59
Henry Huang,1,無法更新,2023-07-15 11:32:37
wai tong chan,1,不更新，不給用，但線上不提供更新。 這是甚麼操作。 週末一早需即時轉帳，才發現app 不能用。 害我錯過訂單。 不會是銀行出甚麼問題吧?,2023-07-15 11:32:26
Peter Penn,1,一直要更新憑證，點了更新只是到app store 根本沒辦法用手機更新，重新安裝還是一樣的問題，根本無法使用！,2023-07-15 11:32:25
吳金玉,1,無法點開,2023-07-15 11:32:22
Pt Su,1,在幹嘛？App叫我來更新憑證結果更本沒新版本，覺得有些部門的人該被開除,2023-07-15 11:32:02
余仁翔,1,沒有可以更新版本,2023-07-15 11:31:55
Ryan Wu,1,無法更新憑證,2023-07-15 11:31:49
黃勢棋,1,難怪別人一直說是很爛的系統，一直要求更新，也已經更新了，卻又無法進入？？？？,2023-07-15 11:31:36
林志祥,1,超難用,2023-07-15 11:31:27
賴金妹,4,謝謝您,2023-07-15 11:31:25
CHUNG-SEN Chen,1,今天無法更新 我要下載憑證無法更新 按更新無反應,2023-07-15 11:30:25
陳嘉友,1,請問為何不能更新 ，刪除重新安裝還是無法更新,2023-07-15 11:30:24
李貝貝,1,一直叫我更新，按進來商店只叫我開啟，開啟後就叫我更新，按進去跳到商店就叫我開啟，根本沒更新的選項，一直鬼打牆解安裝重裝也是一樣，整人是不是,2023-07-15 11:30:10
Blair Fann,1,"鬼打牆了。更新憑証，google play 開啟App, 驗証密碼， 更新憑証...",2023-07-15 11:28:54
靜靜（小靜）,1,App一直提示更新，但是就沒有更新的選項，先在都卡住不能用，可以趕快絕決嗎？,2023-07-15 11:28:15
洪芸甄,1,更新之後不能用,2023-07-15 11:28:09
育廷劉,1,點進app什麼都沒顯示直接跳出叫我更新，但是進入app商店也沒有更新按鍵。這個要怎麼弄,2023-07-15 11:27:50
劉士楷,4,要登入要我更新憑證，但沒有更新選項無法使用,2023-07-15 11:26:53
梁宗寶,1,更新後無法開啟,2023-07-15 11:26:47
Sunao K,1,無法更新,2023-07-15 11:26:36
朱明芬,1,我點進APP要更新但一直沒有更新 這樣要客戶怎麼使用 銀行憑證要更新按了好幾次連更新鍵都沒有要怎麼更新,2023-07-15 11:26:22
Fuller Doublewoods,1,一直在「更新」與「開啟/解除安裝」間重複，明明在Google play 已完成更新。,2023-07-15 11:25:44
G S,2,App在7/15暫停使用，但富邦只在數位客服公告，apo上全無通知，十分糟糕，建議未來完善公告機制！ 點開App無法使用，視窗只要求使用者更新(即便是最新版)，實際上無法更新，也無法使用，若不找數位客服，使用者永遠不知道apo暫停使用...,2023-07-15 11:25:44
Wensen Huang,5,Ok,2023-07-15 11:25:42
熾羽,1,都自己公告要強制更新了，還不先把更新檔案放到商店,2023-07-15 11:25:32
Selina Chen,1,開app一直要人更新憑證，就已經更新到最新版app了還是一直跳更新憑證的訊息到底是？😑,2023-07-15 11:25:11
judy King,1,更新後無法開啟，關機，重新下載都不行,2023-07-15 11:25:04
chin-hao chen,1,登入要我更新，問題沒有新版可以更新啊,2023-07-15 11:24:59
陳貞鈴,1,無法使用，一直轉 有夠爛，試了很久,2023-07-15 11:24:52
YUN CHEN HUANG,1,我就問開app顯示要更新，去更新的地方有沒有顯示更新，重載開還是顯示更新，是要不要讓人用欸,2023-07-15 11:24:34
小黑,1,爛死了 叫人更新下載 一直無法下載更新 卡住,2023-07-15 11:23:34
Nana Liang,1,很難用，富邦那邊沒有試用嗎？,2023-07-15 11:23:13
Ariel Sha,1,銀行app一直顯示要更新 但app已是最新內容 到底為什麼這麼多家銀行app就屬你這家的app最常當機.... 然後現在無法開啟使用 不要叫我重新開機 重開 n遍了...,2023-07-15 11:22:27
Rong,2,更新了。重開機n次都進不去,2023-07-15 11:22:25
李冠霖,1,不給更新，不能用,2023-07-15 11:21:59
陳佑麟,2,今天 20230715更新完進去App就一直要我更新 ，所有功能都不能使用 ，可以麻煩盡快解決嗎 ！,2023-07-15 11:21:31
張昱國,5,反應快,2023-07-15 11:21:00
Kuo Yi Yeh,1,又來了，一直叫我安裝最新版，就已經更新過，也移除過在安裝，到底是要我怎麼更新,2023-07-15 11:20:39
Hector C. (H.C),1,我就已經是商店最新版了，還要我一直更新憑證到底是怎樣？,2023-07-15 11:19:55
徐心鵬,1,爛透了、用的好好的又要什麼更新、又不能更新!,2023-07-15 11:19:52
北八,1,今天要一整天不能用是想笑死人嗎,2023-07-15 11:19:51
Mike Lee,1,要更新又不給更新，一直說要更新憑證，但是又不能更新，根本無法使用,2023-07-15 11:19:45
盈,2,爛爆了，更新後還是無法開啟,2023-07-15 11:19:29
張鈞傑,1,明明就沒更新檔 卻要強制我更新 現在我急著轉帳怎麼辦,2023-07-15 11:19:00
林書賢,1,爛死了高層都在睡覺 假日完全打不開 已經把錢全部轉到中信跟國泰了,2023-07-15 11:18:58
Kirk Cho,1,要求更新，但google已到最新版，無線迴圈,2023-07-15 11:18:46
陳南西,4,無法更新,2023-07-15 11:18:42
Betty Lo,2,都已經解除安裝再下載了（沒有更新的選項） 還是顯示要求更新的提示 整個app打不開 貴公司的IT加油好嗎,2023-07-15 11:18:29
卓明德,1,一直在已更新頁面，跟本進不去,2023-07-15 11:18:28
陳羿熹,1,一直要求更新，但已經更新到最新了，手機都重新開機過，還是無法使用及登入，請協助改善無法登入的狀況,2023-07-15 11:18:03
chien-chia Chen,1,進不去也不能更新 移除再安裝也不能解決問題 在睡覺嗎？,2023-07-15 11:17:58
王而立,1,點開顯示憑證已更新要求下載最新版本，但進到google play已經更新了還是無法進入,2023-07-15 11:17:50
謝錦瑩（JOANNA）,1,系統要求更新憑證，點了又沒反應？,2023-07-15 11:17:11
Hero Chung,1,啟動app要求一直更新又無法更新，著猴哦！,2023-07-15 11:17:04
簡文彬,1,更新->開啟->更新->開啟->更新->開啟 無限輪迴,2023-07-15 11:16:05
陳建源,1,無法開啟,2023-07-15 11:15:57
hank,1,不更新不給用 還不能更新 廢物,2023-07-15 11:14:50
Api Lin,2,開app說有憑證要更新，導引到google play但沒新版,2023-07-15 11:14:43
陳英傑,5,很好,2023-07-15 11:14:18
李錦桂,5,服務好我喜愛,2023-07-15 11:14:12
林孟璇,1,明明已經是最新版本了，卻一直要你更新版本，到底讓不讓人繳費阿！,2023-07-15 11:14:10
arjyh chen,2,顯示請前往更新憑證…開始無限輪迴…刪除,2023-07-15 11:14:06
李泰利,5,很棒,2023-07-15 11:14:02
吳俐慧,3,為什麼更新後，我一直進不去app，現在重新下載,2023-07-15 11:14:00
賴冠成,1,打開app顯示什麼憑證更新，要去google play更新成最新版本，進到google play根本沒有新版啊，就這樣無限loop，是給不給用啊？,2023-07-15 11:13:35
邱湘芷,1,根本打不開也無法更新,2023-07-15 11:13:22
大東,1,7/15 更新，要求憑證更新卻不能更新，黑屏無法使用，現在是怎樣，抽什麼風，現在有急用卻不能用 解除重裝也不行，簡直是爛透了,2023-07-15 11:12:54
王致仁,5,為什麼更新到最新版本後還一直說要更新到最新軟體憑證 根本無法登入介面使用 重新開機後也是一樣 有夠誇張,2023-07-15 11:12:40
Floyd Jan,1,"App要求我更新，結果到google play 只有開啟選項，沒有更新選項，這應該表示我的app已經是最新版本，結果點選開啟，又出現要我更新。結果就如此一直循環，無法進入app,這是啥更新通知啊！直接禁止使用算了",2023-07-15 11:12:39
林筱倩,1,更新後打不開一直要人更新很傻眼,2023-07-15 11:11:44
Calista Liao,1,為什麼重新下載後沒辦法使用？一直說要更新，可是無法更新。,2023-07-15 11:10:58
楊遠誠,1,"不能使用,開啟後要我更新但在商店也沒有更新能裝完全進不去 重新安裝也沒用",2023-07-15 11:10:22
Allen Lin,1,開網頁要求更新，但是更新了還是不能開,2023-07-15 11:10:12
阿惚,4,新版本下載在哪兒？,2023-07-15 11:10:02
痕TPW-,1,"要能更新了沒? 進app一直強制更新 , 跳進Google Play又沒得更新 , 兩天了 , 不想出門用ATM轉帳有這麼難?",2023-07-15 11:09:49
李玫儀,2,根本無法更新…,2023-07-15 11:09:46
Jing LAI,1,點選app要求更新，點選更新結果已經是最新版，app完全不能用，實在有夠差，別家app都不會有這個問題,2023-07-15 11:09:40
鄧文心,1,大陸無法用google來更新，服務太爛,2023-07-15 11:08:52
夏綠蒂,1,更新不能開啟畫面一直跳出,2023-07-15 11:07:53
蔣若桓,3,打開跳更新 但已經更新完畢 重新下載也一樣,2023-07-15 11:07:51
Turkey Tuan,1,一直重複要求更新軟體憑證，更新後還是一樣,2023-07-15 11:07:48
沈韋呈,1,突然顯示有更新但完全點不進去APP，直接進入一個死迴圈，真的很爛....,2023-07-15 11:07:44
Bor Rung Liao,5,軟體一直顯示要更新，卻無法更新不能登入,2023-07-15 11:07:41
Pei Huan Tsai,1,我要打開app，要我更新，然後到play商店卻也只顯示開啟，沒有更新按鈕，導致app完全就在這個循環,2023-07-15 11:07:29
李純華,1,為何無法更新，請提供正确更新程式,2023-07-15 11:06:15
簡熊熊,1,App一直顯示更新點進goole卻已經更新完了卻打不開app一直顯示更新,2023-07-15 11:06:01
王柏鈞（Brad Wang）,1,爛透了,2023-07-15 11:05:44
洪玉蕙,1,我現在反而進不去,2023-07-15 11:05:11
生活Fun肆,1,又更新了，然後又是不能進去了，我怎麼繳錢，請問？根本不能用，爛死了，爛爆了，完全不能用,2023-07-15 11:04:36
Beatrice Chen,3,完全無法使用連原來的舊app也當在那裡,2023-07-15 11:04:34
heeyd wang,1,超爛的銀行，擅自停用不通知用戶，導致信用卡繳費期限將至，無法繳費，銀行只會留語音,2023-07-15 11:04:32
ㄎㄎ笑01,1,一直叫我更新 阿又不讓我更新 都沒辦法繳錢了呢,2023-07-15 11:04:31
柯宜良,1,安卓的無法更新app,2023-07-15 11:04:08
Maggie Tsou,1,要人更新也更新不了，刪除再重新下載還是打不開，怎麼回事？,2023-07-15 11:04:04
alec huang,1,更新完就開起不了,2023-07-15 11:03:44
LIN CATHY,1,一直要我更新，是要更新什麼鬼,2023-07-15 11:03:16
烏索布,1,今天說銀行憑證更新，要我更新App，我app已經更新，已經沒有更新選項，只有開啟，點了開啟，畫面又跳出要我更新，點了更新，又回到開啟，有人管管嗎？,2023-07-15 11:03:07
阮珮姍,1,更新後反而打不開，還一直叫我更新，所以現在打不開怎麼辦？,2023-07-15 11:03:01
吳武松,4,按進去一直叫我更新真的很不了捏,2023-07-15 11:02:43
傅文昌,1,要人家更新，然後不能更新，這不是廢物嗎,2023-07-15 11:02:40
黃毓芯,3,一直叫我更新，但都已經更新完畢，app完全開不起來…,2023-07-15 11:02:34
Enoch,1,App跳更新卻無更新可用,2023-07-15 11:02:19
吳美玲,1,"不知道為什麼一直不能更新，按了更新就跳到開啟，按了開啟又跳到更新,重新下載也沒有用。 急著轉賬，不知道怎麼弄",2023-07-15 11:01:57
Brian Lin,1,更新以後仍沒辦法打開，系統鬼打牆,2023-07-15 11:01:39
Kairuen Tang,1,一直無法更新是在哈囉…,2023-07-15 11:01:31
俠客炫風,1,請更新，但APP卻無法使用 網銀完全不能使用,2023-07-15 11:00:05
Uncle Bob,1,號稱憑證更新要求使用者下載並更新主程式才能使用，但 Play 商店卻完全沒有提供更新程式下載，導致 APP 完全無法使用，簡直莫名奇妙,2023-07-15 10:59:54
Simone Chen,1,不人性也不方便,2023-07-15 10:59:25
vicky,1,不能更新不能用,2023-07-15 10:59:18
Nike HSU,2,已是最新版本，還叫我一直更新，無法使用,2023-07-15 10:58:50
珮甄,2,唉~就已經更新完，怎麼還進不去呢？？？可以給我答案嗎,2023-07-15 10:58:09
蔡妙娟,1,明明已經更新樂，還一直要我更新憑證，到底是怎麼了,2023-07-15 10:57:48
何xx,1,app已經更新到最新了，還一直說要更新才能使用？！,2023-07-15 10:57:34
YY Leu,1,依據通知更新程式後，無法開啟APP,2023-07-15 10:57:31
Liu忠,1,更新後不能登入,2023-07-15 10:56:38
林吟佩,1,一直說憑證過期，一直要更新，又不給新憑証，又要打客服，客服又不好打,2023-07-15 10:56:13
陳順成,1,連主頁都連不上一直叫我更新，已經更新最新版本了，還要更新什麼。,2023-07-15 10:56:12
益飛,1,更新後開不了.....,2023-07-15 10:56:00
金路,1,更新完了 開app卻一直跳要更新憑證 跳來商店要打開也打不開 為什麼強迫更新又一堆問題 兩邊在互踢皮球是不是 每次的！！！！！,2023-07-15 10:55:57
徐宛如,1,ㄧ直轉也不更新 要等到民國幾年才轉完,2023-07-15 10:55:54
Conan Jou,1,一直出現訊息說憑證更新，但我更新了還是無法開啟App，還是一直叫我去更新,2023-07-15 10:55:40
Stella (奶茶),1,進app說要更新，跳轉到這裡又不能更新，無法使用,2023-07-15 10:55:21
Bruce Chen,1,打開APP跑出訊息「更新憑證」？按更新鍵根本無法更新，直接跳到Play商店，重新安裝APP之後，異常問題還是一樣,2023-07-15 10:55:15
tsungyou tsai,1,更新完後 完全打不開 一直詢問 更新更新 再按還是打不開,2023-07-15 10:54:56
賴宇波,3,"07/15早上欲使用app,卻顯示要我更新，但回到play 商店卻沒有更新選項",2023-07-15 10:54:51
JinChen,1,明明都已經裝了最新版本，還一直跳針請你更新的訊息？ 拜託處理一下可不可以！？,2023-07-15 10:52:58
yvonne lien,1,剛剛下載想使用。下載完點開App卻告知有更新，再回下載頁面只有開啟程式，無限循環,2023-07-15 10:51:44
jason huang,1,"昨天開始突然出現""行動銀行憑證已更新請更新app""移除再下載app也一樣一直登入不了app",2023-07-15 10:51:14
Je-Yi Hsiung,4,還順,2023-07-15 10:50:56
PG Li,2,目前要使用一直跳更新，卻沒有更新檔案可以使用,2023-07-15 10:50:53
George Ku,1,要求更新，帶進Google play又顯示是最新版，到底是給不給用？兩隻android手機都是一樣！,2023-07-15 10:50:46
陳勇在,1,說要憑證更新，導页下載app，刪除aap後下載更新後，還是開啟不了，還是要更新憑證。,2023-07-15 10:50:26
King Dragon (DK),1,更新了，不讓登入，一直提示要求更新（但已經是最新了？？）,2023-07-15 10:50:23
Rocker Lau,1,不能登入了？為何一直要我更新？,2023-07-15 10:50:17
吳錫御,1,更新後無法開始啟 一直跳回Google play 要求更新,2023-07-15 10:50:17
Daniel Chang,1,今天開始無法使用。 說叫我要更新程式也沒有更新的地方。 重新安裝程式有沒有辦法,2023-07-15 10:49:27
Huang Pokai (007),1,憑證更新通知我升級， 但是進來又不能更新， 搞到我現在不能用行動銀行。,2023-07-15 10:49:12
yuyen chen,1,要求更新卻無法更新,2023-07-15 10:49:01
Andrew Hsieh,1,系統一直跳出要求更新，但是到Google play 這邊根本沒更新可裝，現在整個app就不能用了，移除後重新安裝還是一樣,2023-07-15 10:48:41
Sheng-Lung Huang,1,已更新，但仍不work.,2023-07-15 10:48:21
JX,1,低能銀行APP都搞不好,2023-07-15 10:48:15
A A,1,更新完無法使用,2023-07-15 10:47:46
ChuanPo Lee,3,2023-07-15 開啟 app 時說要更新憑證，到了 google play 卻沒有新程式，只能開啟，這種無限循環是...? 是google 的問題還是 富邦銀行的問題？ 都這麼大的公司了...,2023-07-15 10:47:43
小霖,1,2023/07/15 無法更新也無法登錄 是在搞甚麼？？？？？？？？？？？,2023-07-15 10:47:26
ELin Lin,1,打開就一直要人更新，但來這裡又沒有更新項目可更新，整個鬼打牆是怎樣？！！,2023-07-15 10:46:48
Asta Chen,1,出現憑證更新，按更新後，跑到商店，跑完按開啟，到app後，又出現更新。無限循環中,2023-07-15 10:46:34
Rainbow博,1,點app要看 跟我說北富銀更新憑證 叫我去更新app 我更新了 結果又跳出一樣的東西 繼續叫我去更新 根本沒東西可以更新了是要怎麼更新,2023-07-15 10:46:33
MengKai,1,"沒新版本是要更新什麼憑證？今天app無法登入啦,工程師是幹什麼吃的？可以開除了。",2023-07-15 10:45:28
董正成,1,爛爆，一直無法更新，去臨櫃辦收付，行員效率很差就算了，現在連app要求更新還更新不了。,2023-07-15 10:45:27
廖志成,1,不能使用，爛。。該要轉別家銀行,2023-07-15 10:44:54
Arthur Kuo,4,7/15 app 一直要求更新無法開起，就算App 刪除重置還是一樣要更新，公司這麼大app怎會這麼差？,2023-07-15 10:44:15
ShunChang Chen,2,"最近打開app就出現更新憑証已更新 要求更新app, 但app已最新版本 是要如何處理",2023-07-15 10:43:23
wendy wen,1,一直跳更新憑證，但都沒出現任何視窗,2023-07-15 10:43:07
Erasmus Z,1,要我更新才能進去，結果一直死循環，一點開啟app就跳到play要我更新，但是沒有play又沒有可更新的選項就只能開啟跟解除安裝....點了開啟就重複跳出要我進到play更新的畫面.....一直在重複，解除安裝重新安裝還是一樣....啥爛東西？？？？,2023-07-15 10:43:02
簡正雄,5,方便好用,2023-07-15 10:42:17
Linda Tsai,1,通知憑証更新、卻又開不了APP 重下載也一樣開不起來，不能開,2023-07-15 10:42:08
李宗憲,1,系統無法更新，無法使用,2023-07-15 10:42:06
謝翔宇,1,點進去顯示要我更新，去更新畫面又沒有更新的選項只顯示開啟，這要我如何做啊,2023-07-15 10:41:53
Gio Huang,2,叫我更新 也沒更新按鈕可選阿？？,2023-07-15 10:40:38
Cevos U,1,一直顯示富邦行動銀行憑證已更新，需要更新應用程式，但又只顯示開啟，沒有更新鍵,2023-07-15 10:40:22
Geoffrey Hu,1,點擊APP說需要更新版本，但點進去之後只出現開啟，沒有更新選項，完全不能用,2023-07-15 10:40:22
李旼玲,1,要求更新，又不能更新,2023-07-15 10:40:01
mina kao,1,一直要我更新，也沒有內容更新，然後又不能開啟？？？,2023-07-15 10:39:08
Lin Raymond,1,更新失敗不能使用，也沒有任何提示，還要打電話給客服才能知道，很爛,2023-07-15 10:38:57
王麗月,3,7/15app顯示更新行動憑證，要更新app才能使用，但商店無app更新選項，現在app無法開啟使用,2023-07-15 10:38:35
柯雅文,1,無法更新,2023-07-15 10:38:34
Cinzia L,1,無法更新憑證,2023-07-15 10:38:26
Anson Fan,3,都更新完了，開啟後又不斷叫你更新，無限循環，就是開不了....,2023-07-15 10:38:05
賴惠雅,3,還可以,2023-07-15 10:37:54
Kjay Kau,1,無法使用,2023-07-15 10:37:26
hsiangjung yeh,1,點開APP，必須要更新，但play商店卻無新版可更新，以致無法開啟APP。,2023-07-15 10:36:56
墨客思摩,1,App更新跳到App商店 ，App商店開啟跳到App更新.App更新跳到App商店 ，App商店開啟跳到App更新.App更新跳到App商店 ，App商店開啟跳到App更新.App更新跳到App商店 ，App商店開啟跳到App更新.App更新跳到App商店 ，App商店開啟跳到App更新.,2023-07-15 10:36:55
Karen CHANG,1,很不好用,2023-07-15 10:36:47
ching tasi,2,現在卡在要更新，但即使刪除重新安裝還是卡要更新,2023-07-15 10:36:00
Vicky Rau,1,系統更新請下載新版.......但沒有新版可以下載又要客戶如何使用？ App介面本來就不是很順暢，為了好市多應該不少人都忍了，但用戶體驗真的不是很理想。,2023-07-15 10:35:20
咪將Mijiang,1,什麼更新憑證重新下載App第一次遇到銀行的APP是這麼糟糕，重新下載後又繼續說要更新，還是無法進入App,2023-07-15 10:34:59
Daisy Yu,1,點開app出現黑屏訊息要我更新，按了更新又說我網路沒開，重開機也沒用，卸載重新安裝還是出現前面的黑屏和訊息....也沒地方反應,2023-07-15 10:34:36
Huang Ya-Hung,1,7/15 android版本無法服務為什麼不在登入時跳出對話窗公告？這麼大的銀行這不是很基本的動作嗎？！,2023-07-15 10:34:36
楊小湘,1,無法更新,2023-07-15 10:34:00
Andy Yeh,1,無法開啟,2023-07-15 10:33:51
楊哲豪,1,可以罵一下資訊人員嗎，要人更新確沒更新選項，又沒辦法進去，一直卡在那邊，但又一直通知要更新，現在是怎樣，耍人嗎,2023-07-15 10:33:18
Huang Kevin,2,2023/7/15無法更新,2023-07-15 10:32:44
淨兒許,1,更新之後不能用，一直叫我更新....都已經更新了...到底是怎樣,2023-07-15 10:32:19
Howard Huang,1,說憑證已更新需要下載新程式才能用，但是已經是最新程式還是這個錯誤訊息一直鬼打牆⋯清除資料和快取也沒用，加油好嗎？,2023-07-15 10:31:33
natasha Katie,1,怎麼突然怎樣都打不開，真的很爛！一直要更新又沒能按更新，是在爛那招！可以別那麼誇張嗎？這是銀行的系統，不應該有問題才對！都2天了還是無法使用！,2023-07-15 10:31:17
Heaven CHEN,1,"已更新，開啟app,還是叫我更新，鬼打牆。",2023-07-15 10:31:09
ches8294,1,動不動就要更新，點更新卻無法更新，移除應用程式再重新下載也沒用,2023-07-15 10:31:07
陳怡均,2,更新憑證一直無法順利下載更新，無限鬼打牆,2023-07-15 10:30:52
Chen Bill,4,為什麼點入APP後一直出現行動銀行已憑證已变更請更新畫面，但按更新卻無法完成且無法使用。,2023-07-15 10:30:43
鄭ㄚ美,1,有夠難用 就像鬼打牆，完全進不去，真爛,2023-07-15 10:30:39
鈺景股份有限公司,1,我有2隻手機，一直公司帳號用更新完畢 但是私人用的手機帳戶無法更新，一直都顯示公司帳號更新的手機名稱，然後又跳回需要點選更新，持續用了1個小時，我都想換銀行了。 請加速處理,2023-07-15 10:30:37
沈志道,5,"目前富邦行動銀行App開不了, 介面告知要更新, 也無法更新。",2023-07-15 10:30:02
小菁,1,沒法下載,2023-07-15 10:29:39
Derek Tang,1,一直要更新憑證，重新安裝也沒用,2023-07-15 10:29:30
KL T,3,"平常很好用，但今天早上想點開時說要更新，來到Google play沒有更新選項，只有「解除安裝」和「開啟」，按開啟又跳到富邦，然後又回Google play, 所以解除安裝重新下載，狀況一樣，無法使用。",2023-07-15 10:29:24
黃秋菽,1,更新後完全不能開，一直要更新,2023-07-15 10:28:55
Athena,1,爛爆，通知更新，結果根本開不了，現在要查帳查不了,2023-07-15 10:28:51
chen rong sun,4,試用中，無法開啟，不知道原因為何呢,2023-07-15 10:27:55
Eleison Li,1,更新憑證是什麼？？更新了完全不能用？！到底！新的App是三小？根本找不到！到底在哪裡？！？！！,2023-07-15 10:27:31
黄俊棋,3,通知要更新，結果不能更新是？？？,2023-07-15 10:27:28
林秋貴,1,已經更新過 又要一直更新 更新好了又點不進去,2023-07-15 10:27:02
謝育智,1,更新app完全打不開，一直叫人安,2023-07-15 10:26:53
許瑞蓁,2,一直說更新憑證，更新完還是不能用啊，搞什麼....之前都不會，確定是優化嗎？到底優化了什麼東西，現在連進去首頁都進不去了，可以快點改善嗎,2023-07-15 10:26:52
Yu-Ren Lai (Jader),1,一直跳出憑證更新，按了又跳出等待連線中，無限迴圈，銀行app做那麼爛前所未見，錢放你們家真不放心,2023-07-15 10:26:51
Aiying Lin,5,很好,2023-07-15 10:26:51
Joe Wu,1,一直叫我更新 但沒有新版可以更新 導致App根本打不開,2023-07-15 10:26:18
張志寬,1,打開APP叫使用者更新，結果在商店已經是最新版本,2023-07-15 10:26:17
楊佳翎,2,為何不能更新……,2023-07-15 10:25:19
蕭郎客,3,叫我更新又換到開啟的頁面，按了開啟又跳到更新，，是在裝肖嗎！,2023-07-15 10:25:11
ruda0104,1,無法更新也無法開啟啊,2023-07-15 10:25:11
Sam Ad,1,App說更新憑證，更新軟體不給用，結果你們商店這裡還沒上架更新檔，什麼交易都不能用，搞屁啊,2023-07-15 10:24:57
麻糬,2,無法更新呢。。。突然一直跳說有更新檔請更新，可是按了好幾次重開好幾次還是沒有更新檔呀,2023-07-15 10:24:14
林怡伶,1,根本無法更新 很差的係統,2023-07-15 10:23:17
施岳宏,3,昨天更新過隔一天又跳要更新，要照指令做卻更新不了,2023-07-15 10:22:48
黃卉甯,1,更新後連app都不給進,2023-07-15 10:22:33
王崇孝,1,不能更新,2023-07-15 10:22:10
Mike Hsieh,1,無法更新,2023-07-15 10:21:41
Horng Merlin,1,已經更新到最新版 系統告知 富邦有更新憑證 還要更新 去google play 又找不到更新 這個專案的pm 該釘在牆壁上,2023-07-15 10:21:01
Cherry Liang,1,一直要求用戶更新，跳到play商店卻找不到更新按鍵，導致無法使用app，快還我正常的app啊！,2023-07-15 10:20:48
趙筱文（Coco chao）,1,為什麼更新之後完全無法登入，一直顯示請更新的畫面,2023-07-15 10:20:13
Yi-Chih Chan,1,安裝更新後，打不開,2023-07-15 10:20:07
葉sir,1,通知更新憑證，要求去下載更新，進去google play卻是最新版本？根本鬼打牆，到底？,2023-07-15 10:19:11
彭怡瑄,1,進去頁面一直說要更新，但是已經更新完了還是進不去,2023-07-15 10:18:18
antiya chu,1,App是不是有問題？ 一打開就說要更新， 點選更新就跳到Google play，但只有開啟跟解除安裝兩個選項，重開機也不行。解安裝再下載，打開一樣跳到上述頁面，無限迴圈的感覺,2023-07-15 10:18:16
蔡諺,1,"被強迫更新更新後卻不能開, 一堆錢的東西要處理還要被雷, 什麼憑證更新？？？ 就已經最新版了一直顯示還要更新 是有儲值版484",2023-07-15 10:18:02
Lester Lee,1,很爛，無法更新變App也無法使用，不知如何處理浪費很多時間在這上面,2023-07-15 10:16:11
Xuan Huang,1,已經更新到最新版還是一直出現跳窗要求要更新新的行動憑證，完全打不開,2023-07-15 10:15:40
李天佑,1,一直叫我更新，點進去也沒有更新選項，移除重裝後還是一樣，到底要更新什麼,2023-07-15 10:14:44
Novia Fan,1,逼我更新憑證，卻沒有更新的選項，只能移除重裝，裝完還是要我更新，app用不了,2023-07-15 10:14:00
楊正和,1,"這是什麼軟體,一直鬼打牆,叫人打開更新, 又只有開啟鍵,一直循環...莊孝維... 超爛的app.",2023-07-15 10:13:00
黃宗斌,1,"通知更新,卻变成開啟,然後鬼打牆重覆,無法使用中",2023-07-15 10:12:30
Auntie Jessie,1,說更新憑證，要求下載更新版使用。可是google play的版本仍是6／16的，完全無法使用了。,2023-07-15 10:12:26
ivanddv,1,垃圾銀行，跳出更新程式，點了之後又不能更新，只有開啟，一直在那循環，富邦的就是爛,2023-07-15 10:12:18
Bee Chuang,1,無法開起，用要我按下更新版本，可是現在都進不了，可以還原，上一次的版本嗎？,2023-07-15 10:12:04
特頂茶葉（TEA）,1,開啟app一直說要更新 然後什麼屁都沒有 是不是要刪掉重灌才行 莫名其妙,2023-07-15 10:11:47
Jim Chen,5,还没开始用,2023-07-15 10:11:44
金承堯,1,不知道為啥挑手機，現在人有兩隻手機不是很合理的嗎，在搞啥事情。,2023-07-15 10:11:17
A nna,1,"一直叫我更新,我按更新,也沒看到更新的案件啊",2023-07-15 10:10:41
Amanda Wang,5,好用,2023-07-15 10:10:39
呂玉婷,1,已經更新了為什麼還打不開,2023-07-15 10:09:30
江如婕,1,是要在那更新啊,2023-07-15 10:09:26
許家融,4,昨天手機系統更新後，APP打不開，是否能盡快更新。,2023-07-15 10:09:03
jungle lin,1,要求更新，卻無法更新，刪除後重新下載，狀況依然如此，原本貴行的APP使用上已經非常不順手，勉強用它來檢視帳務，現在完全失去功能，無奈。,2023-07-15 10:08:45
Kelly Hsieh,1,一直說憑證過期叫我更新，根本就無法更新，爛死了。,2023-07-15 10:07:05
Gson Chen,1,打開app顯示憑證已更新，要下載最新版本的app。但是Google play這邊卻沒新版能更新,2023-07-15 10:07:03
張良權,1,更新完無法開機，是洩密被盜錄嗎？請處理回覆,2023-07-15 10:06:54
游惠美,2,無法更新,2023-07-15 10:06:06
謝倫豪,1,爛到爆炸 我都已經更新到不能更新了！點進去還一直叫我更新 就是不給我用,2023-07-15 10:05:48
Willie Wu,1,一直說憑證有更新要我更新，來 play 商店卻一直顯示已是最新版… 改評價從五顆變一顆，這包太低級了吧,2023-07-15 10:05:46
蕭麗華,1,行動銀行app開不了，一直叫我更新app,2023-07-15 10:05:26
施承豪,1,一直叫我更新，商店又不能更新，到底是怎樣？,2023-07-15 10:05:20
林珏伶,1,更新進入又要更新 卸載重新下載 再進入還是更新 除了更新兩個字 我看不到其他項目了 我要緊急轉帳啦 哭！！！！！！,2023-07-15 10:05:14
林子儀,2,進入App後，出現提醒訊息告知，需進行更新，更新完成點選進入後，告知需進行更新，解除安裝，重新安裝後，仍持續循環上述步驟，是否有解決方式 ? 補充，app似乎判斷有2部裝置，所以一直出現更新提醒。,2023-07-15 10:04:40
Jeff Chen,1,憑證說要更新。也無法知道如何更新。 可以協助一下嗎？,2023-07-15 10:04:09
鄭元熙,1,APP無法更新 完全無法使用,2023-07-15 10:04:07
賢哲何,1,7／15要登入寫什麼更新憑證 按更新跑來這也不能更新 解除安裝也沒用 沒改好就別推不能用的更新吧,2023-07-15 10:04:04
郭嘉良,1,爛東西 一直顯示憑證更新 移除 重開機都不行,2023-07-15 10:03:45
蘇素蘭,1,App說要更新，但沒有更新的功能要怎麼更新，app變成完全無法開啟,2023-07-15 10:03:45
Jiang Leo,1,進入app要我更新憑證，然後playstore卻沒有上架最新的版本，阿這個迴圈要什麼時候才能解決,2023-07-15 10:03:00
Kevin Sung,3,"憑證更新後，還跳出去store 更新app, 問題顯示已經更新，無法進入app",2023-07-15 10:02:58
劉捷,1,已經更新了 但都無法使用,2023-07-15 10:02:36
陳秀春,1,"說有新的憑證更新，按了更新卻打不開app,怎麼回事？",2023-07-15 10:02:21
Xin Yu Chang,1,近期收到要更新app的通知，但已經從商店更新完後，點入app還是顯示要去更新，無限迴圈，重新刪除卸載+重新開機也無法改善，目前無法使用該app操作，請貴公司軟體上架前再多次審核,2023-07-15 10:01:44
show fun lu,1,很難用，簡直是鬼打牆,2023-07-15 10:01:44
Robin Hong,1,一直要我更新，更新點入又要我更新，是怎麼了 解除安裝再重新下載也一樣,2023-07-15 10:01:41
Amy,1,根本無法更新，直接當機在那也無法也無法使用網銀 造成大麻煩，請速解決,2023-07-15 10:01:32
呂煌生,1,"爛app,一直要我更新，點了更新卻不能更新，點開啟不能開還一直要求更新，什麼爛東西，不能用的東西不要開放給客戶用",2023-07-15 10:01:32
釋常耀,1,明明已經更新了，還不給用，一直說憑證更新，但明明我的app已經是最新版本，解除安裝app之後重裝，也刪除快取記憶，都沒用。,2023-07-15 10:01:23
林宬銘,3,每登入一次就寄一次信件很煩，其他功能都很好,2023-07-15 10:01:18
Tiana Chung,1,一直叫我更新不讓我進入，明明就是最新版沒有更新鈕，這樣根本進不去...是要怎麼處理！！,2023-07-15 10:00:42
鄒曉珊,1,一直要我更新憑證，我已經更新到最新版本了。到底是卡在那裡不能登入我沒辦法繳貸款跟信用卡啊！,2023-07-15 10:00:42
大熊楊,1,一直顯示更新憑證，更新也無法用 這軟體是富邦高層的關係人士寫的嗎？爛透了,2023-07-15 10:00:40
蔡翠秋,1,要求更新卻沒有提供更新版，完全無法使用,2023-07-15 10:00:18
Raymond Lo,1,被要求憑證更新，但又無法更新，一直無法登入,2023-07-15 09:58:27
葉梣玲,1,無法更新,2023-07-15 09:58:11
TW Davis,1,要求更新憑證，按指示點壓更新app後，無法開啟，還是出現要求更新憑證。,2023-07-15 09:58:00
李懿函,3,告知我憑證更新 更新之後居然不能用 是什麼 爛APP 呀 一天到晚更新 一天到晚更新,2023-07-15 09:57:46
黃賢德,5,方便使用,2023-07-15 09:57:27
于淳安,1,要求前往憑證更新，前往後又無更新選項...一直無限迴圈又無法開啟APP,2023-07-15 09:57:21
Zhang Yvonne,1,App要求更新才能使用，點擊更新，打開play商店卻沒有更新鍵可以按（只有解除安裝和開啟可以選），手機重新開機後也一樣，app沒法用！ 看了評論7/7就有人反同樣問題，已經9天還沒處理好，效率很差,2023-07-15 09:56:50
914,1,今天要登入卻叫我更新憑證，但是Google Store 就是沒有更新的選項啊！！！要怎麼更新？難道要刪除app再重新安裝嗎？請盡快解決！,2023-07-15 09:56:45
劉威宏,5,好,2023-07-15 09:56:18
Jacky Lin,1,更新還無法使用,2023-07-15 09:55:57
冷颼颼,1,無法登入，一直要人更新，卻也不能更新,2023-07-15 09:55:38
G GS,1,一直提示憑證更新，只好重裝,2023-07-15 09:55:20
Y J,1,開app說要 憑證更新，這裡又不能更新能否解釋一下如何處理,2023-07-15 09:55:17
ChiLang Liu,1,App說有新版要我更新，按了半天也找不到更新的圖示，也進不了行動銀行，這種APP給1顆星都太多了。,2023-07-15 09:55:16
廖梓捷,1,解除安裝再重裝了，還是顯示app需要更新，沒辦法使用,2023-07-15 09:54:57
吳彩霞,3,更新APP後卻仍無法開啟(一直重覆表示需更新)，縱使重新開機還是一樣！,2023-07-15 09:54:35
Chronometer Hung,2,最近一直跳出要更新的小匡匡，但選下〔更新〕，到play 商店的富邦銀行app下載，只有〔開啟〕，沒有〔更新〕的選項，然後還回不去富邦銀行app畫面，等於無法使用富邦銀行app了！,2023-07-15 09:54:02
騰岳楊,1,無法安裝,2023-07-15 09:53:13
姜宇暉,1,更新也打不開啊怎麼更新,2023-07-15 09:52:56
陳麗玉,1,按更新 上面只有解除安裝和開啟 請問怎麼更新？,2023-07-15 09:52:49
阿華田,1,2023/7/15要更新不早講 直接突然停用一天 阿我在上班要怎麼出去轉帳阿？,2023-07-15 09:52:46
陳秀貞,4,昨天到現在一直無法使用。請不要更新了。,2023-07-15 09:52:46
Alan Chen,2,明明已更新還一直要求更新，是啥回事？,2023-07-15 09:51:27
蘇駿,5,方便👍,2023-07-15 09:50:12
呂政聰,1,說要更新才能用，但是又沒有更新可以更新，一直無窮迴圈 要更新才能用，可是Google 商店又沒更新，重新安裝也一樣，只能說，跟閃退同等級的爛,2023-07-15 09:50:00
米羅,1,"憑証更新後無法使用,在憑証更新頁面輪迴,解除按裝重新下載app也是一樣死當,還是出現憑証更新頁面。很不好的使用經驗。 憑証這種簡碼為什麼不能設計在背景更新?非得用手動更新?然後造成app死當?",2023-07-15 09:49:16
sheig min,1,真的爛app，這麼大銀行，網路銀行非常差，現在更新好了又說要更新，到底是什麼爛公司,2023-07-15 09:49:02
唐霈儀,1,你好有更新但是現在卻無法登入,2023-07-15 09:48:50
Tsangyang Yu,5,good service,2023-07-15 09:48:46
Max Tsai,2,更新憑証後就不能用，還不只有我，一家三口的App都廢了,2023-07-15 09:48:20
23 1,1,叫我更新，結果沒辦法更新，爛！連開都開不了！,2023-07-15 09:47:55
林7839,1,一直讓我更新 都更新完了還不讓開起 什麼爛東西要用都沒辦法用 爛程式,2023-07-15 09:47:41
陳寬鴻,1,一直無法開啟網銀,2023-07-15 09:47:37
Louis Cheng,1,無法更新，無法進網銀，第一次用到這麼爛的網銀,2023-07-15 09:47:13
LV864621 LV864621,1,無法更新,2023-07-15 09:46:43
蕭大灑,1,與諸公家銀行或民銀相比，真的還有很多改善空間，如果不是好市多的緣，真的不想使用富邦卡，比起它家浪費我好多時間，交易明細無法馬上顯現，且越用越怕，現在只能盡少使用。,2023-07-15 09:46:27
Bob Chin,1,通知更新頁面，然後就再也進不去了。這是什麼鬼打牆啊。,2023-07-15 09:46:04
JYI,1,無法登錄，一直轉圈圈,2023-07-15 09:45:29
呂湘儀,1,無法打開,2023-07-15 09:44:42
林宗聖,1,一直叫我更新，但進入商店也沒有更新版本，到底是要不要讓人使用？,2023-07-15 09:44:38
江俊延,3,無法更新。重開。清除快取。都做了。而且沒有等待更新的軟體,2023-07-15 09:44:15
陳怡紋,1,強迫更新憑證，更新後無法開啟,2023-07-15 09:43:26
王久慶,1,要更新個憑證真的很困難..,2023-07-15 09:43:11
龐進興,5,為何已更新的無法登入，,2023-07-15 09:42:58
陳正元_昶佑禹璇爸,1,開啟APP說憑證過期要至GooglePlay更新程式，然後到GooglePlay沒有更新程式只有開啟選項，即使重新安裝APP也一樣的狀況不能用。網路銀行轉帳又收不到簡訊。沒有任何公告說有異常啊！導致今天無法轉帳，實在很糟糕！,2023-07-15 09:42:48
謝少康,1,常常進不去，,2023-07-15 09:42:46
大寶,1,顯示要更新app 但是點進去只有開啟的按鈕，開啟後又呈現要更新，一直無限輪迴打不開,2023-07-15 09:42:03
Ork Chen,1,一直要我更新 然後沒更新剩開啟的無限輪迴 真的令人崩潰,2023-07-15 09:40:35
yu-shu Ho,1,無法使用，刪掉app，重新下載再開啟app，仍要求更新。,2023-07-15 09:40:01
蔡智民,1,更新後一直出現要求更新的畫面，根本無法使用，爛透了,2023-07-15 09:39:08
許智維,3,憑證如何更新,2023-07-15 09:38:39
claire wu,1,要我更新才能開啟，但我照指示按下更新，卻跳到開啟~~找半天找不到別的更新按扭，只有“解除安裝”能按，難道是要引導我去解除安裝嗎？ 更氣人的是，試著解除安裝再重新安裝，結果又要我更新，但我怎樣都找不到更新鍵啊！莫名其妙，很糟糕耶！,2023-07-15 09:38:37
Honsiang Wang,1,突然跳出憑證要更新也無法更新,2023-07-15 09:38:18
石田信一,2,要我更新結果沒有更新可以按啊…,2023-07-15 09:38:00
Aichi Chen,1,App更新完成、按開啟鍵後、程式還不斷鬼打牆的要我們更新、依然無法開啟網銀……,2023-07-15 09:37:59
鄭如如,1,明明軟體已經更新到最新，系統一直顯示憑證更新要我更新進不去，垃圾系統,2023-07-15 09:37:54
蔡阿慧,1,為什麼不能載,2023-07-15 09:37:52
簡秋蓉,1,無法使用,2023-07-15 09:37:07
Albert Hsu,1,更新軟體後還是一直出現要更新畫面，這新版本有問題,2023-07-15 09:36:41
林善祥,5,很好用,2023-07-15 09:36:34
Roy Lam,1,明明已經是最新，一直要我更新，但又沒東西可更新，玩什麼？,2023-07-15 09:35:43
上帝的腳毛,1,系統一直重複更新，無法進入畫面！,2023-07-15 09:34:41
陳聰益,1,沒辦法更新 就沒辦法開啟,2023-07-15 09:34:38
梁小菱,3,突然更新不能用，到底是要我下載哪一個啦?看不懂欸…,2023-07-15 09:34:26
Chinfu Hsu,2,就在剛剛 無法使用 憑證更新 但是並無 更新下載 管理差勁 憑證下載 尚未準備好 就解除憑證使用,2023-07-15 09:34:21
林傲倫,1,更新憑證更新殺小？ 商店連結就沒有更新選項 重新安裝也沒用 垃圾,2023-07-15 09:34:17
吳foseky,1,不容易啊,2023-07-15 09:34:08
陳界宏,1,連更新都無法，請快點處理,2023-07-15 09:33:52
Selena Lin,1,進不去系統,2023-07-15 09:33:45
macel Liu,1,app進入要求更新但打開google play 卻沒更新選項，請確認可以更新後在開啟強制更新選項好嗎,2023-07-15 09:32:52
David Cheng,4,基本上還算便利堪用,2023-07-15 09:32:32
Chia Ju Chi,1,已經更新了，還是不能用 還是跳回需要更新了畫面，試了10分鐘還是一樣的情況,2023-07-15 09:32:08
劉興崇,1,沒法更新,2023-07-15 09:30:55
吳郁年（YU NIAN）,1,更新完又要求更新，也進不去。 重新下載也打不開APP，非常困擾,2023-07-15 09:29:44
May Lin,1,很爛，更新完一直無法開啟，一直要我更新，卻打不開,2023-07-15 09:29:39
ZHE ZHE,1,跟本沒辦法更新♤♡◇♧,2023-07-15 09:29:37
lo jasper,1,更新後都打不開，真爛,2023-07-15 09:29:08
柯老,1,更新個鬼，鬼打牆！,2023-07-15 09:28:57
張庭瑞,1,一直無法登入,2023-07-15 09:27:22
kaoli kang,1,要更新 卻一直無限迴圈.....,2023-07-15 09:27:15
Ljx,3,叫我更新憑證又導到這裡來下載，根本打不開,2023-07-15 09:26:55
weihao Chen,4,選區輸入轉帳時很容易出現錯誤，各銀行代號選單要下拉時，程式會延遲很久 20230501 登入時一直提示程式憑證有更新，進入google play 卻沒法更新，麻煩程式人員處理軟體問題 20230715,2023-07-15 09:26:30
James Pan,1,"一直要求更新,下載更新完後，還是再要求更新。",2023-07-15 09:26:24
James Kuo,1,無法更新無法開啟,2023-07-15 09:26:14
Wugan Awai,1,自從更新就一直開不起來，一直要更新，更新後按開啟又要更新,2023-07-15 09:24:33
Wei Chiao Tu,1,爛 無法更新,2023-07-15 09:24:13
張睿潁,1,靠腰為啥網銀app開不起，說更新，更新完一樣不能開是在三小幹,2023-07-15 09:23:49
陳世儒,1,叫人家去更新，又沒有更新的選項，只有解除安裝跟開啟，是在搞什麼鬼？,2023-07-15 09:23:29
王柏倫,3,無法更新,2023-07-15 09:23:22
侯妹妹,3,更新了版本 還是不能進去APP,2023-07-15 09:23:20
何玫玲,1,7/15更新後第一次開的起來，後來一直跳更新不給開！！！！,2023-07-15 09:23:11
chanh chua nguyễn,1,要怎麼更新？？跳來跳去的，進不了app啦，程式快點改進，煩不煩？,2023-07-15 09:23:01
錢,1,更新程式害我的設備不能用，打电話去客服电話常常沒「人」接,2023-07-15 09:22:58
H marlene,5,使用簡單明瞭,2023-07-15 09:22:32
Eddie Chiang (江江),1,不更新不給用，叫人更新到商店又沒得更新，搞什麼？,2023-07-15 09:22:27
羅Tyson,4,無法更新？,2023-07-15 09:22:27
劉騰隆,3,請問怎麼無法更新,2023-07-15 09:22:10
Dennis Yang,1,為什麼更新後不能用,2023-07-15 09:22:04
P-H,2,明明已經更新了，但一進去還是要我更新，根本沒辦法打開app,2023-07-15 09:21:49
劉賢,1,忽然間無法開啟，更新後就不能使用，怎麼轉帳繳信用卡費？,2023-07-15 09:21:34
Wayne Cheng,1,又更新不了，也開不起來,2023-07-15 09:21:14
阿彬,3,更新後不能用,2023-07-15 09:20:56
石凱玲,1,黑框顯示是要更新 到了商店這要更新，選項內只有開啟，跟卸載而已....,2023-07-15 09:20:33
EMMA,5,無法登入網站啊！ 一直出現新版本憑證需更新！ 問題是沒有地方可以提供更新啊！😡,2023-07-15 09:19:34
阿文,4,為什麼我不能更新？,2023-07-15 09:19:20
陳長志,1,"已經更新仍然一直顯示要更新無法打開app,明明前幾天還能用",2023-07-15 09:18:25
博嘉生物科技,1,打不開，故障了，7月底反應故障，9月3日回應，這種銀行直接結清算了！又壞了，更新憑證，又沒更新檔！浪費大家時間,2023-07-15 09:17:53
chaos shen,1,重複出現要求更新憑證/版本，但導向google play卻又無更新版本，重新安裝後依舊出現相同錯誤訊息,2023-07-15 09:17:53
范淼,1,點進去出現需更新憑證，按下更新後跳到Google play 下載app的首頁，按下開啟後又跳回原要求更新憑證頁面，解除安裝重新下載後，一樣鬼打牆，還好沒有急著要用，否則不是叫天不應叫地不靈-這個意見反映應該最後也是落得這個下場吧！大銀行會管小老百姓死活嗎？,2023-07-15 09:16:06
侯清中,1,打開叫我更新 按了跳到app又不給更新 按開啟又叫我更新 無限循環,2023-07-15 09:16:01
鍾大緯,1,一直叫你更新，然後刪除重新安裝也沒用，一直顯示要更新版本，說什麼憑證已更新，無法使用，請問要怎麼更新？,2023-07-15 09:15:31
look yang,3,"點入app,提醒要更新，到play,卻無通知更新，請檢查，真的無法更新，另外介面不好用",2023-07-15 09:15:10
Wendy,3,需更新，無法更心也不能使用？,2023-07-15 09:14:09
吳嘉筠,1,無法下載，一直轉圈。 問題很大,2023-07-15 09:13:46
HUA SHIN LIU,1,已經是最新版本還一直要求更新無法登入,2023-07-15 09:12:35
楊惠堯（Abei）,1,無法更新,2023-07-15 09:12:09
Victor Hou,2,"按著App要求按下更新，但進到 play store又只出現開啟或解安裝的選項，選擇開啟後，回到 app ,又要去更新……然後就在這個循環內。得如何操作才能使用這個 App 呢？",2023-07-15 09:11:44
Hwang James,4,始终没有解決問題，螺絲鬆了吧。,2023-07-15 09:10:55
盧能敏,1,難用,2023-07-15 09:10:33
kei lou,1,app要更新卻沒同步更新play 商店 還沒看到蘋果，但如果是他先上。 那請貴行註明非蘋果用戶別來申請,2023-07-15 09:10:30
edward liu,1,為什麼已經更新了，還一直叫我更新？但APP就是開不起來？！信用卡帳單因此遲繳是算誰的？,2023-07-15 09:09:57
GUAN-CI CHEN,5,"Android系統突然無法登入富邦銀行app,會一直顯示要求更新憑證，但是沒有任何的憑證可以更新",2023-07-15 09:09:40
簡鈺臻,1,一直說更新憑證但卻無法開啟，實在傷腦筋,2023-07-15 09:09:17
Max Buckaroo,3,7/15 無法更新，導致無法開啟app,2023-07-15 09:09:15
賈志剛,5,讚,2023-07-15 09:09:12
Ruby Tsang,1,網路銀行進不去！！！！！！！,2023-07-15 09:09:03
痞子阿 Mi,2,都已經更新了還無法登入,2023-07-15 09:07:51
李冠群,1,按更新無法下載，一直鬼打牆,2023-07-15 09:07:13
Freeman Vincent,1,行動銀行憑證要更新才能使用，導引至這裡結果這裡沒更新版下載，這樣用戶要怎麼使用？,2023-07-15 09:06:12
小建建,1,要求更新，卻一直沒有新app可更新,2023-07-15 09:06:10
shwa LO,1,要打開說提供更新要更新才能用，跑到這個頁面只有打開和解除安裝，按打開又回到叫我更新，更新又回到這個頁面無限循環，解除安裝後也一樣,2023-07-15 09:06:08
劉紜綿,1,顯示要更新憑證，都已經按更新也完成了，點進去APP還一直顯示要更新😠,2023-07-15 09:06:03
廖陞豪,5,好,2023-07-15 09:05:54
venus chang,5,很好,2023-07-15 09:05:33
黃培祐,1,點進去APP一直叫我更新憑證，等到我點更新，又帶我到APP下載的地方，無法更新憑證，重新下載也一樣，是在鬼打牆嗎？,2023-07-15 09:04:42
cheng stan,1,行動銀行app不要強迫更新好嗎? 急用時還要等你們弄一些沒弄也沒差的小更新.... 今天的更扯，6月16才更新今天又要我更新， 然後我點了連到Google Play也只有開啟檔案的選項，沒有更新的選項，到底bug要多少， 要轉帳都不能轉，造成損失銀行要負責嗎？,2023-07-15 09:04:07
Charley Lin,1,出現已更新憑證，需更新，但無法更新，完全無法使用，很大的錯誤。,2023-07-15 09:03:18
黃綉婕,1,無法登入，一直說要更新，但是更新按下去之後就跳出界面了,2023-07-15 09:03:07
林詠漢,1,行動銀行更新也沒簡訊或mail通知 我要進行投資的操作請問假日你們有上班嗎?影響客戶權益，只能1顆星表達不滿,2023-07-15 09:03:04
Chen Olivia,1,叫我更新 已經更新了 又一直說要更新憑證叫我更新，鬼打牆欸,2023-07-15 09:02:40
游Uth,1,要我來更新，也沒有可以更新，然後網銀不能用,2023-07-15 09:01:15
張鈞捷,1,憑證更新？點了沒作用？,2023-07-15 09:00:09
Gary Pai,1,"開啟APP,一直要我更新，但去Google 商店卻沒法更新，有夠爛",2023-07-15 08:59:53
Chia-yi Hua (花小花),5,打開app就說需要更新，但點到商店頁面卻沒有更新可下載... 已經移除再重新安裝了但還是一直卡在需要更新才能使用的畫面，不知道該怎麼辦,2023-07-15 08:59:10
子涵（Winni）,1,為何一直要更新卻無法更新，app打不開，解除安裝也無法打開,2023-07-15 08:59:00
黃俊凱,1,下載後無法打開使用,2023-07-15 08:56:20
Guo-Siou Chen,1,App 要求更新，但 playstore 沒有選項，無法進入,2023-07-15 08:56:00
小匿名,2,銀行自動憑證更新後無法使用,2023-07-15 08:55:32
許國寶,5,台北富邦銀行轉帳方便,2023-07-15 08:55:25
Steven國誠,1,Asus ZenFone 9 根本無法登入 擾民,2023-07-15 08:55:11
Michel CHIANG,1,現在變成完全不能使用！,2023-07-15 08:54:58
Edward Tai,1,爛到有剩,2023-07-15 08:54:44
coticu,1,更新找不到，不斷迴圈,2023-07-15 08:54:17
Peggy Hsu,1,根本無法更新，也無法開啟,2023-07-15 08:53:25
潘淑儀,3,每個項目都很一目瞭然，很方便，還有一些夢想存款及記帳也都很棒。謝謝你們，辛苦了！ 最近程式都一直閃退，刪除app重新安裝還是有這個問題，可否改善，另外畫面也有呈現不動的情形！ 2023/7/15更新評論 系統已自動更新為10.20的版本，但一直無法打開app,2023-07-15 08:53:12
Woo Loo,1,7/13開始跳出憑證需要更新，引導到APP更新，就在兩者間引導往返，刪除，APP重裝後問題一樣無法解決,2023-07-15 08:52:48
陳勝南,5,一直不斷的跳針更新 更新了也開不了 為什麼要更新呢？,2023-07-15 08:52:17
黃玉鈴,1,說憑證已經更改，需要下載新版本，一按更新之後，又跳回一樣的畫面，重新刪除下載也一樣，根本無法更新，請問該怎麼解決問題？ 太不人性化的APP,2023-07-15 08:51:44
annan chang,5,很好用,2023-07-15 08:50:44
KATHY WU,3,請問:只有解除安裝、開啟之按鍵、按開啟又叫我更新、解除安裝重裝也沒用、請問如何更新、謝謝,2023-07-15 08:50:40
花惹發,1,商店不給更新阿！,2023-07-15 08:49:54
沈楚剛,1,下載完打開直接要你更新，然後回到市集無限迴圈，就是不想給你用,2023-07-15 08:49:19
米菓,1,進去網銀後一直說憑證更新要更新程式，到商店看有沒有更新的選項，然後就這樣來來回回幾次，關機了也一樣，所以到底更新了什麼，有比較好嗎？更爛吧🙄🙄🙄,2023-07-15 08:49:15
小凃（肥肥）,1,打開就一直要我更新 可是明明就更新了 還是無法使用,2023-07-15 08:48:17
long long Hsu,3,為什麼不讓更新，然後就沒辦法用？ALLWINNER T3是什麼東西，安裝不了,2023-07-15 08:48:08
張罐頭,3,app說要更新，但是沒有可以讓人更新，導致app沒辦法使用,2023-07-15 08:48:00
Gene Wang,1,App已經是最新了，卻還是一直跳出更新提示，導致無法使用…,2023-07-15 08:47:52
李宗憲,3,今日要開啟，需要強制更新，但Google play目前尚未有更新內容,2023-07-15 08:47:45
Jocelyn,1,無法開啟更新憑證，一直跳回商店,2023-07-15 08:45:22
Miss A,2,App說有新憑證 要我安裝 已經是最新版的我 黑人問號？ Google play 也沒東西可以更新 我要怎樣才能登入我的帳戶看啊。,2023-07-15 08:44:33
劉林,1,強制更新後却無法開啓使用,2023-07-15 08:44:05
王sandy,1,無法進入更新...,2023-07-15 08:43:49
歐真善美基金會-副執行長-歐祐清,5,讚,2023-07-15 08:43:14
monkey Lion,1,要人更新 更新檔勒？,2023-07-15 08:43:08
翁振民,1,無法更新！無法開啟！一直以來都是富邦的忠實用戶，但第一次想要換一間了，無法使用的銀行app真的非常困擾！,2023-07-15 08:43:00
hung Yd,3,"手機是note10+,今天app要求更新，但更新完確無法開啟，重灌也沒用",2023-07-15 08:42:47
黃奕儒,1,開啟程式一直跳出富邦行動銀行憑證已更新，要我強制更新，但根本沒東西可更新啊？刷腦？,2023-07-15 08:42:39
FBI Huang,1,要求更新憑證，又沒有需要更新項目可點，移除重新安裝，還是一直要求更新憑證,2023-07-15 08:42:36
Jammie Chou,1,點app進去說憑證需要更新 來到商店頁面沒有更新鍵可以按請問是？,2023-07-15 08:42:02
Evan Tu,1,系統提醒更新，卻又不能跳至更新頁面，導致app無法使用！,2023-07-15 08:41:25
CHIHKAI YANG,1,手機要求憑證更新，同意後連到google store，更新後開啟又要求更新，不斷循環,2023-07-15 08:41:17
黃盈勛,4,App顯示要更新憑證，但根本沒有更新路徑，一直停在google play，app下載頁面，按開啟，又說請更新憑證，無限循環死胡同,2023-07-15 08:40:52
Erwin Liao,1,要求更新評證點更新甚麼東西都沒有 原本使用中的軟體直接卡死不給用 重安裝也不行 軟體沒搞好 卻要求使用者更新 還沒得更新 直接不給用 爛透了,2023-07-15 08:40:09
黃國雄,1,更新後進不去 一直叫我前往更新,2023-07-15 08:39:45
Matthew Tsai,1,無法更新 剛辦卡想退掉了 爛,2023-07-15 08:39:42
曾少澤,1,我要打開app 結果顯示要我更新，到app商店只有開啟跟解除安裝，我刪掉重灌還是一直跳出要我更新......,2023-07-15 08:38:51
嚴小子,2,一直跳出要更新不給用，點了過來又沒更新是？耍人嗎。麻煩趕快處理一下,2023-07-15 08:38:12
蔡秉丞,1,一直無法更新憑證連登入都不行,2023-07-15 08:38:05
小關,1,爛透了APP完全不能開，更新過後手機變成不相容怎麼辦,2023-07-15 08:37:12
徐素秋,3,更新更難用 每次要查帳都很麻煩 為什麼不便民呢！ 浪費時間,2023-07-15 08:37:08
T,1,APP已更新到最新版，但還是一直顯示要更新無法使用🙄,2023-07-15 08:37:07
Luke Lee,1,更新無法使用,2023-07-15 08:36:33
劉樹明,5,好用,2023-07-15 08:36:15
傅雅鈴,1,一點進去要求更新，但是卻沒有新的需要更新，沒辦法進入登入使用,2023-07-15 08:36:05
婷,3,要人更新又不給更新怎麼回事呢？,2023-07-15 08:35:42
a wg,1,一直無法登錄,2023-07-15 08:35:20
廣業王,2,開啟程式一直要我更新是怎樣？？ 用都不能用是怎樣？？ 提供下載東西在那？？,2023-07-15 08:34:55
samuel xu,2,系統提示要更新，但是轉過來之後也不見更新按鍵，不明覺厲。只好先卸載了。,2023-07-15 08:34:21
小向威廉,1,要我更新憑證 但沒辦法更新,2023-07-15 08:34:19
江信助,3,"通知更新,但無法更新使用",2023-07-15 08:33:52
吳佳芸,5,讚,2023-07-15 08:33:52
Winnie Yang,1,在週末出現憑證需要更新 但是沒有看到要更新 .. 可怕的更新。,2023-07-15 08:33:48
林小真,1,說要更新憑證，卻一直不能更新,2023-07-15 08:33:42
郭文珠,3,今天要進卻一直跳出憑證已更新，要人點更新，點了，跳到商店來，卻沒有更新選項，只有解安裝跟開啟，點開啟又跳回原來的憑證已更新。一直反覆。真是鬼打牆。 真不該更新😓 （商店顯示4天前更新）,2023-07-15 08:33:40
陳小穎,1,今日出現需更新，然後就打不開了...重複要更新的畫面.....,2023-07-15 08:33:35
stanlly Hsu,2,目前行動銀行完全更新也無法開啟,2023-07-15 08:32:38
八色小籠包,3,登入app畫面 顯示行動銀行憑證已過期，請更新？兩台安卓手機都是最新版本了，兩台按了介面上的更新轉到google商店內並無法更新只能開啟app，開啟後（無限重覆）一直顯示更新？ 是否出錯了呢？ 蘋果手機沒有此問題。。,2023-07-15 08:32:37
Jojo Chiang,1,有新版本要更新才能使用app，結果又沒更新檔出來可以更新，根本沒辦法使用，什麼爛app,2023-07-15 08:32:34
廖肯尼,1,7/15早上點富邦行動銀行，顯示【憑證已更新並已提供新版本下載】，本人點更新卻一直重複更新步驟，無法進入更新，亦無法使用網路銀行，已嚴重影響客戶權益。,2023-07-15 08:32:33
cheng shuyan,2,打開app時提示說已經更新憑證並提供下載，但點擊更新進入google play這頁面卻沒有更新版本，結果始終打不開app。一個純網路銀行app卻讓人打不開實在有點糟糕。,2023-07-15 08:32:16
蔡宗廷,1,無法更新,2023-07-15 08:31:04
Shiun,1,"更新完後，打開APP還是跟我說""富邦行動銀行憑證已更新""要我前往更新，我就已經更新好了啊，現在無法登入APP了，好爛。",2023-07-15 08:30:19
Emily c.c,1,無法更新憑證！！！！！！！,2023-07-15 08:30:14
江佳彥,1,要進去要求更新，結果按開起又跳回更新。一直來回跳。 啥爛app不會就別亂更新，你們錢多玩存戶嗎？ 哦！原來是被罵慘了，所以系統更新中，導致我今日無法進去。,2023-07-15 08:30:07
Ian qoo,1,有事嗎？跳更新結果沒有東西，還是進不去啊！,2023-07-15 08:29:42
kan Chou,1,就更新完了，一直叫我更新是怎樣，根本登不進去,2023-07-15 08:29:27
王懋軒,3,app顯示富邦行動銀行憑證已更新，無法使用，需要下載新版app，但目前已經是最新版了。,2023-07-15 08:29:26
劉宜都,1,"系統要求更新，點選更新跳到Google play,只能按開啟，又跳到要求更新介面，跳到Google play，只能按開啟，又跳到要求更新介面。 點選更新，跳到Google play，只能按開啟，又跳到要求更新介面。 點選更新，跳到Google play，只能按開啟，又跳到要求更新介面。 點選更新，跳到Google play，只能按開啟，又跳到要求更新介面。 已經在懷疑人生。是否陷入輪迴？",2023-07-15 08:28:17
張鉯雯,1,無法更新 無法開啟 解除安裝，重新下載app 一樣顯示要更新憑證 還是無法更新,2023-07-15 08:28:12
Joy Yuan,1,明明就已經是最新版 還要我更新 不讓我登入是怎樣？,2023-07-15 08:27:46
郭育珊,1,沒有可以按更新的地方啊！請問更新在哪裡？只有兩種選擇 解除安裝跟開啟！！！是要多難用,2023-07-15 08:27:39
阿寶,1,爛死了要人家更新更新完介面一樣一直重複要更新畫面，at設計的人腦殘嗎，本身這個app消費多少也不會去參考其他家銀行，去參考國泰世華啦，爛到爆的軟件,2023-07-15 08:26:58
問心工作室,3,app一直叫人更新，但商店卻無更新檔，請問要怎麼用,2023-07-15 08:26:45
江筑萱,1,更新之後，完全無法到登入頁面，僅一直要求下載更新,2023-07-15 08:26:31
胡哲銘,2,跳出更新 但無法更新,2023-07-15 08:26:28
麥芽糖,1,App顯示更新，但是跟本更新不了,2023-07-15 08:26:11
Sophie Wu,1,"一直說要更新憑證，安裝後又一直連回需更新憑證無法開啟app,真的很難用！",2023-07-15 08:25:37
魏志修,1,一直說要更新憑證，卻完全無法更新，無法開啟，無法使用，非常差,2023-07-15 08:25:22
郭阿堅,3,說要更新 結果到googleplay介面上沒有給我更新的選項 只有解除安裝跟開啟 怎回事,2023-07-15 08:24:45
鴻蓉甘,1,無法使用,2023-07-15 08:23:28
Secky Chen,4,今日開啟一直提示銀行憑證已更新，無法進入應用,2023-07-15 08:22:39
Kun-Hung Chen (Watson),1,2023/7/15 一直說有憑證更新 但是進Google Play內又沒有 到底能不能用啊 打去客服才發現憑證更新Android系統整天不能用 這算哪門子的銀行服務啊？,2023-07-15 08:22:35
Betty Lee,1,"憑証更新 請點更新，確只會跳到安裝app這邊,點開啓,一直沒法進系統？ 重新安裝也沒用",2023-07-15 08:22:26
劉金生,3,一直要更新，更新後又要更新，無法開啟,2023-07-15 08:20:47
Sandy Tsai,1,一直顯示要更新，點了又只顯示 解除安裝 跟 開啟 ，點 開啟 又顯示要更新，是鬼擋牆嗎？,2023-07-15 08:20:11
謝淑雅Ula,5,Samsung Galaxy S23 Ultra更新後不能用一直要求更新==本來還可以用7月15就不能用,2023-07-15 08:19:35
Yaojen Heish,1,7/15無法登入 說請下載更新版本 又沒新版本下載 也不能更新 早上8點無法登入 非常不方便,2023-07-15 08:19:28
Hsu Jenny,1,明明顯示憑證已更新完畢，按登入後繼續顯示請更新，無限循環中，根本無法使用，煩請修復。,2023-07-15 08:19:10
莫昭奴,1,下載後無法進去使用,2023-07-15 08:18:42
陳勇宏,5,怎麼要進APP時，說要更新，要更新確又沒更新的選項啊,2023-07-15 08:18:20
陳智維,1,不能開啊,2023-07-15 08:17:50
Kimberly安,2,無法更新行動銀行,2023-07-15 08:16:28
胖胖王,1,無法更新app,2023-07-15 08:14:23
Yui Yao,1,一直說要更新，然後不能登入使用，該怎麼辦！？,2023-07-15 08:14:16
Amy Wisher,1,無法開啓,2023-07-15 08:13:39
芭比,1,今天一直無法使用一直說要更新更新後也無法使用一直轉圈,2023-07-15 08:12:30
楊永年,5,無法開啟App,2023-07-15 08:12:25
KT Y (KT),1,7/15說要更新憑證，然後跳到這裡沒東西更新，現在無法使用...,2023-07-15 08:12:16
盈璋林,2,"無法開啟app,重新安裝也不行，一直說憑證已更新，要更新app",2023-07-15 08:12:10
辛啟良,5,RK3399無法安裝,2023-07-15 08:11:41
Kai Wu,1,也沒有更新鍵可以按阿 一直提示要更新 爛死了,2023-07-15 08:11:33
呂佳慧,2,此次更新 明明已經更新 但要進入app時還一直跳出更出更新的信息，無限循環，無法進入app,2023-07-15 08:11:00
劉蘋慧,1,不更新不給用，但一直鬼打牆沒有更新選項。解除安裝在更新後變的粉難用，真的是越更新越爛。真的不懂是因為錢多想要A錢才把一個好用的軟體變的如此糟糕。,2023-07-15 08:10:50
Bella YuMin,1,更新不了 鬼打片牆,2023-07-15 08:09:46
David Hu,1,"突然顯示憑證要更新及更新APP,重新解除後更新還是一樣要求更新無法登錄，不斷重複還是一樣，就這麼大的銀行搞這麼爛的APP還真無言",2023-07-15 08:09:27
Ou均,5,簡易,2023-07-15 08:09:15
徐子庭,1,怎麼無法更新,2023-07-15 08:08:08
林金辉,5,好像是否有人說的你好,2023-07-15 08:07:29
呂Gionava,1,要進行動銀行，一直要求更新，但到了google play確無法更新，完全無法進入app,2023-07-15 08:07:14
大牛吳,1,要我進行更新，但是谷哥只有開啟。點谷哥開啟後，又跳出要我進行更新。這無窮迴圈要到何時才能結束？,2023-07-15 08:07:07
劉泓儀,1,有更新 怎進不去 給合理的答案,2023-07-15 08:06:34
鑫李,1,完全進不去是哪招？更新完也不能,2023-07-15 08:06:00
歐伯龍,1,叫我更新....結果也沒辦法更新跟使用,2023-07-15 08:05:51
雅慧,3,已重新安裝下載兩次，無法開啟APP使用。。。,2023-07-15 08:05:43
古,1,三天兩頭更新就算了，整天在那驗證東驗證西的。直接下載完開都開不起……一直要更新到底是在3毀……,2023-07-15 08:04:59
晨光,5,無法更新,2023-07-15 08:04:29
尚雨芳,3,great,2023-07-15 08:03:55
邱佩怡,1,不是說要更新，點進來沒有更新鍵,2023-07-15 08:03:21
Linda S,1,要轉帳，說要更新，點更新，無法更新，卸載後重下載，依然不行，暈,2023-07-15 08:02:25
徐長愷,1,系統提示說要更新憑證，但更新了還是一直提示要更新系統，無法正常使用啊 我换了两只手机，都是这个问题,2023-07-15 08:01:30
miu meow,1,無法更新 請儘速處理,2023-07-15 08:01:11
HOY FU,2,請問要從哪裡更新憑證？,2023-07-15 08:00:40
chen anita,1,系統請我更新但是我找不到更新請處理,2023-07-15 08:00:31
徐慧卉,1,說更新，進不去，怎麼回事？ 忽然這樣，憑證更新點不進，，，，,2023-07-15 08:00:22
Kevin,1,到底行動銀行要如何更新憑證 Play商店都已經顯示是最新的，沒辦法更新,2023-07-15 08:00:16
二寶,1,一直要我更新，但是系統就已經顯示是最新狀態，卻無法登入使用，到底系統是怎樣啦,2023-07-15 07:59:53
廖文川,5,很好用,2023-07-15 07:59:42
蔡保羅,5,三台手機無法登入，卡在更新憑證,2023-07-15 07:59:35
Flossie Yu,1,開啟APP顯示必須更新憑證，但卻無法更新，請問怎麼排除問題? 手機正確裝置名稱Galaxy Note8 (型號SM-N950F/DS)，安裝卻顯示Samsung SM-T733。,2023-07-15 07:59:22
金智平,1,更新還需要刪掉原來應用程式才能更新 Bank1.0還差不多 重新下載完一樣不能用 棒棒,2023-07-15 07:58:46
趙語宸,5,無意見,2023-07-15 07:58:07
林沛彤,1,無法更新，app進不用,2023-07-15 07:57:09
Chen Peric,2,這期新版的會叫人一直更新憑證，然後按下確定會轉至GOOGLE PLAY 下載，不管是移除重新安裝新版，還是新版將暫存手動清除加強制停止，開啟APP，都一樣會卡在叫我更新憑證這件事情，能不能把更新憑證放在PLAY 新版APP裡面，不然一直無限迴圈，根本無法使用，請改善,2023-07-15 07:56:53
Shih hsuan Huang,1,App一直要人家按更新再開啟，然後一直在這兩個畫面無限來回什麼動作都沒繼續。真的很無言。,2023-07-15 07:56:43
馬三,1,無法更新,2023-07-15 07:56:31
lily su,5,很好使用 方便 好超做,2023-07-15 07:55:16
mo C,1,不懂現在是怎樣？打不開，叫人更新，又更不了？line通知也連不上，跟銀行聯絡也不了了之？？？比一般商店app還不順。,2023-07-15 07:54:20
程俊男,1,爛APP無法跟新，不能用,2023-07-15 07:53:23
竹澗老翁,5,為什麼一直有富邦行動銀行憑證已更新，但是卻看不到更新，一直卡在這個畫面,2023-07-15 07:53:14
高清月,1,爛,2023-07-15 07:52:17
許有慮,3,一直叫我更新但又沒有更新的選擇,2023-07-15 07:52:15
李明道,1,今天（7/15）要開啟，一直叫我更新憑証，點選更新，又跳回開啟畫面，無限輪回，無法開啟，請問是什麼狀況？,2023-07-15 07:52:00
Peggy Zeng,1,更新後還是打不開 重新卸載 在下載一次 還是開不了@@,2023-07-15 07:50:55
Zion Chen,1,一直叫人更新憑證、可是卻無法更新、加油吧！富邦,2023-07-15 07:50:28
姜彥宇,3,轉圈圈很煩,2023-07-15 07:50:22
詹慧貞,3,今天無法使用， 上面說要更新，但卻沒有出現更新的選項，,2023-07-15 07:49:58
洪鼎傑,2,程式說憑證已更新，要我去更新行動app ，但連結過去後只有 解除安裝 和 啟用 兩個選項，根本沒有更新的選項，請問我要去哪裡才能更新行動app呢？,2023-07-15 07:49:20
JamesYin Shen,2,"7/15 上午7:46 更新後情況 富邦行動銀行憑證已更新 為保護您的資訊安全,富邦行動銀行已更 新憑證,並提供新版本供下載。 請立即前往更新,享受最佳的使用體驗。 按更新後又跳回 PLAY商店 根本進不去APP了！",2023-07-15 07:48:38
呂孟璇,1,一直要我更新，更新好之後開啟 他又說要更新，刪掉重新下載也是一樣 明明就更新好了,2023-07-15 07:48:32
陳銀燕,5,很好,2023-07-15 07:48:04
Chen Ciara,1,請問我要在那邊升級我的版本！！我很急著用,2023-07-15 07:45:04
Yu Ying雞蛋寶寶,1,一直跳更新，已經更新了還不能使用,2023-07-15 07:44:37
郭小佑,1,這次更新怎麼都不能用,2023-07-15 07:44:36
Bella C,2,"已經更新也重新開機，確一直顯示說應用程式已更新憑証請重新更新富邦行動銀行APP,已經試了好幾次，都不行",2023-07-15 07:44:28
鍾玉賜,5,開不了,2023-07-15 07:44:19
李小貓007,1,不給登錄！更新沒任何反應，卸載重新裝又顯示更新。更新又不反應，這是在幹嘛！？,2023-07-15 07:44:10
Elliot Chung,1,要求更新憑證後就無限迴圈打不開，解除再安裝也不行,2023-07-15 07:44:06
Vicky Hsu,1,跳到這邊要我做銀行憑證更新，請問更新的按鈕在哪？現在完全無法登入網銀....應該怎麼處理,2023-07-15 07:41:48
紅桑尼,3,這兩天顯示需要更新 畫面跳轉到play商店時又沒有更新選項 再點開啟又顯示要更新又跳到play商店， 重新安裝結果還是一樣～,2023-07-15 07:40:15
郭文志,1,無法登入也無法更新,2023-07-15 07:40:08
雨晴,2,速度很慢,2023-07-15 07:39:41
emily will,1,在play商店上看已經更新，但點擊app又說要更新不給用，請問是什麼狀況,2023-07-15 07:39:36
Tina Wu,2,點App顯示需要更新 卻無法更新 不能使用了 是App當掉嗎！怎麼回事啊！😑😑😑,2023-07-15 07:39:20
黃玉如,1,更新完無法使用,2023-07-15 07:39:11
sandy laio,1,就已經是最新的了還一直叫我更新不讓我用是怎樣,2023-07-15 07:38:26
Lin米,1,一直說有更新但google就是沒有顯示更新又不給登入,2023-07-15 07:37:55
阿Ben,1,根本無法更新,2023-07-15 07:37:47
王智祥,1,無法更新憑證,2023-07-15 07:36:51
陳皓森,1,現在說更新結果鬼打牆一直登入不進去是怎樣,2023-07-15 07:35:28
許慧瑩,1,系統更新卻進不去，無言,2023-07-15 07:33:50
朱秋霞,3,為何點不進去,2023-07-15 07:33:28
炎城,4,方便，好用。,2023-07-15 07:33:17
邱顯竹,1,2023/07/15 更新後開啟app還要我更新憑證，陷入無窮迴圈，又無法使用了 請問這程式改版後有人在測試嗎？,2023-07-15 07:32:47
邱德慶,1,顯示要更新，按了無反應，到底怎麼越改越難使用.....,2023-07-15 07:32:08
linkst Lin,1,常常登入不了/登入又登出，打給客服也只會推給客戶網路不穩，請改善。現在弄了一個更新憑證，根本已經更新到最新版本還是無法登入。,2023-07-15 07:31:55
彭永興,5,非常好.方便操作,2023-07-15 07:31:25
林嘉雯,1,無法更新，一直當機，無法使用，爛,2023-07-15 07:31:18
張JayJay,1,更新後無法開啟不，移除程式並重新安裝，一樣無法開啟,2023-07-15 07:30:53
dada Wu,1,一進去APP更新，按更新又無法更新‥現在沒辦法使用,2023-07-15 07:30:16
Rax Li (Wade),2,已更新憑證一直卡住不能使用，見鬼,2023-07-15 07:29:45
Diana Liang,1,更新之後就無法開啟...,2023-07-15 07:28:02
林芷瑜,1,"為什麼更新後，APP一直打不開，一直叫我更新,程式刪除再下載，重新開機一樣沒用",2023-07-15 07:27:40
阿峰師,1,今天早上怎麽一直跳出更新畫面，之前就更新過了，點進去更新，app根本就打不開，一直跳叫你更新的畫面，什麼爛app啊，現在完全不能用app了，乾,2023-07-15 07:27:34
徐嘉宏,1,"App要求更新,更新完後還是沒辦法",2023-07-15 07:26:33
陳思佑,5,為什麼已經更新到最新版，還是叫我更新呢？然後一直不能是跳到谷歌市場，然後還是不能用，到底出了什麼問題,2023-07-15 07:25:50
張步雲,1,更新後無法下載，爛到極點,2023-07-15 07:20:16
猴美菈,1,更新後還叫我更新不能使用,2023-07-15 07:20:12
lkk you (努力以赴),1,無法更新,2023-07-15 07:20:10
サスケ,1,告知憑證要更新，進到google下載頁面又不能更新，結果就是什麼都做不了，這樣的服務實在與這樣大間金控的表現不匹配。,2023-07-15 07:19:17
大美女,2,要更新ㄧ直顯示我的舊手機型號，無法開啟，傻眼,2023-07-15 07:18:45
Jane Hsieh,3,和其他app比起來，真的速度和功能都太差。,2023-07-15 07:16:02
Ian Jang,1,憑證更新，重新安裝後，黑屏。,2023-07-15 07:15:09
porter chen,1,已更新完，還一直要求更新，怎麼開都開不起來，爛爆了,2023-07-15 07:13:52
Candace Chen,1,無法開啟，一直要更新，明明已經更新完了,2023-07-15 07:12:20
助骨力,1,一直要求更新，無法進入app,2023-07-15 07:11:44
hh dida792,1,更新完點進app還是叫我更新 重載也一樣根本進不去 到底在爛幾點的,2023-07-15 07:10:43
Cythia Wu,2,顯示憑證已更新，要求更新，就跳到app更新頁面，又不能更新，一直鬼打牆,2023-07-15 07:10:10
Shang,3,已經更新完了，點開App卻一直出現要更新無法使用,2023-07-15 07:09:36
P.T Wang,4,還有進步空間,2023-07-15 07:09:19
Rs “Rs黃” 黃,1,要用戶更新，不能更新這是什麼問題,2023-07-15 07:08:51
John Jiang,1,要登入一直要我更新，點進去又沒更新，一直打不開，爛銀行。,2023-07-15 07:07:27
葛幸慧,5,為何更新完後，即使重新開機，也一直無法開啟？,2023-07-15 07:07:06
安祺 -張筱翎,3,請問一下去哪裡找更新,2023-07-15 07:06:51
魈魈,2,叫我更新又沒有更新,2023-07-15 07:04:10
Cheng Wen Hsieh,1,"更新app就死了,爛爆",2023-07-15 07:03:53
Ann Chou,1,一直重複通知更新程式，無法使用,2023-07-15 07:03:05
吳宜龍,1,更新完，還是叫你再更新。 這樣叫人如何使用?,2023-07-15 07:02:01
亞路紗,1,就沒得更新，還要更新，爛,2023-07-15 07:01:35
莊玉貞,1,一直重複要更新憑証，重新下載後，一直嘗試著用快10多次，還在用什麼更新憑証，根本打不開根本就不能更新，以前的就可以用，現在就這樣一直轉圈圈是更新什麼東西,2023-07-15 07:00:51
哈姆太郎,3,提醒更新後才能用 但App根本無法更新也無法開啟 解除重新下載也不行,2023-07-15 06:58:20
老爺,1,更新完不能用 一直叫我更新,2023-07-15 06:57:52
陳美玲,1,要更新無法更新，無法進入，這什麼爛系統，都重新下載還是無法進入,2023-07-15 06:56:57
吳建豊,5,很實用,2023-07-15 06:56:47
莊梨榛,5,要更新又沒顯示更新畫面？App不用使用？,2023-07-15 06:56:42
鍾旻燕,1,要求更新憑證系統卻無法更新,2023-07-15 06:52:36
林毓禎,4,7/15更新後無法開啟,2023-07-15 06:52:08
jade lu,5,很方便,2023-07-15 06:51:58
林沛颖,1,非常爛的app 經常提示更新，但是卻更新不了。。。,2023-07-15 06:51:55
mm,1,我按指示更新後完全無法使用，一直要我更新,2023-07-15 06:50:38
婁莉莉,1,無法更新,2023-07-15 06:48:21
土撥鼠,1,想要轉帳，登入網銀，出現視窗憑證更新，按下後到play商店也只有開始鍵，重複好幾次，都出現這樣畫面，求解，急轉帳，系統異常，請迅速排解,2023-07-15 06:46:12
無糖可樂,1,都更新了還一直要我更新完全無法使用,2023-07-15 06:45:27
尤雅鳳,2,明明已經更新為最新版本，還一直提醒說請立即更新，才能使用。。所以現在都無法登入，麻煩請幫忙處理此狀況==,2023-07-15 06:41:57
milo陳奕全,3,今天被強制更新 就進入新憑證要求更新的無限循環,2023-07-15 06:41:28
陳昕瑜,1,程式視窗進入後卻一直顯示程式更新，但轉跳到下載頁面時卻完全沒有可做更新的選項，所以到底是要怎樣使用？,2023-07-15 06:40:59
劉益銘,4,最近更新完開app重複卡在要求更新畫面，無法登錄？！,2023-07-15 06:40:08
Jay Huang,1,叫人更新 卻沒有新的版本 搞笑？？？？,2023-07-15 06:39:19
Shih Ck,1,通知要更新系統 但多次無法成功 只好刪除App,2023-07-15 06:38:36
T Travis,1,叫用戶來更新結果自己沒有提供更新的選項，app做到這樣廢到不行也是不簡單,2023-07-15 06:38:34
美紅,3,更新完按開啟，又回到更新畫面，無法開啟，這是怎麼回事？,2023-07-15 06:37:39
李祿,1,都已經解除安裝重新下載了，還是要我更新，也沒有更新的選項阿？？,2023-07-15 06:36:11
James Wu,1,到App，說要更新，點更新就到Google play，就只看到開啟跟解除安裝，點開啟又回到App的更新，這變成是個無限的迴圏？你們的IT是不是應該要去面壁呀！,2023-07-15 06:36:04
顏銘宏,3,請問憑證更新在那？上去網銀app點更新跳來這😊,2023-07-15 06:35:18
繆繆,1,強調更新，重新下載也無法開啟……看看評價，拜託可以積極處理一下……,2023-07-15 06:32:52
Lai “A-Rent Lai”,1,靠腰！沒放更新檔，是叫我怎麼更新啊！,2023-07-15 06:32:48
袁麗紅,1,為何更新後無法使用,2023-07-15 06:32:01
林林漢昇,1,爛死了，顯示要更新也沒更新檔，重新安裝也沒用..登不進去,2023-07-15 06:31:39
林璇憶,1,就已經更新過了、還一直出現更新？到底？,2023-07-15 06:31:30
陳魯蛋,2,不能更新 app也不能打開,2023-07-15 06:29:29
Junbo Huang,1,無法登入，怎麼查信用卡帳單，你們程式有問題,2023-07-15 06:29:23
林義傑,5,到底是不是能更新。以今更新2天了。出什麼問題嗎？無法更新,2023-07-15 06:28:19
Yaro Baga,1,令人無言的app， 不知有沒有打算 從中國信託挖人過來,2023-07-15 06:28:09
andy888 chen,1,打不開,2023-07-15 06:27:26
陳維誠,1,叫我更新但又沒更新的選項，重新安裝也沒辦法，請問這是什麼狀況,2023-07-15 06:27:17
Kevin Yu,1,叫我要更新，更新的下載點呢？？ 爛！！,2023-07-15 06:26:45
Brian Chiu,1,更新無反應，無法開啟，刪除後重新下載亦無法使用,2023-07-15 06:26:40
paul chao,5,很好，非常方便。,2023-07-15 06:25:44
李松岳,1,一個金控公司連小小的app都搞不好，很難看到這家公司的企圖心,2023-07-15 06:25:31
劉哲維,2,就沒有更新一直顯示要更新,2023-07-15 06:23:54
YUAN Bobby,1,爛爆了，一直要更新，根本不能用，按操作清除暫存跟重新開機也一樣，真是爛,2023-07-15 06:23:35
Jessie Chou (JC),1,爛透了~要求更新重新下載後~還是要求更新~按之前的留言回覆~到google play 設定去清除資料~下載再重新開啟~開機再重新下載~一樣一直要求更新~無法使用~無法使用~無法使用,2023-07-15 06:21:42
春萍陳,5,Ok,2023-07-15 06:21:03
班恩南（吉祿）,1,顯示憑證已更新 要求APP更新 已經解除安裝 然後開關機再重新下載安裝 還一直顯示重新更新 來來去去操作好幾次 一樣要求更新 請問下一步是？,2023-07-15 06:19:59
林真,5,很好,2023-07-15 06:17:58
尤浩俊,1,說有新版本要更新，結果點進APP更新，沒地方可以讓人更新,2023-07-15 06:16:53
賴金龍,1,很糟糕，不更新還好，更新後就轉不的圈圈，進不去了，連要查消費繳款都沒辦法，真讓人傻眼。,2023-07-15 06:14:33
Tan Tang,3,怎麼登不進去了 叫我更新憑證。 點進去只顯示開啟，無法更新與登入,2023-07-15 06:09:30
麟麒,1,真的很爛耶 更新一直跳來跳去跳到畫面跳更新 到底如何更新啊 真的是如何使用啊 想登進 不 去 按了安裝 又跳到更新 按了更新又跳到安裝 一直在那裡跳來跳去到底怎麼更新啊,2023-07-15 06:04:56
徐家順,5,讚,2023-07-15 06:04:55
wenxin Chu,1,你系統叫我更新結果跳轉按鈕根本沒有辦法更新阿？ 結果現在app進不去，我點心酸的嗎？,2023-07-15 06:03:50
曲輔國,5,台北富邦行動銀行App更新無法開啟使用,2023-07-15 06:01:56
雄,1,無法更新，無法使用,2023-07-15 06:01:51
范范,2,更新完打不開？何解？？？,2023-07-15 06:01:38
Chen David,2,7/15日開啟行動銀行app後，無法正常顯示進入，卻一直顯示憑證已更新，請更新到最新狀態。,2023-07-15 06:01:18
秀如,1,一直顯示憑證更新，但根本無法更新，無法登錄app,2023-07-15 06:00:27
黃宜玫,1,一直叫我更新憑證引導到app，又一直沒有更新按鈕再回到app叫我更新，這是在鬼打牆什麼意思的？？？？？,2023-07-15 05:57:55
林吉雄,1,小米10 無法更新,2023-07-15 05:54:14
劉尚恩,1,叫人家更新不能更新連 APP 都打不開,2023-07-15 05:53:58
Jason Liao (兒歌三百首),1,蠻爛的,2023-07-15 05:52:25
黃淑姿,4,還好,2023-07-15 05:52:24
菠萝,1,要進去就一直新版本新版本，就沒有新版本怎麼更新？,2023-07-15 05:52:05
Chloe Liu,1,更新後還一直顯示尚未更新,2023-07-15 05:51:40
盛忠徐,1,更新完反而進不去！可以趕快改善嗎？,2023-07-15 05:51:23
潘俊成,1,App 顯示憑証要更新 但商店無法更新,2023-07-15 05:48:34
Andy Chao,1,無法更新，使用不了,2023-07-15 05:48:23
張慧君,4,要求更新後，怎樣都點不進去了 刪除下載刪除下載~依舊,2023-07-15 05:48:17
johnny kao,5,Good,2023-07-15 05:46:50
財神爺,1,無法更新，一直轉圈圈！😖😖,2023-07-15 05:45:19
李予軒,1,一直顯示叫我更新 明明已經更新過了,2023-07-15 05:45:16
yaya lee,1,叫我更新，進來google play卻沒有更新選項，什麼爛app,2023-07-15 05:44:16
Titi Lin,3,感覺不深,2023-07-15 05:43:54
濠,5,好,2023-07-15 05:39:58
鬼鬼,1,不會做APP的話 給專業的去做！也可以參考別家銀行 怎麼做，不是在那邊擺爛！,2023-07-15 05:39:31
湖口老街第二代,1,一直要更新卻無法更新，想繳卡費無法登入,2023-07-15 05:37:34
吳宛蒨,1,更新後一直顯示無法開啟,2023-07-15 05:34:57
范嘉凌,3,出現強制更新，Google play確沒有更新按鍵，無法使用......,2023-07-15 05:30:11
Dale Dale,4,一直出現要更新，但當機在一個畫面完全不能動,2023-07-15 05:26:12
凃小琪,1,更新完！沒法打開！ 這是更新什麼意思的！也太爛了吧！,2023-07-15 05:24:34
李岩憲,1,更新後完全不能用,2023-07-15 05:24:03
Mullysa Huang,1,今天一開app就告訴我更新憑證要更新App，結果開googleplay又開啟app一直循環無法進入，爛。無人處理嗎？已經過5小時了！可以退版嗎？都不能用耶！,2023-07-15 05:22:44
明富,5,Good,2023-07-15 05:21:11
SHU HENG YANG,1,要求更新行動銀行App不然不給使用，按下更新鍵卻沒辦法更新。卡在那邊沒辦法使用，怎麼可以爛成這樣？沒辦法順利匯款，查帳，只能回去用網路銀行。一間這麼大的公司，連App更新都有問題還可以信任嗎？,2023-07-15 05:20:57
凜冽冷情（Roman-Liu）,1,不能更新啦！爛東西,2023-07-15 05:20:07
local sean lin,1,爛！前人已反應之問題都未能改進,2023-07-15 05:18:27
晨昊,1,一直叫我前往更新,2023-07-15 05:16:27
雪天皇,5,很好,2023-07-15 05:11:48
Ting Ting Lee,1,"打開app要求升級5.0更新才能使用，按照步驟按""更新""，但是卻沒有更新按鈕可以選擇更新，一直無法登入",2023-07-15 05:11:42
黃世偉,3,說憑證已更新，但app卻無法更新,2023-07-15 05:11:14
賴寶珠,1,超爛的！說要更新才可以用 都沒有可以更新的畫面 一直說要更新,2023-07-15 05:10:29
謝佳良,1,一直要人更新憑證，更新後卻一直打不開app，還一直顯示更新憑證。,2023-07-15 05:08:57
Ken Hung,1,打不開，要更新也更不了,2023-07-15 05:03:58
ken hung,1,無法登入,2023-07-15 05:03:06
Brian Lin,2,為何一定要別台手機也更新憑證？已經是最新版本還一直要更新不能進入app搞甚麼？,2023-07-15 05:01:30
劉麗玲,1,什麼 更新 ？ 完全不能更新 只出現 更新 2字 完全 沒有 指示的東西 出來 更新個屁 ...... 我是 土直人 文明那套 不會,2023-07-15 05:00:05
CHUN LEE (俊仔一路發),3,故障無法使用,2023-07-15 04:53:22
尹子玉,1,無法開啟app。一直出現憑證已更新，提供新版本供下載的訊息，按了畫面上的更新，連結到gooleplay的畫面卻只有開啟鍵，沒有更新鍵，按了開啟鍵又出現憑證已更新，提供新版供下載的訊息，不斷鬼打牆，就是開不了app。,2023-07-15 04:52:30
Chungyi Kuo,3,只說要更新但又不給我更新檔,2023-07-15 04:51:12
呂泰辰,1,App爛，已更新完點進去一直跑出要我更新畫面，體驗品質極差，j卡也越來越爛，根本不會想繼續用了,2023-07-15 04:51:00
詹沁瑤,1,已經更新完畢了，還一直顯示要更新，一直不給用，就算刪除重新下載也是一直顯示更新🙄,2023-07-15 04:49:00
Judy Chen,5,更新憑證沒反應,2023-07-15 04:47:05
gongming hsu,1,要登入卻顯示為保護資訊安全，已更新憑證，並提供新版本供下載，請立即前往更新..點擊了更新App卻沒有更新的選項....查了一下官網公告，說明7/15以後9.2以上的版本才能使用..但我版本明明是10.2的呀....直接卡死無法登入....感覺極差,2023-07-15 04:45:07
ML ᴍɪᴛᴀ,3,憑證更新是啥，沒東西要怎麼更新，都不能用。,2023-07-15 04:44:44
張秀菊,4,很方便,2023-07-15 04:44:34
avon baby,1,"強制更新，然後更新完還是打不開，一直叫人家更新,就已經是最新版了",2023-07-15 04:43:41
蔡欣樺,1,"畫面顯示憑證已更新無法開啟app,已重新下載,仍無法使用",2023-07-15 04:43:16
Duffy chou,3,沒辦法更新,2023-07-15 04:42:36
羽の夢,3,之前用都好好的，怎麼現在叫我更新然後點了又不給更新🥲 現在要用都進不去,2023-07-15 04:33:55
台台,1,不給登入，一直要我更新，鬼打牆喔！,2023-07-15 04:31:55
呂明達,2,也是溢繳的苦主，現在要進入網銀卻一直叫我更新，按進去後又出現開啟app的畫面，進去後又出現更新的按鈕，然後無限循環，快瘋了！,2023-07-15 04:30:55
Yang Zoe,5,無法更新,2023-07-15 04:28:16
May Lee,1,為何富邦app更新無法使用,2023-07-15 04:27:09
邵邵,1,app叫我更新，結果商店也沒得更新，刪除重裝也沒用，重點是還強制性，不更新連舊版都不給用。到底在幹什麼，工程師再混嘛,2023-07-15 04:27:06
Loye Lo,4,更新失敗,2023-07-15 04:26:16
Hongru Lin,1,什麼時候才要修改““無法安裝憑證的問題””,2023-07-15 04:25:30
Ying Lun Lo (BSB),1,已更新，然後打開app仍說要更新，不斷鬼打牆就是打不開，拉機,2023-07-15 04:24:55
狐珞,1,2023/7/15凌晨3點我突然收到扣款通知，打開網銀黑畫面顯示憑證更新要來更新版本，可是沒有版本可以下載，我以為是我手機的問題還卸載重新裝，還是一樣，我用網頁版直接輸入錯誤五次被鎖起來真的是謝謝你們欸,2023-07-15 04:23:56
ShuWei Liao,1,垃圾app 明明已經最新版了還一直叫我更新 什麼爛東西呀,2023-07-15 04:23:48
Wei Huang,1,已經是最新版本了點進去還有著要求更新？根本開不了,2023-07-15 04:18:05
Huang GuoJehn,1,"說要更新app,憑證資料，但google商店就是沒有跳出新版更新，搞人嘛",2023-07-15 04:16:54
Addiso Addison_,5,不錯 謝謝！,2023-07-15 04:16:09
Elizabeth Lee,1,"只顯示更新要求.但按更新按鈕並無適當反應,不知如何進行！",2023-07-15 04:04:05
大宋,1,開啟 更新 開啟更新....是要玩多久？,2023-07-15 03:58:20
黃雅惠,1,已經更新了 還是無法使用 到底怎麼回事,2023-07-15 03:56:53
王先生,1,出現前住更新銀行憑證，但没有更新選項，無法點選？,2023-07-15 03:43:30
Dijen Leu,1,無法更新憑證,2023-07-15 03:39:38
Ray Chang,1,"急著轉帳，一開App，就跳出什麼有新憑證要更新App, 按更新後跳到google play的富邦App, 上面沒有更新，只有開啟的按鍵，按了開啟跳回App,然後無限輪迴... 搞了一小時還是沒法進App轉帳。不要這樣搞你們的客戶好嗎？",2023-07-15 03:36:53
WEITSAI CHUNG,1,"不知道版本更新到用戶可以安裝是需審核時間的嗎？Google play還無法更新, App又不給用, 有需要這麼為難用戶嗎？",2023-07-15 03:33:59
Stars Seven,1,更新後完全進不去,2023-07-15 03:30:27
郭哲宏,1,7/15 進入app要求更新，但進入play商店中卻沒有更新按鈕，希望提供協助改善,2023-07-15 03:23:09
陳慧穎,1,以更新了，但app還是一直顯示請更新真的爛爆,2023-07-15 03:21:25
老喬,1,打開APP顯示要更新才能用，結果根本沒辦法更新,2023-07-15 03:20:16
Ting Chou,1,原本不想評價，但第一次遇到這種，我都直接重新安裝，還一直叫我更新??? 急著要匯款現在完全無法使用,2023-07-15 03:16:36
Cruz Chiu,1,沒事可以不要亂更新嗎？難道不知道有時候沒更新沒事，更新了之後反而出事嗎？一直要安裝憑證，直接刪除重新安裝也還是要安裝憑證，是哪裡有問題？,2023-07-15 03:13:28
蘇義傑,1,爛,2023-07-15 03:12:15
劉顯,1,一直說憑證過期請更新，但是商店已經是最新版了，直接不能用，很不方便。,2023-07-15 03:09:09
Sandra Chiu,1,不能更新 不能更新 不能更新 不能用 不能用 不能用 按了更新再開啟 開啟又叫我更新 一直無限循環 是要不要給人用~😡,2023-07-15 03:08:46
C C,1,說要更新確又更新不了，也無法進入登入模式到底是怎樣啊,2023-07-15 03:08:05
張瑞良,5,很好,2023-07-15 03:04:34
LAURA LU,1,自動更新憑證無法進行,2023-07-15 03:03:11
Winni Lin,1,點開手機上app顯示更新憑證，來到pay商店根本也沒有更新選項，按了開啟，還是跳回去app，依然顯示有更新憑證，一直要我更新，選了還是一樣狀況，app是掛掉了嗎？真的很難用。,2023-07-15 03:02:49
小芬黃,1,一點都不優化，強迫更新，更可笑的是無法更新，連下載都無法下載。根本不能用。,2023-07-15 02:58:19
Angel Kao,1,重新安裝還是不能更新憑證 爛,2023-07-15 02:57:26
Andy Ho,1,一直要更新，按了也沒更新還打不開？,2023-07-15 02:55:46
李東諺,1,裝什麼憑證，安裝不了打不開可憐,2023-07-15 02:55:20
丸子,1,現在play store沒有更新的選項 但點進app一直讓我更新才能使用,2023-07-15 02:53:08
白極熊,2,一直要更新憑證 按進去又沒得更新 是在哈囉,2023-07-15 02:50:31
超人麥,1,為何更新完就打不開程式了，還在我半夜查帳時。,2023-07-15 02:50:11
唐語芯,1,更新完就打不開了,2023-07-15 02:45:41
秦民,1,無法更新,2023-07-15 02:44:37
YUNA,1,APP強制要求更新但連到下載頁面卻又沒有新版本。就算解除安裝後重新安裝都沒有用，無限鬼打牆，不存在的更新。,2023-07-15 02:40:02
王俊泓,5,恨號,2023-07-15 02:39:17
小菜小菜,5,請問要怎麼更新 沒辦法使用,2023-07-15 02:38:25
何佳芬,1,點開富邦app會要我更新才能用，但點開google play 商店卻沒有更新選項可以點,2023-07-15 02:38:11
夢中頓悟,1,更新不了一直叫我更新是啥意思？到底還給不給使用，好好的更新幹嘛？然後一直停在更新畫面,2023-07-15 02:37:44
孫沛慈,1,行動銀行憑證更新後，到play商店無法下載新的行動銀行，只有出現解除安裝和開啓，沒有出現‘更新‘’’ 要如何才能下載更新使用？？？？？？？,2023-07-15 02:37:01
ENTER05,1,叫我去更新不能用，play商店裡看，又沒有需要更新，害我不能用。 富邦行動銀行憑證已更新 為保護您的資訊安全，富邦行動銀行已更新憑證，並提供新版本供下載。 請立即前往更新，享受最佳的使用體驗。,2023-07-15 02:30:50
GD,1,叫人更新也更新不了，真的是問題很多,2023-07-15 02:29:36
ponami Hsu,1,明明已經是最新版，卻一直跳出憑證未更新無法開啟，卡在這裡完全不能用,2023-07-15 02:28:13
趙翊涵,1,完全沒辦法開啟 也不能更新 重新下載也不能用 爛死了,2023-07-15 02:23:40
Eason Tai,1,App說更新憑證，叫我要更新，按進來根本沒新的更新檔案，請問是要怎麼使用,2023-07-15 02:22:03
陳小潔,1,APP開不起來，要我更新版本，可是就已經是最新版本了🙄,2023-07-15 02:19:46
朱韻蘭,1,ㄧ直要更新，開啓，重複按鍵也進不去網站……,2023-07-15 02:17:24
李雅文,1,更新不了,2023-07-15 02:14:57
張誠偉,1,請問一下，你們的富邦行動銀行說憑證更新，可是我點進來你們的網頁沒看到更新啊？,2023-07-15 02:13:59
ドキドキ,1,已更新到最新版，開啟app後說有最新憑證還是要求你更新，點開後進到商店也沒更新選項（因為已是最新版本），完全用不了啊，垃圾系統。,2023-07-15 02:13:03
Ning,1,已經更新完畢.就是不行登入.一直叫你更新？重新開機跟重新載卸也一樣....,2023-07-15 02:12:06
黃小純,1,要進APP顯示更新，到Play商店就沒有更新丫？,2023-07-15 02:12:04
JingHeng Lin,1,已經是最新版本了，還一直跳出更新的畫面，就已經是最新的，也刪除app重新安裝，還是跳出要更新。怎麼這麼不穩定，根本無法使用。,2023-07-15 02:09:22
SevenVII7,1,不是欸，我已經更新完了，一直叫我更新是在幹嘛 刪除重裝也一樣，整個卡在這邊進不去,2023-07-15 02:09:18
吳尚儒（Shang Zu Wu）,1,開程式跳出要更新又沒有更新的選項完全進不去要怎麼用,2023-07-15 02:07:52
李紹,1,憑證顯示要更新，但你們google商店又沒有更新按鈕 是怎樣。都無法使用app了 兩隻手機都一樣。這麼爛,2023-07-15 02:07:02
高翔,1,無法更新,2023-07-15 02:05:58
Irene Sun,4,為什麼無法更新版本？已經重複下載使用更新的安裝，但是就無法使用進入新版本？安卓版7以上不適用嗎？,2023-07-15 02:05:22
陳小安,1,引導我來更新又沒有可以更新的項目，直接說不能用不行嗎？,2023-07-15 02:03:23
Siang,1,已按照指示進行更新，但更新好開啟後仍顯示需更新？一直重複同樣的狀況無法順利進入app,2023-07-15 02:02:07
陳采瑩,1,不是欸 我都更新完了按完成卻一直跳出對話框要我更新是什麼意思？,2023-07-15 01:59:53
柳宗廷,2,今天 突然無法使用 一直請我更新 明明就已經最新版了！！,2023-07-15 01:56:12
ian Chang,3,無法更新到最新版本，且無法開啟,2023-07-15 01:51:52
楊浩然,1,股票買賣入帳跟支出明細不清楚很難對帳，奈米投訊息常常沒通知入帳，買那支股賣那支股入帳都不顯示(第一銀行明顯帳目清楚的多)連轉帳入帳都慢富邦line也常常沒通知，奈米投更難用入帳訊息常常沒通知。 2023年7月15更新後又馬上不能用真的是無言,2023-07-15 01:46:16
點點杏,1,請問這次怎麼更新阿一直沒辦法用,2023-07-15 01:45:01
林義超,4,能了解資訊,2023-07-15 01:39:23
我的圖片,1,無法更新，一直陷入迴圈,2023-07-15 01:39:14
陳文彬,4,好,2023-07-15 01:39:00
J Bj,1,阿請問是要怎麼更新 一直按更新 一直跳回按更新 一直輪迴 到底？,2023-07-15 01:38:56
楊雅琴,1,更新憑證後app就進不去，一直叫人更新又更新不了，重新安裝也是同樣情況，很爛，更新鍵點進去就跑到估狗評論去，真的爛死了😡,2023-07-15 01:38:36
陳秋雄,1,打開APP，要求更新，按了更新，跑到打開畫面，按了打開，要求更新，這是在玩人是吧，無限輪迴了。,2023-07-15 01:38:36
Su Hui Huang,1,說已更新，要求客戶更新，但怎樣按，就只是出現要求更新...怎大銀行的程式設計師專業那樣差？,2023-07-15 01:36:47
Pika喜歡吃,1,打開app時告知要更新，結果Google play 又沒更新的版本，重新安裝也還是一樣的狀況，拜託不要鬧了。,2023-07-15 01:36:17
Justin Chen,1,叫我更新，不能更新，又沒辦法登入,2023-07-15 01:33:08
林昭識,5,方便實用,2023-07-15 01:32:16
Chen Kevin,1,已更新成最新的版本10.20，卻打不開app。畫面上只是一直顯示有新的版本，要使用者去更新最新的板本，永遠進不去使用畫面。本來還可以用，更新後卻進不去，這麼大的銀行，弄這種爛app，實在是真要不得！！！根本就是測試不完整就發佈。直接反應給金管會，可能才會改善。,2023-07-15 01:32:07
小姐,3,已經更新了為什么還無法進入app,2023-07-15 01:30:07
Libra Yang,1,7/15 更新憑證 沒有更新 爛,2023-07-15 01:27:52
Mm M,1,為何無法更新？,2023-07-15 01:27:15
蔡文軒,1,要我更新憑證更新app Store又沒放新版本app 無窮迴圈,2023-07-15 01:27:03
許耀庭,1,不能登入還一直出現更新畫面點了也不能更新 好爛喔ˋˊ,2023-07-15 01:26:09
katemolly wu,1,開啟app時說需要更新 更新完還是一直說要更新 爛透,2023-07-15 01:26:08
陳志國,1,系統無法進入和更新,2023-07-15 01:24:38
李育祥,1,不能更新，系統有不能用，不要隨便更新，工程師很不專業,2023-07-15 01:24:12
歐憲昌,1,"我已更新,現在按APP還是強迫我更新,還一直繞圈圈,跳不出這個評分",2023-07-15 01:23:44
Jeccy,1,又沒有更新選項可以點選，一直鬼打牆說要更新，令人生氣,2023-07-15 01:23:03
陳品志,1,就沒得更新一直要我更新是怎樣？搞到我沒辦法查餘額,2023-07-15 01:19:30
黃小玉,1,"每次更新都要超久,轉圈要轉到什麼時候",2023-07-15 01:17:22
辛志輝,1,奇差,2023-07-15 01:17:16
CH JOYCE,1,更本無法更新，一直鬼打牆,2023-07-15 01:17:07
王彥淳,1,沒有更新選項一直叫我更新 是要更新個屁,2023-07-15 01:17:01
Chiou George,1,只會一直叫我更新憑証，無限循環。根本無法使用。,2023-07-15 01:12:56
林彩縈（Tiffany）,4,更新要即時,2023-07-15 01:11:41
Yang Sam (App),1,請問最新版App之Android版本要求為何？跳出App更新畫面，但Google Play卻看不到新版本，只有已安裝的10.20版本。,2023-07-15 01:11:01
John,2,一直轉,2023-07-15 01:08:20
양정선,1,更新後無法開啟,2023-07-15 01:04:08
江文哲,1,以顯示安裝更新 卻無法登入 APP爛爆了騙洨騙脾,2023-07-15 01:01:22
W啡,1,你的程式壞了喔，進去叫我更新，點更新叫我開啟，麻煩工程師盡快改良，我需要匯款給廠商,2023-07-15 01:00:58
陳小同,2,重新下載，關機重開，就是進不了網銀，按了「 更新」，也沒得更新的地方...,2023-07-15 01:00:31
小姐柯,1,更新後更不好用🤬🤬🤬,2023-07-15 01:00:00
CY Lin,2,一直跳出富邦銀行憑證已更新。按更新又沒反應 卸載App又安裝 還是一樣,2023-07-15 00:58:43
邱于峻,2,說憑證已更新，叫我要更新app， 但google play上卻說已經是最新版無法更新，重新卸載再安裝一次後還是一樣。,2023-07-15 00:56:47
Art Artificial,1,寫app的有沒有測過啊？不更新不給用，但是google play又不會第一時間推送更新給所有人，變成我要等google推送更新才打的開，等於是好幾天不能用app，了解一下google play怎麼運作的好嗎？,2023-07-15 00:55:51
liang Chun,1,申請完第二次開起APP就跳出憑證要更新，按了更新就跳到GOOGLE PLAY，Google play只有兩個選項一個是移除另一個是開啓，按了開啓又回APP叫我更新憑證，無限循環，到底給不給用啊！是不是只能選擇移除啊！,2023-07-15 00:55:25
Derek Jiang,1,點開一直顯示富邦行動銀行憑證已更新，要求我更新，點進去連到play商店已經是最新，只能開啟跟解除安裝，兩個都點過了，就是無法登錄，爛透了,2023-07-15 00:54:54
蔡0989954243,5,好,2023-07-15 00:54:45
lala Lu,1,為什麼已經更新完成，一開app時還叫我更新，根本無法進入app,2023-07-15 00:53:39
wen he Chou,3,前陣子手機送修 所以拿出舊機來使用 剛開始都還能正常使用 直到7/15晚上更新後開始 一直說需要更新 跳到play商店更新打開後 一直顯示需要憑證 刪除後重新下載還是一樣 連網頁版也是登不進去 開始猶豫要不要換其他銀行了 畢竟找實體題款機也是要有一段距離,2023-07-15 00:53:06
張閎振,5,繳款為什麼APP進不去,2023-07-15 00:52:04
吳寀菻,1,無法開起 一直出現要更新,2023-07-15 00:50:43
陳瑋俊（毛豚陳）,2,奇怪？我的這邊沒有顯示更新，可是app卻無法使用，一直跳出要更新？,2023-07-15 00:50:33
Rarice,1,幹嘛一直說憑證已更新要我更新app，已經是最新版了還一直跳這個根本進不去！移除掉重裝一樣，只是要轉個帳都不行會氣死,2023-07-15 00:49:56
謝文祥,2,按 更新後 確無法自動更新，跳回開啟的主畫面，按開啟又跳到更新 ，然後就一直輪迴了！！,2023-07-15 00:48:49
旭徐,1,無法更新,2023-07-15 00:48:38
王惠萍,1,開app強迫更新，但更新後又不能開啟,2023-07-15 00:47:45
Haoting Wei,1,要我更新可是什麼都沒有,2023-07-15 00:47:15
姚小林,1,App 顯示要更新，但是點進連結google play 確沒有可以“更新”的選項？就這樣一直無法更新，陷入一個不斷在進App時顯示要更新，然後連到play時又無法更新的迴圈啊！,2023-07-15 00:47:01
郭素麗,5,很好,2023-07-15 00:46:41
林迦豪,1,不懂欸，什麼憑證已更新然後把我帶到商店，商店裡又只有開啟沒有更新，什麼鬼阿,2023-07-15 00:46:06
陳信宏,1,好吧我承認，我抱著希望使用並可以順暢，且更新正常，但一直要我重新更新，明明已經更新，卻持續出現黑底白字要我更新..所以要逼迫我移除這個程式嗎？,2023-07-15 00:45:05
廖建順,1,無法更新 重新下載也是舊版的,2023-07-15 00:43:54
Kitty Chen,1,打開 APP 一直顯示「憑證已更新」要我來 google play 更新到最新版，但是我在這裡根本就沒有看到可以更新的版本，到底？？？？ 然後下面留言教的方式我都試過了還是不行呢 🙃,2023-07-15 00:43:25
郭玉良,1,根本無法開啟,2023-07-15 00:43:08
簡曉雯,5,無法更新,2023-07-15 00:42:57
曾暄惠,3,Ok,2023-07-15 00:40:45
Ethan Wu,1,無法進入APP...,2023-07-15 00:39:02
D4RRYL H,1,無法更新，無法使用，這是什麼意思？,2023-07-15 00:38:49
Nic Y,1,App說更新憑證後一直開不了。爛,2023-07-15 00:37:36
王定文,5,讚！,2023-07-15 00:36:46
洪亮,1,打開不了，一直轉圈，很不優。,2023-07-15 00:36:41
許SRC,1,無法更新 無法使用,2023-07-15 00:35:43
RUTH SU,1,要客戶更新，結果進來又沒讓客戶更新的選項。 是要客戶怎麼更新啊？了,2023-07-15 00:35:25
marco idee,1,超差,2023-07-15 00:34:18
ERICA YANG,1,什麼鬼啊…就已經按更新也完成，卻還一直跳出富邦行動銀行憑證已更新最新，請前往更新最近版本，重新移除安裝還是一樣，簡直鬼打牆，到底要怎樣,2023-07-15 00:32:48
周亮吟,1,要登入卻看到憑證已更新叫我更新app，但play商店的頁面根本沒有更新按鈕可以按……,2023-07-15 00:30:22
劉祐成,1,剛安裝好要開啟，一直叫我更新，又沒得更新，到底要怎樣????,2023-07-15 00:30:18
陳小龍,5,怎麼不能更新,2023-07-15 00:28:33
linda Chiou,1,無法更新又開不起APP，到底要怎麼繼續用啊？了一個字,2023-07-15 00:25:53
水工鹿西,3,畫面說要更新，點了又是要我按開啟。,2023-07-15 00:22:26
Peter Baw,5,為什麼無法更新,2023-07-15 00:22:22
Erica Chueh-Chu Lin,3,無法更新是什麼問題？,2023-07-15 00:21:49
許喬婷,1,無法更新，不更新無法使用，導致我無法登入核對帳戶內資料，非常不方便，即使依照建議嘗試關機重啟，清除快存，暫停其他程式下載，依舊無法更新,2023-07-15 00:19:25
謝秉鈞,5,已經更新，進去後還要你更新，一直要更新不給用，到底怎麼了,2023-07-15 00:19:20
Jose Tsai,1,"第一次下載安裝，安裝完成開啟APP後建議我要更新，選擇更新後有跳回Google Play, 就只有解除安裝跟開啟的選項，沒得更新，開啟後又回到叫我要更新的無限循環？！無語，就選擇了解除安裝...",2023-07-15 00:18:40
陳銘琮,1,叫我去更新，結果無法更新，也沒辦法打開程式，真的很糟糕的app,2023-07-15 00:16:32
戴弘學,1,沒東西好更新，打開APP一直要我更新，重裝重開機砍掉GooglePlay快取跟資料都沒用，到底在幹嘛？？？,2023-07-15 00:16:22
賴坤 陽,5,讚,2023-07-15 00:15:55
MING-SHIOU TSAI,1,要開啟使用要我更新才能使用，點進來根本沒更新檔....無限循環根本無法使用...,2023-07-15 00:12:35
建銘,1,系統跳更新，商店卻還沒可以更新，到底..？,2023-07-15 00:09:22
陳億馨,1,一直叫我更新 更新了也沒用,2023-07-15 00:09:03
騫,1,超爛超難用 真的不要辦富邦的信用卡,2023-07-15 00:08:15
Joe Lin,1,進去黑畫面叫我更新跳去下載也沒更新包之類的只有開啟？甚麼意思？？,2023-07-15 00:08:00
水芙蓉,1,我要使用網銀，卻一直顯示要更新憑證，刪掉在重新安置還是不能登入，搞什麼東西，急著要用自己的錢都沒辦法！,2023-07-15 00:07:34
Gary Yang,1,開啟富邦app時要我更新，點了更新之後，導到google play的富邦app，但是只看到開啟的按鈕，並未看到更新的按鈕，試了多次結果一樣，我要怎麼更新？？？這簡直是鬼打牆！,2023-07-15 00:06:23
蔡蔡源芳,5,迅速方便,2023-07-15 00:06:17
Jamie Hsieh,1,說憑證怎麼樣所以要更新，但按了更新跳轉到store之後只有開啟的選項，無限輪迴……,2023-07-15 00:04:04
Ethan Lai,1,一直跳出要我更新，又沒有更新按鈕，無限迴圈，爛,2023-07-15 00:03:41
sebrina gao,1,更新之後就打不開,2023-07-15 00:03:04
C.M. Yang,5,Good App!,2023-07-14 23:03:58
Cp Hung,5,超好用,2023-07-14 22:57:44
劉玉音,1,App登入速度最慢，轉完圈圈一樣無法登入，要過半天以上才可以重試😑,2023-07-14 14:25:52
Eric Eric,5,登入快速，不錯,2023-07-14 11:36:22
陳威（饅頭肉鬆蛋）,2,已經提早繳費了，到現在還沒更新，看起來像是已經逾期了，可以改善一下嗎？,2023-07-14 08:46:44
Sylvie C.,1,頻繁更新很惱人,2023-07-14 07:44:13
Benjamin Chang,4,不錯,2023-07-14 06:10:47
林怡雯,1,因為好市多辦的信用卡，App很難用。,2023-07-14 02:35:52
又科科,5,直覺好操作 沒有太麻煩的驗證跟路徑,2023-07-13 21:58:39
林信成,5,轉帳很方便,2023-07-13 12:25:26
蔡念舫,5,使用流暢,2023-07-13 11:21:46
簡宏志,3,會在半夜12點左右推播優惠資訊，非常不適當的時間,2023-07-13 09:55:47
Edward Wu,5,方便快速，容易上手使用。,2023-07-13 05:47:25
小柏,1,一直Loading轉圈圈 換回網路銀行又顯示重複登錄 你們系統有說優化 優個屁,2023-07-12 10:12:01
Yingchih Chen,1,一直轉圈圈無法登入,2023-07-12 00:08:43
陳愷謄,5,方便迅速，簡單名明暸，介面操作易上手。,2023-07-11 23:36:23
邱敏惠,4,操作容易,2023-07-11 15:30:47
Shih Shih,5,很好用,2023-07-11 14:15:22
Meng-Che Hsieh Martin 謝孟哲,5,很好,2023-07-11 11:40:02
Foor Yu,5,介面習慣了之後就覺得蠻不錯的,2023-07-11 10:30:39
兩個孩子的媽,5,好用,2023-07-11 08:26:01
Chung Wendy,1,不好用,2023-07-10 13:13:15
YU CHOU HUANG (黃色芋頭粥),5,非常實用,2023-07-10 09:42:56
Win sir,2,貴銀行可以參考一下玉山app，臉部辨識頁面人性化好用多了,2023-07-09 20:24:57
Fiona Kung,5,nice,2023-07-09 16:29:40
Ken Kent888,1,要查股票買賣有無入帳為何都沒變！只有扣錢沒有入帳金額顯示！,2023-07-09 14:48:20
Akira Chen,1,繳費後都要隔幾天才能知道有無確實繳費，溢繳的部分也不會顯示，跟其他銀行的app比起來差很多，app功能與操作也不友善，要不是要綁好市多卡，不會想用。,2023-07-09 13:55:13
璇（hsuan）,5,很方便,2023-07-09 11:50:18
vincent niu,5,使用方便,2023-07-09 10:27:46
Ada Hsiao (imgreentea),1,轉圈圈是在...我倒是想繳卡費啊，啊顯示登入了又一直轉圈是要不要給人繳錢啊😅，不給繳又一直寄簡訊催個屁啊,2023-07-08 20:15:01
bb ee,3,优辨,2023-07-08 09:38:00
Umi “Yumi” Y,1,爛系統,2023-07-08 08:12:15
roger W,2,最近要登入時，就要求更新，可是play商店就一直轉圈圈，轉了10分鐘還在轉,2023-07-07 23:05:48
Eve Matter,3,一直跳出推播要我更新，點來這邊又沒有更新鈕，現在到底是怎樣,2023-07-07 17:40:17
Ru Jing,5,開戶到現在的使用感受都不錯,2023-07-06 22:22:48
Josie Wu,1,好難用！！！！！！！！！為什麼找個轉帳QR code這麼不直覺超難找,2023-07-06 20:49:32
鄭梅秀,5,方便查詢轉帳，謝謝您！,2023-07-06 10:52:29
淑慧（melody）,5,系統很順，操作簡單明瞭,2023-07-06 08:47:07
Wendy Shiu,5,好用又方便！,2023-07-06 07:26:14
wei chih chang,5,轉帳後會自動帶自動驗證碼，這個很棒，但是確認後再按下就會出現未知的錯誤,2023-07-05 18:45:57
cc0367,5,直覺好用,2023-07-05 15:20:21
Stephen Chen,2,何時才能提供更新程式，針對新款手機的認證。我的是HTC 23PRO，最新哪一款,2023-07-05 14:44:53
陳俊豪,5,帳戶連結很快 很方便,2023-07-05 09:03:59
陳憲宗,5,有幫助,2023-07-05 07:51:00
袁宗華,5,方便好用，很直覺化操作,2023-07-05 07:30:56
黃旭暘,4,使用方便,2023-07-05 06:49:58
劉申生,5,使用方便简明,2023-07-04 22:12:03
李淑如,5,還算不錯喔,2023-07-04 20:02:43
peter Lin,5,功能很棒，查詢的系統也很完善，很推,2023-07-04 19:30:33
邵敏英，Nicky3305@Gmail.com,5,無障礙的使用，很順暢,2023-07-04 18:24:48
Way Cheng,5,很便利，順暢。,2023-07-04 16:04:18
Rick,1,完全無法登入，就是一直轉圈Loading… 一家銀行的App怎麼能做到這麼爛…,2023-07-04 11:34:59
雷泰桑,5,很好操作。,2023-07-04 10:37:56
Amy Chang,5,非常順暢,2023-07-04 10:24:51
傅珍珍,5,"快速便捷,使用很方便",2023-07-04 09:42:26
Wu Mickey,5,很好用,2023-07-04 08:26:29
謝欣儒,4,速度快,2023-07-03 22:13:03
黃阿豪,5,選項淺顯易懂,2023-07-03 16:06:56
JW C,3,帳號可以更改名稱嗎？帳戶太多的話記不太起來,2023-07-03 09:09:05
Mg,5,操作簡單方便，有任何訊息都會通知，很實用,2023-07-03 05:14:35
蔣呈轉,5,安全，好用,2023-07-02 22:12:28
grave wang,5,很流暢好用,2023-07-02 19:31:05
John Chang,5,功能明瞭好用,2023-07-02 13:51:27
chen chen yang,5,蠻好使用,2023-07-02 13:28:19
andycs lee,5,操作簡單易了,2023-07-02 09:13:51
戴裕聰,4,操作介面友善，方便使用,2023-07-02 07:06:33
陳玉蓮,5,"方便快速的,APP",2023-07-02 06:38:20
洪秋蓮,5,簡單好操作。,2023-07-01 23:27:29
胡夏蓮,1,每次登入要查帳就一直轉圈圈，loading 超過20分鐘還在loading ，卡在那裡，要離開都不行，實在等到不耐煩了，只好強迫關機，下載這個app 根本沒用啊,2023-07-01 22:39:44
CAROL CHAO,5,介面設計清爽,2023-07-01 17:40:58
朱思凝,5,很好用，只是手續有點繁雜。,2023-07-01 15:58:30
Core Chen,5,讚,2023-07-01 08:13:50
林鳳英,5,太強了啦~感謝~,2023-06-30 13:43:56
fanny candy,5,各方面都覺得挺好用的，大推。,2023-06-30 09:38:57
謝明豐,5,好用,2023-06-29 15:48:10
chou julian,5,操作反應迅速，給工程師一個讚,2023-06-29 09:11:10
Judy Chiang,5,快速簡易,2023-06-28 19:57:54
中年發福無可避免,5,不錯用,2023-06-28 17:18:26
shuyu Liao,5,方便有效率,2023-06-28 15:58:47
吳靜慧,5,讚,2023-06-28 09:55:52
陳simon,5,方便，好用,2023-06-28 09:55:45
Kevin Chen,5,使用方便,2023-06-26 22:49:27
Jacqueline Lin,1,很難用，快速登入常常失敗，能趕快改善嗎，感覺很差,2023-06-26 09:32:05
黃子嘉,5,很好用,2023-06-26 01:03:17
賴率真,5,快速方便,2023-06-25 20:24:39
經經,5,介面不難尋找，容易操作！,2023-06-22 14:09:52
小鍾憲衝,4,簡單方便的操作,2023-06-21 17:43:40
Yung-ju Lu,1,富邦j卡日韓5%回饋廣告大超大 備註需活動登錄 超小一行 一天就登錄額滿 完全是詐騙等級的廣告 推薦大家日韓旅遊直接去辦聯邦吉鶴卡 不要富邦J卡騙了= =,2023-06-21 08:57:57
許淑鈴,5,ㄓ0⁰00451CEC2 7ⁿ8⁹p0⁰⁹,2023-06-21 03:35:29
Jyhhwa Wang,5,很好的經驗,2023-06-20 12:58:52
chen tzu hung,5,方便使用，又順暢,2023-06-20 11:51:03
林家弘,1,App很攔 身份證字號 使用代碼 密碼 何喂使用代號，打客服無專人接聽 我要繳費，沒帳單，怎麼繳 直接去7-11補印帳單 7-11補印帳單 7-11補印帳單 很重要7-11補印帳單 先繳費，不然延遲有記錄喔！,2023-06-19 22:20:10
魏明治,1,登入後點選內容選項，跳出連線逾時登出，重複登入一樣情形。,2023-06-19 22:02:31
古塵,1,登出登入登出登入一直卡在無法使用還不修復,2023-06-19 22:00:29
Liao Jason,1,爛,2023-06-19 20:44:16
施柔羽,1,一直登出一直登入不能看交易明細,2023-06-19 19:23:58
林莉,5,全台最棒的銀行App是富邦銀行💯💯💯,2023-06-18 23:51:10
徐誌言,2,都一直卡在讀取轉圈中,2023-06-18 18:40:30
Joice,1,轉帳試了3次都沒收到otp，爛透,2023-06-18 16:15:32
MYMY GU,5,很好用,2023-06-18 12:05:59
JH Wu,1,調額系統轉爽了沒 誰寫的程式 多練練吧 根本申請不了,2023-06-17 13:23:42
林KW,5,簡單方便好使用,2023-06-16 21:43:55
R ed,1,這是我用過最醜最難用的網銀APP，請參考一下台新Richart或玉山好嗎?,2023-06-16 10:55:04
王德群,5,簡單明瞭好用到不行,2023-06-16 10:42:06
葉明河,5,讚,2023-06-15 13:50:29
張聰君,5,棒,2023-06-15 08:49:09
Andy Lee,1,不能選擇超商繳費，詢問小幫手竟然叫我用ibon列印繳費單，不知道APP開發出來是要幹嘛用的,2023-06-14 19:48:40
IPhone-冰友,3,"希望能比照他行,有""匯出匯款""功能,才是完美的手機銀行.",2023-06-14 09:28:54
緁,1,在網路發達的時代，希望app能順暢一些，有特色且方便一點，不然很不方便！！！！,2023-06-14 00:12:28
Peter Su,5,操作比想像容易,2023-06-13 21:08:13
Dennis Tai,5,覺得 UIUX 是目前網銀裡做得最好的一個。,2023-06-13 18:31:12
張世澤,5,滿意,2023-06-13 17:36:34
陳威蓉,5,很方便,2023-06-13 09:55:22
楊糧墉,1,一直卡登入，要進去繳費還要看app心情,2023-06-09 23:16:07
CHUN,5,好用，明暸,2023-06-09 21:38:27
陳俊傑,5,好,2023-06-09 21:08:59
林凌如,5,優質服務加油用心做更好,2023-06-09 17:16:30
林泰宏,5,方便，操作簡單。,2023-06-09 15:11:55
張業鑫,5,很方便,2023-06-09 08:16:03
白富美,1,查詢未出帳明細經常都是顯示查無資料，連要繳卡費，金額都出來了，點選條碼又出現查無資料....這個app真的有夠爛！別家的網銀就不會,2023-06-09 08:00:57
Johann Pan (無口小正太),1,收到金融卡，app網銀登不進去被鎖 要先進網銀才能開卡，要先開卡才能改網銀密碼，鬼打牆了,2023-06-08 22:47:21
Alex WU,1,為何奈米投要跳畫面，不能直接從app操作？這應該不難的更新吧……,2023-06-07 22:34:16
吳勝男,1,信用卡用戶無法註冊，什麼都不能用，浪費時間,2023-06-07 18:30:46
Liu Kyle,5,順暢,2023-06-07 15:51:19
劉先生,1,之前都還能用APP繳卡費，為啥更新後卻顯示要臨櫃申辦？！,2023-06-07 09:35:55
許新圻,5,方便使用,2023-06-06 22:57:26
Zoe Chien,3,目前用過最難用的銀行app介面，網頁版也很不直觀，要不是為了方便家人轉帳，大概會毫不猶豫的棄用。本身不太給差評，可見真的很難用。,2023-06-06 20:59:44
麥穎宜,5,簡單明瞭好操作,2023-06-06 20:05:41
寶咔咔,4,容易上手,2023-06-06 18:18:14
patrick chang,1,客服電話打了三天也進不去，請與我聯繫，不然我要剪卡換中信，至少人家電話打的通,2023-06-05 23:56:04
cindy chiu,5,很方便！,2023-06-05 20:59:11
吳水土,4,操作指示易懂方便使用上手快捷很棒,2023-06-05 20:37:32
伊特凡,5,包山包海我喜歡,2023-06-05 18:29:24
鐘麗香,5,直觀快捷,2023-06-05 17:51:43
Nessie Chuang,4,簡單好用,2023-06-05 14:16:27
琳嘉,5,人性。簡約。科技,2023-06-04 15:49:13
謝勝榮,5,操作方便 簡單明了,2023-06-04 11:17:47
賴建亨,5,好用 方便加油,2023-06-03 20:49:01
村正,1,有問題打客服幾乎都沒人接，如過付近沒富邦銀行不推薦辦卡之類的，打了也只會要找專人問答沒有人會接，打10次會8次在語音繞一圈,2023-06-03 17:56:50
海豹（CKC）,1,超卡...,2023-06-03 14:13:10
鄭志川,5,非常方便好用，且功能齊全,2023-06-03 13:59:15
Hsu Christine,5,蠻好用的，速度又快！,2023-06-03 10:49:09
may day,5,用習慣了,2023-06-03 09:55:00
Chen Lan Chang,4,版面清晰，操作簡單,2023-06-03 08:31:16
peppermint mr,1,臉部辨識就臉部辨識，為什麼要寫成顏值登入，意思完全不一樣，大銀行的APP用字怎麼會這麼不專業，而且顏值是中國用語吧,2023-06-02 15:44:51
Alice Wang,4,user friendly,2023-06-02 12:52:14
Xiao勝城,5,帳目清楚方便管理，且容易操作,2023-06-02 05:25:17
Lai Lulu,5,實際操作都很清楚，還有一些我喜歡的資訊內容，真棒👍,2023-06-02 00:02:01
吳志峰,5,非常好用。。讚。。,2023-06-01 23:29:02
王慶文,3,介面感覺好老舊 希望ui ux團隊再加把勁,2023-06-01 22:58:08
Maya Fang,5,很好，很流暢,2023-06-01 19:10:06
彭靖雯,5,功能超多的，好用,2023-06-01 18:52:54
吳金源,5,很好用,2023-06-01 16:10:41
chinchuan pann,5,"跟其他銀行的 APP 比起來好用太多了而且比較人性化以前沒有用的時候不知道,開始使用後才發現原來銀行的 APP 也可以這麼人性化.",2023-06-01 15:26:37
李宏典,5,清楚明瞭,2023-06-01 15:07:56
Mira Ko,4,實用,2023-06-01 11:46:13
邱政任,5,讚讚讚讚讚讚讚讚讚讚讚讚！,2023-06-01 10:03:08
徐名卉,5,好用,2023-06-01 09:03:30
julia weng,5,順暢,2023-06-01 08:20:01
Amy Huang,5,還好～只是字有點小啦！,2023-06-01 08:12:04
Yang Carlton,5,功能很多，不了解可以問行員,2023-06-01 07:30:26
魏德成,5,讚,2023-06-01 06:54:22
Lin,2,很難用,2023-05-31 20:45:58
PoChun Chang,1,今天瘋狂閃退,2023-05-31 20:13:43
hu jerry,4,字體太小,2023-05-31 19:23:57
姚俊雄,2,信用卡網路會員申請不能選擇卡片有效期限月份的下拉按鈕 沒辦法按就沒辦法申請,2023-05-29 23:13:14
林碧霞,4,我很少不會用,2023-05-29 12:14:54
江銘耿,5,真的很方便迅速的app,2023-05-29 10:46:33
Jhuan Mei Wong,5,目前覺得順沒什麼問題,2023-05-29 07:25:38
Ajon Yang,5,大致上使用還算便利，唯一就是刷卡明細的更新率太慢，刷入2天了，明細還未秀出，這點希望可以再改進。,2023-05-27 10:48:50
黃雪枝,5,登入時比之前快速，順暢,2023-05-26 10:14:25
johnny chen,1,有帳務問題APP上解決不了，專線客服等了快半小時都還沒人接，是要等到民國幾年,2023-05-25 22:13:52
Louis Peng,1,要禁止轉帳時ADB開啟可以一開始就講嗎，全部都輸入完按下去要轉帳才說不行。然後按清除也不跳出個對話框問一下是否清除，轉個帳有夠難。,2023-05-25 21:10:01
林小樑,5,讚,2023-05-25 14:25:17
彭馨儀,1,每次登入要繳費，都登很久很久還登不進...登很多次還是一樣...讓人很沒耐心使用,2023-05-24 14:05:12
鄭厤軒,5,該程式介面簡潔易懂，而且很好看! 功能齊全，登入後可以查詢完整個人帳戶資料，還額外提供國內外及時金融資訊。雖然登入時有點麻煩，但基於個資安全維護考量，能夠理解。,2023-05-23 17:53:08
WenLi Lin,5,方便,2023-05-23 16:41:36
蠟筆小清,5,可否跨行轉帳功能裡面顯示免費跨轉剩餘次數顯示在App上 謝謝,2023-05-23 14:17:33
志豪楊,5,100分,2023-05-22 12:58:23
馬穎,5,介面好懂、操作方便,2023-05-21 22:40:34
ivy shen,2,"即時消費沒有顯示在app,僅透過email,想介由app查詢消費記錄，還要透過數位客服，麻煩死了，還是國泰世華的好用",2023-05-20 17:49:11
Chen Tom,5,好用直覺,2023-05-20 16:26:18
Ben Chiu,1,選擇信用卡會員的“快速登入”，輸入完帳號密碼，轉了5分鐘還在顯示loading…… 登入寶可夢遊戲都比你快是怎樣？,2023-05-19 13:05:00
Kenghui Lin,5,very friendly and easily accessed,2023-05-19 08:41:45
Wine CACO,1,不知道為什麼後來轉帳的時候，只要選擇自行輸入，然後在選擇銀行代碼那裡，app就會自動當掉沒辦法轉帳,2023-05-19 07:45:59
Opa Hsu,5,便捷好用,2023-05-19 07:31:38
Kun Chi,5,轉帳好幫手,2023-05-18 19:22:28
邢映婷,1,系統一直跳錯誤，致電給客服也一問三不知，只會一直叫你重設密碼,2023-05-18 18:42:53
許jimmy,5,很方便的一個app,2023-05-17 23:48:25
Wu 吳Alex 明華,4,清楚明易，服務優良,2023-05-17 21:26:09
Yi Cheng Chen,1,繳卡費根本看不出繳了沒，用很複雜，害我這次多繳罰金，然後圖片解鎖爛死，一直亂連線，反正分期繳完了等著剪卡，玉山好用多了✌️,2023-05-17 16:29:46
しろ,1,手機 realme6 Android11 更新之後轉帳功能無法使用，選擇轉入銀行點下去就閃退，請盡快修復 謝謝,2023-05-17 15:33:10
陳明泰,3,銀行體系還不錯，但是證券系統太爛，完全看不懂；原來的日盛證券的系統非常清楚明瞭又容易使用。,2023-05-17 14:45:26
Dan Lin,4,介面清楚,2023-05-17 13:50:26
黃滌,2,我剛剛重新申請六次以上了，都只有重新申請成功而已，慾登入就說使用者代號錯誤。,2023-05-17 12:16:25
YUCHUAN HSU,5,轉換使用非常順利，工程師很棒,2023-05-17 11:55:15
黃天化,5,實用性高，簡單好上手,2023-05-16 17:15:24
張國良,5,操作系統非常方便且簡易。,2023-05-16 13:41:56
李哲昌,5,存款計息無假日～讚！,2023-05-16 12:46:57
陳淑枝,5,辛苦您了 系統操作很順，很清楚！,2023-05-16 10:29:55
Chang Alice,5,使用多年，方便快速好用～👍👍👍,2023-05-15 17:55:32
星（星）,1,登入後，收到通知... 怎麼會是通知說“登入交易成功”勒，我是做了什麼交易。 而且消費通知，最好的銀行會通知在哪裡消費多少，其次只說消費多少的都被我嫌爛了，結果你們更爛，［什麼都沒講］，還好我沒常常用你們家的卡消費，不然如果有設定自動扣款，沒登入還真的不知道到底是被盜刷還是扣款。,2023-05-15 17:51:59
陳大港,1,好市多信用卡要怎麼登入？,2023-05-15 17:48:21
warp chen,5,使用很順暢,2023-05-15 16:54:03
許君源,4,偶爾卡卡的,2023-05-15 07:12:29
Sophia Hsu,5,操作便利，快速完成任務，值得👍賞,2023-05-14 22:20:37
大偉楊,1,每次登入就只會轉，轉，轉，爛死了，登入還要輸入一堆，還每一次都要，快速登入就只會轉，轉，轉。,2023-05-14 09:30:34
謝博全G,5,Good~,2023-05-13 10:30:28
Che My mail,1,APP沒有信用卡関閉交易和開啟信用卡交易的功能。 安全不夠。,2023-05-12 13:43:07
Yoyen Chung,3,登入過後沒多久卻莫名其妙被踢出，後續再登入卻被告知之前沒有登出，是否要繼續登入，請針對登入問題改善，否則開戶或確認需要較長時間的，是否會因為被迫登出而導致失敗？然後一直不停的登入或是輸入、確認？,2023-05-12 11:38:35
益浩,5,好用！,2023-05-12 04:19:35
陳柏丞,1,超級難用的app 因為聯名卡換了富邦的 剛才要繳交卡費 App竟然沒有他行帳戶轉帳選項 帳戶只能選富邦自家的帳戶 要他行轉帳繳款還要透過什麼 e化繳費網...... 都有app了為啥不能整合一起 這是很基本的功能吧 還有一個自行繳費的帳號741開頭的 用他行app轉帳後 富邦這邊app也不會更新 根本不知道有沒有繳費成功😡,2023-05-12 01:01:48
邵平山,5,快速.正確,2023-05-11 22:32:53
林美慧,5,簡單，好用,2023-05-11 14:04:05
黃慶隆,5,使用方便,2023-05-11 11:49:25
林德祺,5,蠻好用的,2023-05-11 11:32:37
林榮松,5,好用,2023-05-11 07:13:08
柏樺陳,1,辦的卡有問題打客服要等30分以上，不知要辦來氣自己，服務差條件多,2023-05-10 21:30:31
Ping Ang Tsai,1,線上客服永遠都找不到人，只會等了老半天後叫你去打電話客服. 電話客服又等了超過15分鐘都無法接通. 如果貴行把打騷擾行銷電話的人員轉去做客服，應該可以不用讓大家等這麼久. 回應只會一直叫人打客服電話，客服電話打了都超過15分鐘以上都沒人接呀，當大家電話帳單不用錢嗎？只會一直說接通需要10分鐘，都不知道幾個10分鐘了都沒人接. 我明天就跟金管會+消保會+消基會申訴.,2023-05-10 21:24:03
Michelle,5,使用順暢，讚！,2023-05-10 20:02:43
Eunice Shen,3,自動登出時間太快，而且也多次未出現視窗詢問是否繼續使用，才看個帳，前後還沒確認完就登出，用戶看個帳繳個費，要登入n次，是在耍人嗎！？請改善，謝謝！,2023-05-10 18:01:02
RS Wu,5,作業系統清楚簡明，操作順手。很棒。,2023-05-10 17:01:08
李訓光,3,查詢存款明細，Line小幫手讓我去行動銀行查詢存款項目，問題是，行動銀行只有查詢信用卡明細，沒有查詢銀行帳戶明細的功能,2023-05-10 15:34:37
Chauncey Lee (MrCT),5,加油加油,2023-05-10 11:24:57
連俊達,4,Good,2023-05-09 19:37:33
吳俊緯,5,爆讚,2023-05-09 15:33:05
陳冠廷,5,讚,2023-05-09 03:08:07
洪春龍,5,操作介面簡單上手,2023-05-08 22:37:52
李秉達,5,好用,2023-05-08 22:23:37
張國雄,4,使用順順正常,2023-05-08 21:27:58
Michelle Ho,5,介面簡單方便,2023-05-08 15:25:12
catherine huang,5,精簡好用，速度亦佳。,2023-05-08 14:43:21
施立彥,5,一目了然，操作簡易。,2023-05-08 14:34:43
朱先鳳,5,功能流暢,2023-05-08 13:18:27
Hank Lin,4,操作簡單 該需要的功能都有，還算穩定。,2023-05-08 12:18:13
黃勇智,5,Good,2023-05-08 10:49:35
陳小菁,5,挺好用的，簡單明瞭~,2023-05-08 09:47:36
JERRY Yeh,5,方便,2023-05-08 06:54:16
Yiyun wang,5,使用簡單，功能齊全，整體而言很方便,2023-05-07 14:54:25
tin Lin,5,很便利的操作,2023-05-07 11:56:06
Chan Kairos,5,很棒,2023-05-06 13:45:29
kitty chen,5,清楚好用，不難理解操作,2023-05-06 09:52:21
吳祖盛,4,實用的程式，辛苦了,2023-05-05 14:00:01
劉語蕎,5,介面清爽好上手，非常好用，大推。,2023-05-05 08:20:46
Hsiunghung Hsu,3,好，目前沒問題,2023-05-04 23:32:32
JCW,1,為什麼App刷卡通知都不會出現，那我設定是幹嘛 設心酸的嗎 ？？？,2023-05-04 22:35:18
訓銓張,5,謝謝富邦銀行，幫我把被詐騙集團騙的幸苦錢要回來，謝謝,2023-05-04 17:37:44
楊宛蓁,5,方便,2023-05-04 13:31:50
美雪蔡,5,方便使用。,2023-05-04 11:42:09
蔡坤熾,5,基本查詢都滿好用的,2023-05-04 10:12:11
陳玉蓮,5,雖然和日盛銀行合併，但一樣是很快速好用，再加一顆星。感謝團隊的用心。 希望實體銀行效率也能跟進，感恩。,2023-05-04 06:22:52
nbpvp,5,好用,2023-05-03 22:03:43
MI MI,5,快速捷潔易懂又方便,2023-05-03 15:10:13
Ten-Fu Wang,5,很好用,2023-05-03 11:59:12
田濱豪,5,操作方便，呈現清楚明白,2023-05-03 09:25:16
林盈宏,5,功能完整，配置簡潔，容易操作,2023-05-03 09:18:47
謝嘉禎,5,整體操作簡單,2023-05-03 09:07:16
Aaron Lee,5,N/A,2023-05-02 16:30:59
Chris Wang,5,不錯,2023-05-02 14:24:03
Angel Tsai,5,方便,2023-05-02 14:18:45
修一瓶,1,懷疑信用卡被盜刷想打客服電話，數位客服根本沒用，但客服電話操作繁瑣又拖時間，數字按錯只能掛電話重撥，對手機撥打的用戶非常不友善，手機打付費電話很貴還一直拖時間 終於按到了等待專人接聽，等了快10分鐘都沒人接，其他銀行有讓人輸入電話稍後回電的機制，為什麼富邦沒有？到現在我還沒打通過= = 是不是要檢討這一塊啊,2023-05-02 14:15:41
徐子群,4,還不錯,2023-05-02 11:06:38
葉金國,5,很棒,2023-05-02 07:23:35
黃玥茱,5,方便,2023-05-01 20:06:25
Shih-Yun Huang,5,使用很方便。感謝！,2023-05-01 19:17:28
Keep Chuang,5,好用,2023-05-01 19:09:33
范正伦,1,客服都是假的吧？根本詐騙，哪有客服人員？聯繫一天都找不到人。登錄就顯示loading，登不上去，證券戶交割轉帳轉不了，搞死人啊,2023-05-01 17:11:03
angel guarder,5,Good,2023-05-01 16:45:25
林俊成,5,使用方便.清楚明確。,2023-05-01 16:15:32
Wendy H,3,三不五時就網銀登入失敗，爛爆,2023-05-01 15:27:53
wenliang kaw (高文良),5,非常好用,2023-05-01 12:17:39
YY hsu,5,程式設計的不錯，方便易懂,2023-05-01 12:04:30
林家賢,5,很好用的係統,2023-05-01 11:34:15
裴宇倩,5,速度及解答快,2023-05-01 10:01:26
浅井れいた,5,越改越好，速度也是網銀中數一數二的，謝謝工程師,2023-05-01 00:35:38
黃芯芯,5,目前使用起來還挺順手，介面，功能選擇都很清楚👍,2023-04-30 05:29:41
蔡宜樺,5,很好的app，連我這樣的小白都會,2023-04-29 19:17:10
彼得,5,good,2023-04-29 14:56:30
游輝旻（MinYu）,5,很棒,2023-04-29 07:59:08
黑貓,1,無法更新,2023-04-27 22:28:14
曾夢真,1,很機車,2023-04-26 14:45:50
蕭潔兒,5,很方便,2023-04-26 13:38:00
心宿二,1,別浪費客戶的時間！ 你們公司的服務品質就是這樣子的嗎？ 打二次信用卡客服電話都等了1小時都沒專人接聽！名列前茅的金融公司連客服員也捨不得請人？,2023-04-26 11:43:12
趴趴係,2,"富邦帳戶自動繳信用卡費有回饋,一次餘額不足就不自動扣繳???",2023-04-25 20:20:59
林愛倫,4,介面清楚易懂,2023-04-25 17:27:06
Doki Chen,1,"約定帳戶且是自己名下帳戶轉自己名下帳戶還被擋，不能轉賬，爛透了。原本可以的轉帳的功能現在都不能用，搞死客人和證券使用者嗎。每次搞這些都要花好幾個小時，當大家都閒著沒事嗎。UIUX做超爛，別的銀行有做這麼爛嗎。大家網路銀行帳號都可以12碼只有富邦只能8碼,這樣資安等級還下降。可以不要蒙著眼睛亂搞一通嗎。多看看別的銀行怎麼把事情做好的。",2023-04-25 11:29:10
Chinpao Huang,5,順手方便,2023-04-25 08:46:49
朱汶崧,5,網路銀行APP來說，算是很穩定，且功能蠻強大的。 請繼續維持下去。,2023-04-24 17:32:00
小濱,4,開啟頁面有變快速,2023-04-24 17:06:50
振宇,5,剛開始用，感覺不錯,2023-04-24 13:50:17
Holiday Vivid,5,App有持續在進步更新，給你們五顆星,2023-04-23 23:15:36
OvO Han,1,一直叫我重新登入,2023-04-23 15:56:43
涂靜宜,2,更新之後，還沒登入過就說我登入錯誤3次，整個帳號被鎖起來，網路客服等超級久，還是無法解決問題,2023-04-22 16:10:29
蔡崑明,3,出門永遠不可以。,2023-04-22 07:16:35
george kuan,5,很順,2023-04-21 12:17:28
Pulife Tung,3,圖形解鎖點與點之間太容易被吸走，導致不能畫較複雜的圖形，害我不能使用我平常慣用的圖形鎖，讓人很困擾 首頁設計不直覺，容易找不到要的功能在哪,2023-04-21 10:51:01
吳俊林,5,方便快速,2023-04-21 10:38:01
Paul Lin,1,App設計有夠差，要登入說重複登入等5分鐘後。設定個快速登入等簡訊等到天荒地老還是沒來，然後再繼續登入又跳重複登入，到底三小朋友,2023-04-20 19:53:38
許美玲,4,好用,2023-04-20 13:21:05
周志琳,1,普通,2023-04-19 23:42:23
Mana L,1,不管電話打多久，就是沒客服,2023-04-19 11:27:15
普尼,1,按照開卡步驟無法開卡，一直要我登入使用者代碼，APP操作與實際完全不符合,2023-04-19 10:07:39
Eric Yu,1,人工客服永遠都等不到，不請人就不要開銀行。,2023-04-19 09:01:51
Jolin Huang (Jolin Huang),5,好用,2023-04-18 23:30:50
余慕中,3,初始辦卡是針對好市多. 但承辦未提及自動轉帳繳款一事. 後來才主動申辦繳款. 第一次 可能未能扣繳到. 很不方便. 加上又無繳款單據.,2023-04-18 19:32:28
莊湘芸,4,可以更清楚查詢到所要了解的，很方便,2023-04-18 10:01:22
張崑彬,3,繳交卡費的要點好幾層選單才看得到，這種常用的功能應該要直接在主頁顯示，不是還要等顧客自行設定吧... 另外帳戶轉帳繳費，也應該要有記憶功能，每次繳費還要另外再翻資料 這兩項功能國泰的都有，換了你們家的聯名卡，如果連這種基本功能都沒有，除了好市多消費不得不用外，根本就不想拿出來刷，繳費搞得這麼麻煩只會降低使用意願...,2023-04-18 08:35:05
傑,5,讚,2023-04-17 09:41:40
華燈拉麵,5,使用方便，速度正常，不卡頻,2023-04-15 13:44:39
CinCin,1,登入一直當機，無法轉帳收款！！！富邦忙著推costco聯名卡，連行動銀行app都不維護了！！,2023-04-15 12:50:31
十月,3,請增加類似玉山/第一銀/華南/星展/永豐…等的關閉信用卡海外消費於刷卡限額的功能，不然大家都有我，但你們沒有還回饋沒好多少，都要考慮剪卡了。,2023-04-14 20:58:03
tea8857,1,爛,2023-04-14 20:42:21
Lee H.C.,5,操作界面使用便利，不用花太多時間就可以上手,2023-04-14 17:14:05
卓倩如,5,順暢,2023-04-14 13:35:27
趙柚紫,5,好用,2023-04-14 11:40:28
vincent Chang,4,操作介面清楚易懂，很好用！,2023-04-14 10:46:19
nini Wu,1,因為有加line所以會有消費通知，但是進此app要查詢信用卡即時消費又什麼都沒有，什麼都查不到，也沒有消費商店名稱，用line客服也是無法使用。,2023-04-13 16:28:37
Bobby Tung,5,界面簡潔易操作,2023-04-13 12:36:59
天天開心,5,好用,2023-04-13 10:28:16
蔡志欣,5,Good,2023-04-13 00:03:22
易哲華,1,希望ai盡快能取代這些工程師,2023-04-12 23:25:06
Jenny Peng,5,操作簡單易懂 讚！,2023-04-12 21:43:33
邱鳳興,5,該有的都有了,2023-04-12 17:26:56
bensen Lo,5,非常簡便好用,2023-04-12 17:02:20
OAOlfken,5,還挺方便的,2023-04-12 16:30:02
簡家誠,5,服務說明清楚明瞭，迅速有效率,2023-04-12 10:47:00
陳志成,5,好極了！,2023-04-12 00:26:12
莊凱芸,5,簡單明瞭方便,2023-04-11 19:01:03
Lucy Dai,5,很好用即時訊息很快,2023-04-11 17:31:16
鄭惟仁,1,史上最誇張客服電話，撥通後22分鐘還沒轉接到客服人員，如果真的有緊急事件怎麼聯絡人處理？爛死人……如果有要辦富邦信用卡的要三思喔…打個客服電話，等到天荒地老……一顆星評論都留言完了，還沒接通🤬🤬🤬,2023-04-11 15:56:15
許馨方,5,登入快速，介面簡單易懂好操作👍👍👍👍,2023-04-11 12:47:21
羊咩咩,5,我是日盛客戶.因銀行合併重新使用的.教學好用,2023-04-11 12:40:30
劉依柔,5,謝謝,2023-04-11 10:01:51
施錦志,5,購買外幣 信用卡繳費真方便,2023-04-11 09:25:50
翁,3,請將［信用卡繳納成功］標語納入介面，已多次因此重覆繳款,2023-04-10 23:16:19
Douglas Chia,5,用心設計喔,2023-04-10 17:16:13
許小雯,5,辦理台幣外匯服務更名更改網銀服務翁小姐服務非常好,2023-04-10 14:28:03
楊惟超,5,簡單， 方便， 好用,2023-04-10 14:15:17
kent chen,5,使用方便,2023-04-10 10:12:27
江郁珊,5,簡單好操作,2023-04-10 08:43:46
文文,5,好用的產品 讚！,2023-04-09 22:11:53
李連茂,1,不要常更新.,2023-04-09 13:33:42
王崑崧,5,非常好,2023-04-08 20:33:43
Ray Liu,5,富邦行動銀行 APP 相當簡捷易用，與富邦實體銀行各分行一樣，讓人深深感覺到富邦銀行在對顧客服務的體貼設計上，有超水準的表現，各項銀行業務手續簡單易用，國外匯款速度更是比許多其它銀行快2-3天，難怪富邦銀行一直是為台灣銀行業的第一選擇及本人的唯一選擇。,2023-04-08 17:37:26
Lily,5,方便操作容易,2023-04-08 14:02:54
Mike Lee,5,Good,2023-04-08 09:05:18
白熊,5,讚,2023-04-07 22:40:23
YEN-TING CHEN,1,手機系統為Android 13，收不到帳戶異動推播,2023-04-07 12:45:12
Catherine Chen,5,This is a good bank program but I think maybe you could add some cute pictures.,2023-04-07 12:29:44
寶寶,5,介面清楚 使用方便,2023-04-07 10:25:31
孫靜媛,1,"為何無法進入,要我更新,而又苦苦等卻無法更新？",2023-04-07 08:27:34
hch Hong,5,清楚明瞭,2023-04-07 00:43:00
SYH,1,搞半天,2023-04-06 21:40:19
許三多多多,5,好用，查詢快速！,2023-04-06 20:59:46
Wang Evan,5,介面簡潔,2023-04-06 14:22:39
老師陳岳洋,5,用起來真的很順手，讚！,2023-04-05 20:51:18
张麗君,5,操作方便迅速,2023-04-05 17:17:48
陳俊豪,5,方便實用的APP,2023-04-05 17:05:47
May Chen,5,不錯,2023-04-05 14:10:27
徐愛玲,1,無法更新，然後呢？,2023-04-05 13:26:09
baby lightly,2,消費通知，點進去也看不到，還要一層一層找，難用,2023-04-05 12:55:20
劉志雄,1,又登不進去....,2023-04-05 10:55:48
柳迎風,5,方便快速,2023-04-04 19:35:14
John Hsu,5,操作介面簡單且實用的好工具！,2023-04-04 19:14:48
陳勇慈,5,建議在首頁張貼防詐騙聲明，銀行不會在轉帳頁面要求驗證或是輸入任何數字在轉帳額度，以上行為皆為詐騙，請直接撥打165並記錄對方要求你操作的轉帳帳號，任何對沖或是錯誤代表碼都是非正常操作的假訊號，防止詐騙繼續發生；另銀行不會在非營業時間打電話，詢問存款，當碰到以上問題請直接撥打銀行電話，不要繼續接電話,2023-04-04 15:33:11
巨橘香甜,5,讚,2023-04-04 10:54:16
IVY LIAO,5,非常符合客戶需求,2023-04-04 08:02:59
喬,5,讚,2023-04-04 01:01:04
Kelly Wang,5,穩定又快速,2023-04-03 22:33:24
Jennifer Liu,5,"使用方便順暢,畫面顯示清晰",2023-04-03 20:50:34
Christina HsuTW,4,圖示不夠清楚，一銀或國泰的介面比較簡潔可以參考參考。加油！,2023-04-03 20:38:29
仲新茂,5,功能分類結構清楚易找到,2023-04-03 17:34:28
鄭益昌,4,oK!还好!,2023-04-03 16:08:12
benson lin,5,使用很順暢方便,2023-04-03 13:53:43
Ivan Tsai,1,爛到無言，轉帳簡訊一直不送來，一直無法轉帳，爛東西居然有4.5星的評價，見鬼了。,2023-04-03 12:31:00
Nicole Shen,5,帳戶金額每次看都不是很即時的,2023-04-03 08:54:53
jerry chueh,4,可以無視訊號差的地點傳送驗證碼這幫了大忙,2023-04-03 08:11:58
呂裕民,1,輸入登入TOP號碼沒看見號碼手勢輸入不好用,2023-04-02 20:28:01
楊家,5,棒,2023-04-02 16:51:10
sha sha,1,截圖功能異常許久，造成使用不便，等待程式更新又數個月都還沒好，非常沒有效率。,2023-04-01 19:20:15
陳俊吉,5,簡單，好用,2023-04-01 16:33:50
林壯紋,5,好用,2023-04-01 14:57:31
Maggie Hsu,1,請問為何我更新了一個禮拜都無法更新~?play商店就不斷轉轉轉停留在下載中模式???拜託救援,2023-04-01 14:38:48
"r,h Chiu",5,功能全面，介面一目瞭然，好用,2023-04-01 13:56:11
洪志賢,5,不錯,2023-04-01 12:11:19
Mu Fei Hong,5,資訊容量查詢。,2023-04-01 11:16:58
jim sung,5,很方便好用喔,2023-04-01 10:50:01
郭小宛,5,順暢,2023-04-01 10:40:22
黃貴笠 Gary,5,很棒，功能完整操作方便,2023-04-01 09:10:14
張昀剛,1,超爛，一直更新，一直等待不會完成。白痴程式,2023-04-01 08:39:42
許志強,5,訊息明暸，簡易使用，感謝。,2023-04-01 06:03:18
Erwin,5,簡單方便，迅速快捷,2023-03-31 17:26:47
HsienLin Pan,1,快速登入無法使用 正常登入無法使用 確定這樣的app不更新嗎 郵局的app都比你們好用,2023-03-31 11:54:28
藍慶忠,4,顯示的餘額，和實際能用的金額不相符合請改進說明,2023-03-30 18:49:16
蘇詩媛,1,爛死了，無法使用,2023-03-29 10:27:38
莊啟仲,3,平安喜樂快長大阿們。,2023-03-29 04:27:28
星雲風,5,還好。,2023-03-28 15:41:15
Warm Fan,5,好用推薦，薪轉賬,2023-03-28 14:14:37
白朝銘,5,Nice !,2023-03-27 21:19:58
陳陳,1,跟垃圾桶沒兩樣，登帳號是要轉多久？,2023-03-26 21:39:12
陳維哲,3,系統還算好，但是信用卡很差，不知道摳門什麼，搞到要次月月底給（等於近二個月才給），誰知道上個月刷多少。,2023-03-26 09:46:31
慶福林,5,讚,2023-03-25 15:32:47
Kujc,1,一直loading 是什麼意思,2023-03-24 17:12:45
Avery,1,不能快速登入，不好用浪費時間!,2023-03-24 12:18:20
薛美紋,5,Very good,2023-03-24 00:48:45
何建興,5,方便及快速,2023-03-23 23:47:35
una lan,5,目前用過銀行系統裡最好用的。,2023-03-23 10:43:20
謝采恩,1,昨天在更新，今天也在更新，都無法使用，帳單過期誰負責啊！,2023-03-23 01:53:48
圓滾滾,1,快速登入設定-無法設定指紋辨識登入,2023-03-23 00:28:28
陳建榮,1,匯款選擇銀行時會閃退，一直要人使用數位客服，電話語音轉來轉去，問題沒人解決,2023-03-22 10:28:18
Sandra Nieh,3,客服電話也太難打了，是員工不夠還是客戶太多？……,2023-03-21 21:48:17
陳建良,2,不是很好用要查詢的資料都沒有,2023-03-21 15:40:02
po PO,3,最近進行非約定帳號匯款，選擇銀行代碼時會閃退，已經好幾天了，請盡速修復,2023-03-20 21:34:22
veronika Lee,5,介面很清楚，方便使用,2023-03-20 13:27:57
邱阿龍,1,什麼爛銀行App非常難用,2023-03-20 02:55:31
Eunice Yeh (尤小芬),5,很好用。謝謝。,2023-03-19 19:53:48
Michael Soul,5,服務親切。,2023-03-19 15:20:53
Chenyu hua,1,登入一直轉圈圈，根本進不去，在搞什麼鬼,2023-03-19 07:32:00
puu Huang,1,不好用，有疑問打客服專線要專人接聽至少要等30分鐘，超沒效率,2023-03-18 12:41:23
林明毅,5,很棒的服務,2023-03-18 12:15:56
黃忠聖,5,讚 ，好用,2023-03-18 11:24:26
張叔君,5,簡易方便,2023-03-17 16:35:11
Chanel Lin,5,簡單好用,2023-03-17 16:34:51
劉小玉,1,真的很煩，APP每次都鬼打牆,2023-03-16 22:15:06
まこと,1,爛透了，成功登入後只會卡在loading 完全無法使用，重開app會要求重新登入，然後無限循環。,2023-03-15 22:03:44
王建中,5,操作步驟易懂明確,2023-03-15 14:14:07
YenHuang Liu,5,"great to use ,really good design",2023-03-15 13:10:56
黃奕儒,3,沒有顯示免費跨提及免費轉次數還有帳戶存款利率,2023-03-15 11:29:36
周玉雁,5,很方便,2023-03-14 16:49:34
polo Lin,5,操作頁面簡單，速度很正常,2023-03-14 10:36:41
Melody Hung,1,轉帳功能有問題，無法使用,2023-03-14 08:12:30
Tshiong-Iû Kang,4,20230313： Lucky Pay 收款功能異常 我要收款，傳送帳號，選擇QR，選擇LINE圖就APP就自動跳掉。只能用其他方式。 20200101： 請問［存款預約交易］的是否再建立一個總表，將不同的預約項目在一個總表上顯示。因為發生過重複繳費的狀況。富邦是目前最好用的網銀系統。謝謝,2023-03-13 10:26:28
林能宏,5,讚喔！,2023-03-12 15:53:06
Calvin Kan,5,讚！快速,2023-03-11 20:38:03
曾薏玲,5,下載富邦App非常方便使用，轉帳或繳費非常方便 同時+Line只要有任何訊息，都可立即性的通知，讚！,2023-03-11 20:09:55
ZESPRI,4,原本體驗都很好，但在03／10後，登入完都會顯示loading卡住。,2023-03-11 07:17:40
Chia,1,客服永遠都在忙線,2023-03-10 22:12:20
TH C,1,糟透了！爛死了！不懂為此什麼這麼多人給五星,2023-03-10 21:12:23
米兔娜菲,1,數位客服回覆都很87，花錢打電話要找客服都沒人接，浪費顧客時間金錢，你再繼續爛下去！不排除停卡停帳戶！還是台新最深得我心！我還是開心當尊爵會員比較有保障！ 沒想到2021年留言客服電話很難打通，今天2023/03/10再次撥打依舊沒通！很好，既然如此不再刷卡，太誇張！只會推信用卡，售後服務那麼差，辦卡的要三思啊！我繳完保費到期就可以廢了富邦信用卡！爽！剩繳保費功能！不再額外消費保障自己的權利！,2023-03-10 20:46:51
陳昭燕,5,介面清除很方便使用，謝謝,2023-03-10 18:32:24
Carol Chou,1,這幾天一直無法查詢奈米投的投資狀況！,2023-03-10 02:19:28
ching,1,如果早看到評論我一定不申請富邦卡，爛到爆，幹嘛信用卡分兩次寄，根本看不懂！！！！最後網銀密碼又錯那我去銀行開卡可以吧！###不懂 欸，說一定要網銀開，拜託，你們什麼系統啊，那乾脆不要用，直接扔了吧！！！！！！,2023-03-09 14:25:41
Lin Eddie,1,無法成功使用app超商條碼繳費 只會顯示無帳單資料,2023-03-09 06:43:59
黃禎云,5,使用方便下載方便,2023-03-09 03:55:49
奇檬子,2,遇到的問題智能客服無法解決，需要電聯線上客服，線上客服電話非常難打通，非常難打，沒人接聽。,2023-03-08 10:58:11
Avery Yang,1,"最醜最難用的銀行app,能不用就不用",2023-03-07 20:40:54
patty chen,1,這個銀行app常常就是登入輸入錯誤，明明我都記在紙本裡面按表輸入了😨，指紋什麼的又不能設定，每次登入都要輸入一堆還一直錯誤好煩啊😣。 變成我每次要繳款都要用電腦打開富邦信用卡email.打開綠色通道繳費，你們綠色通道那種輸入身分證+生日的設定怎麼不用在app裡面啊？ 其他銀行指紋登入設定一下超好用(請參考中國信託，永豐大戶app)，就富邦銀行app從以前到現在都好爛，好幾年了都不思進取😡😠,2023-03-07 09:40:37
ha ha,2,圖型登入很難用，老是會不照我畫的@@，有斜連的點會難連 我其它APP都沒這麼難畫 觀察一陣子了，可以修正這難用的點嗎,2023-03-05 11:41:45
Y,1,建議不要再申請富邦信用卡卡了，新年度新增很多要求，但是申請終止自動扣繳仍然在用郵遞處理，這個速度應該留在1895年。,2023-03-04 23:06:55
Iris Jin,5,很棒，謝謝,2023-03-04 17:08:00
鄭琬蓁,1,介面超復古 超難用,2023-03-03 23:03:22
陳冠宏,5,好用,2023-03-02 18:34:29
阿慈,1,一直轉圈圈進不去,2023-03-02 15:28:11
李足滿,5,方便,2023-03-02 07:58:21
Tony Chu,1,消費金額都沒有即時顯示，帳單繳好幾天了也沒更新，是我用過很多銀行中最差的。,2023-03-01 21:14:22
BLUE CHIU,1,最低只能一星沒辦法~半個星都不想給~功能性超級爛~參考一下別人家好用的APP有那麼困難嗎？做不到還是不想做？,2023-03-01 08:23:18
chungyi lin,1,"一顆星都不值，有夠爛的app,登入一直卡在那裡，無限循環，爛東西",2023-02-26 09:42:57
黃國銘,1,真的很無語，半個月來連絡客服，電話費多了快1000元以上，都是只顯示專人忙線中，差勁的服務...,2023-02-25 12:22:19
tsai bruce,1,登入一直轉圈圈，我都收到email通知已經登入了，結果APP還在轉圈圈！真無言,2023-02-24 22:21:45
你家爆炸,1,不知為何明明每個月都有10次免手續費 現在都沒有,2023-02-24 13:54:16
喵狗蛋,1,一顆星都覺得多餘。都什麼年代了，還在20年前的介面？消費也沒有即時介面。果然是老二，活該疫苗慘賠，再不改，八月會被幹爆,2023-02-24 12:56:23
陳秀瑩,1,超爛 登入要花非常久的時間 就算顯示已登入也會停留在登入畫面非常久,2023-02-23 16:02:26
仁,5,操作簡單易懂,2023-02-22 23:25:33
Himizu Chen,1,line每天2則提醒煩不煩,2023-02-22 19:14:02
黃士宣,5,方便太好用了！,2023-02-22 15:11:51
建忠,2,之前把快用設定的一些功能刪掉，現在想新增，卻找不到，真的很麻煩。,2023-02-22 07:40:27
謝文旭,5,使用方便,2023-02-22 01:06:02
Andy Yang,1,我手機裡有超過10個銀行app，富邦算是倒數幾個做得最爛的。好幾年前剛上架就已經被批評的很糟，沒想到這麼多年後還是一樣完全沒進步,2023-02-21 23:31:18
Snow Huang,1,顯示已登入後就一直在Loading轉圈圈，根本就無法進入APP啊！,2023-02-21 23:01:13
Russell Lee,1,爛透了，要查個存款有夠難。,2023-02-21 10:44:06
八德利,4,很有效應,2023-02-20 13:44:39
Purin E,2,APP的整體設計真的可以參考一下其他銀行的，做的更直觀…還有如果信用卡款可以即時入帳就更好了，其他銀行做得到你們做不到？,2023-02-20 12:56:25
Tien-Chao Lin,5,用起來很順，面板的設計也很清楚，很棒！,2023-02-19 18:49:29
Chang Kevin,5,讚,2023-02-19 06:50:28
Christopher Shen,5,收付款速度很快,2023-02-18 13:29:05
周盛蘭,5,讚,2023-02-17 12:51:06
薛明文,4,因我是富邦銀行的卡友我有五張卡到現还在用已用了2年多不錯只是沒有提高額度我也不知因沒月到的時候我就先繳了我也不知原因為何不給我提高可是我多先到77付錢希望卡友們能幫我的忙謝謝分享 希望能提高額度,2023-02-17 00:41:15
Ps W,5,順暢度很好,2023-02-16 15:51:00
蔣正民,5,清楚 明暸 不會太複雜 信用卡每月登錄活動 如過能突破為自動登錄 將為國內信用卡發卡銀行的第一首選,2023-02-16 12:29:59
何孟唐,5,方便順暢,2023-02-15 15:09:41
林佩宜,5,讚。,2023-02-15 11:45:42
瑜,5,While (true){good😁},2023-02-13 13:55:05
john joe,5,整體還可以，但字體有點小，不知可否調整,2023-02-11 15:24:08
Alex Tseng,5,讚,2023-02-11 13:30:57
陳怡君,5,很方便哦^^,2023-02-10 23:21:35
陳美足,4,Ok,2023-02-10 13:14:39
苗一靈,5,使用便利快捷，很好,2023-02-09 21:58:33
沒看過喔,5,很好用,2023-02-09 15:08:23
z王丹,5,整體來說還不錯，只是能配色設計很陽春 簡單明瞭，是優點但也是有點老派,2023-02-09 11:32:00
Steven Kuo,4,轉帳時應顯示剩下優惠跨提跨轉次數,2023-02-08 20:51:44
楊淑華,1,都登入了，還一直顯示下載中，一直轉，完全無法使用！爛死了！！！！！,2023-02-08 19:16:29
Yuhsien Lee,5,謝謝,2023-02-07 18:35:12
吳佩玉,5,操作friendly,2023-02-07 15:21:42
高聰麟,5,不錯,2023-02-07 14:34:50
janet wu,5,簡單易用,2023-02-07 02:13:26
蔡源澤,5,讚,2023-02-06 18:54:06
LIN LIN,5,很好用,2023-02-06 16:47:58
沈碧麗,3,比以前填帳秘-对年長者方便啦,2023-02-06 13:22:09
TANG唐（T.t）,1,語音打進去，要跟客服人員對話，等了40分鐘還沒有辦法跟客服人員對話，爛透了。,2023-02-06 13:08:34
andy,5,跟其他的銀行app比較，實用性好很多,2023-02-05 21:06:13
慧芳,4,操作順利,2023-02-05 07:50:35
劉敬鳳,4,不是很熟悉，之後應該會更順手了,2023-02-04 16:31:34
李昌文,5,可以新增存簿出入帳，手機通知功能嗎？,2023-02-04 15:19:00
盧蕭,1,客服服務有夠爛，網路銀行，連服務電話都沒有,2023-02-04 09:41:17
Dai “Willy” Chia Hung,5,讚唷,2023-02-03 17:30:18
Naiwei Wang,5,介面清楚,2023-02-03 16:27:29
浩,3,流暢度不夠好,2023-02-03 00:46:18
Grace Kuo,5,快速完成，很好！,2023-02-02 23:20:19
林宏榮,5,方便好用,2023-02-02 19:57:53
TINA PO,5,介面簡易操作順暢好用，謝謝工程師們的努力，請繼續加油,2023-02-02 12:45:02
張張海明,5,頁面設計不錯.使用方便，,2023-02-02 11:42:23
Kate W.,1,無敵爆爛的使用介面，申請一直卡住，數位帳戶跟美金定存，規則都講得不清不楚，火大每次要跑實體銀行，然後行員也霧殺殺，專業訓練有待加強，搞實體帳戶又一定要綁數位帳戶，只是開倒車,2023-02-02 10:31:13
Aby陽,5,很方便,2023-02-02 09:54:56
蘇吉爾,5,👍👍👍👍👍,2023-02-02 09:54:06
虎斑貓,5,不用登入就可以直接查詢存款很方便👍,2023-02-01 22:28:49
王暉源,5,讚,2023-02-01 18:46:04
Dylan Tsai,5,棒,2023-02-01 17:26:36
yunglin lu,5,方便快速,2023-02-01 10:54:40
陳玉琦,5,算使用過的金融APP裡很好用的，感謝,2023-02-01 07:29:13
東人林,5,方便操作,2023-02-01 07:28:21
凌晨,5,方便，清楚，好用,2023-02-01 07:25:59
David David,5,辛苦您了,2023-02-01 00:33:15
林佳其,1,手機跟平板唯一無法正常登錄的app，其他銀行都正常!真不懂為何就他家我用不了？？？,2023-01-31 22:46:55
陳若玲Anne RL Chen,1,快速方便,2023-01-31 17:35:19
Sally Wang,5,還不錯,2023-01-31 10:26:07
Tony,1,都2023了UIUX還做這麼爛 看看別間銀行的app好嗎 要設定快速登入也都收不到OTP 賺這麼多錢請不到堪用的工程師？,2023-01-30 22:36:19
陳昭蓉,4,設計太復雜,2023-01-29 23:04:03
Coco,1,指紋一直卡住沒辦法用，不方便,2023-01-29 16:11:25
陳俊中,5,安全指引明確,2023-01-27 13:23:24
喫敖曹,1,指紋登入不能用，然後打密碼登不進去一直轉，退出重登又說沒登出，根本就沒登入好嗎？其他家銀行都好好的，就你富邦搞怪。,2023-01-27 00:33:18
張鎮,5,非常便利的app,2023-01-26 13:55:53
在地人,1,非常爛，一直無法快速登入，重新安裝也一樣,2023-01-26 11:55:08
廖巧穎,3,請問如何看活存扣除「幫你存」後的金額？,2023-01-26 00:13:57
法明yeanyen Chang,5,頁面非常便利、操作反應快、還不錯用。,2023-01-25 07:58:50
陳偉群,4,簡單明瞭容易上手,2023-01-24 09:47:36
Quinton Hsieh,5,很棒界面設計,2023-01-21 20:27:39
Ming Wang,5,好用,2023-01-20 22:44:23
Jason Rong,1,超爛，連線上設定約定轉帳都不行，不愧是獲利王,2023-01-17 20:11:06
Wei,1,登錄成功後還是停留在登入中畫面,2023-01-17 10:42:26
呂小宇,1,設定快速登入的地方根本登不進去,2023-01-14 15:23:02
威爺,1,申請線上證券戶像鬼打牆一樣,2023-01-10 21:39:37
林俊彥,3,不是很好用 免登查詢還是要登入…不就快速登入，建議把這功能拔了吧 而且刷卡的消費紀錄隔一天都還沒有更新，點未出帳明細找不到，明明已經有刷卡通知 信用卡的好康福利整合在一塊分區超亂，還要自己找信用卡有哪些優惠，正常來說應該把信用卡福利整合在我的信用卡，依照信用卡的不同提供可用的福利清單(我就沒辦J卡跳J卡福利給我幹麻)。 之前用過國泰APP，戰鬥力可能可以打2個富邦APP,2023-01-10 11:33:06
proma chen,1,Android 12 閃退,2023-01-10 10:58:53
楊馥瑄,5,介面真的方便又好用...捨不得換別家銀行,2023-01-09 22:17:38
彭繼虢（Tiger Peng）,5,簡單又好用,2023-01-09 16:57:45
哈囉Kitty,5,加油,2023-01-09 06:47:40
mooddiary,5,版面簡潔好用。,2023-01-07 14:13:22
林昱志,4,穩定,2023-01-07 13:11:26
陳喜鈺,5,實用，介面清爽簡易,2023-01-07 09:01:45
王薏雯,5,好用,2023-01-07 07:38:56
翁紹華（夢想溫度）,5,實用,2023-01-06 18:46:02
思寒沈,5,很棒 但有快速登入會更好,2023-01-06 16:31:02
アレックス.ワン,5,寫了其它銀行壞話怕被告所以還是不寫了,2023-01-06 15:06:33
Roger Chia,5,還不錯用，給讚,2023-01-06 09:25:37
Joe Xiao,1,這大概是我使用的幾個銀行裡面最爛的app，操作介面醜就算了，使用者體驗又差，所有功能都亂鎖，銀行風控不是全部都不給用就叫做風控好嗎？那要這app有何用？,2023-01-05 18:00:26
Graham Guo,5,LUCKY PAY 的鬆獅犬付款時可以有動作的話，會更有趣,2023-01-05 16:16:07
Chin Chin,5,👍♥️,2023-01-05 09:52:45
Gladys Chen,5,功能集中方便選擇,2023-01-05 09:03:25
Judy Huang,5,好用,2023-01-04 23:52:40
張同學,1,這app裝了之後讓我手機無法開機，修手機說app有跟手機衝突，也害我手機廣角壞了，下載前請三思。已造成手機永久無法回復的損壞。,2023-01-04 22:38:23
江宜臻,5,清楚好用,2023-01-04 16:58:03
王雪潭,5,加油,2023-01-04 15:06:00
KaiMing Chiang,1,操作不直覺，設定複雜常遇到bug,2023-01-04 15:00:20
Hao-Wen Hsueh,5,軟體尚屬容易操作,2023-01-04 10:22:37
Chris shen,5,操作簡易,2023-01-04 08:30:37
釋傳願,3,1.如果可以不要一直顯示錯誤訊息，一直是usb鎖碼讓我無法使用，會更好。 給對方訊息如果可以用line 分享，會更方便，謝謝。,2023-01-04 08:24:53
Corden Hsu,2,此App沒提供信用卡扣繳改富邦數位帳戶的設定，上面給了02的電話，打了會有很多語音，最後專人服務選項裡，一直沒人接聽。浪費電話費，實在很落後，跟20年前都一樣啊。再扣2顆星。,2023-01-04 00:03:58
Nice Yen,5,方便快速,2023-01-03 19:34:32
B C,5,給5星，操作界面非常好,2023-01-03 15:27:51
euson chen,5,好,2023-01-03 14:24:22
Elle Chou,5,便利,2023-01-03 14:22:57
陳月真,5,好用,2023-01-03 13:43:32
H Rybby,5,介面使用方便簡潔，一個app搞定所有事情，太方便了,2023-01-03 13:25:13
鍾年祐,4,簡潔好用,2023-01-03 08:31:34
mw C,5,指紋登入很快速，當日當時(假日也可)立即可轉帳還可預約轉，奈米投很有創意，薪資戶有優惠轉帳次數的提醒。app是富邦給我的好印象。,2023-01-02 22:30:25
Emilien Chan,4,與他行行動銀行相比，該有的功能都有，而且不會太肥，佔用空間。,2023-01-02 21:58:27
涂敏男,1,你們這程式沒支援安卓13嗎，升級後就打不開了,2023-01-02 20:26:25
陳小廷,1,信用卡頁面跟帳戶頁面可以登入一個就好嗎？還要在那邊登入登出，不麻煩嗎？,2023-01-02 19:08:49
張玉順,5,網路轉帳美金很方便,2023-01-02 17:33:30
林煥璋,4,登入速度快！ 讚！,2023-01-02 13:11:49
Fan軒洋,4,讚,2023-01-02 12:41:53
羅敏嘉,5,簡單易懂使用很順暢,2023-01-01 09:07:19
Rico Lin,3,Good,2023-01-01 05:38:48
Yu Ying Chen (Janet Chen),5,整體功能算很實用，算符合人性化，謝謝您們的用心。請持續優化，謝謝。,2023-01-01 00:51:06
Christina Chaou,5,清楚明瞭 還可以自己設定,2022-12-31 11:55:42
Daisy Chen,1,一直叫我解任務，我也很想申請OTP啊！ 但為什麼我只要一登入，那個選項就是不見了？！ 就是沒辦法找到可以申請OTP的地方啊！？到底😭 7月的時候找不到 現在年底了還是沒辦法找到這個設定可以開通…,2022-12-30 20:47:24
苦瓜王,4,好用，但常用轉賬人員好像無法編輯，有些想刪的沒辦法刪,2022-12-30 06:05:49
林梓緹,5,希望app操作能簡單易上手 能多增加些數位帳戶及信用卡福利,2022-12-30 03:20:13
chang cosmo,1,2022.12.30，無法繳市話電話費，你們也跟中華電信有仇是吧,2022-12-30 03:16:11
tina tseng,5,介面清楚易讀,2022-12-29 08:56:23
JHEN-YU WU (BABY),5,THAT'S AWESOME !,2022-12-28 13:18:45
St. joyhsiu,5,"Good bank app,nice experience.👍",2022-12-28 00:01:09
ATENG (ShaoTeng),2,指紋解鎖一直無法使用！,2022-12-25 21:54:50
啵啵醬,3,若你同時要查信用卡跟帳戶，就要選一般登入，因為若只選信用卡用戶登入，就無法看到存款，個人是覺得應該可以整合在一起，登入不用分兩個~,2022-12-24 21:44:38
夏熙,1,好不容易成功有了信用卡用戶 但APP的使用設定很不直覺，不然就是查詢數位客服，我知道網路安全有疑慮，但連給人設定都不給設定是哪一招？一直顯示已綁定某某證號但手機就不給設定是要幹嘛？只能說富邦銀行是我接觸以來最麻煩的銀行，其次是華南。想保留傳統規矩為特點我沒意見，但使用方式能不能再便民一點，除了電信合作關係綁定，我真的說不出哪一點優點可以去推薦他人使用富邦。,2022-12-22 16:19:39
Mavie Jen,5,速度快 操作簡單,2022-12-22 12:52:07
jaw ruey leu,5,好用！,2022-12-21 13:10:37
MING KUN CHANG,5,查詢方便，使用流暢不卡,2022-12-21 11:14:09
Team VSNX,5,載入速度不錯,2022-12-21 09:52:15
W.C. Hsu,5,經數次修改已經很好用，感謝工程師們的努力。,2022-12-20 19:20:02
Nick Huang,1,登入一直顯示loading無法登入，請改善,2022-12-20 11:38:10
先生陳,1,Loading 無法登入要多久,2022-12-20 10:04:37
Kk,5,都很好，希望增加淨值的介面。,2022-12-20 09:36:07
鄭Donita,1,整天登不進去，是要怎麼繳錢,2022-12-20 09:06:23
KJ W,3,更改通訊地址這麼基本的功能竟然要用網頁版而APP沒有，這也太神奇了吧！,2022-12-20 03:47:49
徐家瑜,5,很方便又快速,2022-12-18 00:25:18
趙子晴,5,資訊明瞭排版簡單好用的網銀系統,2022-12-17 12:30:40
黃佳雯,5,使用起來很順，不會難操作,2022-12-15 21:56:11
建邦,5,好,2022-12-15 17:12:17
李茂榮,1,指紋登入一直無法使用，登入超麻煩，介面也不好使用！算是極少數很爛的銀行app，推薦中國信託跟郵局都做得比他們好！查卡費帳單跟繳卡費也很不方便，使用起來整體體驗非常差，看了蠻多同樣的一星負評都不回覆不處理，反而一直回覆五星好評！感覺很不重視使用者的反饋.....,2022-12-15 09:43:30
黃慈雅,5,操作簡單,2022-12-15 06:10:26
Ethan Yang,4,簡明扼要,2022-12-14 14:45:44
Viola Ha,4,很方便,2022-12-12 22:55:33
小英林,5,使用時簡單、方便,2022-12-12 20:53:10
黃祥軒,1,有夠難用 介面不僅雜亂又不直覺 各種優惠活動達成條件也不會在app顯示 跟國泰學學好嗎？,2022-12-12 17:12:20
夏潤生,5,好用，方便,2022-12-12 14:52:09
Chatte Petite,5,還行,2022-12-12 13:54:44
hi sheng,5,簡單方便,2022-12-12 11:06:38
陳慧純,5,讚,2022-12-11 22:35:18
pinga Knut,5,介面清晰使用方便,2022-12-11 01:06:51
李旻澄,5,轉帳,2022-12-10 03:20:07
江國邦,5,好用,2022-12-09 23:51:19
關盛,5,方便好用快速,2022-12-09 10:53:54
SJ LIN,5,不錯,2022-12-09 00:58:20
Doris Kang,5,使用快速方便簡單--）推,2022-12-08 08:04:08
李歐拉,2,momo信用卡無法開啟OTP認證,2022-12-07 09:03:47
酈美華,5,繳停車費還有折扣真讚,2022-12-06 13:23:20
jc T,5,方便好用,2022-12-05 19:36:55
Nancy Huang,5,good,2022-12-05 16:25:08
jo,5,跟他行相較，非常穩定且快速，這點對使用網銀者非常重要，工程師👍👍👍,2022-12-05 10:57:23
陳曉蘭,5,顯示速度快又正確,2022-12-05 09:11:59
小訫愛,1,差 我確定有打對密碼 可是一直被擋在外面 連續好幾次都這樣了,2022-12-04 16:23:53
wu weiling,5,功能辨識度高，方便使用，字體大。,2022-12-03 23:11:35
鄭小蘭,5,good,2022-12-03 19:56:17
Sara,5,存帳戶Qrcode的方式再匯入圖片就可以轉／收帳這個功能真的好方便！Amazing 🤩,2022-12-03 10:40:25
Lien金柬,5,畫面清楚 介面操作簡單 工程師辛苦了！,2022-12-02 12:05:52
武川熊志,1,網銀轉帳真的超爛，忙了半天，跑了銀行，輸入一大堆資料，最後告訴你，你的手機有風險不能轉帳…耍客戶很好玩嗎？,2022-12-02 10:19:40
小煜,5,好,2022-12-02 07:59:45
張長庚,4,"簡單,明細,方便",2022-12-02 01:04:13
楊旭暉,4,蠻好用的,2022-12-01 12:00:02
潘貞諭,5,操作過程界面標示清楚,2022-12-01 10:58:22
洪麗惠,4,容易操作，方便使用,2022-12-01 10:30:42
Julian Lin,5,"富邦網銀是很好用的App,讚👍👍",2022-12-01 10:29:43
鄭義興（智忍）,5,簡便好用。,2022-12-01 09:18:33
Sunny Li,5,使用上還不錯,2022-12-01 09:01:10
謝偉傑,5,非常方便,2022-12-01 06:00:23
李易帷,5,方便好用,2022-11-30 21:36:31
chang Li,5,不錯用 加油,2022-11-30 18:32:41
Warlury Wu,5,非常好用，跟中國信託的app差不多讚。,2022-11-29 11:35:50
陳世錕,5,不錯喔，加油,2022-11-28 10:20:43
Lizzy Darcy,5,滿順手的！讚,2022-11-27 22:55:21
黃水浪,5,方便,2022-11-25 10:11:49
Jimmy Ko,5,很好用,2022-11-24 09:17:59
Teacher Simon (SimonLi_0614),5,介面操作順暢易懂,2022-11-23 18:57:34
郭秀琴,5,好用,2022-11-22 18:50:34
Willie Yu,1,超爛 不能連線,2022-11-21 20:36:35
邱泰瑋,5,蠻順的，讚！,2022-11-21 09:43:12
劉屎豪,5,整體而言方便簡單明瞭，貸款也會把利率顯示，方便借款人掌握，像中X信託就沒顯示，反映了也不改善..,2022-11-19 13:54:06
yapei li,3,說我成功登入但一直在loading中,2022-11-19 10:09:50
謝首濬,4,操作簡單方便,2022-11-19 06:00:35
chen chun kai,1,"快速登入指紋 登入後 一直在loading 然後畫面是空白的 打電話給客服 並無法有效解決問題 ，剛剛試著密碼輸入 也是一直 loading,可以盡快改善這個登入問題嗎？ 都多久了",2022-11-18 14:31:54
宇婕,1,最近App一直Bug，畫面一直轉圈圈（搜尋）一直登不進去,2022-11-18 00:40:47
Chun-Ti Kuo,5,方便好用,2022-11-17 21:27:20
ting-shao Huang,4,順手,2022-11-17 09:48:36
羅唯,5,給開發APP幕後推手一個讚,2022-11-17 08:30:11
Amy Hsieh,5,功能解說易懂，操作介面簡單好用。,2022-11-16 23:38:13
Jack Huang,5,使用順暢，方便。,2022-11-16 17:29:59
jemy lee,5,剛開始用，功能似乎很多，應該不錯,2022-11-15 10:48:16
嵐嵐,1,為什麼繳貸款跟貸款餘額查詢不見了,2022-11-15 09:58:25
arstar Lin,4,轉帳的明細後五碼顯示上 如果是同銀行顯示名字的做法 比較不妥,2022-11-14 11:16:33
妖狐藏馬,4,使用方便，轉帳容易。值得嘉許,2022-11-14 09:27:21
shih綠綠,5,Nice,2022-11-13 23:29:22
Ray Chen,3,希望android 也能使用面部辨識....,2022-11-11 23:34:13
蔡暘展,4,愈來愈方便快速。,2022-11-11 12:38:04
曾霙旬,5,好用,2022-11-11 11:42:21
蘇柏丞,1,要掛失打個客服一整天都沒人接,2022-11-10 12:08:06
Bigmark PO,5,非常好用的軟件！！！,2022-11-10 11:42:20
Eddie M.H,5,使用上很直覺，很不錯,2022-11-10 11:23:12
choco rabbit,1,為什麼我下載完畢之後點進APP就立馬閃退 試了好幾遍都是這樣,2022-11-10 06:59:49
李,1,這麼大的公司，app設計這麼爛，指紋登入永遠登不進去,2022-11-10 06:20:51
洪瑞隆,1,"有夠爛的app,要超商付款，一直無法出條碼",2022-11-09 08:24:17
Jonathan Li,4,界面不像國泰那麼直覺 有進步空間,2022-11-08 23:02:58
Fanchi Chou,5,快速又簡單介面,2022-11-08 10:04:45
Chiawen Chen,1,密碼規則有夠爛 密碼很難記,2022-11-07 01:09:14
Thomas Shen,5,蠻方便,2022-11-06 18:52:29
努力加油,5,好用 操作簡單,2022-11-06 15:25:17
江義隆,5,好用,2022-11-06 13:35:41
陳奕宇,4,好用，但希望介面更上時代,2022-11-05 22:39:52
楊宏,4,很好,2022-11-05 17:20:47
雙曲線,2,UI 不推,2022-11-05 16:04:56
神奈川衝浪裏,3,還不夠好 太多都要跳到網頁不能在app裡面自我操作。 期望更好,2022-11-04 18:48:43
Tyrael Lai,5,超棒的體驗！感謝工程師們的努力,2022-11-04 15:17:00
Mars Mars,1,永遠被閃退，能做點更穩定的系統嗎？,2022-11-04 14:30:17
鄭孚臨,5,人性化的設計,2022-11-04 08:26:26
kenneth,1,爛東西，登進去每次都登超久不然就是進不去。,2022-11-04 00:32:30
Yan-Shen Huang,5,Excellent,2022-11-03 22:39:13
陳啟源,5,介面豐富操作簡便,2022-11-03 21:40:06
Sheng-Chu Wu,5,介面好用且直覺,2022-11-03 15:20:45
Chung Cido,5,方便使用！！,2022-11-03 11:06:48
Tien Shih,5,方便好用,2022-11-03 10:25:33
孫銘聰,4,還不錯,2022-11-02 20:10:23
林政緯,5,超棒的,2022-11-02 16:35:09
徐柏青大旅色,5,非常好用,2022-11-02 08:19:28
su-hsiang You,5,很方便，謝謝您！,2022-11-01 14:57:26
陳建安,5,富邦銀行的App很好用，簡潔明了。,2022-11-01 13:54:39
鄭雅心,5,很好用，便利,2022-11-01 13:52:33
唐嘉惠,5,方便好用,2022-11-01 11:41:57
林倩如,5,操作介面簡單有條理，使用起來很順手,2022-11-01 08:33:15
陳文彬,5,讚,2022-11-01 01:04:16
123,1,操作一次動作就轉圈圈loading一次，還會莫名閃退。繳個錢等每次loading載完，花了快20分鐘， 評一顆星都嫌太高分，,2022-10-31 23:21:55
Huang華相,5,好用,2022-10-30 09:04:58
JASON JASON,5,設計簡易清楚明瞭 非常的使用方便 謝謝,2022-10-28 15:36:44
HP J,5,好用,2022-10-28 09:30:04
Jwu,1,垃圾App完全看不懂一點都不人性化，尤其分期未出帳,2022-10-26 21:05:10
張萬萍,5,讚,2022-10-26 12:38:15
Peter Wang (王宗立),1,第一次安裝「富邦行動銀行」App到我的ROG Phone 5，一啟動就閃退。 移除安裝，並重新開機後再次安裝及啟動仍一樣閃退結果。 請儘快出新修訂版來解決吧!,2022-10-25 14:50:24
廖冠涵,5,建議推播通知的時候，可以更簡明扼要，例如直接寫出帳戶出款多少元，而不是還要用戶登入app才能得知，謝謝。,2022-10-25 14:32:19
林邦明,4,讚,2022-10-24 16:17:19
張偉仁,5,操作簡單方便,2022-10-23 21:11:11
郭信志,5,使用起來還不錯啦,2022-10-23 06:18:34
Ivy Lin,5,使用流暢，很方便。 常用來查信用卡帳和存款、定存、匯率，希望App的使用體驗能繼續維持這個水平。,2022-10-22 16:45:18
鐘盛閎,5,讚唷,2022-10-21 09:40:09
小夏,1,竟然找無列出超商繳費條碼功能 廢！,2022-10-20 16:31:50
蔡東田,4,good,2022-10-20 16:07:43
黃火速救兵,5,方便使用,2022-10-20 09:59:38
田中犬之助,2,富貴叫我幫,2022-10-20 04:13:06
黃星輝,5,很好,2022-10-19 12:21:23
Sunnie Wei,3,"首頁輪盤的icon,建議可以再明顯一點, 目前看起來很像背景圖，直觀起來不像選項會去轉",2022-10-19 11:35:10
吳賓,1,已登入但是卻無法使用，點擊每一個查詢都一直要求登入，持續Show Loading…,2022-10-17 15:31:58
陳昭綸（Jeff）,4,App功能好用，建議是否針對摺疊機設計專屬UI版面，例如：Z Fold 系列。可以讓商務人士更方便使用，謝謝！,2022-10-16 09:11:18
陳老師,5,我儲存3年富邦人壽金釆富利利率變動型年金保險,2022-10-13 20:06:04
CARP LIAW,5,方便容易使用,2022-10-13 00:38:05
Julie Cheng,5,很好用又方便,2022-10-12 11:52:25
林秋襦,1,沒事閃退是怎樣？不要告訴我是網路問題，同時其他行庫（合庫 新光 板信 …）都正常運作，還都是交易紀錄查詢時…刷本子只有代碼，APP卻閃退，是有啥不可告人的事件嗎？,2022-10-11 16:36:47
Yvonne Chen,5,清楚快速,2022-10-11 15:33:26
阮蘭雁,1,這是我用過的App下載等最久的，光下載就要等1-2H，點進去又跑不動，很卡，不優秀，打叉,2022-10-11 12:39:33
JOE CHIANG,2,刷該行信用卡，沒有簡訊通知. 登入很慢，時常卡住.,2022-10-09 23:44:08
SHU HUNG CHU,5,有效快速查詢,2022-10-09 16:27:37
黃珮婷,2,都無法登入進去，請問如何使用……一直在轉圈，用了很多家銀行，只有富邦有這個問題,2022-10-08 21:06:02
依潔李,5,在接觸過的銀行APP 中 算是最好用的介面,2022-10-08 15:46:23
C. H Huang,5,非常清楚明瞭的介面,2022-10-08 08:23:56
LCH,5,無法更新，也無法使用,2022-10-07 17:08:39
J W,1,難用,2022-10-07 17:07:25
um j,5,App體驗順暢 ，功能很多很方便，介面分類清楚。整體體感很讚。 我朋友看到這麼好用還特地跑去開富邦帳戶。,2022-10-07 14:52:19
林羣（Jeff Lin）,5,覺得使用便利，項目明瞭好辨識👍,2022-10-07 14:45:53
育佑,5,方便好用,2022-10-07 11:27:38
Anne Chai,5,沒法用英文版,2022-10-06 22:17:01
吳俊雄,5,使用方便快速,2022-10-06 10:51:49
許日穎,5,薪轉用,2022-10-06 00:13:09
李嘉威,4,Nice!!,2022-10-05 22:30:31
amy,5,好用,2022-10-05 20:03:49
CHIA-CHI YEN,5,目前為止轉帳都還算穩定，讚,2022-10-05 11:30:55
Justin Ji,3,可以容易查到之前外匯買賣價格。很不方便的就是匯率widget必須更新最新版本才能看到更新。但這app更新又特別頻繁。別的app不會這樣。 匯率widget一直只能show美金 日圓 人民幣，卻有很多空格，希望widget能放自選外幣匯率,2022-10-05 09:33:04
YY GG,1,第一次用，沒有指紋紀錄帳號等快速登錄，app一直轉圈圈是怎樣啦，也沒有超商繳款條碼，我就問這app4.5平均顆星是如何得到的,2022-10-04 22:26:48
PT H,5,很方便,2022-10-04 18:08:09
黃淑姿,4,好用,2022-10-04 17:38:10
陳貓媽,5,方便快速,2022-10-04 14:38:43
小范匙,2,今天是有問題嗎？ 我登入我的帳號，一直給我自己登出，不管我按什麼按鍵都給我一直登出，是壞掉了嗎？ 這樣會擔心欸,2022-10-04 14:27:03
ken shaw,1,今天登入要繳費，結果一直把我登出，然後一直要我重新登入。,2022-10-04 11:52:18
鐘聖華,5,非常便利,2022-10-03 19:11:47
文,5,操作簡單，明瞭，好上手,2022-10-03 10:43:50
MILKTEA HUANG,1,為一直不能刪除綁定的手機,2022-10-01 21:18:23
Yuan,5,讚,2022-09-29 09:35:28
楊舒晴,3,邦你記的分析功能日期很難滑動查看,2022-09-28 18:33:36
huang cindy,5,很方便！,2022-09-25 14:48:28
HUANG Rebekah,1,訊息已讀無法刪除,2022-09-25 01:58:21
Naomi Lee,5,非常流暢,2022-09-23 22:37:31
Yuna Chen,4,簡單易懂,2022-09-23 17:41:04
莊Lily,5,迅速方便,2022-09-23 13:50:19
Cliff Lin,5,簡單好用,2022-09-22 09:21:15
Rita Chen,1,每次登錄都會卡住（Loading轉不停）,2022-09-21 23:57:42
蔡智文,5,頁面多元,2022-09-21 18:32:41
楊梅古,4,好用,2022-09-20 12:32:02
KatsuNari,2,轉帳訊息慢了3小時才通知，是不會改嗎？,2022-09-19 23:06:43
Chen Kris,1,爛透了一點都不好使用，保險理賠給app 的速度一樣，一樣不靠譜，都快4個月理賠金在那😤😤,2022-09-17 10:08:49
王俊傑,1,信用卡會員登入，轉老半天一直登入不了,2022-09-16 14:01:25
Lydia Lai,5,很人性化,2022-09-16 11:59:03
pp王,4,簡單明瞭,2022-09-15 21:06:37
tyh ho,5,信用卡繳款時常忘記了，有了行動銀行APP可預約操作容易非常棒。,2022-09-14 17:48:24
謝明輝,5,好,2022-09-14 14:52:50
CHIN CHIANG CHEN,5,快速,2022-09-14 12:47:25
Wei Kung-Yi,4,第一次看到銀行放三隻小豬嘲諷顧客耶，登不進去已經很火大....,2022-09-14 09:02:56
龍姬雪美,1,有夠難用，根本登不進去,2022-09-13 03:18:42
Alfred Chang,5,方便好用,2022-09-12 22:38:21
Mark chen (Mark gmail),5,超級好用🥳,2022-09-12 21:18:13
莊寶強,5,很棒,2022-09-11 20:26:57
lck610101,5,方便好用,2022-09-10 08:39:55
莊富程,5,App很順，不愧是台灣第一大金控的銀行app,2022-09-10 01:13:14
Ting Yang Huang,5,Not bad,2022-09-09 13:41:30
陳宥秀,4,順暢,2022-09-08 20:31:52
李惠蓮,5,簡單方便,2022-09-08 09:22:42
曾小潔,4,能否新增帳戶異動通知,2022-09-08 08:22:15
YANG奇境,3,無法快速登入 指紋按完後 跳出的視窗內容空白 根本沒登入,2022-09-08 07:17:21
Yunyi Chen,5,使用方便，常用，很喜歡！,2022-09-07 21:36:48
張子元,5,符合使用者習慣,2022-09-07 12:56:14
ALICK LIU,5,方便流暢迅速，很多功能都能在APP上做設定查詢使用，介面也非常人性化。,2022-09-07 11:18:49
吳宗育,1,要轉帳，按到銀行代碼就閃退..,2022-09-07 00:07:35
daria,5,有搜尋功能很方便,2022-09-06 19:55:53
詹國維,5,流暢,2022-09-06 16:23:34
正婍楊,4,App頁面簡單明瞭，操作方便，好用！,2022-09-06 10:26:48
ard edw,1,更新完按登入出現轉圈圈,2022-09-06 10:02:37
lin acer,4,創新，獨特,2022-09-06 06:34:53
guo pa,4,還不錯，就是週期轉帳要取消很難找~,2022-09-05 21:44:29
真順心,5,直接錯過這個日宣告我們,2022-09-05 19:23:01
楊緞,5,很好的服務,2022-09-05 17:20:39
Sandia,5,大致上很好 便利 只要不經常當機,2022-09-05 15:10:37
CHENG HAO CHOU,3,還行,2022-09-05 14:58:04
鄧幼涵,5,好用，邏輯清楚，使用起來很順手,2022-09-05 11:22:04
YUN CHEN,4,還行吧，操作滿簡單的,2022-09-05 11:21:11
孫殿銘,5,使用方便。,2022-09-05 11:12:13
戴建中,5,便捷,2022-09-05 07:53:55
Google 使用者,5,好用,2022-09-05 05:20:24
劉祺昱,1,看看國泰世華的介面與功能。,2022-09-04 23:26:06
蔡文國,5,讚！節省跑銀行的時間,2022-09-04 20:53:09
蔣天霸,5,很實用，每個月還有免費轉帳真的很棒,2022-09-04 19:59:15
李岡翰,5,很好，很方便,2022-09-04 13:40:58
劉秋,5,操作簡易及順利,2022-09-04 11:06:29
Ray Hsu,2,轉帳到一半，使用分割畫面，查詢簡訊認證碼，就被登出，又要重新來。調整視窗一下大小，也被登出，然後，恢復為全螢幕後，下面的畫面被裁掉，還是和分割畫面時的大小,2022-09-04 10:08:39
Tsao Johnny,5,簡單好用。,2022-09-03 12:42:12
周高陽,4,大部份都很容易操作，唯有繳費這一部份，很難操作，操作到一半就放棄了，改別家銀行的APP操作。,2022-09-03 12:19:28
Joyce Lin,5,轉帳蠻方便，還可以自己備註。,2022-09-03 12:08:15
Wong Ted,5,很棒,2022-09-02 19:18:55
江建龍,5,操作簡單易懂,2022-09-02 16:29:07
roya wang,1,設計不直觀，很多自創名詞讓人容易混淆 懷疑四星評價是洗出來的 其實沒那麼好用,2022-09-02 12:45:29
time lin,5,"面清晰,操作順暢",2022-09-02 12:44:22
Tsai Debbie,3,麻煩解決malformed utf-8 data這個問題，謝謝,2022-09-02 11:29:52
Peter Chen,5,非常人性化,2022-09-02 10:33:41
黃明慧,5,很棒,2022-09-02 01:58:52
陳宏諺,5,讚,2022-09-01 22:52:12
小賴音響,5,好用,2022-09-01 22:10:17
桃一海獺Alex,5,easy-to-use,2022-09-01 20:31:34
董淑芹,5,使用很方便。,2022-09-01 14:36:44
Wang Sam,5,非常好用,2022-09-01 14:18:15
A J,2,超難用，轉帳時已建好轉帳資料，畫面說要發簡訊密碼，但看了簡訊密碼，再回到app已被登出，要再重新登入一次，但重登時又告知我重複登入，那你倒是讓我回到原本的畫面呀！!匯款從來沒有一次就成功的，跟鬼打牆一樣！,2022-09-01 13:42:28
曹金玫,5,"操作簡單，分類清楚,人性化.",2022-09-01 12:09:33
鄭寶進,4,還不錯用。,2022-09-01 09:44:26
家菲貓,5,簡單明確不複雜,2022-08-31 11:13:49
林國陞,5,明確，好用,2022-08-30 21:35:45
錢漢恩,1,無法安裝,2022-08-30 16:16:22
Kaino Heir,1,登不進去🥲,2022-08-30 12:21:54
林志忠,5,簡單好用,2022-08-30 11:06:26
洪銀佳,5,很好,2022-08-30 09:51:22
唐小寧,5,介面易懂好操作！,2022-08-30 08:37:04
Wendy宛瑩Lin林,5,方便好用,2022-08-29 23:31:22
jarba Liou,5,很友善的App,2022-08-28 10:47:55
AmyLee 1683602071,5,目前與起來都很不錯,2022-08-27 03:35:36
Lost Snorlax,3,功能不錯，但8月開始生物辨視的快速登入就一直有問題。顯示登入但卻在那轉圈圈轉到自動登出...卸載重裝也裝不了。,2022-08-25 16:39:14
A Bc,5,Speedy,2022-08-24 21:29:51
anita Huang,5,介面明確,2022-08-24 10:50:18
賴建峻,5,好用,2022-08-23 13:09:04
heli ma,1,只能開一個數位帳戶 即使轉為一般戶也不能再開 合庫可開三個 玉山可開兩個 可以跟進嗎？數位還限制要轉換為一般戶才能設約轉 很不方便 大部份的同業都能維持數位戶即可設約轉+留印鑑 可以改善嗎？信用卡可以有開關國內外交易的設定嗎？,2022-08-22 21:26:31
陳彥廷,5,相當便利,2022-08-22 12:49:50
Anthony Yen (藝術街浪子),3,登入常常停在loading ，一直無法改善，需要多次登入,2022-08-21 11:09:43
陳國琳,5,讚,2022-08-20 21:12:27
jim me,1,"非常難用的app, 輸入完帳號密碼就開始轉圈圈，登不進去的次數比成功登進去的還多",2022-08-20 20:13:26
大法師,5,方便好用,2022-08-20 17:54:43
洪仁傑,1,沒了紙本賬單，每次都要登入，錯了三次還要去ATM才能解除，住家附近沒富邦ATM的還要跑超遠，登入不了，沒有消費簡訊，連有沒有被消費都不知道,2022-08-20 17:23:52
蔡呆呆,2,為何常常要更新 檔案越來越大 每次更新 空間都不夠 真的不懂常更新為何 真是麻煩,2022-08-19 11:43:20
灣灣灣,1,一直轉圈圈沒辦法正常使用，而且長時間的快速登入也都沒辦法正常用。,2022-08-18 15:28:14
咖啡,1,為什麼已經等了兩天 還不能使用,2022-08-18 06:09:56
江青蓉,4,常常得更新，翻墙更新不易啊,2022-08-17 14:01:28
Anne Wu,5,使用便利,2022-08-16 19:59:24
小翔（felix）,5,很便利,2022-08-15 20:20:44
方大帥,1,轉帳會閃退...,2022-08-15 13:38:31
Coach Wisdom,5,持續優化很好,2022-08-15 08:58:49
Chien Yuan,1,為何已經下載了「富邦行動銀行版App」，手機桌面卻完全沒有顯示（完全找不到）該App圖示快捷鍵呢🤔⁉️,2022-08-13 07:46:44
Aniss Tou 竇,5,整體還不錯,2022-08-13 00:40:48
鄭大哥,5,方便又好用,2022-08-12 20:49:15
陳祖,5,好棒棒~,2022-08-12 20:41:57
吳孟樺,5,持續更新許多對用戶友善的功能，很棒,2022-08-12 20:29:18
阿龍,5,好用,2022-08-12 20:01:34
5139 yc,5,專業 迅速 詳細,2022-08-12 19:44:44
陳國楨,5,好用的行動銀行,2022-08-12 18:27:39
bloomydesign,5,整體流暢,2022-08-12 09:06:40
趙偉仁,5,畫面及功能使用都很方便。,2022-08-12 07:43:58
sunny lien,5,方便實用不囉嗦,2022-08-11 16:11:57
ROGER CHI,5,直覺好用,2022-08-11 13:46:09
Huh-pyng Chu,5,簡單易操作,2022-08-10 21:58:11
allan huang,5,"都很好,加油！",2022-08-10 16:45:47
緣起不滅,5,很方便，不費時！,2022-08-10 16:42:32
JackLin 6628,4,方便實用,2022-08-10 15:28:37
Jessie Chu,4,大部份的功能都很完善，操作起來也很順手！,2022-08-10 12:43:44
Lain,5,Awesome!,2022-08-10 07:10:19
Ives Yang,1,超爛不方便又不能非約定轉帳,2022-08-09 19:52:06
蕭暐婷,5,介面清爽，快速查找功能，順暢。,2022-08-08 14:11:24
ii i,1,希望能像ileo 1第一銀行信用卡可設定卡片通路 可隨時自行開關國內實體/網路/國外消費 2顯示已累積利息及剩餘跨轉提次數,2022-08-08 12:39:47
李福錦,1,非常快速誰。,2022-08-08 12:28:52
Joshua Liu,5,非常好,2022-08-08 11:33:39
Bk Lee,5,好用,2022-08-07 19:07:45
黃雅玲,4,介面簡潔，操作方式明暸好用,2022-08-07 08:24:05
10號李俊泓,5,很實用,2022-08-07 07:21:59
俏菁王,4,滿意,2022-08-06 22:40:26
R,1,相較於其他銀行app相當不直覺，一進去連設定在哪都找不到,2022-08-05 23:26:23
Rebecca,5,很棒,2022-08-05 15:47:09
庭,5,變得比五年前好用,2022-08-05 14:03:56
李玉純,5,兼顧效率與客戶保護原則，值得信賴的網路金融服務！,2022-08-05 13:14:06
蔣強尼,5,好用喔！讚,2022-08-05 11:33:41
Shulin Shih,5,實用方便,2022-08-05 10:28:18
江政達,5,讚,2022-08-05 08:24:43
許翠玲,3,快速,2022-08-04 21:23:15
閒遊,5,使用起來還滿順暢方便的,2022-08-04 16:53:34
bigo Lee,4,爛，我用htc u12+的手機，進入app登入帳號後，一使用手機的分割畫面功能，馬上就登出帳號，到底是app的bug，還是htc的問題? （這問題似乎解決了。另看在你們這麼有誠意的回應，我改給你們4星，會繼續用富邦app下去）,2022-08-04 13:28:13
sl y,5,很好操作，容易上手,2022-08-04 09:20:31
楊文武,5,功能性更好了,2022-08-04 01:30:29
Cyndi Tsai,5,讚,2022-08-03 22:24:08
Oliver Lin,5,使用方便,2022-08-03 21:22:44
簡聰全,5,Good,2022-08-03 21:14:17
Sheng Hsu,1,快速登入不會記憶，每次都要重新打代號、密碼,2022-08-03 12:49:16
cyj chao,5,app系統 靈活又好用,2022-08-03 11:48:13
--,3,按登錄後就一直loading 轉轉轉根本登不進去 這樣我怎麼繳費,2022-08-03 10:39:15
廖矞如,4,介面簡單、邏輯清楚 好用!,2022-08-02 22:14:51
蔡俊雄,5,請問每月支出費用檔案是否能轉檔到手機資料庫存檔從系統上存檔。,2022-08-02 21:17:59
黃芋泥,5,很好用,2022-08-02 19:47:58
鄭司宇,5,很好,2022-08-02 11:58:12
fa38520,5,讚，很好用,2022-08-02 10:16:20
Eartha Juang,5,好用,2022-08-02 06:30:18
王慧仙,5,很棒，,2022-08-02 03:50:51
葉玲,5,很好用,2022-08-01 23:42:20
Kuang Wei Wu,5,很方便掌管的行動銀行APP,2022-08-01 22:06:05
Fay Chen,5,好用,2022-08-01 20:06:04
Fang Ming,1,登入問題一堆,2022-08-01 19:58:13
陳銘,5,不錯用,2022-08-01 16:25:32
帥陳政揚政杰,4,值得推薦,2022-08-01 14:54:43
許綾峰,4,"很好用,速度快",2022-08-01 13:37:25
Mars Shen,5,操作很便利,2022-08-01 12:09:28
湘涵羅,5,使用很便利,2022-08-01 10:00:02
FANGFEI KUMAI,5,繼續加油,2022-08-01 09:20:19
胡全緯,5,系統使用，簡潔，非常好用,2022-08-01 09:00:56
余發哥,4,方便順利,2022-08-01 08:37:19
虎斑貓,5,讚,2022-08-01 07:50:54
張玉姮,5,快速便捷好用！,2022-08-01 06:29:09
蒼Ashen,4,可以正常使用了，版面還算簡單明瞭,2022-07-31 21:41:25
張心怡,1,要求APP更新版本，但一直轉圈圈驗證中！！已經轉了二星期，我繳費都開APP現在打不開，很麻煩耶！,2022-07-30 22:10:39
王丹尼,4,你們的app目前尚無法顯示轉帳優惠的次數，是否能加強對這部分的功能，因為目前銀行app就我所知很少沒有辦法顯示相關資訊，以你們的能力應該不難辦到。,2022-07-30 17:53:32
Hao Lo,1,轉帳自行輸入帳號會跳錯誤並關閉app,2022-07-30 12:19:18
李德政,5,讚,2022-07-30 01:16:05
李慶昌,5,好用,2022-07-28 18:11:26
楊凱茹,5,很好,2022-07-28 14:03:33
Gavin Chou,1,連信用卡掛失都藏在開卡項目裡面，只顧著顯示一堆促銷推薦，富邦越來越不重視客戶了,2022-07-28 10:46:03
黃華淵,5,讚,2022-07-27 11:29:39
林芳騏,3,畫面清楚，方便操作，唯一就是無法在app做黃金買賣，現在人皆習慣快速方便的手機操作（隨時買賣），其他銀行也能開放該功能，為何富邦就一定要電腦才能使用呢？,2022-07-27 09:34:30
Kenneth Lien (A-Kun),5,好用的APP,2022-07-26 22:29:50
潘惠美,5,Good,2022-07-26 07:30:41
施正杰,5,好用,2022-07-26 05:32:48
Space ship (Shelby),1,"更新不了，索性解除安裝。 也解除了其它4個app,結果重新安裝富邦銀行，居然根本無法安裝! 這樣怎麼繳費啊？",2022-07-25 20:27:09
袁慧倩,5,好用,2022-07-25 13:37:42
Yawen Chang,3,新版app一直無法更新,2022-07-25 11:54:49
黃乃彥,5,Excellent,2022-07-25 10:54:31
余偉誌,5,不錯使用,2022-07-25 08:37:08
handle road,3,連續幾天要自行轉帳都超級卡頓，然後直接關閉應用程式不給轉，但常用帳號就正常，到底怎麼回事？再下去我要換家銀行了,2022-07-25 05:28:17
張士聞,5,操作方便,2022-07-24 19:16:26
顏蘊華,5,希望能越來越好,2022-07-24 18:00:12
Roger Lee (游苦忠),1,基金-選月配， 然後出現的不是月配。 基金-選國外， 然後出現國內基金。 寫SQL你是在寫什麼？,2022-07-24 14:09:41
yoyo SUN,5,一直處在下載中……怎麼辦,2022-07-24 11:26:36
ANDY WU,5,好用,2022-07-23 11:47:44
湯杰榮,4,頁面清楚簡單易操作，節省很多時間,2022-07-23 11:25:10
陳厚任,1,突然不能使用，去更新也一直轉圈圈，即便解除安裝，並重新安裝也無法解決，請問到底是怎麼了? 昨晚沒搞定，隔一夜了還是一樣........,2022-07-23 10:46:37
鄭小梅,4,建議增加聯絡資訊線上修改，謝謝,2022-07-23 10:02:27
SIN CHEN,3,功能很多很豐富，但是icon設計太複雜，不能直觀反應，感覺就不會那麼好用,2022-07-23 09:57:22
王素真,5,好用,2022-07-23 08:38:30
Chen ChauTian,5,介面友善，查資訊方便,2022-07-22 22:46:07
Angel Huang,1,要求更新，又無法下載 😠,2022-07-22 15:48:07
王俊明,5,方便,2022-07-22 15:45:24
劉俊豐,4,Good,2022-07-22 11:13:13
林书墨,1,不能更新和下載,2022-07-22 06:29:51
楊宗憲,1,要進入APP被要求更新，按更新卻一直在轉圈圈無法更新。想說先移除再重新安裝，重新安裝時也同樣一直在轉圈圈，無法安裝。請問這是什麼樣的狀況，能告知原因嗎？,2022-07-22 02:09:29
Yishen Lin,5,使用方便,2022-07-21 17:04:29
神無月,2,爛,2022-07-21 13:59:10
張曉君,1,突然無法使用，被要求更新App，卻一直卡在轉圈圈中😵 解除安裝，想重新安裝，也是無法安裝😱😱😱到底……,2022-07-21 13:45:10
Wan-Ling liou (Ling),1,說憑證過期，但一直無法更新成功,2022-07-21 13:26:02
Sophia Mao,1,一天一夜，一直無法下載完成!!! 手機還自動加溫中...,2022-07-21 07:56:22
Tony Huang,1,更新了5分鐘啦還在饒圈圈,2022-07-21 00:18:24
王晴,1,下載更新，費時甚久,2022-07-20 17:06:34
陳瑋伶,5,好用，介面簡潔,2022-07-20 15:38:28
黃淑貞,5,快速明確,2022-07-20 09:35:09
Lee,4,讚！,2022-07-20 01:11:32
te Chen,5,很方便網路處理銀行事務,2022-07-19 15:17:44
于月雲,5,方便快速,2022-07-19 14:29:52
June An,1,明明就設定過快速登入按指紋 每一次又都還要我再輸入帳號密碼 今天更新完又要輸入 那我設定快速登入幹嘛的,2022-07-19 14:06:41
台南收驚問事彌陀禪霖道場,2,為什麼我用信用卡會員登入後每次登出再登入改用一般會員就無法速登，還說要我在說明文字結束後改點選用一般登入然後就一直鬼打牆無法登入？？？,2022-07-19 09:32:18
林明雄,5,很方便查明需求,2022-07-18 22:28:48
徐明怡,5,很好，謝謝,2022-07-18 22:15:53
Stan Shih,1,爛透了 更新了兩天，還在轉圈圈。工程人員 無視就算了，連基本的主管也無視這個APP的狀況，無法進入程式，無法查詢現有的流通金額，這是嚴重的現實。一定要逼著用戶用打電話的方式來查詢嗎？ 爛透了的 工程人員，糟透了的管理階層。,2022-07-18 21:38:15
楊秉砡（Sophia）,5,方便在家就能操作,2022-07-18 19:54:12
坤桐孔,2,一直跑更新出來 但是又沒有辦法更新 就一直等待中 一整天都沒辦法進去,2022-07-18 17:26:20
陳保羅,1,最近越更新越慢，伺服器沒辦法維持傳輸品質不如不要一直加功能,2022-07-18 17:11:12
Rex Wei,2,速度超慢,2022-07-18 16:53:01
Alinson Wang,1,很差 簡直是垃圾 經常用沒幾天就要求更新 就死機了,2022-07-18 16:01:39
天生色狼,4,長期使用無問題,2022-07-18 09:22:35
田小芬,5,操作明確好用,2022-07-18 08:54:02
chih yu,5,Good,2022-07-17 19:14:41
林玥翎,1,下載程式兩天了 還是無法下載,2022-07-17 18:54:33
王子懿,5,好,2022-07-16 17:46:00
湯姆,4,用手機，隨時隨地，查詢餘額，真方便，但建議常用按鍵的連結，還可以更快一點找到,2022-07-16 15:14:05
LT T,1,強制更新，爛，要有稍後更新或立即更新選項才夠人性化,2022-07-16 14:45:54
歐立容,1,你家軟體真難安裝啊！,2022-07-16 13:55:18
靜雯陳,5,讚，好用方便,2022-07-16 13:15:26
蘇新進,5,好方便,2022-07-16 12:42:20
林辰,5,正常,2022-07-16 12:15:23
狄戈爾豪,1,not good,2022-07-16 10:25:03
蕭香香,5,方便丶易懂丶速度快,2022-07-16 07:15:00
林長政,5,真的太棒了又開始繼續用富邦了！,2022-07-16 01:09:12
Tony Tang,1,15天更新一次？是甚麼app？,2022-07-15 23:36:42
Bryan Hurr (Pu),3,希望不要強制更新 有時候當下很急，卻會碰到強制更新完才能用，有點浪費時間,2022-07-15 20:35:58
心豚,5,讚,2022-07-15 19:22:39
楊宏冠,5,讚,2022-07-15 18:45:00
朱素卿,5,不希望公開帳户，要保有隠私權,2022-07-15 18:38:04
陳士豪,4,好方便,2022-07-15 18:31:23
chiou peter,5,讚,2022-07-15 18:23:32
邱素珍,5,方便快速實用,2022-07-15 18:01:10
文玲江,1,淺顯易懂，好操作,2022-07-15 15:44:45
高彥文,1,目前完全停在起始畫面，無法啟動，是APP維修還是異常,2022-07-15 12:19:50
汪林玲霈,4,方便，功能性也多。,2022-07-14 23:33:12
葉文隆,5,期望能更人性化讓年紀大的人也能方便使用。,2022-07-14 08:45:29
李芸嫻,5,謹慎專業,2022-07-14 08:02:14
劉董,1,難用,2022-07-14 07:00:35
Andrew Chen,5,好用!,2022-07-13 21:03:51
Lawrence LIU,5,安全，方便。,2022-07-13 17:33:54
FT Y,5,我不很懂行動銀行操作，不過使用一兩次後，竟都沒有遇到自己搞不懂且無法解決的困擾，很高興！,2022-07-13 17:15:44
張惟能,5,方便 資訊快速,2022-07-13 11:22:42
Megan Chou,1,櫃檯服務都不完善，還能奢望行動銀行？,2022-07-13 01:43:19
安安,1,一直登不進去，一直轉圈圈...,2022-07-12 21:06:53
許麗君,5,使用很便利，很棒喔！,2022-07-12 10:12:25
tyrone chuang,5,簡單好用,2022-07-11 22:34:42
葉俊男,5,非常方便，操作簡易。,2022-07-11 22:00:22
綠茶點無糖（綠茶點無糖）,5,比國泰好用,2022-07-11 21:06:50
陳小晏,5,APP重新安裝也是有問題耶，還要做清除資料才能開啟 請快改善好嗎？ 改善了變的好用多了 給5顆星讚美一下。,2022-07-11 19:47:30
洪進源,5,很方便,2022-07-11 19:19:01
黃日東,1,客戶太多了，不差你一個的服務態度,2022-07-11 14:23:41
玲瑜,4,介面簡單好用,2022-07-11 08:26:23
黃英哲,5,簡單易用，清楚明暸,2022-07-10 22:09:07
ruby chen,1,無法下載app，一直等待中,2022-07-10 20:03:54
A K,5,和中信及台新比較，UI功能頁面都很直觀，操作上也比較順手，惟有留言給對方的功能，字數上有限制，若能放寬會更為方便,2022-07-10 13:35:13
政憲吳,5,好用,2022-07-10 12:45:56
吳景方,5,很好操作,2022-07-10 12:23:50
Jay Young,5,服務好,2022-07-10 11:50:54
鄭期杉,5,越來越就手,2022-07-10 10:49:20
剪指甲,5,使用方便,2022-07-10 03:25:51
Min,1,更新後無法轉帳，這是越更新越爛嗎？如果有負分，一定給負分評價,2022-07-10 00:49:41
宋麗金,4,方便易看易懂,2022-07-09 18:59:01
謝謝,5,Good,2022-07-09 18:04:53
辜小咕,1,每次登錄都只會轉圈圈，根本無法使用,2022-07-09 14:24:24
Sophie “Sophie” CHEN,1,只要設定快速登入就會一直卡在loading畫面， 只好每次登入都要完整的打完使用者代號和密碼，超麻煩,2022-07-09 09:28:20
豪帥帥,5,好方便,2022-07-08 17:57:54
吳愈泰,5,還行囉,2022-07-08 11:03:44
王有俊,5,ok !,2022-07-08 07:13:23
stephy lin,5,好用！,2022-07-07 22:03:43
陳信竹,5,非常有用的APP,2022-07-07 21:20:13
蔡岳羽,5,網銀的最好用的APP,2022-07-07 11:13:32
蔡弘智,5,清楚明瞭好操作。,2022-07-07 11:12:10
Claire,5,方便，操作簡單易懂,2022-07-07 08:36:44
蔡依伶,5,使用簡單方便,2022-07-06 23:08:07
Waiting Lee,4,不錯,2022-07-06 10:03:47
Melanie Jian,5,方便好用,2022-07-06 06:41:19
李煥騰,5,簡單實用,2022-07-05 22:03:07
陳東彬,5,畫面好,2022-07-05 21:53:13
Jen Chi,5,好用,2022-07-05 19:23:08
藍子玲Sharlin,5,簡單明瞭容易操作,2022-07-05 16:58:25
Alex Lu,5,操作簡單又好用,2022-07-05 15:29:59
MING,5,初次使用，還不錯，滿順暢的,2022-07-05 13:57:39
Nicole,5,使用方便，這就是我從別家銀行跳來富邦的原因，給工程師一個讚,2022-07-05 13:42:42
chen Targa,5,順暢,2022-07-05 11:56:10
龍琬妃,5,讚,2022-07-05 10:49:20
劉昭中,5,方便不用跑銀行！,2022-07-05 09:21:57
Benson Bau,5,該有的功能都具備，簡潔好用，推！！,2022-07-05 09:12:22
LU FEN LIU,5,好用,2022-07-05 08:54:51
Puggy Yu,2,介面真的是很難用又登不進去==,2022-07-05 01:22:30
程小芬,5,好用，畫面簡潔,2022-07-04 21:09:05
甘淑燕,5,讚👍👍👍,2022-07-04 14:28:22
朱惠玉,5,簡單!老人也會使用,2022-07-04 11:06:32
馬立志,5,方便迅速又能簡單操作,2022-07-03 21:26:19
張鈞衡,5,很好,2022-07-03 12:21:47
陳雨湘,5,好的!,2022-07-03 08:58:53
廖素珠,5,操作順利,2022-07-03 06:20:05
林昇皓,4,很银行啊！服务也一般般啊！,2022-07-02 21:52:58
要翻轉,5,穩定安全，值得信賴,2022-07-02 19:14:46
簡單生活,5,很棒的app。,2022-07-02 19:11:22
林永順,4,使用方便,2022-07-01 21:09:25
王美卉jessica,5,簡明流暢,2022-07-01 20:44:00
仲夏蜀葵,5,蠻好使用的，可以用指紋登入會更好,2022-07-01 18:06:12
vv v,5,非常好用,2022-07-01 17:42:07
柴寶,5,尚可,2022-07-01 14:33:34
慧雯,5,好用,2022-07-01 13:57:16
劉佑庭,5,貼心。,2022-07-01 11:22:09
李信伸,5,功能還不錯,2022-07-01 11:05:34
shun chih,5,Good,2022-07-01 09:37:52
Yuzu chen,5,非常好用，感謝工程師的努力~,2022-07-01 09:32:56
sandy tian,5,非常方便,2022-07-01 09:27:13
Allen Hsu,5,介面清晰方便使用,2022-07-01 09:08:28
Alex Hu,5,操作簡便,2022-07-01 08:14:43
李婧,5,使用便捷，設計人性化,2022-07-01 06:51:49
fu-kun lee,4,清晰好用,2022-07-01 06:33:36
Vergil Sparda,5,好用，介面簡單,2022-07-01 02:20:27
Leila Wei,1,常常卡住無法順利使用,2022-07-01 00:04:07
grant yeh,4,1.餘額（金融交易尚未扣款但已經先行保留之金額） 與 實際餘額參雜在一起，常會搞錯正確金額,2022-06-30 14:04:11
Eric中,5,不錯， 好用,2022-06-30 09:13:29
于婷,5,簡單好用,2022-06-30 08:32:56
呂慧儀,5,清楚！好用！謝謝 ❣,2022-06-30 06:37:30
GR ACE,5,簡單操作,2022-06-30 01:30:18
蔡阿倫,1,缺少收款自動連結的功能,2022-06-29 20:46:34
李思璇,1,沒使用過一家銀行的app會這麼不順這樣卡,2022-06-29 20:16:10
曹秀美,5,💯,2022-06-29 08:06:03
高沛歆,5,功能齊全介面清楚,2022-06-28 21:56:42
Max Ma,5,比較人性化的設計,2022-06-28 14:46:42
Aristophanes Wu,4,整體豐富，就是有些繁瑣，建議有些功能能透過線上申請開通，因為不是每個人都有時間跑一趟據點排隊等服務，就這小缺點。,2022-06-28 11:02:53
Frog Hung (青蛙),1,登入後還要跳出一個擾民的確定視窗一定要按 多一個STEP 有病,2022-06-28 04:20:02
joling yang,5,很棒的體驗👍,2022-06-26 21:05:15
王治宸,4,貴行今天是大當機嗎？怎麼連提款都出問題。,2022-06-26 15:00:03
小貓,1,快用設定不能新增我的存款，登出就出現登入就會消失，要看存款得去網頁版查。,2022-06-25 21:54:34
Yi Ru Lin,3,整體使用我個人覺得不錯，但我最近發現邦你記這個功能，但是我沒有看到我帳戶明細可以匯入邦你記那邊，是我沒找到此功能？還是沒有此功能？如果沒有此功能，對於想要使用一個行動銀行方便記帳的人來說，需要再另外下載一個app去管理，的確有點麻煩。,2022-06-23 21:01:59
Cathy C,4,方便清楚,2022-06-23 08:26:30
寶格麗,5,方便👍,2022-06-22 22:36:33
刁蠻咩,5,非常棒的app,2022-06-22 20:37:04
Ryo,4,很方便,2022-06-22 14:39:15
吳智珺,5,棒,2022-06-22 12:49:44
李Jeff,5,很方便使用！超讚！,2022-06-22 09:30:12
葉宥榛,5,簡單明瞭方便,2022-06-21 20:58:57
梁逸柔,5,操作簡單,2022-06-21 12:25:50
JR Lee,5,流暢好運。,2022-06-21 07:32:28
諸葛蕭郎,5,順手,2022-06-20 22:34:45
徐元華,5,順手。,2022-06-20 14:17:15
Milo Lin,5,好用,2022-06-20 13:59:48
氏無,1,連使用代碼的無法用,2022-06-20 04:14:26
簡敏智,1,一直彈出浮動視窗提醒 截圖可能包含個人資料等訊息，問題是我沒有在操作截圖，且也沒引導用戶該如何處理這煩人的視窗是要如何關閉,2022-06-19 10:07:30
李金珠,5,想看的，一目了然。,2022-06-19 06:34:24
劉坤育,3,不錯 在加油,2022-06-17 22:50:13
小玉,5,簡單.快速.非常好用,2022-06-17 11:16:44
廖星魁,5,介面清楚操作方便，好用！,2022-06-17 10:35:22
Yulin Chang,5,指令清楚 操作簡單,2022-06-17 09:03:02
金D,4,介面友善，操作簡潔。,2022-06-17 08:39:29
林義智,5,方便,2022-06-16 19:55:19
Chuchu,5,非常棒！富邦應用程式好操作！,2022-06-16 15:09:06
Tab Chen,1,用 Samsung Fold 3 比例整個不對，新的OTP 驗證碼在大螢幕模式點不到確定,2022-06-16 13:34:52
Chrissie Tsai,5,簡單好操作,2022-06-16 00:11:06
Iris Sun,5,讚,2022-06-15 08:35:18
Vi lli,1,轉帳開啟行動銀行推播收取，系統自動代入驗證碼後，不管試幾次都顯示檢核交易驗證碼錯誤，完全無法轉帳，請盡快改善,2022-06-14 22:59:00
許小小斌,5,好使用，一目瞭然,2022-06-14 01:38:22
陳兆得,1,手機先前綁定信用卡用戶快速登入後，今天又申請的數位銀行帳戶，結果取消了信用卡快速登入後，根本沒有辦法重新再申請一般用戶的快速登入，浪費時間，登入了超多次。,2022-06-14 00:04:19
何明政,5,超級實用,2022-06-13 21:08:12
王顥霖,5,方便又快速,2022-06-13 18:54:30
何秀津,5,好用， 順手。,2022-06-13 18:34:06
Big mac,1,難用死了,2022-06-13 13:47:01
鄒阿輝的 生活,5,版面很清晰方便,2022-06-12 07:31:42
王文宗,4,app好像進不去,2022-06-11 09:33:34
Sandy Yang,5,好操作,2022-06-11 01:10:29
Eric Chung,4,使用上很清楚直覺。,2022-06-10 16:08:08
簡單,5,我覺得使用這麼多銀行的APP，富邦銀行的APP屬於比較優質的喔！,2022-06-10 13:25:54
林俊德,4,簡潔好用，值得給讚,2022-06-10 11:21:50
王晉益,4,讚讚讚,2022-06-10 09:29:46
唐麗雯,5,APP操作簡易流暢,2022-06-10 08:40:47
李飛瑩,5,操作順暢,2022-06-10 05:34:15
bbb aaa,5,操作方便,2022-06-09 20:44:36
陳恩加,5,簡單 好用,2022-06-09 15:42:33
smwillbeasuccess,5,多謝,2022-06-09 12:46:15
曾瑞華,5,很方便,2022-06-09 11:38:44
Jason Jao,4,操作簡易方便,2022-06-09 10:28:51
余諾德,1,6/8 更新完後，一點開就當機（畫面一直停留在初始畫面）,2022-06-09 07:53:56
Paulmalex,1,2022/8/7 play商店更新APP之後8/8就完全無法開啟它了。一點擊app就跳出警告顯示有惡意軟體，其他的所有app都完全沒有這個問題。,2022-06-09 01:36:54
鍾敏珠,5,實用,2022-06-08 11:54:43
Vincent,5,算是比較好用的銀行app,2022-06-08 11:14:40
蕭思偉,5,明朗，便捷,2022-06-08 11:05:45
Dante Huang,4,簡單好使用,2022-06-08 10:56:58
CHUN-I LI,1,最近一個月手機只要進入轉帳很容易黑屏跳掉，手機型號OPPO A31 請問該如何尋求幫助。,2022-06-06 17:20:49
Thunder Chiang,1,小心預設的捷徑美元優利，原來不是定存你的美金，而是扣台幣轉成美金去定存。很厲害的陷阱。,2022-06-06 15:10:36
社大克里斯,5,方便順暢好用,2022-06-06 09:03:50
陳阿寶,5,很不錯,2022-06-06 07:49:27
Mia Chang,5,簡單好用,2022-06-05 21:33:54
yiu ong,4,讚,2022-06-05 15:08:16
Una Hsu,5,好用！,2022-06-05 12:26:09
不知不曉,4,很方便,2022-06-05 08:35:08
國盛,5,很好,2022-06-05 00:06:15
vera臻,5,讚,2022-06-04 20:49:01
邱錦慧,1,難登入,2022-06-04 11:30:52
Cheng博嘉,4,沒辦法給滿分，因為常常很急的要處理買賣或轉帳事宜發現一定得先更新才能使用，實在是........，不能先處理完後再更新的功能嗎？,2022-06-04 11:22:52
PEI CHUN,1,已經連續兩天，若要透過“自行輸入”帳號進行轉帳，app就會跳到“關閉應用程式”，請儘速處理這個問題，謝謝。,2022-06-03 23:28:27
Hsushen cheng,5,讚,2022-06-03 09:41:17
jensen chang,5,系統方便好用,2022-06-02 22:37:24
潘錫恩,5,介面很人性，使用者操作方便！,2022-06-02 22:34:58
aRu Jhou,5,好用,2022-06-02 20:03:10
陳世承,1,轉帳時會跳出==,2022-06-02 18:37:16
Jason Lo,5,好用,2022-06-02 13:03:02
蕭伯駿,5,很喜歡的app,2022-06-02 09:52:50
idman yeh,5,好用；方便！,2022-06-02 07:46:29
晉源張,5,好用,2022-06-02 05:37:17
呂淑華,5,簡單方便,2022-06-01 22:59:43
Sherry Wang,5,明細清楚，操作簡單易懂,2022-06-01 16:36:58
江江,5,讚,2022-06-01 16:35:16
隨風漂流,4,讚,2022-06-01 16:13:19
琳,5,查詢清楚明暸,2022-06-01 15:33:03
Yang Robert,5,設定簡易，方便操作,2022-06-01 10:43:39
老安,5,謝謝你們的辛苦付出。,2022-06-01 06:48:46
陳美琴,5,很順暢,2022-05-31 23:19:20
尤文志,1,一直轉圈圈就是進不去,2022-05-31 22:03:26
郭光齊,5,使用便利,2022-05-31 17:59:11
張仲堅,5,很好用的app,2022-05-30 22:12:37
林靜芳,5,很優,2022-05-30 20:00:50
Zilly Huang,5,介面簡單好用！,2022-05-30 19:14:28
Peter Wang,1,從看到可以申請網路otp的訊息，我就想要申請，當時我App的版本號為9.0，到現在已經升級到最新版9.2了還是不能申請。 感謝客服人員的積極服務與回應，App在您回應的當天就已經可以順利開啟了，謝謝客服及工程人員的辛勤與努力，辛苦你們了！ 更新後無法開啟App進行信用卡繳費，還要使用富邦網頁才能繳卡費，相當不方便。 同一台手機已經多次解除安裝重新下載，仍然不能開啟App。 這台手機也有安裝國泰世華、台新、Richart、玉山等銀行的App都可以順利使用，就只有富邦的不行用。,2022-05-30 19:08:24
Elaine Pan,5,簡單好操作,2022-05-30 16:34:26
湯怡香,4,很好,2022-05-30 14:22:19
簡文琪,5,轉帳,2022-05-30 12:07:11
Juining Pai,3,"今天一直登不進去,是在維修？可是電腦版網銀又能登",2022-05-29 21:11:30
屋拉拉,3,widget 的秀匯率可以設定人民幣 美金 日幣以外的貨幣嗎？我想看澳幣為什麼不讓我選,2022-05-29 11:39:15
鐘勻辰,1,一樣的問題🙄🙄🙄幾年了都沒有改善！！按「我的貸款」後就一直轉一直轉，然後一直進不去......,2022-05-28 22:35:04
李恩盛,5,不錯 很好用的程式,2022-05-28 22:15:17
許家彰,5,好用,2022-05-28 21:59:22
Aming Shen,5,系統穩定,2022-05-28 11:27:56
Becky Chou,2,已使用許久，但這一個月很難法成功轉帳，選銀行代碼就卡住，填帳號就直接跳出無法填寫，看起來很多人遇到這個問題，您們有解決嗎,2022-05-27 22:41:16
張翔,5,希望多增設富邦的atm的據點,2022-05-27 19:56:45
Rena Chuang,5,介面功能清楚明瞭,2022-05-27 19:45:53
Marie Wu,3,"不如網銀的友善, 資訊不易一目了然。",2022-05-27 14:52:12
林品妤,5,方便使用,2022-05-27 14:39:57
chiefalex Chang,5,更新的安卓12以後軟體就打不開了，不知道銀行這邊是否有解處理。,2022-05-27 11:21:17
usab s,1,已經知道有人就是會入侵我的網銀，雖然密碼沒被變更，但這是隱私的問題。,2022-05-27 08:04:36
ark liu,5,還不錯,2022-05-26 18:35:00
林國順,4,操作順手!,2022-05-26 16:19:17
施麗娟,5,項目選擇，操作都簡單明瞭 很棒的app 謝謝您們,2022-05-26 13:08:11
Chiu li Lin,5,操作直覺易懂,2022-05-26 10:42:55
LEE APPLE,5,好用,2022-05-25 15:31:28
Alex Tang,5,好用哦！,2022-05-25 06:21:35
Do Regards,1,拒用富邦輸不起集團！,2022-05-24 23:52:16
軒吉,5,反應很快,2022-05-24 22:52:33
Katrina,2,很爛的，登入一直在畫面轉，再這樣下次要剪卡了,2022-05-24 21:25:30
楊世昌,4,正體驗中,2022-05-24 19:11:49
何黑妞,5,很棒,2022-05-24 06:09:01
Summer J,5,基本上還在摸索，但整體的介面非常好 ！,2022-05-23 22:58:52
天帝皇戰神,5,網站介面清楚明瞭,2022-05-23 19:06:18
無心永遠,1,爛app別人數位銀行可以線上認證改密碼，富邦就一定要人跑一趟，垃圾app,2022-05-22 18:29:06
Lydia Lo,5,吊打台x、x新的網銀,2022-05-22 07:57:11
蔡明樹,5,棒的！一,2022-05-20 17:49:32
方小洋,5,👍,2022-05-20 16:43:54
國揚,5,簡單方便,2022-05-20 13:04:52
小米茹（哈妮）,1,為何沒法登入呢？,2022-05-19 20:50:49
Max's mon,4,提高轉帳額度後，在預約轉帳未提高，只有立即轉帳有提高。,2022-05-19 19:12:56
陳昶佑,5,介面好用，用過最棒的銀行！,2022-05-19 14:09:42
郭莉妮,1,顯示登入確一直轉圈圈進不去，然後又自己登出,2022-05-19 09:16:52
Cm Tung,5,very good,2022-05-19 05:38:37
Jiang璟,2,慢，超卡，介面呈現很亂。,2022-05-18 14:46:35
蘇政,1,爛,2022-05-17 14:51:26
歐光榮,1,一直無法下載應用程式,2022-05-17 11:16:23
陳東利,5,系統真不錯用，簡單易懂不卡又好操作,2022-05-16 14:01:49
江東海,5,讚啦！,2022-05-15 21:53:45
劉靜宜,5,好用,2022-05-14 17:47:56
牛來牛去,5,操作簡單易懂,2022-05-14 12:47:26
楊智翔,5,好用,2022-05-14 07:54:14
果汁奶哥哥,2,不知可否更新時改成，截圖時可以在查存款明細時，遮蔽明細存款餘額。,2022-05-13 18:23:34
Waa aagh,5,申請流程和使用體驗非常順暢!!!,2022-05-13 18:01:52
史凱華,1,換了android 系統就一直登不進去，富邦到底怎麼回事，跟其他的網路銀行比你們真的是最落後的，大概只贏瑞興一點,2022-05-13 10:52:36
王士豪,5,還不錯用啦,2022-05-13 03:39:31
w in,5,贊,2022-05-12 12:43:22
胡鳳蓀,1,爛透,2022-05-11 20:38:26
YF Liu,5,好用,2022-05-11 15:58:57
許德龍,5,方便,2022-05-11 12:23:36
Andy Chung,5,APP操作流程很流暢~,2022-05-11 01:49:50
許文騰,1,為什麼一定要wifi才能更新，莫名其妙，家裡就沒有wifi啊,2022-05-10 21:32:28
林雅芳,4,版面清楚明瞭,2022-05-10 15:44:10
鐵鎚,1,收不到動態密碼認證簡訊，完全不能轉帳，這app還剩什麼作用？,2022-05-10 13:25:13
球球（Ball）,5,乾淨簡單明白,2022-05-10 13:19:56
Cne. R.,2,你們應用很煩，一天到晚轉圈圈卡住進不去首頁或任何主畫面，但是關閉重新開啟要再登入就說幾分幾秒已經登入請確認要再登入嗎或取消這次登入，點選確認還是又卡住進不去！搞什麼？！？！自動登出時間也太快，要對帳太不方便！,2022-05-10 08:15:49
Yang Yang,5,讚,2022-05-09 20:08:23
Sean Liao,5,介面簡單易用,2022-05-09 11:31:05
友保許（小寶）,5,方便、防疫、省時，現代人使用最好的e方法。感恩您~,2022-05-09 10:36:30
吳佩珊,5,非常好的 行動網路銀行 方便又快速。,2022-05-09 06:54:13
愛汀克里斯,2,煩死，一天到晚更新,2022-05-09 00:22:55
mandy lee,5,介面直覺流暢，使用很順利方便,2022-05-09 00:09:14
嵐旻,5,Good,2022-05-07 22:53:49
劉小玲,5,快，順,2022-05-07 19:40:25
紫綾,5,頁面操作順暢，自己的存款、基金、匯率，想看的資訊清楚明瞭，是我用過銀行app中最好用的一個。,2022-05-07 10:55:04
王永立,5,很簡單。,2022-05-07 09:51:34
許家萁,5,很好使用的一家銀行app,2022-05-06 21:54:32
Jasmine Chan,5,可以了,2022-05-06 16:24:55
彭勇歷,5,約定戶希望可以更改，或者是可以刪除,2022-05-06 06:23:01
win win,5,讚,2022-05-05 21:17:45
李岳龍,5,介面清晰，稍嫌單調,2022-05-05 20:00:42
Charlie Lee,1,看看國泰世華的，雖然醜但是用起來簡單快速，您們的花在更新的時間上耽誤特別挪出的繳款時間,2022-05-05 17:38:59
雷禪,5,很好用,2022-05-05 17:06:46
erica Lin,5,User friendly,2022-05-05 15:24:30
龍蝦妹,5,操作簡易，便利,2022-05-05 15:17:41
Gloria Tu,4,簡單明瞭扼要,2022-05-05 11:45:29
麥卡倫,5,簡單明瞭,2022-05-05 11:14:26
hsing jao,5,簡單方便,2022-05-05 09:15:47
Chris Chiu,5,方便。,2022-05-05 08:33:22
Bro Bobcat,1,更新後無法查薪資明細了。,2022-05-05 07:54:14
黃俊翔,1,爛系統一天到晚在更新，動不動就不能登，浪費我的時間,2022-05-05 03:28:28
Ivy Feng,5,好用,2022-05-04 23:42:50
ChenEn Tsai,4,近期感覺app有很大進步，未來希望免登即可查看餘額的功能可以設定2支手機,2022-05-04 22:38:25
湖蒂蒂,5,很明確順暢,2022-05-04 22:02:01
Sammy Wu,5,非常好用的app,2022-05-04 21:40:10
Dahone Hsueh,5,功能有增加，穩定度也更好了,2022-05-04 20:09:34
林意帆,1,loading久到爆炸，不斷逾時 連登入都畫面都載不出來的app到底是要怎麼用,2022-05-04 19:42:49
張得美,5,方便，但希望金額可提高,2022-05-04 19:14:30
林昶志,5,工程師們加油,2022-05-04 19:01:41
bubufamily Su,5,nice app! 👍,2022-05-04 15:08:15
張裕昌,1,太爛了，下載5次都失敗 搞什麼鬼？,2022-05-04 12:30:16
周炳聰（阿聰）,5,很方便,2022-05-04 07:37:47
Song宋Grace金貴,1,無法更新和開啟,2022-05-03 19:10:57
ZN WEN Chen,5,便利，介面容易操作,2022-05-03 18:33:48
詹景嵐,1,很當,2022-05-03 17:10:37
32 03,5,讚,2022-05-03 10:46:02
夜櫻楓,5,很方便,2022-05-03 09:17:04
陳沛潁,4,非常不好用，密碼按錯就要找實體銀行處理，非常不便民，換個美金都很難，真不知如何是好，信用卡難用，行動銀行又卡卡，真的…,2022-05-03 00:42:06
李明珍,5,還不錯,2022-05-02 16:49:14
原斗附幼李悅慈,5,方便好用,2022-05-02 16:07:53
簡永昇,5,好用,2022-05-02 14:50:29
尊聖宮簡鴻仁,5,讚,2022-05-02 13:49:19
David Luo,5,操作容易,2022-05-02 13:07:52
張福淼,5,贊！,2022-05-02 07:39:20
俠客小彬,5,簡單易操作，人性化設計...,2022-05-02 06:20:02
黃健雄,5,功能豐富、易操作、穩定。,2022-05-02 01:48:13
Devin Lee,5,好用，順暢,2022-05-01 22:35:15
nancy tzeng,5,很順手,2022-05-01 21:03:42
Gia. yung Gia,5,很好用的ap比它銀都實用操作簡略很讚,2022-05-01 13:46:51
Rice Mia,5,使用上蠻流暢的，但希望信用卡消費紀錄更新能再快一點，這樣才好方便計算自己有沒有超額使用,2022-05-01 13:45:13
小艮艮,5,方便，實用！ 推薦給大家,2022-05-01 10:54:54
Min-Hua Lien,5,好用,2022-05-01 10:44:30
黃忍美,5,好,2022-05-01 09:49:45
輝哥,5,使用很流暢，頁面分類清楚。,2022-05-01 09:33:05
KUEN YANG,5,方便，好用，資料不外洩,2022-05-01 09:24:03
徐月娥,1,一直轉，無法更新,2022-05-01 08:27:55
J L,5,good,2022-05-01 01:42:57
放樣小陳,3,為啥不給更新？,2022-04-30 21:07:29
潘博韜,3,我在用其他程式 這貨自己跳出來說要更新幹什麼 我要用就會去更新啊,2022-04-29 14:54:50
kaiba yang,2,用得好好的 莫名奇妙被登出,2022-04-29 10:50:41
林柏穎,5,優秀,2022-04-28 23:53:26
bear bear,1,無法下載,2022-04-28 19:09:49
莊小莊,1,更新完一直閃退 ......無言,2022-04-28 00:08:02
杜佳峰（小咪）,5,👍,2022-04-27 17:23:51
楊幸惠,1,很難下載,2022-04-27 12:20:22
Nico Kuo,1,爛透了，無法更新,2022-04-26 10:31:09
Ethen Du,5,"非常好使用,希望能在定存可變更機動或固定利率及能改存款期限。另機動利率變化,存款也能顯示新利率,謝謝您!",2022-04-25 20:03:14
BAI QQ,1,強迫更新很不便 可以學其他銀行 不強迫更新也能用舊版 舊版也會有帳務通知 每次打開要用都要更新才能用 很浪費時間和空間 手機很滿又不能更新 新版比舊版多了快30mb 又可以多下載一個app,2022-04-25 14:35:53
陳瓊妙,1,等好久,2022-04-25 11:02:19
SHUN CHI YANG,1,可以不要每次更新一次就把首頁的設定捷徑都重置嗎？每次都要重拉設定很煩,2022-04-25 01:07:50
魏明裕,1,預約轉帳功能快到期能增加通知功能，預約轉帳日期過了，怎麼不能刪除？,2022-04-24 20:11:09
曾宥閎,1,強迫更新後根本登不進去 一開app就閃退,2022-04-24 12:49:54
jeselin,1,強制更新,2022-04-24 11:26:52
Lin Larry,4,介面還不錯,2022-04-23 15:16:55
A Yue,3,不要，一直更新，或是不要強迫一定要更新,2022-04-23 10:15:22
Video H,1,強迫更新,2022-04-22 21:25:54
ALOUIS LIU,5,Good,2022-04-22 07:23:47
林曼玲,1,煩不煩啊！才每隔多久就要更新，是要更新幾次啊，常常就要更新，浪費我的時間,2022-04-22 02:49:05
林小穎,5,還不錯用,2022-04-21 21:59:28
劉劉傑夫,3,好,2022-04-21 10:55:11
吳頌恩,5,讚,2022-04-21 01:38:39
甯彬,4,方便查詢,2022-04-20 23:17:33
董秀娟,2,一直轉圈圈～不讓我更新～不更新可以用嗎？,2022-04-20 23:14:18
L,1,"更新??轉圈轉了半天,就是進不去....",2022-04-20 08:14:38
Vicky Ma,5,介面容易,2022-04-19 21:44:11
蘇小子,5,使用簡單方便明暸,2022-04-19 21:42:47
姜林龍,5,快速、方便,2022-04-19 20:15:09
螢火蟲,5,使用上都很方便 感恩,2022-04-19 13:09:50
楊新明,5,好用,2022-04-19 12:55:04
mifi pan,5,good,2022-04-18 22:01:38
陳中和,5,讚,2022-04-18 14:51:15
Chien jen Hsu,4,good!,2022-04-18 10:43:48
潘玉華,5,收付款很方便,2022-04-17 14:17:43
11謝昌諭,5,好用,2022-04-17 09:26:31
Alice,1,哇...卡在登入畫面一直進不去阿 無限Loading中,2022-04-17 03:09:37
吳曉華,5,非常好用,2022-04-16 18:01:58
吳婉汝小姐,5,好順暢,2022-04-16 15:20:38
Carina Lin,5,方便、便利、好操作，推！,2022-04-15 23:55:26
黃茂舜,4,好不容易▪︎＞豁然開朗,2022-04-15 12:00:45
Chang-Ting Soong,5,使用便利,2022-04-13 17:36:40
Ting C,1,新功能 轉帳新增推播動態密碼 有問題,2022-04-13 11:30:05
時逸鴻,5,好用哦！,2022-04-13 11:28:25
徐軒,2,選擇其他銀行部份會當掉,2022-04-13 09:50:51
win yang,5,讚,2022-04-13 09:39:36
施麗蘭,5,好,2022-04-12 19:28:21
Vanessa Wu,5,APP超級方便，功能強大，穩定度又高 感謝開發人員,2022-04-12 16:36:18
LovingYou由哥,5,加油,2022-04-12 14:32:45
美芳鄒,5,讚,2022-04-12 08:56:11
葉星承,4,方便,2022-04-12 00:43:12
陳小惠,5,方便好用,2022-04-11 19:30:11
Chih Huang,5,好用又實際，來富邦用富邦賺錢靠富邦,2022-04-11 15:01:21
黃于洲,5,不錯，穩定多了,2022-04-11 11:35:46
吳采蔚,5,方便安安,2022-04-11 08:24:58
饒明德,5,好用，快速！,2022-04-11 06:13:10
sakakibara natusma,5,介面清楚好操作,2022-04-10 17:22:26
林盈甫,5,簡單，好用,2022-04-09 21:49:04
江田島平八,5,系統非常穩定，不會有卡卡的現象,2022-04-09 21:43:22
蔡榕恒,1,目前無法本行系統取得連線blah blah blah...,2022-04-09 19:49:06
Dorothy Lai,5,很方便,2022-04-09 16:47:40
Janet Ng,1,信用卡未出帳明細更新也太慢了吧。 用這麼多家不同銀行的APP你們家算是一等一的慢。,2022-04-09 14:28:44
李文國,5,好用,2022-04-09 11:24:26
陳薪棋,1,馬的咧！又要更新了,2022-04-09 06:28:19
Bird Chin,1,這個應用程式的使用者經驗，在號稱科技王國服務創新的台灣商業環境，絕對可以稱上金融手機應用程式之恥！請原諒這樣的形容字眼...因為自己很多好友在這家銀行所以一直很支持，但是長久以來，手機應用程式反應遲緩，動輒閃退然後莫名登入失敗，等待驗證碼的時間可以泡完一杯咖啡有時根本沒有推送！每一筆成功的匯款都是幾次甚至十幾次的失敗累積！和客戶匯款常被誤會我在詐騙！本人期待疫情趨緩，一定立馬返台結束與貴行的所有業務，脫離恥海~！！,2022-04-09 01:05:28
Yung Cheng Feng,5,"穩定性佳,root後也能正常使用,介面友善客制化。跨行轉帳額度可提高或降低,獨步全台,強烈推薦!!!",2022-04-08 19:42:01
kevin Hu,5,目前不錯,2022-04-08 19:28:06
Su Yi-Shan,5,操作方便明確,2022-04-08 18:07:43
Betty Wang,5,很棒,2022-04-08 13:53:27
張至岩,4,更新後，快速登入功能失效。重設也沒用。,2022-04-08 13:26:25
陳全廣,5,讚,2022-04-08 10:26:13
藍婉綾,5,實用.方便。,2022-04-08 00:31:10
陳志達,4,Good,2022-04-07 14:42:29
王國忠,5,很實用,2022-04-07 14:31:41
Eugene,5,比起台企銀跟渣打算好用,2022-04-07 12:57:57
kunyu wang,5,超方便的，人性化,2022-04-07 11:57:50
何小蓉,5,好用,2022-04-07 11:37:43
yi Liu,5,現在一直登不進去有重新下載也是一樣，最近三不五時這樣，是有什麼問題,2022-04-07 11:07:51
林際健,5,方便，效率高！,2022-04-07 11:05:43
Sara Yu,3,薪轉戶的薪資查詢在手機app無法使用啊，點了沒反應，已經很久了,2022-04-07 09:43:18
黃逸青,4,使用你們網銀很久了，基本上已習慣使用介面，不過許多功能還是不夠直觀，需要點許多步驟才能找到功能，最後因為你們也推出了高利活存帳戶，希望你們可以把使用利率以及跨轉跨提次數顯示出來，好方便管理,2022-04-07 08:50:08
龔映如，,4,使用起來很方便簡易！,2022-04-07 01:20:23
林小熊,5,好用！快速！值得推薦！,2022-04-07 00:09:16
JASON YU,5,好用，介面簡單易懂,2022-04-06 22:40:30
guan-jen chu,5,我覺得你們的APP做的很用心，感謝你們的辛勞,2022-04-06 21:10:22
曾雅君,5,很棒,2022-04-06 20:20:55
W Liao,5,很人性化,2022-04-06 19:56:38
周小明,5,很好,2022-04-06 17:25:06
劉春英,5,快速,2022-04-06 09:08:54
光錦Stephen C,5,很棒，世界任何角落都方便，讚！讚！讚！安全又簡單操作。推,2022-04-05 23:12:10
陳育德,5,沒問題，就是好！！！,2022-04-05 18:14:22
陳mimi,5,很棒 操作清楚 非常實用,2022-04-05 15:24:18
Jenny (盼盼),5,使用非常順利，路徑容易,2022-04-04 01:50:03
陳善文,5,還不錯,2022-04-03 20:41:27
林德昌,5,讚,2022-04-03 12:39:43
羅振豪,5,很好用,2022-04-03 00:24:15
Yuan Tsai,5,APP程式寫的不錯，辛苦了,2022-04-02 22:41:43
林宗慶,5,不錯用,2022-04-02 19:25:17
鄭小旻,5,很好,2022-04-02 17:06:42
李正哲,5,介面設計美感有待加強 但系統穩定還是給五顆星，給工程師團隊鼓勵！,2022-04-02 16:49:23
謝騏羽,5,非常不錯用的系統,2022-04-02 13:54:10
蒙玉芳,4,字體太小,2022-04-02 13:44:15
趙清明,5,好用。,2022-04-02 09:18:16
Chia Hsiu Kuan,5,方便使用！,2022-04-02 06:59:35
林家賢,5,Good,2022-04-01 22:57:22
你自己想像吧!,4,介面設計的很清楚，使用上很輕鬆,2022-04-01 19:10:53
Harry Lu,5,介面簡潔好用,2022-04-01 16:48:41
王行,5,日新月異、精益求精，有在進步及改善，按一個讚 ٩(๛ ˘ ³˘)۶♥,2022-04-01 15:15:46
Lucy,5,優質,2022-04-01 14:10:58
frank yang,5,非常棒的設計,2022-04-01 12:54:13
Eric Wang,5,好用,2022-04-01 11:56:22
許錦雯,5,好用，讚~,2022-04-01 10:30:10
王佛朗基,5,還不錯的APP，畢竟富邦分行很少，還是用APP方便,2022-04-01 09:58:49
王海龍simon wang,4,介面清楚好用,2022-04-01 07:45:01
Roger Liu,5,使用體驗完美,2022-04-01 06:39:56
Vinayun Yu,5,迅速，快捷，易懂,2022-04-01 05:34:24
honokiol Tzeng,5,well done,2022-03-29 22:31:48
林文斌,5,ok,2022-03-29 11:46:43
Xuan,5,不錯用，工程師辛苦了(◍•ᴗ•◍),2022-03-28 23:32:19
陳萬風,4,好用,2022-03-28 21:25:51
徐聖智,5,好用,2022-03-27 13:11:51
林金雍,5,富邦銀行給我方便查轉帳款工程師們辛苦.謝謝。,2022-03-27 10:31:57
湯元凱,5,簡單好用，清楚明瞭,2022-03-27 10:19:30
李曉嵐,5,行動網路銀行做的還不錯，個人蠻喜歡這樣的直覺介面，搜尋觀賞都很便利。,2022-03-25 21:45:55
Vivi Chen,1,登入一直轉圈圈，是怎麼使用啊,2022-03-25 21:35:10
jackie hung,5,Good,2022-03-24 14:29:17
Ju Chen,3,目前進不去,2022-03-24 06:24:16
Ro To,1,設圖形快速登入後 就會熱當 一直跳出截圖提醒還關不掉整個擋住畫面,2022-03-24 00:41:53
lin mao,5,"富邦行動銀行APP真的是我用過所有銀行中最簡單 反應最快速 功能最齊全的, 而且功能越來越完善 真的很感謝富邦團隊的努力 讓我可以在手掌中處理財務, 你們辛苦了 真的很棒",2022-03-23 23:40:52
潘鴻山,5,Good,2022-03-23 04:33:48
張瀚元,3,我老了別折騰我,2022-03-22 18:50:54
林惠美,4,很好,2022-03-22 16:03:46
jon Chiang,1,一般登入以後，查個帳務還要再登入一次 手機app縮小再進去，還要登入一次 然後就說重複登入異常，要我等5分鐘 當我時間很多要這樣等app嗎？ 為啥登入後還要再確認一次？ 登入的機制能否改的更簡潔方便嗎？,2022-03-22 15:24:32
Yvonne Tsai,5,介面操作簡單、易入手。,2022-03-21 22:28:36
艾斯湯姆,4,很方便,2022-03-20 21:52:41
陳娟娟,5,介面設計非常的輕鬆容易懂操作方便,2022-03-20 11:47:01
yumi,5,很容易操作的app，非常便利！,2022-03-20 05:47:57
微跛,3,"字體太小,不利45歲以上者使用.希望跟上世界潮流,增加大字型版功能.",2022-03-19 09:48:22
黃昭祥,5,介面清楚，操作方便且迅速流暢,2022-03-17 22:44:20
David66 Lo,5,good,2022-03-17 15:49:10
余彥霖,5,功能多，尚需研究 但真的很方便，感謝貼心的介面。,2022-03-17 11:43:42
陸桂蘭,5,好用,2022-03-16 20:18:34
London,1,程式非常爛 常常登錄不進去要刪除程式才行,2022-03-16 12:53:23
Rudy Chang,1,到底一直閃退是啥小,2022-03-15 23:38:54
王小伍,5,非常喜歡,2022-03-15 22:58:11
涂佳瑩,5,簡單，清楚 方便,2022-03-15 20:52:59
Feng Sheng,1,3/15早上7點富邦ATM無故不能提款，網銀竟也無預警當機，爛透了,2022-03-15 12:14:06
Shiro Ken,3,呃…自動扣款繳信用卡費一直不正常，以為每次更新都會有改善，但還是一樣扣款失敗，這問題很久了；不論是自動扣款還是自己手動繳費，都還是會收到扣款失敗的簡訊…,2022-03-15 09:57:43
lin Cindy,2,今天app是否有問題？連不上去？叫我找行動客服，但也無法連？？？,2022-03-15 07:54:05
Evan Chang,1,卡在網路不穩... 伺服器有問題 就別怪在使用者的網路,2022-03-15 07:51:52
楊凱恩,1,進不去，壞掉了,2022-03-15 07:26:17
涂瑜珊,1,突然無法用，連官網也是,2022-03-15 07:13:53
曾愷德,5,好用 方便,2022-03-15 07:00:57
林睦喬,5,很方便,2022-03-15 05:52:09
張誌元（カナメ）,1,使用說明明明有超商繳費，結果app裡面找半天都沒有，點繳費也只會要我輸入銀行帳戶而已,2022-03-14 20:55:36
劉政佳,5,方便，快速,2022-03-13 21:14:10
王雲（Bob）,5,增加了使用的便竭性,2022-03-13 18:01:57
程家妙,5,方便,2022-03-12 15:11:35
小鳥文,4,簡單好用,2022-03-12 08:54:12
王俊驊,5,方便,2022-03-11 13:06:11
朱邦宇邦宇希望國家愛民不要愛錢愛錢要希望國真的愛人民，不要只愛錢,5,好用,2022-03-11 04:01:54
Yi Wen Chen,4,雖然要再習慣一下目前尚可，有不實用的地方會再修改內容,2022-03-10 23:41:31
michelle Yen,4,除首頁字型小，其餘均不錯,2022-03-10 18:32:00
蕭淑娜,5,方便安全,2022-03-10 17:28:51
luo gold,5,Good,2022-03-10 12:57:33
jk j,3,平安喜樂福恩滿溢圓滿如意成就,2022-03-10 02:21:49
chuan yang,5,Good,2022-03-09 20:48:01
Hamburger Li,5,很好,2022-03-09 19:30:00
陶振新,5,安全、便利！,2022-03-09 18:33:23
袁國鈞,5,使用簡單,2022-03-09 17:33:43
蔣宜蓁,5,可以更好，持續進步,2022-03-09 10:51:02
PK Wang,5,簡明速度快,2022-03-09 09:37:47
Monnie Lin,5,安全有效率,2022-03-08 23:27:11
張進福,2,登入後不能查訊重新下載後無法登入，一直顯示系統忙祿，到底是能多忙,2022-03-08 23:03:42
Shung Judy,5,清楚,2022-03-08 17:47:50
郭小秀,4,轉帳便利好用,2022-03-08 16:39:21
Wei C,5,好用,2022-03-08 10:06:06
紫雨,5,好用,2022-03-08 09:51:06
Jimmy,5,還沒用過,2022-03-08 09:30:46
江道彬,5,簡單易操作,2022-03-08 05:42:08
王小記,5,好好好,2022-03-08 00:03:58
心君,5,方便快速,2022-03-07 23:27:29
陳清香,5,簡便好用,2022-03-07 20:59:46
康雅寧,5,轉匯方便,2022-03-07 20:25:48
ryan lin,5,方便~好用,2022-03-07 16:10:01
林子茗,4,不錯用,2022-03-07 10:29:19
呂美惠,5,方便使用,2022-03-07 08:38:09
許秋月,5,不錯滿意謝謝,2022-03-07 06:01:47
陳旦旦,5,界面明顯使用起來很方便,2022-03-06 22:07:38
Carol Lung,5,使用便利明確,2022-03-06 18:51:19
Marion S,5,使用愉快 一如既往,2022-03-06 17:08:21
黃靖庭STOP,5,Good,2022-03-06 16:10:10
David,5,點選APP之後，只看logo就閃退，一直閃退，一直閃退，一直閃退！ （更新）問題解決，APP好用……,2022-03-06 15:34:05
郭國忠,5,簡單豐富,2022-03-05 19:34:51
C F,5,很棒,2022-03-05 18:45:02
-Deam 迪姆 (迪姆),5,MoMo黑金卡，讚啦。,2022-03-05 17:04:29
HC Hsin (阿獠),5,直觀好用,2022-03-05 12:06:21
蘇珮如,5,系統操作簡便,2022-03-05 11:52:33
Hedy Chiang,5,好用,2022-03-05 08:32:59
Jason Chang,4,更新後一直重啟，無法開啟。 HTC U12+,2022-03-05 02:23:00
CHENㄚ榮,5,好,2022-03-05 01:27:05
yu yu (繡花球獅子),5,希望可以考虑到不方便更新的人，可以选择暂时不要更新。出了墙国再更新。,2022-03-04 23:10:28
仕容郭,4,順暢,2022-03-04 23:06:12
劉翠芳,5,很方便,2022-03-04 22:53:18
陳俊隆,4,網頁與APP塞車問題 有明顯改善了,2022-03-04 20:27:17
陳月霞,3,工程人員辛苦了加油給你按個讚。,2022-03-04 20:12:54
臻陳,5,讚，方便，快速，好用,2022-03-04 19:44:08
許明耀,5,"棒,也給5顆星了 怎樣說有不好的體驗？",2022-03-04 19:06:33
ABBA GUO,5,Friendly,2022-03-04 14:47:43
Eric Lee (艾瑞克),3,還不錯,2022-03-04 13:26:56
Denis Lin,1,好爛，一直登不進去，空轉中,2022-03-04 12:27:01
Kang Leon,5,目前已正常可使用,2022-03-04 09:39:36
Jerry Huang,5,順暢老用,2022-03-04 08:44:36
Abullah Yu,5,好用,2022-03-04 01:45:55
nowhere more,3,畫面清楚,2022-03-03 21:59:41
寧靖,5,富邦銀行是為數不多，有認真在開發網銀系統的銀行，很棒，加油！👍🏼,2022-03-03 20:12:58
柯乃寧,5,很方便，好使用,2022-03-03 18:56:33
王子健,5,非常好用的軟體,2022-03-03 17:24:34
Richard Lin,5,很好用！,2022-03-03 17:21:22
王健勤,5,使用方便清楚明顯,2022-03-03 16:48:23
李振芳,5,超棒的服務,2022-03-03 15:33:48
鄭美華,5,簡單好操作,2022-03-03 13:20:07
Stanley Lin,3,無法使用快速登入,2022-03-03 13:09:41
York YEH,5,方便及實用,2022-03-03 10:32:38
游承興,5,方便，清楚，簡明，穩定。,2022-03-03 10:19:57
文子,5,簡單又便利,2022-03-03 09:44:01
陳怡君,5,好用,2022-03-03 08:24:48
許世民,5,程式精巧、功能完備、簡潔就是美,2022-03-03 07:54:26
江政達,5,Good,2022-03-03 07:11:06
Sylin Yeh,4,順利,2022-03-02 20:06:30
鮑光偉,5,很好,2022-03-02 19:52:21
溪水邊,5,轉帳方便，可設定每月預約轉帳款項，也可存入常用轉帳帳號,2022-03-02 18:48:59
陳莉蓉,5,好用，又快,2022-03-02 18:35:26
楊璦禎,4,方便，好用,2022-03-02 18:30:08
邱怡玲,5,操作簡單方便,2022-03-02 17:39:34
Sylvia Lai,5,蠻便利的，使用很順暢,2022-03-02 16:02:24
布爾喬亞,5,方便操作且系統穩定,2022-03-02 13:56:59
恒嘉許,2,為何不能下載存摺明細比如pdf檔,2022-03-02 11:45:44
雅君,5,方便,2022-03-02 09:47:15
Yuansyun Yeh (葉元勳),5,介面好用、設計的不錯,2022-03-02 09:15:08
鍾朕豐,5,好用方便,2022-03-02 08:36:55
Alice Lin,4,查繳卡費很便利,2022-03-02 08:32:31
林悅勤,5,很順手方便,2022-03-02 01:32:19
cheh tung,5,好用,2022-03-01 18:19:41
詹大衛（俠客）,5,還不錯,2022-03-01 17:23:47
欸欸欸別別別,5,贊,2022-03-01 16:29:16
陳義竣,5,很方便，不用跑銀行。,2022-03-01 15:52:45
任義弘,4,So great.!,2022-03-01 15:24:57
翠文王,5,簡單易懂好使用,2022-03-01 12:14:09
趙建豐,5,讚,2022-03-01 11:19:44
何佳蓉,5,轉帳非常方便,2022-03-01 11:03:04
Joey Lee,4,介面簡單方便實用，但一直無法成功使用指紋辨識登入，甚為可惜,2022-03-01 10:53:49
Catherine Chen,5,非常好使用！,2022-03-01 10:13:50
郭玉龍,5,非常便利的APP，讚！,2022-03-01 08:46:39
蔡靜宜,5,很方便,2022-03-01 08:43:49
禰豆子,5,很方便。,2022-03-01 08:30:07
劉富賦,1,信用卡會員登入後卻無法看信用卡消費明細？,2022-03-01 08:20:18
莊耀茗,5,讚,2022-03-01 01:40:28
小豬豆瓣醬,1,登入畫面卡住進不去很久了 要用來查詢卡費的體驗非常不好 已卸載,2022-02-28 23:57:09
曹慧君,5,很Friendly的使用介面。,2022-02-28 07:39:19
李小裕,1,登入代號是輸入什麼東西，也沒提示……,2022-02-27 10:43:28
陳怡沁,4,為什麼我的手機無法轉賬手機型號nokia8.1手機畫面上顯式偵測到本行動手機有連線風險為保護賬付安全暫不開放非約定賬戶服務應該如何設定。,2022-02-26 22:55:56
蔡葉子,1,今天無法登入富邦app，閃退很嚴重，系統更新請麻煩趕快處理，不然我怎麼開啟app使用😤😤😤,2022-02-26 19:59:55
黃智慧,5,簡單操作 很好用,2022-02-25 17:05:39
顧文豪,5,好用,2022-02-25 16:21:33
"Kung,Cheng Chiu",4,贊,2022-02-24 21:01:09
Andy,5,好用的App,2022-02-23 19:45:32
NienYi Chen,5,介面清楚，第一次使用就很容易上手。,2022-02-22 20:44:40
陸沁華,5,很方便,2022-02-22 11:55:36
Karen,4,為何無法開啟App呢,2022-02-22 11:07:08
張延泰,5,快速親切,2022-02-22 10:38:49
鄭立泰,5,好,2022-02-22 08:01:59
劉寶茱,5,便利方便,2022-02-21 01:18:51
趙偉帆,5,很棒的操作介面，簡單易懂,2022-02-20 23:00:51
Aa A,5,簡單明瞭好用一字讚,2022-02-19 19:24:33
bemer318 chen,5,好,2022-02-18 14:12:25
Shirley Chen,4,方便使用,2022-02-17 20:50:15
陳哎踢,5,好用的app,2022-02-17 15:15:01
彤彤,4,簡單快速好用棒,2022-02-17 11:03:42
梁家銘,3,One UI 4.0無法登入,2022-02-17 08:30:13
Wu SHU jing,5,Good,2022-02-17 01:06:58
盧雪倫,2,今日一直無法下載，一直在等待中,2022-02-16 08:37:14
su norman,2,請一下我的最近升級安卓12系統，一直卡再富邦行動銀行，無法跳出登入的選項,2022-02-15 15:50:19
吳祥盛,5,Google Pay,2022-02-15 12:58:17
kevin Shawn,1,無法登入好幾天了你們到底在幹嘛！？,2022-02-15 12:38:05
陳心成,5,好用。讓客戶使用者方便很多。謝謝,2022-02-15 12:20:08
林永雄,5,好用,2022-02-15 10:01:17
游雅婷,5,很好用。,2022-02-14 15:26:33
hsiangchen tsai,5,很好用,2022-02-14 08:27:57
Winnie Wang,5,很棒，很流暢,2022-02-13 14:35:26
Lighdark Chang,5,自己帳戶假日繳款也能立即恢復額度，十分方便。,2022-02-13 11:33:25
黃玉樹,3,存款選項不見,2022-02-12 07:17:21
Gary Lin,5,快速好用,2022-02-11 23:14:30
Johnny Lin,5,轉帳省時,2022-02-11 17:20:16
張俊民,5,介面簡單，容易操作,2022-02-11 14:06:36
吳秀芳,5,每次去到「士林中正路」上的實體據點，可以體會到服務人員的真心、熱忱的服務，很想幫助您；當然櫃檯人員亦是如此的素質和熱度！哇！每次去到該據點，都感覺十分舒暢。另外ATM和網路銀行都速度超快，感謝工程師的用心和專業。,2022-02-11 13:47:00
Way Chen,5,good!,2022-02-11 12:17:04
XP “Pipiro” Liou,5,能夠登入後，就找到客服專區，線上真人客服系統方便、好用！不用再電話或上網查網頁，很方便又貼心的設計。不過對話紀錄過程中，每隔不到5分鐘，就一直跳出提醒，即使在打字也會出現，這點有些令人困擾。,2022-02-11 11:20:27
A,5,簡單操作,2022-02-11 01:43:44
陳寶華,5,網路銀行很實用,2022-02-10 21:12:20
楊鎮安,1,根本無法下載，無法更新。,2022-02-10 18:46:32
LUNG HUI,5,清楚實用,2022-02-10 09:40:37
宜芳謝,5,簡單、清楚、明暸！ 工程師們能幹、有用心！,2022-02-10 01:01:20
Kevin Huang,5,很方便,2022-02-09 22:56:20
莊坤濱,5,棒,2022-02-09 22:47:41
小鄭,5,好用,2022-02-09 11:25:00
James Wang,5,厲害,2022-02-09 09:59:53
Robert Liu,5,操作簡單方便,2022-02-08 21:35:52
莊金連,5,非常讚,2022-02-08 16:57:43
邱小君（水金君）,5,簡單操作介面，good,2022-02-08 15:00:21
jason xu,3,haihao,2022-02-08 13:55:51
許Michael,5,很順，很流暢,2022-02-08 10:48:56
noah Kuang,5,簡捷好用！,2022-02-08 10:02:48
Hero,5,好用方便,2022-02-08 09:20:21
許淑珠,5,清楚易操作,2022-02-07 22:10:29
Willy Hsu,3,不錯丫,2022-02-07 20:56:08
力仁鄧,5,方便,2022-02-07 19:33:49
匡世皓,5,好用,2022-02-07 18:07:32
陳奕林,5,"很棒,,,",2022-02-07 15:23:48
big yellow min,5,方便,2022-02-07 14:48:06
陳錦樹,5,簡單上手,2022-02-07 11:08:52
LANLAN SHEN,5,很好用,2022-02-06 14:06:08
王佩蓁,5,系統很容易操作，簡單明瞭，讚！,2022-02-06 11:37:11
Peggy Cheng,5,使用上手迅速,2022-02-06 10:19:23
林瑩,5,運作順暢，介面簡潔，資訊清楚讓人容易掌握。,2022-02-06 08:10:15
Shuman Lin,5,方便，好用,2022-02-06 05:00:27
daniel Huang,5,太棒了,2022-02-05 21:18:54
王建華,5,好用,2022-02-05 20:32:22
Jessica Ruan,5,遠勝中國信託app,2022-02-05 19:59:03
粉紅露露,5,好用 方便,2022-02-05 18:36:08
Lee思彤,4,很方便,2022-02-05 17:49:51
Kevin Lin,5,愈來愈順了 讚！,2022-02-05 17:36:06
闞安順,5,用起來還不錯,2022-02-05 14:44:30
楊開耀,5,很方便,2022-02-05 05:02:10
和光惠,5,非常滿意,2022-02-04 21:54:51
Joy Hsu,4,不錯的使用方式，比舊有的快速很多,2022-02-04 19:41:01
Yueh-Ling Cheng,1,很順暢,2022-02-04 19:11:48
Jason,5,讚！,2022-02-04 17:25:58
Sandra Chen,5,速度快，不會當當的！,2022-02-04 16:11:01
何忠琮,5,方便,2022-02-04 11:06:30
陳芓澖,5,good,2022-02-03 13:52:37
hu long,5,"在作業流程,很流暢!加油!值得:給5,星",2022-02-03 01:55:14
Lotus Lee,5,簡單好用,2022-02-03 00:43:39
王茂松,5,工程師相當優秀,2022-02-02 12:42:39
K H,5,好用，方便非常棒的app! 大推,2022-02-02 12:08:33
Mickey .kang,1,一直進不去,2022-02-01 22:06:19
千芳林,5,好用方便,2022-02-01 20:11:09
郭阿全,5,好用。,2022-02-01 14:29:43
丁小茵,5,很方便使用，謝謝！,2022-01-30 10:34:34
顏美光,5,介面不錯,2022-01-30 09:44:22
章培堅,5,方便省時,2022-01-29 17:28:20
Grace,2,希望轉帳後的明細能點選隱藏可用餘額，很難截圖給別人...,2022-01-28 17:52:55
teng chun,4,讚,2022-01-28 11:54:50
Ulong Kao,5,簡單易懂,2022-01-28 09:10:26
陳育良,5,使用者介面邏輯清楚，UI反應速度佳,2022-01-27 08:23:56
Sam Kidbad,5,👍👍的,2022-01-26 19:54:12
aven chine,5,非常清楚明了！,2022-01-26 17:32:17
黃慧娟,5,"方便,辛苦了",2022-01-26 11:39:30
Andy Yeh,5,處理速度快，資訊豐富，功能齊全，非常好用! 感謝您們提供的優質服務哦!,2022-01-26 11:22:58
Sheng Mike,5,讚,2022-01-25 21:43:47
ricky hsieh,4,要線上信用卡繳停車費，但系統上無法選擇卡片有效月份中的2月份(任何年份的2月都無法選)，可以幫忙確認一下嗎？ ==》目前我已經收到新卡，且也開卡成功，新卡可正常使用了！謝謝,2022-01-25 16:51:53
Ken HU,4,目前沒發現問題,2022-01-25 16:05:08
Chris Lee,1,信用卡活動登錄系統爛到爆，銀行賺這麼多錢有什麼用，後台系統建立的這麼爛,2022-01-25 14:06:08
Thomas Kuo,5,使用方便,2022-01-25 14:01:45
Ryan Lin,5,已經有改善了，謝謝。,2022-01-25 13:25:59
W A,2,信用卡 賬單繳款明細 希望可以加上 繳款人的繳款日期，明明準時繳款還是被收循環利息,2022-01-23 15:55:23
小小黃,1,下載一直在等待,2022-01-22 20:27:04
Alica Yen,5,掌聲響起,2022-01-21 22:37:23
蘇國華,5,讚,2022-01-21 21:41:28
Cian Pei Jiang,2,登錄畫面忽然整個空白，看不到東西,2022-01-21 15:20:05
Syea Ter,5,方便快速,2022-01-21 03:43:03
蔡腕育,5,好體貼,2022-01-20 14:01:22
智棋,4,資料找尋很快，可以多一個操作說明會對第一次使用著，或是老人家會有更好的幫助。,2022-01-20 14:00:16
林俊榮,4,Good,2022-01-20 13:20:32
Chih Ju Hsieh,5,還滿好上手的，介面簡單好用,2022-01-20 01:44:50
WI KI,1,不能用,2022-01-18 18:06:59
謝仲豪,5,好用不麻煩,2022-01-16 19:52:29
周衣惠,5,好用,2022-01-16 16:03:39
楊碧玲,5,非常簡單易懂，讓客戶馬上上手,2022-01-16 14:57:18
gerald cheng,1,為何顯示五分鐘內重複登入，以前不會,2022-01-16 11:46:56
噗島太郎,5,目前體驗不錯,2022-01-16 01:55:17
Renee Chuang,3,一直loading?當機？,2022-01-14 20:44:37
謝豐隆（TOYO）,4,有人登入富邦網路銀行的時候、系統會郵件通知我！ 但通知的時候為何不要直接表示是哪一個帳號被登入？我有公司/個人合計4個帳號、我哪知道哪一個被登入？ 這個系統分析誰做的啊？非常困擾！,2022-01-14 19:13:56
Yu Jung Huang,5,使用簡單，非常方便！,2022-01-14 16:36:42
林姿亭,5,使用方便，非常好👍👍👍,2022-01-14 10:17:22
Garden Kuo,4,還可以,2022-01-14 08:53:24
連智明,4,讚,2022-01-14 07:29:50
tanya ku,5,方便明瞭帳戶明細,2022-01-13 23:47:51
鄭佩琪,2,換手機 在也進不去此APP,2022-01-13 21:35:34
chrissie tsai,5,富邦行動銀行介面好用 👍,2022-01-13 20:32:38
魏碧如,5,方便 實用,2022-01-13 18:06:55
吳冠霖,5,讚,2022-01-12 22:01:41
李志華,5,方便快速,2022-01-12 21:37:39
paul Ku,4,使用算方便，希望有條碼繳費選項,2022-01-12 13:22:23
陳儀如,1,"一直無法使用指紋密碼,都在Loading頁面，要是沒這個功能就不要顯示在介面上，浪費時間在等待還要重新登入.很糟糕的app",2022-01-12 10:56:10
Martin Chang,4,快速方便，有驗證！😊,2022-01-11 11:37:45
Hank Lin,5,Android 版本更新後 即使重新開機也無法開啟此App 不知其他使用者是否有相同狀況？,2022-01-11 11:22:03
鄭佳宜,5,Good,2022-01-11 00:40:13
戴栢堯,5,GOOD,2022-01-11 00:28:00
SANDY CHEN,5,操作簡單快速，又方便！,2022-01-10 23:47:54
Class Chen,1,一直跳出截圖會洩漏個人賬戶資料的警示，沒地方可以關掉,2022-01-10 21:29:52
廖海彤,5,👍,2022-01-10 16:53:56
Baker Harper,4,基本上很棒，但還可改進。例如： 1. 信用卡優惠登錄時，做個全選、全部取消的鍵。 2. 用圖形（點、線）登入時，增加「隱藏軌跡」的選項，以免在外使用不便。,2022-01-10 15:07:24
matrix2013,5,很好,2022-01-10 14:21:59
Nancy Su,5,辛苦了，謝謝,2022-01-10 09:22:58
郭俊廷（南區出境本部前金同業部二課）,5,很完善,2022-01-09 14:15:04
張宇翔,5,介面很一目瞭然,2022-01-09 11:11:20
Gina Hsu,5,方便,2022-01-09 01:50:23
蔡JACKIE เอกชัย,5,非常好，非常方便，謝謝您們。,2022-01-08 20:48:59
陳新民,5,超好用,2022-01-08 10:53:21
吳世琮,5,很棒,2022-01-07 23:58:43
蔡宜靜,4,為什麼不能使用了？？？,2022-01-07 23:54:14
cassie,1,幫幫忙，系統從傍晚到半夜連續數小時顯示“線上人數太多，導致無法使用”，非常不方便，貴大公司可以加油改進嗎…很令人困擾,2022-01-07 23:04:08
Roy Yu,5,好用,2022-01-07 21:58:56
Andrew Wang,1,請問貴行的IT到底在幹什麼？這麼多間網路銀行app就你們故障最多，不知道通常會用到都是急用嗎？app掛掉就算了連網頁也掛掉幾個小時還處理不好，難以理解,2022-01-07 19:24:45
GINO HSU,1,急要用的時候 就連不上去，不穩定。,2022-01-07 19:23:21
邱晏玲,1,無法登入,2022-01-07 18:53:26
Hsuan H.,4,有不斷更新，但還是常常卡住……,2022-01-07 18:47:26
LIV CHOU,1,一直說沒網路，但我明明有,2022-01-07 17:41:41
Kris Chen,1,APP掛掉完全無法使用，數位客服等超久，也沒有回應，打客服電話，又請你留電話等數位客服回復，什麼爛服務品質，傻眼！,2022-01-07 17:36:36
林政豐,3,今天無法登入，我還重心刪除，下載一樣,2022-01-07 17:21:11
MINMIN HSU,5,好用,2022-01-07 10:05:30
Diana Lin,5,使用順暢,2022-01-07 08:52:42
Jean Chen,5,版面清楚好用,2022-01-06 21:10:33
吳zong,1,即時通知不會跳出來刷多少錢。 還要登入爛,2022-01-06 20:54:39
潘國隆,5,用很習慣了,2022-01-06 18:41:07
林烏諾,4,操作很便利~,2022-01-06 17:01:08
Tommy Hsu,5,介面清楚 簡單快速,2022-01-06 16:28:02
陳彩霞,5,快速 便利,2022-01-06 16:01:35
Peter Yang,5,好用,2022-01-06 12:12:32
優雅蝶兒,5,易懂好操作，非常好用。,2022-01-06 11:05:57
周Martina,5,順暢,2022-01-06 09:31:42
-燕子,5,查看明細，操作不卡關，很便利，謝謝,2022-01-06 06:11:44
廖嘉惠,5,服務佳,2022-01-06 02:41:22
陳秀雄,5,"對比其他網銀,優質",2022-01-05 21:27:35
張芠睿,5,期盼～能跟國泰銀app.哪樣…設計更便利完善又好用！加油～😀,2022-01-05 20:11:17
yunp chen,5,操作簡單明瞭,2022-01-05 19:44:02
楞嚴會上,5,good,2022-01-05 13:07:32
馮振武 Jerry Feng,5,APP在實用性與效能有大幅進步，加油！,2022-01-05 11:03:29
黃茶茶,5,方便，好操作,2022-01-05 10:23:57
朱蚵仔,5,好用,2022-01-05 08:07:08
好天氣,5,方便快速,2022-01-05 00:15:35
簡玉琳,5,方便使用,2022-01-04 23:23:22
Diana Chou,5,簡單好用適合老人,2022-01-04 21:27:10
李玉鳳,5,操作便利又快速,2022-01-04 20:12:53
郭佳雁,5,若可以指紋辨識登入就更棒了✌,2022-01-04 19:55:07
Mong-wei Liao,5,就...很好用啊😒,2022-01-04 19:47:47
WAVE CHEN,5,使用上還算清楚方便，LuckyPay運作也正常可以掃其他家的銀行QR code,2022-01-04 14:31:14
Cindy jo,5,不錯，介面乾淨清楚,2022-01-04 10:38:38
吳福伸,3,不夠直覺,2022-01-04 08:53:29
林漢泉,5,操作使用上一切良好，有帳戶相關訊息會主動通知，對沒常登入網銀查看的人，等於提供了一個懶人管道,2022-01-04 08:44:07
Joey Liao,5,方便操作簡單易懂,2022-01-04 08:13:34
Yvonne Ting,5,👍👍👍,2022-01-04 07:44:06
邱婷子,2,系統都一直進不去,2022-01-04 01:16:14
yihyan chen,5,不錯喔,2022-01-03 23:20:45
李佳明,4,介面簡潔，操作方便,2022-01-03 18:12:22
詹筱雅,5,好用方便 安全,2022-01-03 17:37:31
黃銘讚,3,方便使用的,2022-01-03 17:04:12
Mei-Fang Chiu,5,便捷好用,2022-01-03 16:34:17
Huei Yang,5,"先莫名的無法使用指紋快速登入！當重新設定密碼後，再也無法設定完成快速登入功能，畫面一直停留在""Loding""，沒完沒了直到出現視窗告知“登出”？？？",2022-01-03 16:22:12
惜欣陳,5,好,2022-01-03 14:48:20
陳國勝,5,Ok,2022-01-03 13:56:27
Gomaze Chien,5,操作方便,2022-01-03 13:07:46
Google 使用者,4,luck pay 會閃退,2022-01-03 09:46:55
振偉,5,非常方便,2022-01-02 21:56:12
KE-TING CHEN,5,畫面直接好用！,2022-01-02 21:39:00
Lily Lee,5,易查詢,2022-01-02 21:29:22
Jin Yang,5,簡易清楚好操作,2022-01-02 11:52:59
Pey Wung,4,很好,2022-01-01 21:54:42
E.T GOYUR,1,更新後不給ROOT手機用，這種鳥規定歧視用戶只能給1*。,2022-01-01 21:47:08
無名,3,不錯用,2022-01-01 20:35:08
chiaying wu,5,直覺好用,2022-01-01 18:26:34
李Jane,5,順手好用,2022-01-01 15:48:17
林泊堰,5,方便又實用👍,2022-01-01 12:54:07
Bert Hu,5,讚,2022-01-01 10:54:32
minsheng cheng,5,讚,2022-01-01 07:13:38
高甄甄,5,方便實用知道訊息很快,2022-01-01 04:50:51
Silano Chen,1,更新后无法使用，闪退，之前是正常的，到底在搞什么鬼,2021-12-31 16:59:39
Karen Teng,5,UI很不錯，看起來舒服,2021-12-31 09:34:41
宜盈,5,清楚明瞭超方便,2021-12-31 08:08:14
黃文璘,5,很快速,2021-12-30 19:31:34
Betty Ji,5,喜歡記帳功能,2021-12-30 18:36:50
Mike Hsu,5,讚,2021-12-30 10:35:08
宜虹甄岑小舖,5,謝謝,2021-12-29 14:36:48
Peter Lo,4,測試,2021-12-28 23:29:27
Gina Wen,5,👍,2021-12-28 21:33:45
Ying Hua Chao,5,簡捷好用,2021-12-28 17:42:24
蕭宗億,5,使用起來順暢,2021-12-28 17:31:59
劉曉薇,5,使用流暢,2021-12-28 15:46:44
張嘉麟,5,蠻好操作的,2021-12-27 16:12:31
林世銘,4,很方便的系統,2021-12-26 14:11:02
木木,3,介面可以設計簡單可愛一點嗎,2021-12-25 17:26:16
梁祺,5,讚讚讚讚讚,2021-12-25 11:49:09
Chen Henry,5,更新後無法登入，會閃退，我的手機是oppo A75，系統是android，請改善，謝謝 問題修正後重新給星,2021-12-24 21:17:44
洪宗慶,5,很方便實用,2021-12-24 17:53:00
蔡LANLAN,5,很快，介面很清楚！,2021-12-24 16:34:53
肝苦の人生,3,今天更新後直接閃退，重新安裝後也是相同閃退狀況，無法進入App，這手機型號是ZenFone 4 pro，系統本身也沒動過，也重新開機過再重載安裝，仍無法進入，之前使用都正常登入，希望可以改善,2021-12-23 16:35:14
陳包足,5,操作方便易懂,2021-12-23 15:34:10
楊東東,5,好,2021-12-23 14:01:08
Chen Lynn,1,普普通通,2021-12-23 12:12:40
Huang GoGo,3,沒有統計整年消費記錄，及刷卡次數，玉山做的比你們好。加油一點。,2021-12-23 11:56:20
Phoebe Li,5,"Like it, vry useful",2021-12-23 07:22:49
蔡森州,5,好方便,2021-12-23 04:16:41
陳俊男,5,好用,2021-12-23 03:24:42
章國樑,5,方便,2021-12-23 01:13:49
fy liou,5,清楚易用，我的基金查詢畫面一目瞭然,2021-12-22 22:11:35
Younger Marinayang,1,不好用要停好久,2021-12-22 13:25:28
陳敏足,5,操作方便簡單一目了然,2021-12-22 10:40:33
林宏輝,1,我一直無法下載應用軟體使用，幫幫忙,2021-12-20 10:52:53
胖胖,1,用了幾個月才發現，轉帳居然要手續費，其他行動銀行都有幾次免費，我要換銀行存錢了,2021-12-20 08:44:35
Joe Hsieh,5,好用的銀行app,2021-12-19 11:45:38
Sarah Shen,5,介面清楚好用,2021-12-18 17:27:05
關谷,5,希望添加元宇宙的功能,2021-12-18 12:13:32
歐育智,5,讚→♾️,2021-12-17 15:20:10
翁彤瑄,5,方便,2021-12-17 13:27:48
楊文彬,5,"好用,又方便",2021-12-14 14:44:55
黃又陸,5,"操作簡易順手,感謝！",2021-12-14 14:40:52
hsinhsin tsai,5,好用。繼續加油！！,2021-12-13 21:18:16
林麗秋,4,淺顯易懂,2021-12-13 17:37:21
陳慧洳,5,很好用,2021-12-13 11:16:37
Simeon Chen,5,很滿意 使用方便,2021-12-13 09:19:22
李世國,5,方便,2021-12-13 08:55:22
ch huang,5,雖然自己用到的功能不多，但有用到的功能都非常好用，介面也很方便操作，請繼續加油！,2021-12-12 10:34:28
何承恩,5,good,2021-12-11 21:34:30
Susan Liao,4,不錯,2021-12-11 20:07:34
M H,4,App一定要更新。更新又一直等待中，無限迴圈！,2021-12-11 12:23:55
金智國,1,遲遲不能下載等很久系統是怎樣？ 到底等多久,2021-12-10 18:12:37
洪花花,4,可以快速登入,2021-12-10 17:42:35
林慧玲,2,等等等，等了那麼久還沒有辦法聯結,2021-12-10 12:48:15
老猴兒,5,讚,2021-12-10 00:13:07
Hexagonnokun,5,剛開始用，目前滿順的,2021-12-09 23:40:32
Rojas CHEN,5,讚！好用,2021-12-09 11:36:27
Xing M.,5,👍👍👍,2021-12-08 20:19:04
江YUJI,5,介面蠻好用的,2021-12-08 12:38:03
Winson Tsai,5,App用到現在沒什麼問題,2021-12-08 00:47:44
鄭振華,2,連線常異常，使用不如別家好用,2021-12-07 20:40:43
王逸家,5,好用,2021-12-07 15:40:06
DARK達,1,爛 沒法安裝,2021-12-07 14:06:40
Juno Chen,4,還可以,2021-12-07 12:27:34
陳家宏,5,簡單方便操作容易,2021-12-07 10:54:51
胡啟中,5,方便就手,2021-12-07 10:41:36
boy520168,5,讚👍👍,2021-12-06 23:14:17
江啓民,5,查詢顯示明確完整，清楚易懂。對於程式易於上手。很讚。,2021-12-06 14:38:08
廖永輝,5,讚,2021-12-06 11:29:28
Emily Yu,4,帳戶查資料,2021-12-06 08:40:28
陳俊豪,1,要下載app，一直在等迴圈，真難用。,2021-12-06 07:59:40
曾慧蓮,5,非常順暢,2021-12-05 12:11:55
周子,5,很便利,2021-12-05 09:30:55
Liu Fency,5,簡單明瞭，後操作方便,2021-12-05 07:22:53
Irene Ho (何亞霖),5,友善、方便的理財好幫手,2021-12-04 08:31:32
Wang Stacey,4,介面乾凈,2021-12-04 07:00:29
Rock Liao,5,功能不錯，克服小姐很親切,2021-12-04 02:38:20
May Wu,5,讚！,2021-12-03 21:35:49
黃彥,5,越來越實用，簡單上手,2021-12-03 17:53:49
漠視塵寰,4,好,2021-12-03 14:08:01
Chen-Chia Kao,5,使用上順暢,2021-12-03 10:15:23
Angel Wu,5,自己使用過後是非常方便又快速，不用特別到臨櫃辦理，這種體驗真的很滿意😃😃😃,2021-12-03 09:56:30
鄭喧,5,很好用,2021-12-03 09:25:26
陳Andy,5,好,2021-12-03 07:53:14
CC Tsai,4,直覺式很好用，真用心,2021-12-02 22:40:08
Chang pp,1,我的手機是紅米note7 Pro 按登入會顯示發生位控制錯誤 u n c a u g h t e r r o r：m a l f o r utf-8 data,2021-12-02 21:08:27
max HOU,5,界面方便使用,2021-12-02 17:04:01
茶唯馨,5,方便好用,2021-12-02 15:23:46
Jacob Cao,5,畫面及各項功能設計簡潔，非常方便使用。,2021-12-02 12:32:15
Ming-Pu Tu,5,好用，便利，清楚,2021-12-02 12:01:12
熊月華,5,簡單明瞭,2021-12-02 11:12:56
錢宣浩,5,Good,2021-12-02 10:42:34
陳天明,5,在銀行app裡面算是我覺得比較好用的，不拖泥帶水,2021-12-02 08:39:25
張小瑄,5,好用 很方便 很感謝,2021-12-02 08:26:55
Bess Huang,5,操作方便,2021-12-02 07:23:22
Crystal Lu,4,介面簡單，容易操作,2021-12-02 01:19:54
翁同榮,5,Very good~,2021-12-01 18:12:37
錢錢,5,真好用,2021-12-01 14:37:28
賴美惠,5,好用,2021-12-01 12:48:18
呂丙寅,5,還不錯用的APP簡單明瞭,2021-12-01 12:37:51
Hl Yu,5,Good,2021-12-01 11:49:40
Matt Lv,4,流程順暢，功能算是齊全,2021-12-01 11:24:26
妍月,5,透過網路銀行，節省我到銀行轉帳的時間，真的是非常棒APP，值得推薦大家快去銀行設定自己的網路銀行吧。,2021-12-01 11:07:40
Chien-Hung Liao,5,介面覺得做的還不錯,2021-12-01 11:03:40
Jacob Su,5,操作方便,2021-12-01 09:49:49
徐若望,5,便利、敏捷。,2021-12-01 09:24:35
陳宗鈞,5,All Good,2021-12-01 08:54:19
孫綺 蓮,5,很好,2021-12-01 08:27:44
呂姿瑩,5,使用方便,2021-12-01 07:10:35
larry huang,5,方便/省時/免費轉帳,2021-12-01 00:03:48
G D,1,無法非預約帳戶轉帳，麻煩請改善,2021-11-30 13:38:20
Ivy Tai,1,爛到爆特別是客服處理態度,2021-11-30 11:37:46
王明源,5,方便，迅速,2021-11-30 10:49:14
維多多,1,更新壞了,2021-11-30 00:24:57
Cherry Kevin,5,Good,2021-11-29 21:17:23
高正峯,5,系統運作快速,2021-11-29 15:30:00
Sherry Huang,2,信用卡會員登入，每次輸入完帳號密碼後就一直轉圈圈，然後過沒多久就顯示說已登出，根本都沒辦法查帳款明細或是繳費，很難用,2021-11-28 19:22:13
Chris Lu,1,App更新不了,2021-11-28 16:48:41
周清萬,5,很好,2021-11-28 03:09:51
黃俊儒,1,沒有辦法轉帳,2021-11-27 11:10:30
真理天道寶光元德,1,紅米note8 pro miui12.5.1 登入後一直loading畫面，解除重安裝也是一樣，貴公司該善半年也還是一樣，廢,2021-11-26 09:52:36
陳芳妃,5,方便迅速,2021-11-25 23:38:19
洪莉惠,5,簡易清楚使用方便,2021-11-25 23:17:08
陳艶華,4,貼近人性,2021-11-25 22:43:26
Ming-Hwa Pai,5,很好,2021-11-25 14:20:51
wenyin chou,5,很好,2021-11-25 12:50:31
Nini Lee,5,好用,2021-11-25 12:49:09
PeiJyun,1,換手機之後發現無法非約定轉帳 ，錯誤引導標示不清楚，致電行員說轉帳功能有開她也不知道為什麼不行 ，致電客服客服語音選項也沒有合適的分機，只好隨便轉到不相干的業務再請轉接，根據客服的說明處理後還是不行，而後發現app有轉帳選項開啟後根據提示等到早上八點後還是不行 決定再也不要用富邦了，心累,2021-11-25 09:46:35
江素妙,5,真好用,2021-11-24 16:45:30
Ya Yang,3,信用卡用戶登入都Lag超久，也太爛,2021-11-24 08:23:43
Han Hsuan Chu (CHH),1,需要一直更新 系統不穩定,2021-11-23 18:57:28
Andrew Shih,5,富邦的各種App越來越好用了，比實體銀行的真人服務好多了。,2021-11-23 15:32:31
yifei lin,5,使用很順手,2021-11-23 10:00:31
emilio huang,5,清楚明顯好選寫,2021-11-23 09:00:30
永遠的夏天,1,登入時，輸入帳密後，一直Loading...轉圈圈登入不進去。,2021-11-23 00:18:45
黃詩璇,1,每次輸入就一直loading轉不停,2021-11-22 08:38:23
Uni Uni,5,好用方便,2021-11-21 17:59:41
Hong Marcelo,5,軟體實在與非常好用,2021-11-21 17:28:32
玉兔,5,很便利,2021-11-20 09:25:28
張李生,5,還不錯,2021-11-20 08:35:58
Sw文彦S苏,4,好用,2021-11-19 14:29:32
古芬蘭,5,很好,2021-11-19 10:59:22
Nin Yuan,1,很不好用，五倍券扣了多少都不會顯示，還要打電話問專人,2021-11-19 10:52:19
朱秀宜,5,非常好用,2021-11-19 08:28:28
蔡larry,4,介面簡單明瞭。,2021-11-19 08:28:00
Lisa Lin,1,一直再跑進不了,2021-11-19 08:17:33
MIKE,1,更新完登入在那邊轉半天就是進不去，而且明明每次都設定指紋辨識，每次都還是要我輸入帳號密碼,2021-11-18 23:28:32
吳守智,5,方便好用！,2021-11-18 16:41:41
ting nan kuo,1,超級爛,2021-11-18 13:33:24
Google 使用者,1,更新app有問題，一直下載不下來，這麼多人在抱怨也不改善， 舊版又不給登進去。搞什麼,2021-11-18 12:17:49
CHI CHUNG WU,5,感謝工程人員的努力，設計出這麼簡潔好操作的app程式。,2021-11-18 04:42:07
猴子,4,方便好用,2021-11-17 20:18:16
麵包,2,真難用，一直要更新，真更新了卻又一直轉，到底是要不要給人用,2021-11-17 13:23:15
藍先生,5,好用,2021-11-17 13:14:32
isabella chen,5,good,2021-11-16 23:33:37
陳馬義,4,方便,2021-11-16 14:06:15
黃信鈞,5,方便快速,2021-11-16 10:03:05
HugO,1,帳密輸入後，一直轉圈卡著，站著茅坑不拉屎,2021-11-16 07:59:10
郭守軒,5,使用感受非常好 非常親切且速度令人滿意,2021-11-16 00:16:10
吳仲桓,5,好用,2021-11-15 20:41:33
James Chan,5,更新後，原本的快速登入被刪除，重新設定後無法使用。,2021-11-15 16:41:14
曾家艎,5,簡單明瞭好操作！,2021-11-15 13:49:25
沈佳怡,5,感恩有你！便捷性與良好信用傳遞！,2021-11-15 11:00:44
小武,5,系統人性化，使用起來非常便利快速，真的很好用,2021-11-15 09:41:39
王瑋澤王瑋澤,1,原本此app還可以使用，不過最近登入時會叫我先去更新，然後也無法更新，到後來我嘗試重新下載，看可不可以使用，最後也無法下載了！,2021-11-14 16:34:48
Poco Po,1,爛,2021-11-14 15:12:22
陳曦,5,簡單方便,2021-11-14 06:05:33
Winsome International,4,查詢基金不易,2021-11-14 04:04:42
Joey Tang,5,轉帳的留言字數，可以再增加嗎？,2021-11-13 21:09:25
吉貴興,5,使用順差,2021-11-12 20:25:08
關劍弘,5,讚,2021-11-12 16:56:16
vely E,2,要繳費 卻遲遲不肯顯示 是不用繳？還是 不給人繳？故意延遲？,2021-11-12 16:44:22
402 07 王佑旻,5,好,2021-11-12 16:17:11
Phoenix Chuang,4,登入前原本有存款選項可以看(但是沒登入也看不到餘額)，登入後就消失了，現在完全不知道如何查帳戶的餘額，只能看到信用卡跟匯率,2021-11-12 15:43:27
大漠方鷹,5,太棒啦,2021-11-12 14:50:26
溫柔溫柔,5,線上能申請事項更好些,2021-11-12 14:46:35
林淑惠,5,很好,2021-11-12 11:32:44
建榮陳,5,很實用便利,2021-11-12 08:27:52
Leslie Lin,2,能否把一些自創名詞的服務拿走? 想用的轉帳 預轉帳紀錄不知道去那裡找 佔了一大堆看不懂 不會用的服務在選項裡 這App用這麼久了 難道都沒在看那些功能常用而躲在深處 那些一直站在最前面而沒人用嗎 開發者難道不知這些基本使用者介面的ABC嗎 我用了五年 以為這些沒人懂e家付慮的創新怪名字會自動的消失 但很明顯的 我感受不到'UI的進步 真的要注意了 而且2021的評論 用2019的回復是那招?,2021-11-12 06:36:20
Eric Ma,1,客服根本沒有人浪費電話錢,2021-11-12 01:36:59
鑫,1,沒有比這個更爛的App,2021-11-11 20:49:39
林佳明,5,入帳紀錄查詢,2021-11-11 19:02:58
林芸榛,5,很方便,2021-11-11 12:49:16
Chen Ruby,5,方便，好用，即時,2021-11-11 10:36:17
Chen David,5,功能齊全,2021-11-11 09:41:53
吳孝祥,1,為什麼無法安裝,2021-11-10 22:29:28
Patti Huang,5,很方便，容易操作。,2021-11-10 19:05:40
Aeon,5,方便快速,2021-11-10 18:37:09
Aa Lin,5,很好,2021-11-10 18:01:06
tin yi,5,很棒,2021-11-10 12:43:38
Masa,4,信用卡優惠那裡需要加強，其他都不錯,2021-11-10 11:19:00
曾凱莉,5,讚，很方便查詢銀行户口,2021-11-10 10:39:53
芯小愛,4,非常方便 好使用,2021-11-09 11:40:03
陳宏棋,5,便利又安全,2021-11-08 19:22:21
Mike Mike_Lin,4,好用！,2021-11-08 17:10:14
allen lai,5,很好用的,2021-11-08 10:54:19
yaliang0815,5,好操作的介面,2021-11-08 09:05:26
蕭德民,5,Good!,2021-11-07 20:08:56
金來宏,5,蠻方便的,2021-11-07 16:31:53
alex chen,5,😀,2021-11-07 10:56:17
林祖瑪,2,真的要用都連不上,2021-11-07 10:19:06
San,5,銀行資訊一目了然，使用方便，便利性高。,2021-11-06 15:21:28
michelle coco,1,連著三天，結果都是要強制更新...也OK ! 但都一直轉圈...不知為何？,2021-11-06 14:13:04
鄭國璋,5,很棒很方便,2021-11-06 13:40:57
Xiao Chun Hsieh,5,Excellent,2021-11-06 13:23:16
朱秀玲,5,👍👍👍,2021-11-06 00:38:59
維可,5,非常好用,2021-11-05 21:29:23
Michael Tsai,5,我覺得用起來很順很讚,2021-11-05 18:52:44
poyao777,4,介面還OK,2021-11-05 14:35:45
kctann,5,介面簡單，字體大小適中,2021-11-05 11:51:07
康銘阮,5,好用,2021-11-05 05:40:58
黃任鋒,1,……,2021-11-05 01:57:13
Misaki Chen,4,不過不失,2021-11-04 23:05:03
Sa ki,5,理財跟匯率波動每日更新,2021-11-04 22:33:01
邱平,5,對我而言 很方便， 實用。,2021-11-04 19:39:30
Michael Wu,5,好棒棒唷！,2021-11-04 19:28:08
林峻霆,4,簡單明瞭，不會太複雜。,2021-11-04 18:21:30
Carol Yu,4,介面清晰明瞭,2021-11-04 14:46:22
汪明寰,5,Good,2021-11-04 13:26:53
王Ruby,1,這兩天登入一直顯示密碼錯誤，但用網頁卻能登入。。。,2021-11-04 09:28:11
書綺,1,app進不去，一直顯示更新打轉,2021-11-04 06:47:44
菲菲,5,查詢未補摺明細很方便,2021-11-04 02:27:54
林麗娟,5,滿意,2021-11-04 02:21:33
楊書雯,5,真好,2021-11-03 20:56:35
張永富,5,方便,2021-11-03 20:55:28
思穎,5,方便、好用,2021-11-03 20:31:59
陳泓輔,4,很方便,2021-11-03 19:52:46
竹南鎮公所清潔隊林頊琬,1,進系統就說驗證錯誤要更新。更新一直轉圈圈。完全無法使用。搞什麼鬼東西,2021-11-03 17:52:15
Long A,4,很好，繼續加油,2021-11-03 17:15:18
Carrie Lin,5,繼續加油,2021-11-03 10:46:17
洪淑惠,5,使用方便,2021-11-03 10:38:33
Albert way Chenfang,5,Good job,2021-11-03 10:14:24
蕭Vonick,5,很好用,2021-11-03 09:51:14
林玉娟,5,操作簡單，介面人性化。,2021-11-03 02:02:08
C C LAI,1,台北富邦銀行LINE官方帳戶推播功能，缺少賬戶転出 (目前只有転入) 信息推播。趕快補足吧！都建議2~3年了，還沒改善。,2021-11-03 00:05:41
黃雅珮,5,操作介面簡單也很順手,2021-11-02 22:07:13
簡浤蕣,5,方便簡易，非常優秀,2021-11-02 20:36:00
Patty Liu,5,很棒,2021-11-02 17:59:53
阿奇,5,方便好用,2021-11-02 17:39:06
莊傳鼎,5,順暢,2021-11-02 12:02:16
許月紅,5,太棒了，好操作，讚啦～,2021-11-02 11:43:13
Michael Wu,5,加油,2021-11-02 09:40:33
Undertaker Nam,1,為何毛病(APP)還是一直存在？很堵爛,2021-11-02 07:37:53
Linda Cheng,5,好用,2021-11-01 21:36:18
李宗唐,5,方便好用,2021-11-01 18:52:07
李國棟,5,很方便，匯款快速,2021-11-01 17:22:55
廖廷芳,5,迅速,2021-11-01 16:00:31
金寶蘭,4,非常方便又實用，謝謝！,2021-11-01 15:37:43
張浩偉,5,超方便 操作簡單,2021-11-01 11:29:52
小狐,5,很方便,2021-11-01 11:10:39
連月蘭,5,方便，快速,2021-11-01 10:40:40
an YU,5,還不錯用,2021-11-01 09:54:42
tsai mark,5,工程師加油,2021-11-01 09:50:11
邱鎮標,4,不錯,2021-11-01 09:42:58
陳小昌,4,我用來還順手的界面！,2021-11-01 09:08:24
B A,5,好用，又方便。,2021-11-01 07:37:48
Maxwell Yeh,5,剛剛發現無法與富邦銀系統連線是因富邦行動銀行app被AdGuard當成廣告給擋住了，將富邦銀改列白名單，問題就解決了！ 供各位參考！但還是希望富邦銀修正，因為這次更新前都沒被擋住。,2021-11-01 06:23:44
曾琌欐,5,非常快速又安全的平台，讚,2021-11-01 06:21:07
王春天,5,好用 有指紋辨示,2021-10-30 17:42:53
江昱穎,1,應該設置當關閉app就直接登出，不然現況關閉後重新開啟還是得重新登入，跳出的視窗有一個選項（取消-保留上次登入）是無效的---使用登入方式為指紋登入,2021-10-30 15:11:06
lulu kuo,1,一直繞圈圈，無法更新，， 系咧😩 還是只有被強制更新的選項而已 我要進去我原本的富邦系統都無法,2021-10-29 09:11:16
凌凌,3,app最近很常一直轉圈圈，網路很正常,2021-10-29 03:20:55
黃幼智,3,富邦的程式人員弱了些，網路APP需常更新，又常更新不動！,2021-10-28 22:19:35
Ryu Ryo,1,所有查詢類的功能都卡在轉圈圈 那這個APP的存在意義是什麼,2021-10-28 13:13:01
Sasha lin,1,更新後，快速登入不能用，出現的訊息根本沒文字，只能按確認。移除重新安裝也一樣。,2021-10-28 11:38:01
程俊憲,5,使用很棒很方便,2021-10-27 19:47:56
簡士凱,1,"開啟更新結果一直等待中，無法走下一步，這是怎麼回事？害我又把APP移除掉了，也沒辦法重新灌APP, 這是要逼死誰",2021-10-27 12:56:17
Steve Liu,1,很差,2021-10-27 11:32:08
陳鴻成,1,卡住了 登不進去,2021-10-26 22:51:04
許淑貞,1,什麼爛東西，一直打圈！,2021-10-26 16:45:03
Corn Wang,1,一直轉圈圈，登不進去重開又說已經登入，要等五分鐘，已經非常多次了，浪費時間。請你們IT人員查查看，是不是因為顯示解析問題，所以會顯示一直再loading!,2021-10-26 15:58:29
Young Dawson,5,好用,2021-10-26 12:16:07
黄兆麟,5,使用很方便謝謝,2021-10-26 04:54:47
Wei Chun lin,5,操作方便，客服解釋得非常清楚。讚！,2021-10-25 16:49:51
Kate Chang,1,一直強迫更新，點入更新又在goole play轉圈圈，是要逼我停用貴銀行的意思嗎？,2021-10-25 16:25:36
張移山,5,程式、軟體部份沒什麼問題，沒什麼好說的。 但是… 可惜板橋後站旁邊的新板分行行員，當初在110年10月15日時所說的話是： 「30“分鐘”內要啟用（網路銀行）唷！不然就沒效了。」 而非是30“天”內啟用，搞得我還要再在今天（110年10月25日）去同一間分行洽詢、出醜。,2021-10-25 15:21:26
林光耀,4,尚待進一步了解,2021-10-25 11:15:37
楊國貴,1,要更新卻—直轉圈圈,2021-10-25 11:01:21
陳淑玲,1,無限迴轉....不知道要更新多久,2021-10-24 21:54:18
杜月雲（GraceTu）,3,使用上方便了解金額往來,2021-10-24 09:08:08
瞿秋敏,5,方便,2021-10-23 06:41:09
Klay Huang,3,10/20無法更新，卸載後無法安裝,2021-10-21 20:04:16
彩菻,5,APP越來越好操作,2021-10-21 15:18:34
山海是我家,5,讚,2021-10-21 15:08:28
吳少媚,5,O K,2021-10-21 14:07:31
黃鈺翔,3,請問什麼時候支援Android 12呢？目前打開後會卡住,2021-10-21 11:54:31
劉鋕鴻,5,很棒,2021-10-21 06:19:56
陳宏鈞（麥神）,1,爛透了 更新又不能按 要我怎麼準時繳卡費 以後考慮剪卡了 真的爛,2021-10-21 02:23:11
陳小鳳,5,您好：請問我試著更新一直轉圈圈，之後也無法正常使用，再試著刪掉重新安裝也是一直轉圈圈，現在網路銀行都無法使用了？請問該怎麼處理呢？,2021-10-21 00:30:57
游春松（喃无地藏金鋼佛如來）,5,此役已,2021-10-20 23:58:20
謝書皓,1,可以不要那麼常升級好嗎，也不要強迫客戶升級，手機功能無法支援，就不能使用(軟體更新一直呈現等待中，無法登入)，很煩人，建議增加一個選項[不升級]。,2021-10-20 22:54:38
陳子諒,1,完全打不開,2021-10-20 22:44:23
林逸書,1,說更新，然後一直卡著也沒辦法更新是在哈囉嗎,2021-10-20 18:26:54
范sys,5,不錯用,2021-10-20 16:50:42
羅文甫,1,無法更新，無法更新，無法更新,2021-10-20 16:21:37
Green Hsu,5,方便,2021-10-20 13:57:53
戴瑩,3,行動銀行出問題了嗎？更新就一直轉， 沒辦法更新，舊版也無法使用，根本都不能用.,2021-10-20 11:15:41
Morgan Yan,2,ｈ ·ㄓㄗ,2021-10-20 11:14:02
馬子傑,1,根本無法使用,2021-10-20 09:24:14
洪尉智,4,還不錯,2021-10-20 07:30:04
Hsienhui Ho,1,更新App又卡住了。請趕快修理好吧，實在很不方便,2021-10-19 21:43:42
Stanley Liu,3,沒辦法下載一直轉圈圈,2021-10-19 21:16:57
劉新平,1,進入更新狀態，一直轉圈圈，原本的網頁又進不去，怎麼辦？請立即改善,2021-10-19 20:57:56
孫世昌,1,系統要求升級 又下載不了 現在沒法使用App了,2021-10-19 20:04:13
Jack Chan,1,沒有停止強制更新,2021-10-19 17:55:30
李淑,5,更多便利的線上操作模式，好用。,2021-10-19 14:03:46
patrick wei,1,只會轉圈圈,2021-10-19 10:37:10
Philip Chang,5,非常適用,2021-10-19 10:32:09
周洛CHOU,1,太爛了永遠鬼打牆無法進入！改成老的可？天天改愈改愈爛電腦設計師有問題！,2021-10-19 10:23:01
林艷萩,1,要我更新 確一直轉圈圈 是要轉多久 APP佔了更新畫面 我無法進入APP,2021-10-19 02:20:39
張文綺,5,方便,2021-10-18 23:59:29
Alen,1,一直轉圈圈根本沒辦法用爛透了多久了,2021-10-18 21:40:40
李冠廷,4,可以更好,2021-10-18 18:07:48
李佳陵,5,快又迅速,2021-10-18 17:30:42
黃癸欽,1,更新仍卡住，自10/15～今日,2021-10-18 15:01:17
ee L,4,2020/10/10-14為了繳費 一直無法登入 中間到今天刪了應用程式才可登入 1106還是無法登入... 經過了一年，登入系統確實有改善，重評給星,2021-10-18 14:23:36
洪國峰,5,很好用,2021-10-17 20:59:39
黃麗文,1,請我們更新，我按更新一直轉不停，根本無法更新，2天都這樣怎麼回事啊？,2021-10-17 19:06:26
謝永晟,1,卡死了無法更新🔃🔄🔃🔄,2021-10-17 17:40:55
Rex Liang,1,更新後，無法使用登入,2021-10-17 15:55:55
馬東傑,1,輸入錯誤3次就被鎖了，到底密碼改要大小寫是哪一個白癡想的?糞APP,2021-10-17 15:39:39
王慧玲,1,點進去要人家強制更新 可是更新 根本就沒辦法更新 跟本不能用啊,2021-10-17 11:26:52
陳良信,1,完全沒辦法下載及更新，所以到底要不要處理好,2021-10-17 05:54:47
丁小弟,1,爛爛爛…無法登入狂卡,2021-10-16 20:50:30
史努比,5,好,2021-10-16 19:36:39
momo Yaa,1,強制更新一直轉也沒辦法更新，然後解除安裝想重新安裝也是一直轉，沒辦法安裝，那這樣是要怎麼看存款餘額啦，到底是要不要好好處理,2021-10-16 15:27:10
彭建豪,1,你們的app一直強制客戶更新，點進去更新就一直等待中，我等了2天還要我等多久，趕緊解決吧！,2021-10-16 14:56:09
Angel,2,無法更新，一直轉圈圈,2021-10-16 14:53:02
Ks lee,1,從昨天到今天更新都是等待中？,2021-10-16 11:25:58
Steven Echo,5,好用,2021-10-16 10:56:10
趙保輝,1,不能使用,2021-10-16 10:50:54
Paul Lin,5,操作系統整合良好,2021-10-16 10:23:50
丘先生,1,"強迫使用者更新,但又更新不了,那要APP何用？",2021-10-16 10:00:48
吳岱燕,5,快速,2021-10-16 07:26:57
陳异莘,5,方便快速,2021-10-16 00:57:14
徐麗己,1,無法下載，只有轉圈圈,2021-10-16 00:27:50
張先生,1,連線真慢,2021-10-15 23:39:28
張小薰,5,還好,2021-10-15 22:27:29
吳任典,5,好用,2021-10-15 21:52:20
葉玟娜,4,還不錯,2021-10-15 20:51:16
陳吟禮,1,忘記代碼和密碼 都沒有查詢鍵,2021-10-15 18:02:40
Yuan Yuan Chiang,1,無法升級欸，一直轉圈圈,2021-10-15 17:30:47
莊興隆,5,還好,2021-10-15 17:04:40
Allen Syu,4,整體不錯,2021-10-15 16:32:48
4號吳世宜,5,實用,2021-10-15 16:02:54
填饱肚子,5,使用方便，查資料速度快。,2021-10-15 15:53:53
黑雲飛飛,1,鬼打強！ 要我點更新，點了卻一直轉圈無法更新！ 不更新也無法讓我使用App! 這怎麼回事？ 突然需要用到時就來個鬼打牆鎖住讓我完全無法登入使用！ 爛！ 請立即改善！,2021-10-15 15:42:59
Vera Li,5,很方便,2021-10-15 14:05:25
張耀升,5,好用,2021-10-15 14:03:38
陸蓉茜,5,匯款後餘額不要顯示,2021-10-15 12:08:14
Olivia 林希瑗,1,強制更新，但速度超慢，2天了還沒更新好，無法轉帳QQ. 剛成功了,2021-10-15 11:56:28
謝志杰,5,方便,2021-10-15 11:02:46
顏小熊,5,操作介面 清楚明暸,2021-10-14 23:10:59
王美里,5,很棒,2021-10-14 20:56:59
詹方慈,1,"強制更新系統一直無法下載，我直接刪掉在重新下載也無法，要繳信用卡還要打去客服問，到現在都三天還是無法下載是有什麼困難，我還手機更新到安卓10的版本，儲存空間還有50%,可不可以不要每次更新就這樣",2021-10-14 19:58:43
極到魚魂,1,爛透了早就更新好，隔天登入又叫我，更新煩不煩，整天更新就好啦！還用個毛……,2021-10-14 19:27:33
張淑真,1,為什麼更新一直轉圈圈沒辦法啟用都兩天了還沒辦法更新是怎樣,2021-10-14 14:47:36
Gana Lo,5,很棒,2021-10-14 14:04:08
YI LUN HUANG,1,ㄧ直試都無法更新app，想說刪除原來的，卻無法再成功下載新的富邦銀 app，該如何處理，謝謝,2021-10-14 12:31:34
楊玉惠,5,很好用,2021-10-14 11:35:41
李心仁,1,與樓上一樣,2021-10-14 10:41:34
TSE LI WANG,4,分類簡潔，看起來不複雜,2021-10-13 23:21:50
1OOO38蒲靜怡,5,方便使用,2021-10-13 21:21:38
李may,1,無法更新，完全當掉，求助無門,2021-10-13 20:38:48
李康樂,5,基本的功能都有。,2021-10-13 18:56:23
Fgh Gh徐翊瑄,5,我更新了好幾天 都沒辦法開啟,2021-10-13 09:02:30
翁翔廷,5,明細清楚不需跑到ATM查詢,2021-10-13 05:31:52
Picture Cuckoo,4,我覺得富邦的網銀是最好用的，不知道為什麼負評這麼多，我看其他網銀的app也是，或許這是使用者對於金錢操作不如己意的敏感吧。,2021-10-12 17:56:23
黃蘭峯,1,"選擇升級却一直在等待中,又沒有不升級的選項,結果目前富邦行動銀行app 根本無法進入使用。現在不知道要如何處理？每次有新版要升級都令人擔心！",2021-10-12 16:45:54
劉三寶,4,剛下載而已 慢慢使用看看,2021-10-12 14:48:25
倪慧韻,1,原來功能無法使用，一直要求強制更新，卻又顯示釋出空間不足，可以使用原來舊版的嗎？,2021-10-12 14:13:19
林鴻堅,1,無法更新App重新安裝也不不行,2021-10-12 13:41:34
呂恆迪,5,好,2021-10-12 12:59:56
伏特加,2,程式好像有問題都跑不動，也無法更新（很麻煩，要重新登入）,2021-10-12 12:05:36
葛冠妤,5,更新無法更新，昨天APP刪除後就無法下載了！,2021-10-12 07:01:05
莊綸耀,1,無法更新，是APP有問題嗎？ 連續2天更新都有問題，請問這是怎麼回事呢？,2021-10-11 21:40:49
Ray Hsu,4,有改進一些，加油!,2021-10-11 20:34:53
林志綱,5,迅速,2021-10-11 20:15:52
林士瑋,2,好用,2021-10-11 18:15:40
jessica Tai,1,強迫升級，卻一直無法更新！現在要怎麼使用？,2021-10-11 17:39:02
林茹玉,5,實用,2021-10-11 16:12:11
歐吉桑理查 bon_homme_richard,5,介面簡捷，操作流暢。,2021-10-11 16:10:44
楊淑芬,1,更新選項跳出之後誤按卸載，結果重新抓回來之後完全不能用，沒有使用者代碼欄位，直接輸入密碼一直說我輸入錯誤三次被鎖，然而去用網路銀行卻可以登入，能不能重新發一個正確的出來阿,2021-10-11 14:38:50
莊alice,1,完全無法下載app,2021-10-11 12:58:40
L “L” L,5,OK,2021-10-11 04:41:37
璇璇,5,很棒，查詢方便,2021-10-10 20:46:08
湯明輝,4,很實用,2021-10-10 17:05:56
Fu Quei Zheng,1,不是阿！我要進去強迫我更新，然後就一直轉圈圈轉不停，可以不要這樣嗎？資訊部門可以處理一下嗎？,2021-10-10 16:41:43
郭碧珠,1,真的很麻煩，原來功能無法查詢運作，安裝解除，更慘，無法再恢復,2021-10-10 12:54:00
王志允,5,很滿意！！,2021-10-10 12:15:32
HSUAN CHU HSU,1,自從上次跳更新無法使用就先刪除app 後來重新下載後想轉帳一直顯示系統忙碌中 已經好幾天了,2021-10-10 11:38:00
陳偉謹,5,還不錯!繼續努力,2021-10-10 08:02:29
TENG MEI CHUN,5,為什麼一直叫人更新，卻無法更新呢？ 隔日已可正常登入，謝謝回覆,2021-10-10 03:46:25
李惠婷,4,不錯用,2021-10-09 22:16:09
陳偉翔,4,沒得更新還一直要求更新 _____________________ 有改善就給讚!,2021-10-09 20:13:47
林蕷婷,1,一直無法更新是怎麼,2021-10-09 18:57:51
劉James,5,不錯,2021-10-09 12:28:44
楊東霖,5,好用,2021-10-08 21:38:14
Sherry O,5,覺得滿好用的，清楚，方便，還可以有官方的賴，通知帳戶進出跟有刷信用卡消費，不錯的功能。,2021-10-08 21:33:10
Yu-Huei Huang,4,"開啟app之後，跳出了請我更新應用程式的訊息，我點選畫面上的「更新」按鈕之後，就被帶到google play的富邦行動銀行頁面。 無奈Google Play 頁面上並沒有更新或update的選項可以選，只有uninstall或open可以選。我並不想要 uninstall, 但選 open 之後，富邦行動銀行又會要我去更新。就這樣我無法使用這個 app，希望可以趕快解決這個鬼打牆的狀況。 10/8 更新： 上述情況已解決，謝謝相關人員的回應。",2021-10-08 19:28:42
Charlie Lin,4,明明就沒更新，進app一直要我更新什麼東西啦，還不給取消操作,2021-10-08 18:37:31
Larson Chuang,5,介面簡單易使用，完勝Citi Bank TW 加油！,2021-10-08 15:13:49
廖Via,4,Good,2021-10-08 14:57:22
孫義鈞,4,很好,2021-10-08 13:38:59
廖俊男,1,更新超慢,2021-10-08 10:21:55
黃鍾吉,5,讚,2021-10-08 10:20:06
廖翌汝,5,操作順暢，方便又即時,2021-10-08 08:16:46
Devon Ma,4,常常卡在登入狀態，無法使用，但郵件卻通知你登入成功。,2021-10-08 03:05:29
LUPIN,1,開啟使用，說要取消，要求下載最新版 ，可是更新卡住一直奧圓圈。,2021-10-08 02:55:29
Hibiscus,1,先是一直跳更新不給更新無限輪迴，好不容易好了之後，轉帳又不給交易驗證碼……銀行做事這麼兩光這樣可以嗎……好困擾啊……,2021-10-08 01:01:34
劉玫雅（澳門）,5,讚快,2021-10-08 00:16:15
Michelle陳玉玲,1,無法更新,2021-10-07 23:46:16
Dennis Wen,4,"我的手機型號是oppo find 3x, 開啟app後說有更新，把我帶到 play商店，又沒見到可以更新 只能開啟app，回到app有說有更新，就這樣一直來來去去無法查明細 轉帳 繳費...對我來說影響非常大 請問我該不怎麼辦",2021-10-07 22:16:29
郭麗瑩,1,已經更新了還一直進不去頁面，一直叫我更新，這是哪招啊？,2021-10-07 22:14:34
張00,1,更新後 開不了APP 是? 爛透叻,2021-10-07 22:13:20
lin kelly,1,爛死了，一直要我更新，明明就是最新版了,2021-10-07 22:13:13
WC Tsai,5,很好,2021-10-07 22:12:46
mengfa.cobra Tsai,1,死胡同的更新，太差的體驗了。沒法自動更新的APP是什麼年代的產品？,2021-10-07 22:11:11
力宏一級棒大金,1,明明已經更新了又要叫我更新，這叫我怎麼轉帳啊？,2021-10-07 22:08:34
Hong-Lin Tsai,1,一直說更新 卸載重裝一樣 新版本呢？,2021-10-07 22:08:15
Kevin Kuan,1,無法使用。最新版仍然說要更新程式。,2021-10-07 22:07:27
梁小花,1,我明明已經更新了，為什麼一直跳視窗。,2021-10-07 22:06:47
The Vexion,1,到底有沒有更新 play商店明明沒有更新 程式卻要求更新 一直讓人鬼打牆是很好玩是不是,2021-10-07 22:01:08
Sas,1,無法使用，一直跳出有新版要更新，但按了根本沒新版，差評。,2021-10-07 22:00:23
騏菖楊,1,無法開啟,2021-10-07 21:58:55
馬苙淇,1,一直出現要更新，又一直轉圈圈進不去,2021-10-07 21:57:11
王婷,1,很濫，已更新了，進入畫面無限循環跳出更新,2021-10-07 21:55:48
Bruce Chen,1,更新後，無法自行輸入帳號轉帳,2021-10-07 21:54:56
涵茵陳,1,已更新了還要我更新，到底是怎麼了~,2021-10-07 21:54:55
David Luman,1,"出現更新,但更新不了！",2021-10-07 21:52:10
維多利亞木工DIY,1,無法開啟,2021-10-07 21:47:03
Ziv Chen,1,已經更新到最新版，app一打開就強制更新，打開store又只有開啟。這是怎樣，無限輪迴不給人使用嗎？急著要辦事情全部被卡住！！！,2021-10-07 21:44:09
OWO,1,進去一直要求更新 但無法更新,2021-10-07 21:43:46
Anna Fang,1,無法更新,2021-10-07 21:41:31
林麗卿,5,使用很順暢。,2021-10-07 21:40:33
小月子,3,強迫更新但無法更新....,2021-10-07 21:39:30
Shih Tsung Chen,5,好,2021-10-07 21:38:05
Kuran,2,已經更新好了 打開就一直叫我更新 無法使用,2021-10-07 21:37:46
林家安,1,更新完後開啟還是繼續要我更新，重新裝完又跳更新，明明就已經更新完成了還不能用，急著要用此app，卻不能用爛透了！給一顆星還嫌多,2021-10-07 21:35:21
rebecca sung,1,更新後無法登入行動銀行 ，一直出現可以更新的畫面，即使刪除APP重新裝設也是一樣無法使用,2021-10-07 21:32:47
Lisa Chen,1,一直無法更新 是怎樣？？,2021-10-07 21:29:12
Crow Scarlet,1,水喔 今天變成更新app無限迴圈 點進去更新跳出來 只能開啟不能更新在一遍,2021-10-07 21:24:44
蕭T,2,更新了還一直叫我更新 重新卸除重下載也是一樣。目前不能使用是怎樣,2021-10-07 21:22:11
GORDON KUO,1,已經完成更新進入頁面，卻還是一直卡在叫我更新的畫面，導致無法登入,2021-10-07 21:20:29
黃大叔,1,更新後一直轉圈圈進不去，要不要換批人處理，國泰都不會這樣,2021-10-07 21:20:25
曹華蓉,5,很方便,2021-10-07 21:19:40
yinchung wu,1,一直跳更新，不能使用是怎麼回事?,2021-10-07 21:18:24
Yvonne Lee (Yvonne),1,"點開app,說要更新，ok,更新了，點了開啟，又說要更新… 無限迴圈！？ 你們銀行耶！app測試完了再放上去好嗎？如果要用的事情有時間性你們怎麼交待？",2021-10-07 21:17:06
邱基福,1,更新完……一直跑出更新圖示……是搞甚麼飛機,2021-10-07 21:09:20
erico,1,跟前面多人一樣問題。app要求更新，到這裡沒有更新，只能按開啟，回去又要求更新，再跳回這裡。一直無窮循環。有急事要處理的話，造成損失貴行怎麼處理？,2021-10-07 21:09:10
翁菀娸,1,一直說有新版本，重新安裝一樣不能用,2021-10-07 21:06:57
Hank,1,跳出訊息更新，調到app按開啟，重覆循環，是不是覺得客人太閒,2021-10-07 21:04:40
chien chih,1,爛,2021-10-07 21:01:01
Y Y,1,一直要我更新 明明就更新好了 刪除重新安裝也沒用 爛死了 快點解決好嗎,2021-10-07 20:59:38
周岱毅,1,系統要求更新程式 但是根本無法進行程式更新 就算是將程式移除 在安裝也還是顯示 要求進行程式更新 這是………什麼招數？,2021-10-07 20:53:40
宋春暉,2,什麼爛系統，更新以後開不了app,2021-10-07 20:53:30
張佩蓉,1,系統提示更新，點選更新後一直無法完成該作業，影響後續轉帳作業時間！,2021-10-07 20:53:26
改就改 你媽韭菜,5,垃圾幹,2021-10-07 20:53:04
JuWen Lee,1,已經更新還不停跳出更新提示，不能跳過。無限循環，無法正常使用,2021-10-07 20:52:27
York Huang,1,要求更新，確在app和play商店無限循環，一顆星是因為最後終於有更新成功。,2021-10-07 20:46:33
謝雨衫,4,很方便隨時可以查看帳目！,2021-10-07 20:38:09
Anna (doyo),1,無法更新啊！！現在完全不能使用 超爛,2021-10-07 20:35:43
李東諺,1,爛東西 要求更新更新的之後 點下去又跳出來要求更新 重複三次之後 終於沒有要求更新 一直轉圈圈螢幕就是不出來 重新下載程式 又一樣要求重新更新 又在一樣一直轉圈圈 爛東西,2021-10-07 20:34:59
謝志宏,1,App開啟又在鬼打牆了，說有新版本，點擊“更新“跳轉play商店，可是我已經是最新版了，點擊“開啟”又跳回App，又不能退出，點擊更新進入無限迴圈。坦白說，我對你們RD、PM規劃、Coding、驗證、測試、交付的能力已經很厭煩了，每次出bug就是叫客戶重新安裝，然後就要重新設定。,2021-10-07 20:33:26
傑比,1,什麼鬼東西一直要人更新，然後來這邊又沒有更新可以選，就無盡輪迴這樣？！,2021-10-07 20:30:36
張三慶,1,點APP就提示【更新】，點【更新】就跳到Play商店畫面的【開啟】，然後就是更新＜＞開啟一直鬼打牆,2021-10-07 20:27:36
老賴,1,不能更新啊…,2021-10-07 20:26:41
阿君,1,一直叫我更新但沒辦法更新阿,2021-10-07 20:21:08
M C,1,10/07要登入時強迫更新升級，更新後竟完全進不去，一直轉圈圈，急著要轉帳完全無法操作。該不會又假藉系統更新不讓客戶提錢了吧？是不是又要請金管會出馬你們資訊部門才能好好做事?誇張的銀行!,2021-10-07 20:18:14
江江,1,不能登入，一直要求更新，更新了還是不能登入，又要求更新，無限鬼打牆！,2021-10-07 20:09:59
CK H,1,已經更新了還是一直無法進入介面，有急事卻被這個bug卡死，根本沒有測試完全，體驗無比糟糕,2021-10-07 20:09:13
黃宇立,1,打不開,2021-10-07 20:07:09
粱的日常生活,2,很慢,2021-10-07 20:06:36
Mavis Cheng,1,更新完了還一直跳針要你更新，app根本打不開,2021-10-07 20:03:54
Peggy Tsai,1,一直叫我更新，又不讓我更新……什麼爛提示，卡在更新一直無法使用,2021-10-07 20:02:06
Stanford Tsai,4,……,2021-10-07 20:01:57
Mo Mo,5,清楚明瞭，易操作,2021-10-07 12:41:13
shi Mark,5,操做介面方便明瞭,2021-10-07 11:35:12
吳雅琦,5,很好用,2021-10-07 10:14:39
李宜靜,5,讚！方便，迅速,2021-10-06 20:24:48
B.C. Tseng,5,👍,2021-10-06 13:55:17
Yin Yin,5,使用流暢,2021-10-06 11:29:32
lai Betty,5,好用,2021-10-06 10:55:14
德隆望尊,5,瀏覽便利,2021-10-06 07:05:11
Alexander H.E. Lee,5,圖說可愛，操作簡易。,2021-10-05 18:48:18
mn,1,超不方便,2021-10-05 17:51:52
張永沛,4,算是滿方便的,2021-10-05 17:49:53
梁志祥,4,好用,2021-10-05 15:19:48
綺茵,5,快速，操作容易,2021-10-05 14:22:26
Chen Dager,4,使用狀況良好！尚未有問題,2021-10-05 08:12:24
daniel lee,5,幾本功能都有 又顯示明確 在繁雜中將每筆資料程顯 及將功能都對應的很好,2021-10-05 00:04:44
Roger Yeh,5,簡單好操作,2021-10-04 15:54:48
徐涵輝,5,好用,2021-10-04 11:40:28
志信會計事務所,5,效率誠懇,2021-10-04 11:27:52
Eric Lee,5,好用，容易λ手,2021-10-04 08:10:31
李怡,5,方便，好操作！,2021-10-04 07:55:27
葛益旻,5,查詢快速，明細一目了然,2021-10-03 23:05:52
葉秀春,4,不錯,2021-10-03 22:09:13
Mikoshiba Saori,5,好用,2021-10-03 15:40:16
Y Y,5,GOOD,2021-10-03 14:01:28
Liyi Wang,5,操作簡單、方便、快速,2021-10-03 13:54:53
Linnea Diao,4,"我有使用""邦你存""但在活存頁面看不到我設定在子帳戶的錢，也看不到目前可使用的餘額，只看得到一筆總額。這樣很不方便，可否麻煩工程師寫個程式讓它分開，這樣帳目就更一目了然了！用到目前就這個問題，其餘的都很好唷～",2021-10-03 08:51:23
Faye Chiu,5,便利的操作介面，謝謝團隊費心,2021-10-02 21:20:09
FANG Ivy,5,好用,2021-10-02 19:23:56
an Lin,5,使用方便，項目分明好用。,2021-10-02 19:16:04
李淑芬,5,使用很便利,2021-10-02 18:09:02
李雅君,5,Good,2021-10-02 14:02:56
KW H,5,各項查詢都很清楚,2021-10-02 11:48:14
Joanna Siauw,4,簡單好用。,2021-10-02 11:41:29
Chris Lin,4,使用上主要功能都還不錯,2021-10-01 23:50:22
heng feng shi,4,條理易明白,2021-10-01 22:20:54
dabbieyu Hsiao,5,方便好用,2021-10-01 21:20:10
謝白熊,4,不錯用,2021-10-01 13:38:39
vian lai,5,讚,2021-10-01 13:29:50
吳明富,5,簡單 明瞭,2021-10-01 10:37:15
鄭淳方,5,實用,2021-10-01 10:12:56
michael Chang,2,無法登入使用一整天,2021-10-01 03:04:06
Edward,5,方便,2021-10-01 01:08:22
曾廣鈺,5,使用頁面流暢清潔很好用,2021-09-30 12:12:27
大沢丸之內,5,讚,2021-09-26 22:56:52
王粉粿,1,常在登入時轉圈圈轉超久，進不去,2021-09-25 19:49:49
William Lin,5,good,2021-09-25 12:36:32
Leonarka Geo (阿傑),1,所有的銀行app，就富邦的網路最差，問題最多，振興券搞到富邦整體變慢，連要用來信用卡繳款都能轉半天之後失敗，要再繳，竟然要五分鐘之後??,2021-09-23 17:25:39
王秋鑾,4,迅速，方便,2021-09-22 22:27:29
1 nonoyuyu2000,5,還不錯用,2021-09-22 21:22:10
JIAN WUN PAN,1,綁你們五倍卷綁一個上午 ，你們網路真的爛,2021-09-22 12:39:05
sky yu,5,使用方便,2021-09-22 11:47:55
PINGHAO HSIES,5,簡單明瞭,2021-09-22 04:56:36
Tako Hsu,5,清楚簡單易使用,2021-09-21 14:52:50
徐曉莉,5,不錯,2021-09-19 13:32:51
Iris Zhang,1,醜爆了不說，介面難用到不行，一個一直號稱自己金控王的公司可以設計出這樣的商品，IT真的不可思議！要不是評論至少要給一顆星，我真想給負的。 一般來說信用卡跟網銀都是一個帳號登入就可以用，富邦偏偏要分開登入，意義何在？ 我新開的網銀要登入想設定指紋感應，要我先解除綁定？但我明明是用同一支手機同一個APP，解除再綁的意義是啥！？,2021-09-18 14:32:52
林懋驊,5,我覺得這樣的服務很好,2021-09-18 13:01:54
chin chin,5,很方便實用,2021-09-18 12:26:12
楊海遙,3,不了解步驟1和2,2021-09-18 02:44:42
菩提馨,5,好用，介面簡單,2021-09-17 19:06:28
peter huang,5,很滿意,2021-09-17 16:16:26
鴻,5,方便操作也很快速,2021-09-17 05:57:56
范剛旗,4,不錯用,2021-09-16 09:24:44
孟維俊,5,完全卡死進不去 2021/09/16 現在app使用順暢，感謝你們重視這個線上服務的平台,2021-09-16 04:39:47
李嚕嚕,2,轉帳的頁面很好用 但是： ＞手續費收很貴 ＞手續費採分級，當日首筆轉帳500元以下免手續費，但在轉帳頁面仍有10元手續費沒被扣除 覺得你們的APP很棒，但轉帳手續費這點真的太坑了,2021-09-16 01:22:13
A Bccc,5,操作方便,2021-09-15 23:10:55
湯志賡,5,功能齊全,2021-09-15 22:30:14
葉主順,5,好用。,2021-09-15 21:29:04
佳靜（Ching）,5,👍,2021-09-15 17:47:28
May Wang,4,中規中矩，ok的,2021-09-15 16:59:28
po wen chen,5,Good,2021-09-15 14:55:47
Victor Lee,5,運作流暢，介面友善，讚！,2021-09-15 14:04:34
wei as,5,好用,2021-09-14 11:24:02
Anduo Hsu,5,快速 方便,2021-09-14 07:58:30
潘建勳,5,好用，很方便,2021-09-14 03:11:04
Allen Lai,1,有夠爛，登入顯示成功就一直卡住無法使用，用網頁登入還顯示已登入其他，無法再登入，無言,2021-09-13 22:36:13
Morison Su,4,OK,2021-09-13 14:33:35
匿名,1,網銀掛掉重開一直叫你要先登出否則無法登入,2021-09-13 14:23:19
王碧玲,4,使用方便,2021-09-13 14:00:57
星月的女巫祭司,1,很好，刪除第四次,2021-09-13 13:00:57
田重華,5,好用,2021-09-11 14:36:55
林忠儒,5,用很久了，摸久就習慣了,2021-09-11 14:16:16
黃阿喬,5,工程師很給力，非常好用，介面清楚。,2021-09-11 07:58:30
念中Pawan,4,很棒的富邦APP，可以即時查詢帳戶狀況以及轉帳,2021-09-10 15:36:20
林明慶,5,好用APP,2021-09-10 10:13:49
吳碩月,2,查詢帳戶明細非常不即時常常等到一兩個禮拜後才看的到明細,2021-09-09 17:33:01
呂秋萍,5,很好操作,2021-09-09 13:23:15
家弘,5,讚,2021-09-09 07:25:06
林韋銘,4,學貸本身是富邦銀行，加上工作也是同個帳戶，要轉帳或繳學貸都很方便，買基金 ETF 也可以直接用網銀操作,2021-09-08 19:16:08
Tsunghsu Chin,5,好,2021-09-08 06:59:10
林克文,5,使用介面非常方便,2021-09-08 00:29:04
Arthur Google,5,清楚簡單,2021-09-07 23:03:41
項毓良,5,讚,2021-09-07 19:55:22
Alan Tang,5,使用起來非常方便順手，感恩!,2021-09-07 17:14:29
江宏杰,5,好,2021-09-07 13:16:46
馬大哈,5,非常好的用戶體驗，加油,2021-09-07 03:25:02
王雅芬,5,不錯,2021-09-07 00:02:08
Shouwen Tsai,4,介面蠻舒服的,2021-09-06 23:42:13
Eugenia Lin,5,方便好用,2021-09-06 22:13:45
Wen Kai Tsai,5,方便實用,2021-09-06 19:21:05
Paul Tsai,4,讚！,2021-09-06 17:59:19
Tony Cheng,5,還可以,2021-09-06 15:58:07
文傑林,2,感謝回應，您提出的設定，只能在APP開啟時，決定我要看到的匯率，但是不能改變放在Android桌面的小工具,2021-09-06 15:27:37
Andrew Lo,5,非常user-friendly,2021-09-06 14:31:26
Frankie T,1,無法下載更新,2021-09-06 13:44:23
張妞妞,4,非常好 方便,2021-09-06 12:53:16
moon k,3,放在桌面的小工具需要的大小都很大 但是呈現時很大面積都是空的資訊也無法設置顯示更多項目。 還請調整小工具在桌面的需求面積。 另桌面的外匯幣無法與設置的幣別同步顯示。 app操作介面很需要方便點。外幣交易能不能也把台幣的金額做記錄，只有外幣匯率，不好紀錄。 希望可以有分享帳號功能，這樣才不用手打帳號容易出錯,2021-09-06 10:09:01
吳曉菁,5,很方便使用,2021-09-06 09:50:43
Ben L,5,介面清楚，操作容易,2021-09-06 09:33:27
哇係阿德,5,便利,2021-09-06 00:05:23
Jack,5,hen棒～,2021-09-05 22:04:56
Aselia,5,用的順就好,2021-09-05 18:29:43
沈立揚,1,永遠都是連線有風險不能用非約定轉帳 有個屁用,2021-09-05 14:29:20
李度,4,介面簡潔，操作容易！,2021-09-05 11:14:14
陳秀英,5,使用很方便,2021-09-05 09:49:09
JIMMY I,5,客服服務很好，app介面有進步空間，可以更直覺,2021-09-04 18:19:12
陳俞任,5,偶爾使用有時密碼要換一次,2021-09-03 23:07:21
崴晉電子,5,Is good,2021-09-03 19:18:03
Charles,4,5顆星,2021-09-03 19:15:23
李小青,5,用過幾間，富邦APP真的用心,2021-09-03 13:32:53
v588simon財哥,5,查詢方便,2021-09-03 08:58:19
Jessica,5,好用,2021-09-03 07:10:58
Tom Lo,5,方便好用,2021-09-03 06:46:35
Cliff Kao,5,Good,2021-09-03 05:52:05
林匊歷,5,處理速度非常有快，可以設自己想要的功能，唯一的缺點就是老客戶竟然沒有優利，還要從別的銀行轉進來才有，也許是我在這裡太久了,2021-09-03 00:20:35
Cracker,5,沒啥問題,2021-09-02 23:54:22
wan-rong Jhuang,5,App寫的很快，根本救贖,2021-09-02 23:34:30
洪浩然,4,方便快速,2021-09-02 20:15:09
宋美華,5,非常方便,2021-09-02 17:50:35
Swio Gio,5,直接又快,2021-09-02 16:33:59
小小蟻國,5,讚！,2021-09-02 14:37:47
陳淑貞,5,好用！,2021-09-02 13:58:27
建華黃,5,讚,2021-09-02 12:07:28
黃燦煌,5,很方便,2021-09-02 08:13:24
Mao Sung wang,4,很好用,2021-09-02 07:56:53
yuki Lee,5,速度很快,2021-09-02 01:14:02
林心瑜,5,方便快速,2021-09-01 19:24:09
汪欣怡本人,4,蠻方便的app，只是有時候會當當的,2021-09-01 16:04:36
Hanna Shiuan,5,簡單明暸好操作,2021-09-01 15:05:03
陳俊璋,5,快速便利,2021-09-01 14:27:41
李東浤,5,使用方便,2021-09-01 13:42:01
chiu amy,5,簡易快速,2021-09-01 11:49:08
小平,5,好用,2021-09-01 11:41:47
完成,5,很喜歡記帳功能,2021-09-01 10:08:26
邱鈺晴,5,好用……,2021-09-01 08:41:58
Joe Shi,5,好,2021-09-01 07:39:33
Hsin Yun Chang,5,方便迅速簡單,2021-09-01 07:16:55
小葉子,5,好棒,2021-09-01 06:24:07
黃翊閔,5,棒棒,2021-08-31 16:06:09
陳群芳,5,很好用,2021-08-31 14:54:41
Liu Tracy,5,順手，人性化,2021-08-31 12:26:41
Kate Liu,5,使用介面設計的非常流暢，用起來也不會卡卡的，收到簡訊也非常的快，感謝,2021-08-29 16:06:13
吳繼宗,4,安全,2021-08-27 14:26:59
謝惠鈴,1,進入畫面都要等超久更新程式太爛了,2021-08-27 13:25:21
Biowap Hsiao,1,更新一直轉圈圈，del掉重下載，也一直轉圈圈...一個早上就醬轉完了,2021-08-27 11:03:08
金剛,1,一個字爛,2021-08-27 08:45:39
林俊廷,1,已經兩天無法登入，一直轉圈圈...,2021-08-25 21:29:42
羅艾梅,1,工作有半年 沒辦過信用卡， 想說辦富邦的信用卡 結果沒過件，是要多有錢才可辦信用卡？富邦爛透了，有錢以後也都不用富邦了 告知所有好友都不要辦，信用卡都不會過件的............爛爛爛,2021-08-25 12:02:16
APP Lin,1,很難連線,2021-08-24 20:09:09
李仁凱,5,重要資訊集中同一畫面顯示，能幫助我快速做出決定，操作方便。,2021-08-24 13:01:48
Goldengood Lin,5,很好👍,2021-08-24 00:16:18
陳慶仁,1,更新超慢的，很爛,2021-08-23 22:29:52
Lin Joyce,2,現在無法登入，試好幾次了！目前也不是維修時間這樣真的很扣分！,2021-08-23 21:34:29
Rosalind Hsu,4,清晰明白,2021-08-23 16:19:14
湯湯,1,不方便,2021-08-23 06:58:23
Chris Chuang,4,使用上蠻便利的,2021-08-23 03:05:52
KiWi K (kiwi),1,每次登入都超級超級無敵無敵久，一直轉一直轉都沒登入。。。系統真的很差ㄟ，都幾年了還一直都沒改善，別家都快速登入或其他辨識一秒就登入，就富邦一直進不去還在轉。。。現在都什麼年代了還那麼慢。。。真的慢到讓人火大。。。,2021-08-22 14:37:19
蕭晴羽,5,介面操作還不錯！,2021-08-22 10:05:24
C.C. Tai,1,上次更新後就不能用指紋登入了！要設定就當機！超級難用！！！一顆星都不想給！！！！,2021-08-21 11:33:50
Li Cara,4,簡單好用,2021-08-20 16:36:48
曾棒,5,功能齊全，好用不卡,2021-08-20 15:54:12
莊華山,5,讚,2021-08-20 13:53:40
吉姆,1,數位帳戶不好用,2021-08-19 23:21:34
Zero Chen,1,轉帳簡訊超級慢收到，非常難用 開發人員開個 usb 偵錯就說這個裝置不安全 管的會不會太多 ？,2021-08-19 21:31:42
黃榮俊,5,轉帳體驗很棒！行雲流水,2021-08-19 21:23:01
曾增宏,5,使用清楚，一目了然，很棒 ，讚 。,2021-08-19 15:16:36
黃小芬,5,操作方便,2021-08-19 10:26:14
蕭舜天,4,實用,2021-08-19 09:56:17
Indy Hsu,1,爛,2021-08-17 18:09:41
邱博遠,2,轉帳留言被吃掉,2021-08-17 13:51:40
趙雷翔Jerry Chao,5,好用👍,2021-08-17 11:13:24
楊佳怡,5,使用很便利，很好操作,2021-08-17 00:44:19
周無奈,1,不能更新也不能解除安裝是啥小,2021-08-16 22:41:18
061余添雄,5,辛苦了工程師,2021-08-16 22:31:09
Henry Chwo,5,繳停車費快速順利,2021-08-16 19:52:51
Lulu Liu,5,簡便！有效率,2021-08-15 20:06:52
Hung Kiki 3oo347,1,系統更新速度龜速,2021-08-14 14:24:23
Aeon yuri,1,因為不能給零顆所以我給一星 推播系統很糟糕，明明設定刷卡通知卻沒有任何反應，被刷了一筆的保費也不會通知。 24電話客服更是一個笑話，臨時有事晚上11：00多打電話想詢問，結果連續打半小時都說忙線中，我看根本是客服直接把電話拿起來沒掛上去不打算接電話。 抱歉更正一下，一直到半夜2：30，所謂的24小時客服也一樣忙線，真的不知道如果有人半夜被盜刷這家公司一直打不同要這個服務系統幹嘛耶… 服務態度不佳，以及系統不友善，只辦快一年我就想要退卡了。,2021-08-14 02:23:47
Yang ching-ching,1,現在就登不進去，每天都有一些時段無法登入😭根本無法操作,2021-08-13 11:28:53
陳宏兆,5,帳務條理清楚，一目了然好用。,2021-08-12 17:17:37
吳仰妤,5,請問在一開始開啟的畫面中，能否只顯示台幣的剩餘金額呢？ 我不知要在哪裡設定 目前的顯示存款， 會將外幣的價值也一起合計， 變成剩餘金額會計入外幣 富邦的app好用喔～👍,2021-08-12 11:38:08
彭新治,1,根本無法登入,2021-08-11 23:01:04
嘎蛤,2,介面文字提示不清楚，光是信用卡帳單提醒就找不到地方設置,2021-08-11 22:16:55
wenhin Chi,5,使用迅速方便,2021-08-11 19:51:41
陳品宏,5,👍,2021-08-11 13:09:21
何明杰,5,好用,2021-08-11 11:34:28
廖玉秋,5,簡單明瞭，操作方便,2021-08-11 11:08:53
andrew Zhao,5,很好用。,2021-08-11 09:44:53
呂婉菁,5,操作容易,2021-08-11 09:34:53
謝永川,5,方便,2021-08-10 21:31:28
Linda Chang,5,App無法下載,2021-08-10 20:05:13
Reese Hsu,1,富邦的邦妮很不智能，讓人不舒服,2021-08-10 18:45:18
陳eric,3,最近怎麼都登不進去，重新開機後就可登，再進入時又登不進。,2021-08-10 18:26:08
jenny lin,5,很棒的操作界面設計,2021-08-10 17:18:29
林英騏,5,還不錯,2021-08-10 14:37:23
Ho * 穗 Amy,5,步驟簡單明瞭，非常好用。,2021-08-09 23:50:01
HM_Bill chen,5,讚讚,2021-08-09 13:04:48
湳華,5,讚,2021-08-09 12:24:20
yating chan,5,很好的 APP,2021-08-09 12:18:12
林政樺,5,謝謝專員，服務迅速。,2021-08-09 11:35:47
吳麗卿,5,工程師讚讚~,2021-08-09 10:39:27
王帥裕,5,Good 😊,2021-08-09 06:23:24
DUNCAN CHENG,5,好用,2021-08-08 15:28:35
簡浩羽,5,很好用,2021-08-08 13:47:21
Sharon Pan,1,為什麼登入後一直轉圈圈讀不出來,2021-08-07 21:19:38
A JQ,5,App速度流暢,2021-08-07 17:48:53
健司吉井,5,登入登不進去，不好用 2021/08/07更新 目前使用速度快正常，謝謝,2021-08-07 10:40:16
Captain Liu,4,方便實用,2021-08-07 09:59:07
Yuan-Fu Luo,5,好用,2021-08-07 01:08:30
movie a,5,Good,2021-08-06 21:02:28
Fg Gh,5,資料準確迅速，讚。,2021-08-06 15:53:58
Carrie Hu,5,非常friendly 的介面，好用,2021-08-06 14:36:04
Johnson Chang,4,越來越好用了，加油！,2021-08-06 10:32:19
莫宇潔,5,目前有使用的5間銀行app，我覺得富邦的使用更順暢且直覺！,2021-08-06 09:59:37
JSSC487BS LinQQ,1,轉帳功能不見了？app居然看不到自己的帳戶,2021-08-06 09:55:22
ADI LIN,5,好用,2021-08-06 09:12:46
邱錫輝,5,很方便，但需注意使用謝謝,2021-08-06 05:09:33
Susan Chen (旻旻),5,很可以，使用上沒問題。,2021-08-05 19:22:17
陳怡儒,5,操作快速方便,2021-08-05 19:16:15
吳蕙安,5,好用,2021-08-05 14:20:16
Karty Yu,5,非常便利,2021-08-05 13:46:45
Hsu Vicky,5,很方便貼心,2021-08-05 13:08:12
Senchih Chang,1,app轉帳，看個手機簡訊碼再切回app就要重登，無法用app轉帳,2021-08-05 12:23:57
Charlie Lin,5,順暢迅速,2021-08-05 12:18:59
jacky lu,5,很好用,2021-08-05 10:54:44
張玲紫,5,很棒!,2021-08-05 10:35:17
pink Guo,5,好用,2021-08-05 10:18:40
吳振宏,5,Ok,2021-08-05 00:00:59
陸奧八雲,5,Good,2021-08-04 23:36:53
伍彥之,5,非常滿意基金申購管理,2021-08-04 17:35:24
yirou chiu,1,就只有你們家繳費日就遇到假日叫客人提前繳，繳完還多扣帳戶的錢，系統也太爛,2021-08-04 12:00:36
李比比,5,好用 簡單明瞭的介面,2021-08-04 07:47:48
Go Go,3,為什麼登入只有信用卡畫面沒有銀行存款等，臨櫃去辦理過怎麼還是一樣，是哪裡錯了，怎麼這麼複雜……,2021-08-04 01:25:16
劉嘉惠,5,操作簡單方便,2021-08-03 17:11:07
Chang Eric,5,非常棒！👍👍,2021-08-03 16:57:54
正思Peter Lawyer,5,跨行轉帳非常好用,2021-08-03 15:00:22
黃Sam的生活點滴,1,不解你們的填寫欄位 未說明 搞不懂,2021-08-03 14:17:19
kun-Yung Wang,5,直覺使用清析,2021-08-03 12:49:57
潘惠琳,5,方便、簡單、快速,2021-08-03 12:00:33
黃玄宇,5,很好用,2021-08-03 11:45:44
陳美娟,5,實用,2021-08-03 10:12:09
Jason Yang,5,使用便利,2021-08-03 08:56:50
nico yeh,5,簡單好用,2021-08-03 07:46:09
吳向中,1,無法更新,2021-08-02 22:54:03
Byron Lin,2,沒信用卡即時消費功能，有疑問的即時消費都要打去客服，難用,2021-08-02 21:01:00
許水城,5,非常讚 ! 如果能再減少一些彈出的確認視窗，用起來會更流暢。 奈米投請直接跳過去，不用多一個提醒，又要按確認，多此一舉。,2021-08-02 20:18:19
Mary Chang,4,很方便,2021-08-02 20:04:59
glvaine joe,5,好用,2021-08-02 19:42:51
Yi Hsin Lin,5,Good,2021-08-02 17:21:49
Emily Chen,4,我覺很好用,2021-08-02 17:21:34
怡秀陳,5,好用，方便又快速處理。棒棒棒,2021-08-02 16:29:50
胡搞瞎搞的手作烘培,1,你好，我想請問，為什麼我無法登入。都有開網路，權限也有開啟，請問問題出在哪裡,2021-08-02 15:30:17
劉正平,4,"持續有在改善&進步,給個讚！",2021-08-02 13:57:54
林明宏,5,好用,2021-08-02 11:15:43
coffee morris,5,簡單快速明瞭!,2021-08-02 10:28:22
Ok Wu,5,Good,2021-08-02 10:26:32
怡亙陳,5,方便快速超好用，我是LKK一族，使用上完全無障礙。 它行xx保鏢，密碼設一堆，立馬退出，記憶力有限啊！,2021-08-02 09:18:23
賴瑋佑,5,介面不錯,2021-08-02 08:38:08
Celia,5,Ok的啦！,2021-08-02 08:14:59
vivi Chen,5,便利，人性化。很優,2021-08-02 08:11:13
曾木營,5,很好用謝謝,2021-08-02 06:46:17
魏新明,5,使用便利,2021-08-02 02:13:08
李建勳,5,很棒的富邦銀行！,2021-08-01 15:03:39
陳美玲,4,順暢,2021-08-01 14:21:43
艾玥,4,更新完無法匯款，搞什麼呀！,2021-08-01 12:47:39
Chih Pin Wu,1,系統真難用，轉帳功能輸入銀行代碼不能輸入數字要慢慢找，購買國外股票限制，怎麼不改進。我準備去辦理帳戶結清。希望你們能進步，謝謝。,2021-08-01 12:25:17
Judy Yen,5,非常好用，不用出門，手機一查，什麼都知道,2021-08-01 11:38:37
龔軒冬,1,不好進入,2021-08-01 09:44:15
蔡雅慧,5,還蠻能上手 使用方便,2021-08-01 09:22:04
DUEN WOEI,5,非常方便，幫助很大,2021-08-01 07:43:35
吳孟儀,5,APP 操作方便，功能齊全。,2021-08-01 06:08:51
陳育祺,5,讚讚讚,2021-08-01 01:04:11
Lita,3,因為回饋好 所以辦了貴司信用卡 但想查詢每月回饋 卻不夠簡單明瞭 如果首頁能直接出示 當月刷卡金額、當月回饋、扣款日期 就更直覺使用了,2021-07-31 21:14:36
Tsai 蔡Phoebe 郁君,5,好用，方便,2021-07-31 15:55:51
李小盛,5,簡單好操作,2021-07-31 12:11:56
PengXun Cheng,1,很難用 頻繁更新而且更新超慢,2021-07-31 09:38:46
楊建成,4,很好,2021-07-30 15:14:36
Kio Hunag,5,簡單明瞭好操作，謝謝你們。,2021-07-30 12:45:05
Vickie Chen,1,"很糟糕的app,到底要爛到什麼程度？真令人不敢領教！",2021-07-29 21:51:07
張佩雲,5,方便性讚好用,2021-07-29 17:21:40
徐莉,5,很方便,2021-07-29 01:41:43
mo mo,1,信用卡資訊更新超慢,2021-07-28 21:17:41
Joanne Wang,4,很好,2021-07-28 17:50:37
Ma jitoo,1,ROG3 android11 升級完後就打不開,2021-07-28 16:00:39
李雅迪,5,很棒,2021-07-28 15:55:43
李明,1,三天兩頭就要升級 當我手機是硬碟喔,2021-07-28 00:09:56
李依紗,1,不喜歡一直更新……,2021-07-28 00:02:42
張敏麗,1,常需要更新，卻又跑不動，每次都等好久真的不太好用，希望能改進,2021-07-27 20:21:56
游慧倢,5,很好用,2021-07-27 10:20:29
林雨柔,5,富邦app沒有更新就很好用，比起其他銀行條理井然，查詢、轉帳及信用卡資訊都很清楚。辦理信用卡帳單分期也很方便。 現在為了更新 ，會不會程式太大，更新不起來。我手機已經128G了啊！,2021-07-27 06:55:06
軟趴趴,5,我想請問邦你記的項目如果輸入錯誤的話要把該筆資料刪除應該怎麼進行？還是沒辦法？,2021-07-27 06:16:45
duke chang,1,說要更新版本，系統當在那，一直轉無法更新，導致想要看戶頭有多少錢都沒有辦法，希望快點改善,2021-07-26 23:00:10
陳日德,5,好用,2021-07-26 19:04:18
陳寶,5,很好用很方便,2021-07-26 11:14:28
滿,5,簡潔正確,2021-07-26 08:21:09
Tim,1,每次無法登入就只有「卸載重新安裝」一個方法管用，不明白銀行為了拓展業務硬要在APP加入新功能強制更新，軟體沒寫好卻要客戶忍受重新安裝與設定的不便，這樣合理嗎？,2021-07-26 04:54:25
Jean Chiu,1,新版本，更新後一直無法開啟…,2021-07-25 18:33:12
劉福佳,5,很好用。,2021-07-25 10:34:47
John Lee Jeremy,5,連線品質有進步，謝謝團隊的用心，繼續加油。,2021-07-24 23:13:23
孫玉蕙,5,使用操作簡易明瞭,2021-07-24 16:50:37
錢錢,1,強制更新，卻一直等待中轉~是什麼意思?已經等一晚了。,2021-07-24 12:17:50
ozpkpkoz,2,最近常常明明登入成功了，都卡在讀取畫面。,2021-07-24 11:45:42
Danielle Lai,2,信用卡系統很弱，無法及時更新刷卡資訊，其他家的銀行都有。就只有你們沒有😅。而且每天晚上12點準時的維護都維護很久，若一天要刷到20幾筆，還要先打電話請客服放行。現在其它銀行的信用卡跟數位存款系統都比你們強大，也都可以取代你們，之後不會再跟你們往來。,2021-07-23 19:40:06
王老師（王捷）,5,讚,2021-07-23 16:59:24
羅蔡普,5,版本會不符,2021-07-23 16:03:21
區區（區區）,1,爛透了，非常難用…拜託設計UIUX的細心點！ 一大堆專有名詞不懂就算了，連要看個每個月要繳多少錢都看得讓人想罵人，超級難用，連1顆星也不想給,2021-07-23 13:55:57
Melinda Wu,5,符合多方行動銀行需求！富邦行動銀行讚！,2021-07-23 13:31:01
GooderBen,1,不好用不好用不好用,2021-07-23 13:12:26
顏美珠,5,超方便快速 喜歡,2021-07-23 11:32:02
王明祥,1,一個字，差，速度太慢了，等到我都捉狂了，是誰設計的，請他實測一下，不想更新了,2021-07-23 11:28:53
Jam Chuang,2,UX介面不友善,2021-07-23 10:07:01
Way Way,5,有一種安心感,2021-07-23 09:52:00
hsiung yi,2,繳交信用卡款沒有防呆機制，已設定預約繳款了，又跑提醒未繳款通知，導致重複扣款，只能耗時間打客服，不然就下一期沖帳，等改好這個防呆我再來修改評價,2021-07-22 22:58:33
理新儒,5,加油,2021-07-22 21:35:37
呂寶梅,5,好,2021-07-22 18:44:20
Yang Hank,5,清楚簡單,2021-07-22 18:28:35
Ifan Sung,5,不錯,2021-07-22 15:23:02
陳ssan,5,好,2021-07-21 15:59:02
蔡政翰,5,簡單好用,2021-07-21 00:52:55
miki chou,5,很好操作的介面謝謝,2021-07-20 17:49:14
hsiaochin,4,使用很方便，而且順暢,2021-07-20 11:35:14
墨禹,5,操作簡易 畫面簡介,2021-07-20 00:20:58
明峰,1,更新後無法轉帳，告知不安全網路，那我是要換另一家電信商嗎？以前多沒這問題,2021-07-19 23:38:59
劉子瑄,1,信用卡用戶很常登不進去，跑超久,2021-07-19 08:39:52
Cherry Chen,5,很棒,2021-07-18 20:49:14
sophie2215,5,方便，好用,2021-07-17 23:16:56
蔡椿榮,5,很方便的！,2021-07-17 18:06:35
Lillian Li,5,很順暢,2021-07-17 11:02:07
polly kuei,2,昨日申請下載後，可以轉帳，今天卻無法轉帳，智能客服給的操作指示，在app裡完全不是如此，一直呈現鬼打牆的狀態，讓人很崩潰。,2021-07-16 19:14:52
陳怡榮,5,使用方便,2021-07-16 14:42:52
Oliver Chen,5,好用直覺,2021-07-16 09:52:29
Seiguo Lin,3,"1.信用卡未出帳明細沒有及時更新，刷好幾天了還沒資料 2.刷卡通知沒有及時，還要靠line通知。這麼大的銀行，app有點弱，不是功能有就好，參考一下richart,我列的它都做得到，真的需要好好跟它看齊，有很大的改進空間，謝謝。",2021-07-15 19:24:17
江翎萱,1,連結等了一個小時還沒辦法可連結使用，真的很爛,2021-07-15 16:00:52
張渝,5,給工程師一個鼓勵,2021-07-15 13:18:34
婷婷,1,為什麼邀選擇用超商條碼繳款，卻顯示無帳單資料？？？？但是明明有邀繳阿，看到的是昨天結帳了，今天金額出來了,2021-07-15 10:52:44
郭碧瑜,5,方便,2021-07-14 22:43:59
田子榮,5,謝謝您,2021-07-14 16:49:47
薇薇,5,簡潔的，方便好用,2021-07-14 15:44:39
林國銘,5,讚,2021-07-14 15:28:48
林弘森,5,方便,2021-07-14 12:58:00
森林綠,1,每天都一直轉是要怎麼下單,2021-07-14 09:57:06
Richard Li,1,三更半夜是在傳三小訊息，每晚被嚇到吵死人，一點水準沒有，工程師是怎樣設定的，怒刪!,2021-07-14 02:28:06
朱信璁,5,Good,2021-07-13 20:42:05
James Chung,4,"方便,快速",2021-07-13 07:49:05
莊文,5,很好,2021-07-13 07:07:44
K凱莉,5,很好用，方便！,2021-07-12 22:37:33
He Peter,4,還好。,2021-07-12 22:03:49
李過,5,很好操作,2021-07-12 20:44:19
hu yang,5,好用，需求項目條列清楚、易找，不繁雜。 很棒。 很久沒用這個app了，今天用還是很容易找到、操作需求項，真的是符合人性的科技設計。,2021-07-12 20:34:21
Jason Tsai,5,App很好用，且反應快速，值得推薦,2021-07-12 17:32:20
gary lin,1,超鳥，每次開盤或者市場熱熱絡，即使損益或者股價跳動就會lag,2021-07-12 16:05:53
YU JEN CHIEN,2,最近一次更新就再也無法順利進入,2021-07-12 16:03:28
李思賢,5,讚,2021-07-12 13:20:06
陳美琪,5,選項明確，使用便利。,2021-07-12 03:46:57
tsungfong Chao,5,很好用,2021-07-10 14:37:22
Li Jung Huang,5,Good,2021-07-10 11:59:28
紫鳶,1,為什麼突然無法使用，一直登不進去,2021-07-10 02:10:44
Christy CH,5,很好用 謝謝,2021-07-09 21:56:11
江瑋倫,5,整體來說操作都很順暢,2021-07-09 19:26:32
Jimmy Kuo,3,每次登入就卡在顯示登入成功的地方一直轉圈，打從第一次用到現在都是這樣，幾個月了 －－－－－－－－－－更新－－－－－－－－－－ 本來是信用卡帳戶，前幾天開了富邦銀行帳戶，改用銀行帳戶登入就都正常了,2021-07-09 17:48:26
芋人不俗,5,非常好用！！,2021-07-09 16:45:12
吳仲佑,3,初用時 覺得功能太多 不知道 如何入手,2021-07-09 12:42:09
zhang zenobia,5,讚！,2021-07-09 11:24:32
EE L,4,操作簡單明瞭,2021-07-08 21:21:17
阿路霸,5,好用,2021-07-08 05:59:48
鈺婷TinaSu,5,使用介面，清楚簡潔，完整呈現,2021-07-07 22:51:23
劉愷陵,5,感恩的心,2021-07-07 13:19:48
涂小月,5,很清楚!好用,2021-07-07 00:40:47
蕭行,5,流利順暢,2021-07-07 00:30:46
yuchuan,4,還不錯,2021-07-06 22:04:53
曾小一,5,好用,2021-07-06 19:23:18
C.H. Chiu,5,好用,2021-07-06 19:10:10
oven oven,5,方便 零觸感,2021-07-06 17:56:30
陳真如,5,應用很方便,2021-07-06 13:15:45
陳季群,4,操作上手,2021-07-06 12:43:13
陳柏諺,5,好用方便,2021-07-06 10:24:38
Yicheng Jin,5,讚,2021-07-05 22:51:48
Sandra Cheng,5,好用,2021-07-05 22:31:15
莊錚錚,5,方便快速,2021-07-05 20:24:32
周十三爺,1,爛透，一直卡在loading進不去是沙洨！,2021-07-05 19:59:20
蘇鉉評,5,讚！,2021-07-05 19:44:53
蔡崇文,5,好用,2021-07-05 14:10:41
曹育榛,5,Good,2021-07-05 12:54:19
Vance Huang,5,Very smart app,2021-07-05 11:52:21
"力精微國際有限公司POWER MICRO INTERNATIONAL CO., LIMITED",5,好用,2021-07-05 11:46:04
楊啟芝,5,謝謝！,2021-07-05 11:07:44
hung-chiang Cheng,5,好用,2021-07-05 09:55:42
yoyo c,5,請問如果能讓轉帳雙方都能顯示備註會更好,2021-07-04 22:38:00
jack chang,5,使用順暢,2021-07-04 18:35:44
shiuan tho,5,好用,2021-07-04 14:35:14
林海蒂,5,Good enough,2021-07-04 12:47:25
Wenny Wang,5,格式簡潔清楚，非常便利操作,2021-07-04 10:05:40
林小玉,5,簡單好用,2021-07-04 05:53:29
家和 Celine,5,1.指紋登入功能很棒，不用再按帳密減少麻煩。 2.繳卡費後無法立即更新累積繳卡費金額，玉山網銀可以 整體使用很流暢，非常好用,2021-07-04 04:18:59
CHIA LIN LU,5,很便利的app。模式也很方便。很喜歡,2021-07-04 00:59:19
紀思丞,5,使用介面簡單明瞭,2021-07-03 22:02:42
Tsunsan Wang,5,使用兩三年了，穩定，快捷,2021-07-03 21:03:53
黃建華#宥睿&姿瑄,5,資訊安全最重要，也容易上手。,2021-07-03 20:55:50
黃耀武,5,方便易懂,2021-07-03 20:03:03
Shanti R.,3,剛開始用，續觀,2021-07-03 14:12:00
東昇,5,App使用便利。,2021-07-03 11:01:33
ten G,5,ok,2021-07-02 18:06:05
s晶,5,操作簡單，介面清楚，不錯!,2021-07-02 13:24:34
huichin hong,5,目前是最好用的網銀操作系統，畫面很清楚，操作很簡潔，真的很好用,2021-07-02 13:21:32
Roxanne “Owl” K,5,方便好用，設計非常好,2021-07-02 13:18:41
王友信,5,方便好用,2021-07-02 12:14:32
張玉芳,5,"非常人性化,而且介面簡單好操作，讚",2021-07-02 09:45:56
劉錦文,4,很人性化,2021-07-02 09:33:55
楊欣慈,5,讚,2021-07-02 02:15:36
余靜怡,5,好,2021-07-01 21:24:47
張罡,5,不錯，覺得很好，方便,2021-07-01 21:23:24
fengfei huang,5,使用方便，簡單明瞭,2021-07-01 14:31:28
Bacan Lin,5,方便好用，可惜台灣pay通用單位少,2021-07-01 13:56:55
簡靜怡,3,自己操作買外幣很方便,2021-07-01 13:52:24
御愷,5,使用非常好！,2021-07-01 12:47:24
咪醬,5,方便，簡單，目前使用都沒問題,2021-07-01 11:01:41
和Jenny,4,使用方便且快速，可惜當日滙率不能即時報價，只能半小時更新一次。,2021-07-01 10:11:28
Huiling Cheng,5,很好用,2021-07-01 10:01:15
Dolphin Wang,5,介面清楚，容易操作!,2021-07-01 08:56:03
Tess Fang,5,好用,2021-07-01 08:52:08
C.K HO,4,介面可，工程師們辛苦了,2021-07-01 08:19:00
杜永華,5,方便好用,2021-07-01 06:45:00
強富翔,4,滿意,2021-07-01 06:30:52
Yu Chen Chang,5,app操作介面清楚 👍,2021-07-01 05:53:24
David Smith,5,很友善,2021-07-01 05:01:06
鄧芬玲,5,讚！,2021-07-01 04:34:58
陳濬承,5,蠻順手的,2021-07-01 02:45:19
文德張,5,Good jub,2021-07-01 01:14:57
謝駿陽-陽護,5,Good,2021-06-30 18:53:52
蔡代比,5,快速,2021-06-30 11:06:35
阿哈哈,5,😀,2021-06-30 10:02:41
Hiroko Hsu,5,很棒,2021-06-30 00:12:41
ㄚ瑪亞哈璐古,1,為何更新後功能点入又跳出，無法進入点開？,2021-06-29 13:35:59
Tin Tin,1,按第一次指紋進入就說三次錯誤，重設帳號結果換身份字號錯誤，打進客服核對資料都是沒錯，就是無法登入系統。 系統和其他家銀行app實在爛到爆！妳們管理部螺絲鬆了嗎？,2021-06-29 00:08:48
蘇美珠,5,操作方便易懂,2021-06-28 22:33:20
錢惠芳,5,讚,2021-06-28 19:01:51
鄭宏成,1,證券app比照一下銀行好嗎,2021-06-27 12:58:29
John Chiang,2,好複雜。沒有繳公有停車場月費項目。,2021-06-25 17:18:10
Allen Chen,1,app登入時一直卡loading，關掉後重新登入卻又說重複登入，不給用，會不會太誇張，程式寫的爛還加沒意義的防護機制喔！,2021-06-24 17:51:19
師兄,5,讚,2021-06-24 16:12:14
陶拉拉,1,一直提示root或usb偵測錯誤是啥意思啊？每次登入都一直跳出提示、要轉帳也不讓我轉..這麼爛,2021-06-24 14:16:37
許均彰,5,實用,2021-06-23 19:24:02
Su miao,5,很方便使用,2021-06-22 15:07:11
ann chiang,5,使用上很方便。,2021-06-21 15:47:57
楊朝鈞,5,順暢,2021-06-21 15:08:48
陶福祥（jack）,4,好,2021-06-21 14:38:35
麥麥,5,完美,2021-06-21 05:03:52
林嘉格,5,使用介面簡易方便,2021-06-19 13:41:38
邱懷萲,5,順暢,2021-06-18 23:31:07
林巨峰,5,瀏覽速度順暢,2021-06-18 20:09:21
阿堯,5,使用方便,2021-06-18 06:28:24
Lucy Huang,1,真的很不推薦,2021-06-18 02:35:13
林忠賢,5,讚,2021-06-17 23:01:31
陳香梅,5,使用上很容易上手順暢,2021-06-17 20:31:10
帕森諾,5,好~,2021-06-16 15:13:55
楊洋,1,忘記帳密的服務機制太弱,2021-06-16 13:38:17
Carol Lin,5,清楚簡單,2021-06-16 09:10:19
Roy Wu,1,一直卡在登入畫面🙄,2021-06-16 02:51:39
Helen Wang,5,好,2021-06-15 13:31:25
謝純慈,5,很棒,2021-06-15 07:49:48
李威利,1,密碼被鎖定就不能使用，客服沒人，完全沒辦法處理，,2021-06-13 21:36:15
張金山,4,目前還沒多大問題！繼續保持！,2021-06-13 12:50:53
yinyu li,2,"本人已申請了網路銀行帳戶,也已登入過,但現在卻只能登入信用卡會員,而銀行帳戶卻登不進,別家銀行都不會這樣.",2021-06-11 22:57:01
元元,1,無法開啟？？？,2021-06-11 12:11:36
張義宏,5,直覺，簡單好用,2021-06-11 09:47:10
游苑逸,5,很方便,2021-06-11 07:58:33
Emily Jiang,5,好用,2021-06-10 19:10:58
debbie wu,5,目前使用尚可,2021-06-10 17:23:47
HH eeH,1,爛app,2021-06-10 17:12:15
Arsene Tsai,5,謝謝辛苦的工程人員,2021-06-09 01:51:18
蕭詩琴,4,除了畫面不是很美觀之外，都還挺不錯,2021-06-08 22:54:02
Mulp CHANG (tudou),1,閃退開不起來,2021-06-08 14:44:20
Jason Chiu,1,最難操作網銀，要不是薪轉戶不然真的不想用 提高轉帳額度無法立即使用，要隔日8點才會生效，但是隔天9點還沒生效！是還有誠信嗎,2021-06-08 09:35:20
陳志銘,5,真不錯,2021-06-08 08:10:03
蔡映溱,5,使用簡意 流暢,2021-06-07 10:03:01
許進賢,5,方便，實用。,2021-06-07 07:24:44
紀灃酌,5,介面清楚明瞭，使用方便快速，富邦很棒！,2021-06-06 22:50:17
林巧蕙,2,這幾天一直卡卡的，無法順利登入，還多了要輸入代碼也點麻煩,2021-06-06 20:15:44
黃建達,5,蠻方便的,2021-06-05 23:28:14
ALLEN CHEN,1,一直登不進去是不想給人用嗎？,2021-06-05 21:25:17
許雅婷,5,簡易好操作,2021-06-05 17:54:17
King Gary,4,方便使用！,2021-06-05 17:43:15
余錦山,5,富邦銀行人好,2021-06-05 17:41:09
葉成文,4,只用過一次,2021-06-05 14:52:33
猛人注意,5,很順暢,2021-06-05 14:41:59
陳建州,5,很好用,2021-06-05 12:39:41
Jhu Li,5,用起來比別家好用多了,2021-06-05 12:25:20
許哲繻,5,方便快速,2021-06-05 11:52:49
Angelica Chiu,5,使用流暢,2021-06-05 11:01:18
哈比汪,5,十分便利,2021-06-04 22:52:47
劉思宏,4,滿好的,2021-06-04 19:01:11
cheng yulin,5,還不錯用,2021-06-04 18:45:17
陳穎修,5,好用,2021-06-04 18:25:47
Willy Sun,5,使用方便,2021-06-04 16:08:17
秦芊蕙,5,說明簡潔，操作不複雜。,2021-06-04 15:57:50
Max Chuang,5,好用,2021-06-04 11:16:33
吳雨伶,5,便利性、實用性,2021-06-04 06:30:16
Fausti Huang,1,登入超級久…是IT系統太爛嗎,2021-06-04 02:24:40
陳碧雀,5,很好用，謝謝您,2021-06-03 22:11:12
與神同行貓之助,5,快速訊息通知∼簡便操作迅速👍,2021-06-03 20:27:14
何智仁,5,讚,2021-06-03 16:34:58
鄭大熊,5,方便迅速實用,2021-06-03 15:27:22
夏琍甄,5,目前為止都挺好使用的👍,2021-06-03 13:43:30
chung hao Cheng,5,很方便操作，功能齊全,2021-06-03 11:22:09
劉士豪,5,非常便利,2021-06-03 09:55:45
洪淑子,5,👍,2021-06-03 09:39:00
袁中中,5,很好,2021-06-03 00:55:13
yen lee,5,介面清楚。簡單方便好操作,2021-06-03 00:53:31
朱茱,5,很方便好用。,2021-06-02 21:53:50
jungle shih,5,非常好用,2021-06-02 20:53:07
謝雲靜,5,快速方便,2021-06-02 19:40:32
詹前濯,5,讚,2021-06-02 19:23:28
陳語蘋,5,很實用的,2021-06-02 17:27:30
Minah Chen,5,方便，快速，好用,2021-06-02 16:19:16
Jay,4,匯款登入都很方便,2021-06-02 15:33:55
李樹人,5,很好用,2021-06-02 13:45:16
Don Liu,4,方便順暢。,2021-06-02 10:32:09
李金盛,5,順利,2021-06-02 09:23:00
Chiu Bob,4,好,2021-06-02 08:33:11
捷哥,5,雖然目前使用到的功能不多 但整體而言app使用上很順手 還沒任何感到不方便的地方 所以給5顆星,2021-06-02 00:56:20
徐偉哲,1,無法快速登入，loading到天荒地老,2021-06-01 22:34:21
Goldfish Village,5,方便好用,2021-06-01 21:49:55
陳育芯,5,很方便，謝謝,2021-06-01 21:40:45
張瑋洹Chang Wei-Huan,5,good,2021-06-01 21:29:47
粉糖糖,5,超級讚,2021-06-01 21:20:58
洪秋楓,1,無法更新 搞不清楚的軟體,2021-06-01 17:29:40
Luo Nick,5,使用直覺，系統相對穩定，App反應速度亦不遲，算是好用的銀行App。希望「通知已匯款」的分享訊息能增加純文字模式，方便貼到別的App去,2021-06-01 16:46:57
Eric Wu,4,使用方便,2021-06-01 16:09:42
wj65 Lee,4,Good,2021-06-01 15:51:08
賴建良,5,非常好,2021-06-01 14:32:21
Cybill Liu,5,感覺這是最好用最user friendly 的app,2021-06-01 14:08:43
LIN A,5,超越所有的金融app,2021-06-01 13:52:04
vwvwish,4,Good...,2021-06-01 13:28:46
Lee Sammy,5,都很不錯~,2021-06-01 13:27:29
Anthrax Anthrax,5,好用！,2021-06-01 12:50:17
邱琇絹,5,簡單方便明暸,2021-06-01 11:16:33
駱應祥,5,很好操作，方便又實用。,2021-06-01 10:29:47
Yenchen Chen,4,好用,2021-06-01 09:36:02
R.H,5,很方便，快速。,2021-06-01 08:25:54
盧建志,5,好用,2021-06-01 08:21:56
christine pai,5,介面方便使用,2021-06-01 08:18:59
jacky Lee,5,讚,2021-06-01 08:11:31
康偉哲,4,還不錯用,2021-06-01 07:35:01
黃建基,5,Good,2021-05-31 21:50:37
楊雅婷,1,麻煩,2021-05-31 11:46:22
Kelly Hai,4,可以,2021-05-30 10:05:58
黃俊傑,5,查帳方便,2021-05-29 17:18:10
AY-james lee,3,複委託 輸入價格介面 不友善， 小數點後需跳畫面，,2021-05-29 08:30:59
謝婉真,1,登入之後一直轉圈圈 根本開不了,2021-05-28 13:02:37
Luke Chu,5,算方便,2021-05-27 08:01:24
Cindy Wei,1,最近一直無法登入，這樣沒辦法繳費啊！登入一直顯示系統更新中？,2021-05-27 00:56:16
fang pei Li,1,2天了，上不去,2021-05-26 22:33:23
何俊豪,5,👍,2021-05-25 15:14:22
Yoko Wang (秀麗),1,一直上不去...,2021-05-25 12:21:42
江建隆,5,很棒很快速的網銀,2021-05-25 10:53:54
謝小春,5,專業Excellent,2021-05-25 02:48:01
賴伶玲,1,爛掉了,2021-05-24 20:47:54
吳淵儒,5,很方便,2021-05-23 19:32:08
鄭清芳,5,介面清楚、操作簡單、方便快速,2021-05-23 10:40:38
chang hsiu,5,Good,2021-05-22 23:10:02
陳怡君,4,還不錯用,2021-05-22 16:21:31
何綺雯,1,額度給超小氣，上傳財力證明寫可接受PDF又不給選,2021-05-22 15:26:18
黎德勛,5,簡單方便,2021-05-22 15:03:17
廖安迪,2,一Launch此app就應該直接進入登入頁面，而無需使用者再多此一舉去點右上角的登入。,2021-05-22 00:03:49
張殷芸,1,都登入不進去 ，登入10次有9次都進不去,2021-05-21 20:42:30
陳美惠,5,Good Job!,2021-05-21 18:26:19
yi chang Wu,1,快速登入每次都要打常常當機,2021-05-21 18:13:12
George Qian,4,轉帳功能可以複製帳號會更好,2021-05-21 10:00:19
Chin_Fu Lin,5,很方便順暢,2021-05-21 06:41:34
alice YAN,5,很好用，方便，,2021-05-21 00:26:40
艾瑞克,5,5/20 日一直無法登錄,2021-05-20 23:40:46
Aaron Hsu (Aaron),3,富邦app無法及時演示真實交易結果，令人傻眼，真是不可思議。,2021-05-20 20:22:44
IWA,3,之前查詢存款明細的時候 股票交割有清楚的註明為哪隻股票，現在只寫了股票交割 看起來挺不方便的，這個設定有地方可以改嗎？,2021-05-20 15:48:06
曾彥雄,5,好用好上手,2021-05-19 13:56:27
彭小花,1,你們App好容易系統維護… 要用要查詢的時候都在維護… 你們的開發組還好嗎…之前半夜要等就算了，現在一般時間也要等……… App給不給登入啊…………,2021-05-19 13:52:28
莊鴻鈞,5,很好！,2021-05-19 00:22:33
Ho何Rebecca 宜軒,5,Good,2021-05-18 14:00:08
王明雄,5,好用,2021-05-18 13:52:44
Yu Tong Hsieh,5,讚！,2021-05-18 01:13:08
吳翊羽（m羽m）,4,客服處理態度佳，希望不會再有問題了,2021-05-17 17:56:01
Jimmy Wang,5,好用,2021-05-17 11:56:52
Charmii Chen,1,快速登入無法使用，只會一直Loading,2021-05-16 18:01:00
李若嫣,5,很好用，棒棒😃😃,2021-05-16 13:06:02
阿昕,5,好用,2021-05-15 20:15:32
先生張,4,好用,2021-05-14 22:38:26
YUAN YUAN,5,給予滿分,2021-05-14 13:34:54
永順金,5,方便好用 讚,2021-05-14 12:22:10
淑貞孫,5,不錯,2021-05-14 11:50:04
Jade Wang,5,簡單明瞭好操作,2021-05-14 02:56:55
游珩玄,1,很常登入不了，也不能用生物認證快速登入 有夠不方便……,2021-05-14 00:23:51
弓米漿,5,好用，貼心,2021-05-11 22:05:05
林漢元,5,元極靖 就是這樣,2021-05-11 19:43:35
Orchid Tang,1,無法快速登入，一直在loading... 連一般登入都會系統異常，還會寄email 告訴你已經成功登入，問題是loading 的畫面一直跑、造成螢幕反白、什麼都看不見，而且幾乎每次都有一樣問題！如果已經很多人抱怨了，為什麼不改善？富邦銀行這麼缺錢缺人才？,2021-05-11 18:16:00
chia jung Wu,5,使用流程很方便,2021-05-11 14:32:43
方國華,5,讚,2021-05-11 10:42:47
沈jojo,5,好用又便利,2021-05-11 07:22:15
奇妙趣味屋,5,好用,2021-05-10 00:58:22
卓 雅芬,1,無法查詢銀行存款與明細,2021-05-09 08:25:13
羅永昌,5,很方便,2021-05-08 22:15:48
徐景雯,5,方便使用，功能完整,2021-05-08 22:06:34
何小樂,5,好,2021-05-08 12:36:13
郭駿耀,1,一直無法用指紋驗證 快速登入,2021-05-07 16:22:13
Huang枬瑩,4,Ok,2021-05-07 15:17:24
陳冠臻,1,"快速登入Android無法使用，試了5,6遍都沒辦法，數位客服也沒辦法解決問題，換了好幾個客服問到後面都不見，照著上面的文字操作不用沒事，用了很多設定都不見了，真的很爛。",2021-05-06 22:26:26
YY,1,信用卡未出帳明細感覺沒有同步更新，完全無法即時知道總共刷多少,2021-05-06 22:06:43
曹,5,好用,2021-05-06 21:45:33
陳昀琦,5,好用，謝謝您,2021-05-06 17:07:29
胡瓅云,5,使用順暢,2021-05-06 15:47:17
chien chung wu,4,先保留一顆星！,2021-05-06 14:07:16
鄭瑞琴,5,方便,2021-05-06 12:22:17
mitty,1,根本跑不動 更新再更新還是跑不動,2021-05-06 11:08:56
羅大偉,5,整體還不錯，我很喜歡編輯首頁捷徑的功能。希望轉帳時，可以吃指紋認證，每筆都要收簡訊，挺麻煩的。,2021-05-06 10:40:28
陳威寶,5,給好評是一種美德,2021-05-06 10:17:20
林宏毅,5,不錯用唷！讚,2021-05-05 23:36:42
鄒文挺,5,很好,2021-05-05 22:12:07
Hsin-I Wang,1,更新轉圈圈轉了10分鐘還再轉圈圈..... 已經半小時以上了.... 隔兩天要再嚐試安裝，也是一直轉圈圈，無法安裝，請問是我手機問題還是你們app問題？,2021-05-05 17:44:34
WEI,5,Good,2021-05-05 17:26:41
洪藝珊,5,好,2021-05-05 14:28:55
趁著下雨天,5,優秀的軟體，實用！,2021-05-05 13:57:27
易哲華,1,到底給不給登入啊，說登入成功然後一直跑圈圈,2021-05-05 12:42:23
酈A,5,流暢、快捷、便利,2021-05-05 11:35:54
馬世華,4,很方便,2021-05-05 10:39:05
劉勇成,5,轉帳不用錢,2021-05-05 08:21:51
MrHavanacj,5,比其他家銀行的好太多了，工程師們辛苦了,2021-05-05 05:42:19
Ricky Liu,4,功能操作清楚,2021-05-04 19:54:28
潘悅而,4,簡易好用,2021-05-04 16:47:18
Wing Chen,5,操作方便，簡單清楚,2021-05-04 13:34:08
蔡Ansuei,4,方便實用,2021-05-04 12:01:08
鄧進隆,5,實用,2021-05-04 11:40:46
張如婷,5,好用、方便快速！但希望薪轉戶的免手續費次數能夠超過6次以上,2021-05-04 10:21:27
Tina小貞,5,整體APP都超棒的,2021-05-04 01:31:16
連新隆,5,好用方便,2021-05-04 00:38:53
景哲蕭,5,整體使用易於瞭解，操作十分順暢。,2021-05-03 21:45:02
鄒歆鄒歆,5,便功能便利,2021-05-03 16:55:32
Eddie Liu,1,曾經我給5顆星，但現在android版本居然一直提示root 或usb偵錯導致無法正常交易！我也只是正常使用無上述操作設定，更何況若有，那也是使用者必須自付風險，為什麼就擋住交易功能，我對此非常失望。,2021-05-03 15:01:38
瑞茂莊,5,很棒👍,2021-05-03 14:49:49
dave liou,5,淺顯好用,2021-05-03 14:27:32
太子路男神,5,很順很棒,2021-05-03 14:06:28
ChungLei Tuan,5,簡明、順暢、安全、好用,2021-05-03 13:46:55
蘇信光,5,讚,2021-05-03 12:57:08
鄭國志,5,使用上非常滿意,2021-05-03 12:24:55
Bo-Yu Hou,5,方便好用,2021-05-03 11:39:09
Yalin Feng,5,很方便好用,2021-05-03 11:30:13
沈小菟,5,3Q~好使用啦~加油*3,2021-05-03 10:57:11
張瑞先,4,方便使用,2021-05-03 09:42:03
yu honru,5,讚！,2021-05-03 09:36:58
lin ji Lyu,1,凌晨剛下載更新，但數位帳戶，使用VISA金融卡消費，無法顯示之後的金額是多少，一直都卡在有餘額，但是感應不能刷卡消費了，還有退刷後無法馬上能使用這點希望能加強，感謝！,2021-05-03 02:05:39
Yo Justin,5,好用,2021-05-02 21:28:13
軒轅開元,1,老是更新，越更新越難用,2021-05-02 21:04:52
劉淑慧,5,目前為止使用狀況都還滿方便的，很安心的使用中😊😊😊😊,2021-05-02 08:45:06
Saoirse Tinúviel,1,N年過去依然不支援Pixel 4 XL的人臉辨識，台新網銀支援、中華電信App支援、悠遊付支援、LinePay支援，各家都可以呼叫Google biometric API來支援只有富邦做不到。,2021-05-02 04:26:00
李佳玲,5,方便又實用,2021-05-01 22:54:58
Google 使用者,5,改善很多，繼續加油,2021-05-01 13:04:19
I-chuan,5,方便好用,2021-05-01 10:03:19
陳彥均,5,Good,2021-05-01 08:59:03
melody c,5,人性化，替使用者設想,2021-05-01 08:19:31
小金,5,方便,2021-05-01 07:05:28
林正義,5,讚,2021-04-30 21:12:27
Kuan,4,"手勢登入設定是進化成AI了嗎？手勢軌跡還沒到點,竟然自動幫我決定了？？？😵😵😵",2021-04-30 19:29:51
黃清文,5,👍,2021-04-30 13:38:16
永祿許,5,好用,2021-04-30 03:58:38
邱晟,5,good,2021-04-29 19:04:02
王敦弘,5,直覺與便利的介面,2021-04-29 16:14:27
德帆,5,不錯的app,2021-04-29 12:57:07
登雲,5,很好很棒的APP程式👍,2021-04-28 17:31:57
Thomaser81,5,不錯用,2021-04-28 10:40:15
宗勳何,5,快一點,2021-04-28 10:36:14
鄭華能,5,Good,2021-04-28 03:57:56
鄭文宮,1,無法更新，刪除重新下載變無法下載，這，，，，，，，，,2021-04-28 01:21:44
Kerr Cheng,1,手勢登入的九個點間距太密，線條太粗，滑動時非常容易判別錯誤，例如從最下點“斜上”連最上點時，老是會連到中間點，麻煩請修正，謝謝。 不過後來發現好像不是間距跟線條問題，因為街口也是差不多的間距跟線條，但街口在滑動很順暢，都不會誤判。,2021-04-27 00:57:14
林濰埕,5,很滿意,2021-04-26 16:06:52
蘇老爹,4,很棒。,2021-04-26 14:43:28
Wendy Luo,1,每次登入後顯示「已登入」，但畫面都卡在登入頁面轉圈圈，很難用👹,2021-04-25 19:00:35
ycs120 l,5,非常棒,2021-04-24 23:13:38
Huberson Su,5,使用簡潔，容易找到所要的功能,2021-04-24 07:39:54
林凡綺,1,需要更新也沒關係但速度也太慢了吧到底要更新多久,2021-04-24 01:51:05
黃淑惠,5,很棒喔 加油,2021-04-23 23:52:15
Dee Lin,2,安卓系統lucky pay用鏡頭掃qr code完全大變形對不了，麻煩修正，拜託了,2021-04-23 20:52:12
San Lin,1,更新為Android 11後，再開這app，就無法使用指紋辨識的快速登入,2021-04-23 17:09:41
韓佳芳,5,贊！贊！贊！,2021-04-23 14:55:49
賢,5,讚,2021-04-23 13:48:37
陳妍儒穎,5,金控之王,2021-04-23 08:44:48
葉x卿,5,感謝大家幫忙維持APP的品質讓我們可以方便使用。,2021-04-22 00:43:31
itzu wang,5,簡單好用,2021-04-21 21:12:05
_興趣愛好,1,能否學習國泰世華的 app，你們的很難用,2021-04-21 12:56:47
Tiffany guo,2,無法更新,2021-04-21 10:21:56
Dean Yu,4,4／10.線上繳清信用卡費，請問為何到現在APP還沒更新資料呢？ APP還不錯用，唯一可惜的是…已繳款資訊，未能即時更新！加油！,2021-04-21 09:26:55
阿肯666,5,好用,2021-04-21 08:51:43
Amino Chen,5,信用卡扣款簡易經用,2021-04-20 19:28:28
Tzu-Yi Chung,3,行動銀行「訊息通知」可以增加讓使用者自行刪除不要的訊息功能嗎！有些登入通知或入帳通知只看一眼、知道了就可以刪除了，實在沒必要一直留著，真的很佔空間！從2020年講到2021年，結果這個問題完全沒意思要處理，我也是無言了！,2021-04-20 01:15:37
范浩瀚,5,方便好用感謝讚!,2021-04-19 23:00:25
楊小新,1,要更新程式，更新很久都更新不了,2021-04-19 21:56:33
謝文曜,5,讚,2021-04-19 11:46:26
Tommy Gun,1,購債功能異常 ，一個網銀app常出包真是爛,2021-04-19 11:34:17
DANKONGKONG,1,連安裝都不給安裝,2021-04-19 06:59:04
Relaxing Spiritually &Meditation,1,系統要我升級，卻一直都是等待中的字眼在旋轉維持數分鐘之久非常浪費時間。要是相同的情況在國泰銀行的app便不會有這種事發生。,2021-04-18 21:07:43
好喔,1,打開不到一秒馬上閃退 請問是有問題嗎?,2021-04-18 17:08:41
古瑞文,5,使用方便,2021-04-17 22:50:08
Lulu Chen,1,跑個更新等非常久，也沒有預告需要多少時間,2021-04-17 15:15:26
黃意文,5,方便實用,2021-04-17 02:17:28
育杰,5,不錯用,2021-04-16 13:51:24
Ian Chang,1,無法更新,2021-04-16 13:47:36
襄楚茜,5,方便,2021-04-16 04:34:50
Leo Wang,1,資料更新中， 壓個預計完成時間， 是很難嗎？ 睡前想繳卡費， 前一秒還可查詢卡費， 下一秒就是資料更新中 是要更新多久？ 要更新到天亮， 也寫個預計開放可使用時間， 都知道進行資料更新， 也可以預計完成時間吧!,2021-04-16 00:26:08
蘇誌成,2,1.轉帳作業進行中，並非處於閒置狀態（仍在使用中），卻總是在通知內容輸入完，按確認鍵時，跳出『您已登出連線，請重新登入』之通知，讓人非常不快，此設計造成使用人相當大的困擾，如果設計要讓人備註內容做提示，就應該要能感知…使用人仍然在使用中，不應貿然的就『 強 制 登 出 』。 2.在按『確認』鍵前若發現轉帳內容輸入錯誤，應該再設計一個『返回』的功能鍵，讓人可以在資料或金額修正後，能夠再繼續轉帳，不要直接就把內容取消，得再全部重新輸入。 3.輸入交易明細通知內容時，有時侯欄位會往上拉抬到畫面上方隱沒，使用不便。 ~盼望反應了，能有效改善~,2021-04-15 23:02:13
唐lin,4,好用,2021-04-15 15:22:03
米飯聯盟,1,一個字爛,2021-04-15 14:39:48
林淑莉,5,非常方便,2021-04-15 10:46:53
Mei-Lin Shu,5,方便,2021-04-14 20:53:17
Jia W,1,不能更新,2021-04-14 19:00:52
Grace Lin,5,在首頁的便利性及使用性可以再稍加調整，不過整體上還是不錯的😊,2021-04-14 16:06:09
Lucien KONAPOL,5,讚讚讚,2021-04-14 11:36:57
黎萬億,5,好,2021-04-14 02:54:31
張晉瀚,4,還不錯很好用,2021-04-14 01:40:14
張s,5,很棒,2021-04-13 20:19:41
1608 JAJA,5,好用呢,2021-04-13 17:22:09
KEN MA,5,好用方便,2021-04-13 11:34:53
茶茶,4,每次要繳納信用卡的時候 無法登入 為何這問題都沒處理呢？ 這樣系統常出問題 影響到客戶處理業務 繳費 實在不太好 建議客服人員 能否針對此問題 限期改善 謝謝,2021-04-13 10:49:52
王正朗Wang，Cheng-Lang,5,希望信用卡未出帳明細能更即時，而不是只到三四天前的資料。,2021-04-13 07:13:31
梓玲周,4,簡單方便好用,2021-04-12 20:12:20
葉人魁,4,很直覺，方便,2021-04-12 18:42:43
J.J. Hsu,1,無法下載/更新,2021-04-12 17:58:50
張武華,5,很好,2021-04-12 17:50:10
Rebecca Hung,1,下載不了,2021-04-12 13:42:55
邱柏翔,5,可以更新，而且使用方便。,2021-04-12 12:42:10
張俊宜,4,很快，好用,2021-04-12 00:39:33
林佳怡,5,速率快,2021-04-11 17:36:52
Mike Chen,4,好,2021-04-11 00:02:19
Sarah Wang,5,有效率 簡單操作,2021-04-10 22:36:20
張加加,1,刷卡資訊更新太慢了,2021-04-10 22:10:23
Malagabah Lee,5,還ok,2021-04-10 13:55:14
張二哥,5,很好 很好 很好 以目前銀行的App 這個算好用了,2021-04-10 13:42:43
呂理琅,4,簡單不繁雜.就能初步看匯率。,2021-04-10 12:57:57
GwoYu,3,沒有啥感覺 -_-！,2021-04-10 12:41:45
黃敬堯,5,實用,2021-04-10 09:37:13
吳德韋,1,不會馬上記錄你總共刷多少錢 很不方便,2021-04-10 09:29:20
Ivy Chen,5,感謝您們！辛苦了！,2021-04-10 09:09:41
Connie Lin,4,很方便好用的app,2021-04-10 08:18:01
Yijia_2546 jia,5,使用方便,2021-04-10 07:38:39
叫小麥,1,本來都可以使用，更新後就一直跳出系統更新中，一直登不進去是怎樣，這個問題一直不修復真的超級不便的,2021-04-10 01:00:49
朱詩婕,5,便捷,2021-04-09 21:55:20
kelly,1,非常不方便的設計,2021-04-09 18:32:29
Andy CHEN,5,讚，方便,2021-04-09 17:05:50
胡琬霖,5,很方便簡單操作,2021-04-09 15:21:36
Tony Huang,4,整體上還不錯。,2021-04-09 13:34:20
Gene Chiu,1,刪我內容我就在打…使用多年，之前都有免費轉帳50次沒有錯50次，4月突然收取費用，沒有通知，網上購物轉帳莫名看到手續費，才看到下面提醒沒有購買理財無法享有免費轉帳會員…108/4/1生效??愚人節笑話嗎？,2021-04-09 01:34:49
Lee Irene,5,好用，方便,2021-04-08 11:06:38
梁蕊,5,操作蠻清楚的,2021-04-08 10:55:58
鄭義興,5,簡易方便。,2021-04-08 08:55:01
嘟寶,5,實用方便，快速簡捷,2021-04-07 19:35:21
歐陽若曦,5,不錯,2021-04-07 16:00:40
Golden Shine,5,很好，有問題處理效率也快 謝謝你們的努力，才能讓我們方便。,2021-04-07 15:20:05
Tab Tsai,4,目前還ok,2021-04-07 14:44:05
coco den,5,好,2021-04-07 12:08:00
邱宥豪,3,還可以,2021-04-07 09:08:46
Chien夏曦,5,介面簡單好操作,2021-04-07 07:02:32
帥小峰,5,很方便 介面設計很簡潔明瞭❣️,2021-04-07 00:04:21
林鳳玉,4,方便，迅速,2021-04-06 19:46:33
侯孟臻199,5,操作簡單人性格，不錯喔,2021-04-06 15:01:57
黃小月,5,介面很清楚好操作,2021-04-06 13:28:28
春宏周,5,讚,2021-04-06 12:49:54
Q Q,2,信用卡全繳清過兩星期還顯示欠金額,2021-04-06 04:40:27
簡子欽,4,使用順暢,2021-04-05 21:31:13
kiki home,5,使用順暢,2021-04-05 21:23:07
鳥人在中和,5,常用功能很實際， 還可以自訂快速鍵。 讚！,2021-04-05 21:01:12
測福緣,5,方便實用,2021-04-05 18:19:05
John Hwang,5,用起來方便,2021-04-05 12:12:08
Huei YU,4,好用,2021-04-04 22:51:46
Lin수판,1,為什麼我換新手機三星S21確不是約定帳號無法轉帳，一直顯現已偵測本行動裝置有連線風險，不開放非約定轉帳,2021-04-04 12:20:55
李君平,5,讚,2021-04-04 08:12:39
吳仲騏,5,操作簡易。,2021-04-04 06:28:31
陳皇霖,5,簡捷，方便，快速,2021-04-03 19:40:07
唐文文,4,使用起來不會當當的，還行,2021-04-03 17:41:07
Amanda Hung,5,方便使用,2021-04-03 11:58:38
我的青春音為有你,2,每次登都登不進一定要解除安裝在重新安裝才登的進是怎樣？,2021-04-03 10:43:05
Tony stark,5,請問是否可以增設查詢個人跨行提款免手續費次數的功能，謝謝。,2021-04-03 00:24:34
zoey HO,5,Good,2021-04-02 09:26:40
janet tsai,5,很好,2021-04-02 06:02:49
張嫦惠,5,很快速！,2021-04-01 20:34:14
阿方,5,很方便，省時又省力,2021-04-01 18:42:54
麗靜,5,實用,2021-04-01 17:41:04
林蓉水,5,好用貼心,2021-04-01 16:34:10
YHK,4,功能齊全給個讚！但略顯繁複，希望可以更用更簡單明瞭的介面呈現！也希望畫面設計更加清爽簡約~,2021-04-01 14:51:59
李東陽,4,方便,2021-04-01 14:21:18
090,5,good,2021-04-01 13:58:38
陳勁宏,4,很不錯 但感覺沒有這麼的鮮活、簡單俐落~,2021-04-01 13:08:14
志宏張,5,不錯,2021-04-01 12:54:33
林鉦庭,5,介面好用～簡單上手！,2021-04-01 12:48:09
Andy Chuang,5,操作介面很人性化，也很直接易懂,2021-04-01 12:18:09
三十一（十一）,1,裝置存在連線風險，也不說點什麼風險怎麼處理，是要怎麼用,2021-04-01 12:03:17
李國權,5,稳定，方便,2021-04-01 11:47:48
沈冠宇,5,目前使用上算蠻方便的,2021-04-01 11:34:15
林真,5,非常棒一個軟體。好用。讚,2021-04-01 10:20:15
辛清森,5,Ok,2021-04-01 09:55:33
黃郁棠,5,方便又好用,2021-04-01 09:54:54
jen5271x,5,畫面簡明好操作,2021-04-01 09:22:45
張晨晟,5,非常好的銀行，值得使用,2021-04-01 08:41:01
許晴歡,5,很好使用的app,2021-04-01 08:14:53
SUNG MING,5,"應用程式愈來愈多元化,可以再更新綜合資訊整合",2021-04-01 07:45:27
許鈞少,1,不是登不進去，不然就是閃退 請那些工程師是在公司吃便當的嗎？,2021-04-01 00:49:22
ustillgo,1,為什麼要繳停車費選信用卡付款要輸入有效月份只有幾個月能選？偏偏選不到我的卡的月份！,2021-03-31 22:42:35
陳思孝,3,今天怎麼登都說我第一次使用，要啟用， 啟用又更改失敗 直接使用快速登入有正常，這是怎麼回事，是否能解決,2021-03-31 17:27:19
helen wang,5,Nice,2021-03-31 11:49:41
harkin joe,4,Good,2021-03-29 21:20:03
HsiangYu Wu,1,就是要使用網路銀行，一直強迫我5分鐘後才能使用，結果5分鐘後還是不給登入，到底是怎樣,2021-03-29 18:08:11
Darren Pan,5,該查的資料很容易就查到，也就沒有其他要求了，不是嗎？,2021-03-29 18:02:14
甄甄黃,1,常常登錄跑超慢，明明顯示成功也收到登錄成功信件，但就是app跑不動，超難用,2021-03-29 17:50:51
阿莉,5,操作介面簡單快速,2021-03-29 15:22:38
蔡小衛,5,謝謝富邦,2021-03-29 09:09:48
伊樂（Lisa）,5,用過那麼多家的app，還是第一次遇到，可以自行設定常用選單要有什麼的！,2021-03-28 20:48:34
GUANG HUI LU,2,申請數位帳戶了，但好像沒有顯示跨行免費提款次數，上次去萊爾富超商領個幾百塊錢查app才知道會扣5元，有很多數位銀行都至少5次的跨提行款跟跨轉，希望該行也能改變一下，謝謝,2021-03-28 13:23:12
dolly chang,3,app常常lag,2021-03-27 11:37:40
Vicky Wang,5,棒,2021-03-27 10:53:30
吳竹芸,4,網銀手續費沒有5次免費的優惠，目前知道的是華南、台新都有優惠，考慮是否繼續使用。,2021-03-26 22:50:13
Liu Martin martin (Liu Martin),4,不錯用 若以後能連結壽險 投資 等查詢更好,2021-03-26 15:19:24
廖小,5,平台易於使用。服務貼心。,2021-03-26 15:15:35
Cristina Fan,4,好用,2021-03-26 12:54:39
阿勳,1,可用餘額是要扣除悠遊卡負額，除非到轉帳頁面看，不然只會看到即時餘額 要改資料，行員還連續兩次都漏要資料，到處都是問題也是滿了不起的,2021-03-26 03:16:24
王永德,1,到底要不要改進APP，沒有一次可以直接順利登入...,2021-03-25 23:16:27
成祐廷,1,完全無法登入，一直說系統忙碌中？,2021-03-25 17:49:39
陳志德,4,雖然反應有點慢 整體還蠻好用的,2021-03-25 12:59:39
鄧瑞琪,5,操作簡單方便,2021-03-24 16:26:41
陳國勝,5,好,2021-03-24 14:38:14
少克澳靈瓦,5,很方便,2021-03-24 13:22:32
傅嘉慶,1,已經檔了2個月，都沒處理，這APP等於廢掉,2021-03-24 11:53:26
Patty Hsieh,5,很好用，簡單明了！,2021-03-24 02:47:32
翁sandy,5,非常好,2021-03-23 16:30:29
민미니수,1,無法顯示未出帳資料,2021-03-23 07:50:24
李恒芳,4,使用方便，選項明確,2021-03-22 22:08:07
侯順發,5,服務好,2021-03-22 14:30:22
moon XX,5,非常實用方便好操作,2021-03-22 11:09:37
Bruce Liu,4,不錯用喔！有持續進步。,2021-03-22 01:37:33
胡順隆,5,很方便,2021-03-21 15:33:51
鄭立中,1,一直登入不了,2021-03-20 11:56:34
奕小靜（奕小靜）,5,流暢，人性化,2021-03-19 06:51:56
郭珠珠,5,好用,2021-03-18 16:12:11
吳敦堭,5,很順暢的APP,2021-03-18 13:22:29
chloe lin,5,好用方便,2021-03-18 10:33:41
Betty Yang,5,介面清楚使用方便,2021-03-16 22:43:05
Liu Alexander,5,操作介面簡單明瞭,2021-03-16 12:19:50
李仲明,5,轉帳方法，便利又順暢。,2021-03-16 11:09:07
陳玉婷,5,方便…易操作,2021-03-16 10:42:00
Chen Kao,1,奈米投進不去,2021-03-15 19:48:54
好媽媽,5,使用方便，便利使用,2021-03-15 16:14:47
詹薏橙,5,很順手，圖形密碼也不會像某些銀行畫不順，很棒！,2021-03-15 12:31:36
張Steven,5,十分方便,2021-03-15 11:58:24
Mandy Huang,4,方便！,2021-03-15 11:18:38
MORI SAM,1,無法開啟…一直說連線有問題，但其他家銀行的app都可正常操作，就富邦的一直鬼打牆叫我聯絡數位客服，然後回答一些沒用處的答案… 這邊的官方回覆也是叫人去網頁操作…那請問這個app我是該留還是刪？？真的可以再難用一些哦！,2021-03-15 09:46:48
ajdj,1,沒完沒了的轉圈圈……,2021-03-15 08:05:39
Pei chen,1,每次更新完都不能使用，不更新又強迫要更新，用到你們的app問題真的很多,2021-03-14 05:22:12
鄭佩綺,5,很方便,2021-03-13 18:34:11
吳政祐,4,淺顯易懂。,2021-03-13 05:20:07
蔡和雅,5,使用非常方便,2021-03-12 14:08:18
Shelly Lee,4,操作介面簡單明瞭，但等待時間有點短，一下子就超過時間，需要按繼續使用。 整體來說，使用感受良好。,2021-03-11 23:24:00
尼采,1,到底要給我轉帳了沒？一直說有連線風險，我都換新手機了還給我來這套？,2021-03-11 16:57:38
黃淑靖,5,簡單，好用,2021-03-11 13:40:12
吳俊林,4,方便好用,2021-03-10 22:32:29
胡榮成,5,簡單明瞭好用,2021-03-10 17:28:46
wu jazz,5,Good,2021-03-10 16:07:10
富樂利,5,非常方便，安全,2021-03-10 02:45:29
Yi-Chuan Hsueh,4,方便直覺,2021-03-10 02:07:55
洪千茶,2,每次登入都會出現loading，有時候重新登入一樣會有，沒有一次有一次順利登進去,2021-03-10 01:26:55
小娟（AnnaPU）,5,使用很便利👍👍👍,2021-03-09 21:28:34
xãxɖɖ,2,更新後一直無法快速登入指紋？,2021-03-09 21:08:42
茜如虞,5,使用起來方便迅速,2021-03-09 16:26:05
劉智良,5,淺顯易懂,2021-03-09 13:51:47
陳家駿（Judge）,4,使用上方便！,2021-03-09 11:59:35
官佩遂,5,還不錯用,2021-03-09 11:49:53
祝學明,3,為何申請了富邦數位帳戶之後，只能用本行帳戶繳交信用卡款而不能使用他行帳戶？,2021-03-09 11:29:03
Yi-Cheng Chen,4,雙十連假結束到今天已經是上班日，仍無法使用網路銀行 app 2020/3/8 已經改善了，也謝謝開發團隊的努力！,2021-03-08 22:26:09
林伯堅,1,請問手機有Root是不是會開啓APP後就閃退!如果是這原因APP可以更新嗎?,2021-03-08 22:05:29
安弟,1,我有好幾家信用卡的APP，唯獨富邦的APP竟然沒有辦法直接顯示超商繳費條碼，還必須到7-11的機台列印帳單，真是讓我太失望了！,2021-03-08 21:08:04
恍恍惚惚,1,更新後花了10分鐘登入 做的不錯，希望下次能夠做到一小時登入,2021-03-08 20:58:38
蕭毅姍,5,方便,2021-03-08 19:25:26
HEBEYEN,5,現在登入順暢很好,2021-03-08 18:26:42
許云瑄,1,沒用過這麼難用的系統,2021-03-08 18:13:28
Leo Liao,3,Lucky Pay在Pixel 5上掃QR Code一直失敗，要喬不同角度試了老半天才偶爾成功一次，使用上真的很不方便，請一定要修復啊,2021-03-08 17:49:31
TaChung Lu,4,讀取太久太慢 系統更新完之後竟然還被收轉帳手續費 好爛的系統,2021-03-08 16:37:20
李明峰,4,11/6之前交易收匯款會有富邦推播~現在又沒有了 連line收款通知也沒了 3/8目前已正常推播了~希望放上更新前可以仔細的測試~還你四星,2021-03-08 14:13:49
吳文卿,5,流暢，簡單，好用。明確找得到需要的選項。,2021-03-08 12:57:46
Lin Andrew,5,使用便利，功能便捷,2021-03-08 00:52:55
何書寧,4,流暢,2021-03-08 00:44:38
陳慧蓉,5,轉帳備註的欄位希望可以再多一個中午字的容量,2021-03-07 17:06:27
曾仲君,5,讚,2021-03-07 16:44:50
natural Ashly,4,good job,2021-03-07 16:39:16
kane康,5,好,2021-03-07 14:37:29
死靈貓,5,好用,2021-03-06 17:07:55
Deuce,5,"希望能有選項不再開啟app的安全性通知（root,開啟偵錯等等），本身為開發者，已經知道其風險。 謝謝 11/2 然後轉帳也要檔？？",2021-03-06 14:31:06
Ivan Xu,5,操作非常方便,2021-03-06 08:15:35
王映筑,5,方便,2021-03-05 21:52:34
林秀梅,5,版面排列清楚。即時效果佳。,2021-03-05 15:33:15
施明麗,5,快速，明瞭,2021-03-05 12:13:44
莊永興,4,I好,2021-03-05 08:41:20
顏珮菀,5,很滿意,2021-03-04 21:29:56
王淑慧,5,使用方便,2021-03-04 21:06:02
Chen Lite,4,停車費打九五折，若是每筆都是$10，即使是一百筆、一千筆，甚至一萬筆也沒有折扣！因為是以單筆做九五折，四捨五入後還是$10！有欺騙市民嫌疑！有解嗎？,2021-03-04 19:27:23
楊婷婷,5,使用便利又快速,2021-03-04 17:20:05
張淑娟,4,流暢,2021-03-04 14:12:55
Kini's Zumba & Pilates Life,5,"操作方便又明確,很好使用👍👍👍",2021-03-04 14:12:02
謝阿軍,4,很用心，,2021-03-04 09:36:53
蕭淑芬（celia）,5,Good,2021-03-03 20:14:27
岳世同,5,簡單明瞭,2021-03-03 20:02:06
Wu Ping,5,好用,2021-03-03 18:45:55
Yvonne Lau,5,很順,2021-03-03 16:04:37
Sign of Air BJJ,4,最新追加…APP现在已经很好用了。 尤其人在海外，现在透过APP转账都相当方便。今天发现转账后必须截屏的内容已经不显示个人账户余额。这样当我们发给，收款方作证明的时候就不需要再利用马赛克把余额涂掉！步骤虽小，但大大方便！必须给个赞👍,2021-03-03 15:37:16
Emily Ko,5,實用,2021-03-03 14:36:13
蘇羿鑫,4,流暢~讚,2021-03-03 13:25:15
劉欣怡,5,很棒,2021-03-03 13:09:21
Eileen Lee,5,清楚好用,2021-03-03 11:00:02
lala la,5,清楚明瞭,2021-03-03 09:22:48
唐嘉惠,5,好用,2021-03-03 09:13:32
薛人華,5,非常方便,2021-03-03 07:50:51
TSAI T. C.,5,不錯用,2021-03-02 22:00:11
金智娟,5,好用,2021-03-02 20:17:10
雷正行,5,很順暢的操作,2021-03-02 19:40:30
黄鴻龍,5,反應快速,2021-03-02 17:55:38
Nick Chang,5,操作簡易,2021-03-02 12:09:10
何Dora,5,查看帳戶明細系統非常迅速。,2021-03-02 10:41:12
黃霓,5,👍,2021-03-02 08:52:59
淑瑛,5,操作方便好用,2021-03-02 07:47:35
林元瑞,5,方便,2021-03-02 03:23:49
chi chi,5,方便,2021-03-01 23:20:35
翁士倫,5,讚,2021-03-01 21:30:37
Steve Chang,5,很棒,2021-03-01 20:44:37
白松錡,5,設計的不錯用喔,2021-03-01 19:18:56
E Huei Lu,5,App很好用,2021-03-01 17:41:07
張涵寧,5,很棒,2021-03-01 17:30:50
葉月婷,5,讚,2021-03-01 15:39:33
CHI RED,5,目前體驗都還不錯,2021-03-01 15:00:47
何金堂,5,使用速度快速,2021-03-01 11:53:07
程勇智,5,非常清楚明瞭,2021-03-01 10:52:11
林員外,5,順暢,2021-03-01 10:09:41
傅麗虹,4,我使用日漸上手了,2021-03-01 10:06:16
Sky Wang,4,更新：目前轉帳可以快速收到手機簡訊驗證碼，順利轉帳成功 ----- 目前轉帳體驗很不好，無法轉帳， 轉帳需要接收手機簡訊驗證碼，但一直無法收到，過了好幾小時才會收到，永遠無法轉帳成功,2021-03-01 10:05:26
lee kaite,4,操作方便，不用太久的時間就能找到想要的功能,2021-03-01 09:18:00
Jia-ki Li,3,版面設計還好，使用起來沒有特別的特色,2021-03-01 09:13:25
kevin yung,3,加油,2021-03-01 07:38:29
何宜璟,1,很滿意,2021-03-01 06:21:52
arriors W,3,Google pixel 4支援臉部辨識，但此app不支援，玉山、國泰都可以使用，希望能更新改善。,2021-03-01 01:45:39
陳政廷,5,很清楚,2021-02-27 22:01:20
weiting lu,1,新會員登入操作及設定資料繁瑣， 其他銀行網路交易操作簡單一下就上手， 1、新信用卡會員建資料，設定完等個驗證碼Mail等到天荒地老一封信也沒有 垃圾信件，未讀信件都檢查過，反覆檢查好幾次有沒有填錯Mail，明明就沒錯，什麼鬼驗證碼沒有就是沒有！（太怒） 2、再回頭檢查，會不會是沒填到手機? 結果連最基本的會員手機資料都沒有這個選項，那對於沒有Mail的老人家來說不就都無法使用線上交易？ 既然那麼繁瑣又不方便，何必開發APP網路線上交易？ 更何況還是間大銀行…… 使用App以來，第一次留一顆星就給你們了（怎麼沒有黑星星呢！？給一顆還嫌太多）,2021-02-26 22:43:10
插天吳插天,5,讚！,2021-02-26 10:07:58
xuan Li,1,你們的app真的爆幹難用，建議你們多學學第一銀行的操作模式...,2021-02-26 09:51:48
QwQ Ko,1,登入後一直轉圈圈，根本跑不動啊啊啊,2021-02-25 04:40:32
David T,1,無法更新，非常糟糕,2021-02-25 00:03:45
闕代代,4,好,2021-02-24 23:14:14
林曉冬,4,"便利快速,符合現代快速社會的需求，不必凡事臨櫃辦理，管理自己財務的好幫手。",2021-02-24 20:00:50
Benny Lai,5,更新後，會出現“Java.util.xxxxxxx 請聯絡客服”的訊息，想必在軟體上架前，應該是沒有做過詳細測試。,2021-02-24 16:55:48
tina,1,都一直進不去，一直停在更新,2021-02-24 16:14:26
徐淑芬,5,很好,2021-02-24 12:54:07
唐Mike,4,是可以，简單,2021-02-24 11:48:56
許語桐,5,好用,2021-02-24 10:10:36
YuTing Wu,4,操作介面算好用的,2021-02-24 09:39:03
羅增娣,4,確實方便省時又快速,2021-02-24 00:20:34
吳國華,5,good,2021-02-23 17:24:26
張晏慈,1,登入的時候 登超～～～～久一直在轉圈圈，介面也很複雜，根本看不懂到底要怎麼用,2021-02-23 12:02:14
鄭祺成,5,方便，安全,2021-02-23 07:14:59
Sun Austin,5,敢於大破大立，值得鼓勵。 有勇氣改變的金控IT，必將從市場得到回報。,2021-02-22 21:09:44
房汶林,2,好 棒,2021-02-22 18:57:38
張伯瑄,5,很方便,2021-02-22 00:18:18
陳荷瑩,5,操作簡單，方便.good,2021-02-20 23:29:31
徐靖涵,5,介面清楚，操作流暢。,2021-02-20 21:45:05
晴天悠悠,1,覺得越來越難用，剛改完密碼 登入還說密碼錯誤。,2021-02-20 20:18:47
林志鴻,1,11/5更新版本後就都開不起來，直接閃退，我看也有人跟我一樣狀況，但是你們卻是當作沒看到，到底你們有沒有要修正，如果沒有，請直接說，可以讓其他也有一樣狀況的 人可以換一間銀行，謝謝。,2021-02-20 19:51:32
KUAN-CHING HO,5,很棒,2021-02-20 18:46:20
王旭晴,5,好用,2021-02-20 15:07:58
Roger Huang,1,糟透了，甚大的金控集團卻提供這般差勁的app，每每開啟後便陷入無止盡的迴圈中而無法再進行其他操作，自使用智慧型手機後從未有如此糟糕的使用體驗，再無法改進考慮將信用卡剪卡停用。,2021-02-20 02:55:40
Cynthia,1,更新程式後怎麼用手勢快速登入卻一直無法登進去呀？畫面一直在跑然後也退不出……怎麼有種越改越糟糕的感覺，真的很不友善耶,2021-02-19 22:06:48
Su Mark,1,三不五時都在更新，不更新還不給使用是怎樣？？？更新什麼奈米投新功能我根本用不到！！！也不是每個人手機空間都夠大一直隨時在應付更新裝這些用不到的功能，以後除了久久一次主程式更新以外，能否排除掉許多雞毛蒜皮的更新?讓客戶自行決定要不要安裝新功能可以嗎??? 還有不更新不給使用是什麼爛機制? 客戶臨時要轉帳無法轉都被你們這爛機制害到！！！,2021-02-19 16:08:32
Joe Chan,5,方便，如果可以像國泰koko卡，轉賬後，手機驗證碼直接幫我們填進去，那就更方便了。,2021-02-19 15:26:05
City Yeh,1,完全沒辦法使用 就算登入了，還是一直Loading，無法順利使用App，一點都不便民,2021-02-19 12:52:29
游寶湖,5,讚,2021-02-19 12:22:05
鄧凱文,5,還滿好用的~,2021-02-19 12:13:53
chang sammy,5,👍👍👍👏👏👏🤜🤛,2021-02-19 02:59:13
Hui Hui,5,介面不如以前方便,2021-02-18 23:16:22
kiki tsai,4,為何交易紀錄只能查詢一年的資料？不應該限制年份,2021-02-18 13:49:14
Angus Ku,2,請問什麼時候才能支援Google Pixel手機的臉部辨識功能呢？,2021-02-18 08:49:58
Danny Huang,5,網銀快速流暢,2021-02-17 23:33:37
Nur Chen,1,介面問題不親民，設定繁瑣就不提了......... 阿但 我明明有刷卡 ？？？？？阿app上面一點紀錄都沒有都查詢不到耶是在哈囉？ 帳單明細按鈕是我誤會他的功能了嗎？ 請告訴我要怎麼做才能知道我的刷卡紀錄（非紙本的那種） 02/07 新增.... 消費通知信件也太慢了吧....... 刷卡事隔10分鐘才收到... 我不會在刷第二次了,2021-02-17 20:29:03
Paoling Lee,5,現在有比較好用了,2021-02-17 16:15:39
Dara Chen,1,常常顯示無法登入，然後就鎖定了,2021-02-17 12:41:29
小翼,5,希望能在app內顯示繳信用卡費的條碼。,2021-02-17 10:57:12
琳霏霏（chamfela）,5,good,2021-02-17 10:13:46
彭忠行,5,簡單，明瞭...,2021-02-17 06:21:05
曾翊茜,1,時常要更新，也沒變好用,2021-02-16 19:01:10
巴奈,5,很棒的設計符人性的清楚,2021-02-15 19:41:51
Evelyn Liu,4,Good,2021-02-15 19:03:06
鄧延年,5,ok,2021-02-15 15:39:38
林文隆,5,很好用。,2021-02-14 00:39:16
Leo 陳 (毛毛),1,轉帳時要寄交易驗證碼的簡訊給我，我等了快3分鐘是怎樣==,2021-02-12 23:34:33
亞太808,5,好用的,2021-02-12 21:37:25
ivy arlu,5,很好用，比上海銀行的好用很多也快很多,2021-02-12 20:51:14
Dana Hsieh,5,介面很人性,2021-02-12 19:03:02
Jason Chen,1,換了幾個網路都說連線問題不能轉帳，推薦用line pay免手續轉帳到個人其他帳戶，再轉出去,2021-02-12 01:09:02
wellworth65,2,轉帳選擇銀行代碼 常常當掉，無法選,2021-02-11 21:01:38
柯美如,5,很清楚使用，非常好,2021-02-11 17:07:37
- Wind,1,為什麼APP上只能查詢黃金存摺不能像台銀一樣直接買賣黃金，反而要上網路銀行才能交易，跳到網銀還要另外登入字體也太小，一點也不便民請早點改善,2021-02-11 00:40:10
蘇鴻猷,5,還不錯用,2021-02-10 11:54:41
Peng zhu Lin,5,好用,2021-02-10 09:35:27
溫永頌,5,順暢,2021-02-10 07:59:23
Jeff Tsai,5,很方便,2021-02-09 13:48:28
Mike Chong,1,系統更新後連線變得非常慢，又不能線上轉帳，很糟糕 _____________ 結果2021年2月了，你們家的app連用手機線上轉帳都還是不行，決定把無限卡，富邦銀行，證券都轉到其他銀行去了，爛透了,2021-02-09 13:30:12
Lu Hsuenwen,5,好用,2021-02-09 12:49:53
廖偉志,5,好用。,2021-02-09 12:44:30
Chen-Kang Lee,5,介面清楚，使用容易！,2021-02-09 11:46:21
湯光儀,5,Good,2021-02-09 08:31:03
榮華徐,5,操作簡單，不費勁。👍🏻👍🏻👍🏻,2021-02-09 08:06:33
C C,2,登入Loading超久 也不是小銀行加油好嗎,2021-02-09 07:52:38
啊雷U,5,好,2021-02-09 01:13:30
吳雅婷,1,為何今年要繳卡費的時候，老是系統資料更新中，怎麼回事？還讓不讓繳啊！？,2021-02-09 00:20:22
郭好萱,1,有夠爛的app,2021-02-08 23:40:00
黃琬茹,5,快速且順手,2021-02-08 22:47:17
陳NICCL,5,方便快速,2021-02-08 15:55:54
Vivi Chang,5,很棒,2021-02-08 10:21:50
sharon su,5,好用的銀行APP,2021-02-08 10:04:12
黑旋風,5,Good!,2021-02-08 09:53:46
張維安（嘛手）,5,讚,2021-02-07 19:30:26
徐譽恆,5,很好,2021-02-06 22:58:17
楊世瑋,1,根本無法更新，整個卡住，還導致無法用原本的系統。,2021-02-06 19:22:46
Kaien Chang,1,第一次安裝使用，除了介面相當不親民外，還有嚴重BUG，前一次登入正常，但重新登入按了指紋登入功能後，一直顯示身份證使用者代號跟密碼錯誤，每次跳錯誤後，我都重新輸入確保無誤，但依然跳錯誤，直到五次錯誤鎖死，拜託程式花錢請專業的寫好嗎，用過各家銀行的APP，就富邦的體驗最差，拜託改進一下。,2021-02-06 16:20:32
陳逸臣,4,順暢，不斷改善中。,2021-02-06 12:35:50
李依宸,5,很方便使用，不會很複雜，對於有年紀的人用，更好。,2021-02-06 10:49:00
Victor Chen,1,輸入帳號密碼後顯示登入成功，但一直卡在Loading畫面..這不能用啊,2021-02-06 07:41:45
宇都宮里奈,1,信用卡那不能用,2021-02-06 01:29:12
吳佳春Sam,5,感謝一直優化，更人性化,2021-02-05 22:57:18
王詠華,5,很不錯!,2021-02-05 21:37:36
劉仁傑,4,Good,2021-02-05 21:32:46
朱宜暄,5,很方便 UI很優,2021-02-05 19:25:14
蕭文祥,5,很棒,2021-02-05 19:11:07
Joe Wu,5,好用,2021-02-05 16:58:26
羅庭庭,1,信用卡刷卡通知寄到別人那邊去就算了，費用繳費了也說沒繳，是否有個資外洩的問題，都不給個說明，打給客服，忙線中，每打必忙線是怎樣，處理的方式可以再差點。,2021-02-05 13:41:19
Lily chen,1,更新太慢，一直轉圈圈無法完成，又不能選稍後更新，已影響作業。,2021-02-05 13:31:35
邱宗奇,5,使用很直覺很方便，省去很多跑銀行或ATM的時間，謝謝,2021-02-05 12:20:10
陳傳功,5,操作方便 帳目清楚,2021-02-05 09:52:09
歐帝,5,好用。,2021-02-05 07:38:18
鄭忠孝,5,非常棒的使用體驗,2021-02-05 07:22:18
邵美雲,5,查帳很方便,2021-02-05 00:31:02
柯瑞容瑞容,1,一整天進不去,2021-02-04 22:25:56
高grace,1,已經30分以上了，還沒有“升級”完成，😧😧😧,2021-02-04 21:00:24
王威德,1,程式無法更新,2021-02-04 20:29:53
Tsupeng Chou,5,無法更新，一直出現等待中,2021-02-04 19:00:33
Emily Liu,1,每次都要更新才能使用，有時候在對岸vpn抓很緊時很難更新,2021-02-04 14:15:16
autumn cho,5,簡單方便使用，進入障是礙低。,2021-02-04 13:04:10
黃廷儀,5,好,2021-02-04 12:42:30
炳材雷,5,很棒,2021-02-04 12:41:15
Mjay,5,已經很習慣用這個app來作為轉帳繳款的工具了，很棒,2021-02-04 11:29:05
夏木,1,想請問一下，為什麼突然不能網路轉帳了，說什麼裝置不安全。,2021-02-04 08:11:10
Vun Siew Thomas Pang,5,Good...,2021-02-04 07:55:46
Jolie Peng,5,good,2021-02-04 06:36:22
jiayu Gao,1,更新後一直進不去..,2021-02-04 02:36:46
Jany,5,操作方便,2021-02-04 01:59:52
Ken KEN,3,設計還算方便,2021-02-03 22:39:05
Chou Bear (WBC),5,最近使用順暢~,2021-02-03 21:09:36
doreen wang,5,介面清楚使用方便,2021-02-03 21:07:27
蕭裕仁,4,使用上還可以,2021-02-03 19:48:37
李金燕,5,操作便利,2021-02-03 19:42:57
Charles Liang,5,很滿意,2021-02-03 15:44:28
余配儀,5,讚,2021-02-03 15:13:26
顏秀美,5,很棒!,2021-02-03 15:09:12
蔡小姐,4,快速 版面清楚,2021-02-03 12:24:47
江語軒,1,無法更新耶喂～怎麼繳信用卡款呀… 更新了安卓最新版就無法更新網銀程式，一直顯示在等待更新,2021-02-03 12:05:59
楊仁宗,5,有帳戶進出及時通知，安全性很夠。,2021-02-03 11:23:47
Jason,1,強制更新只是為了在app安插垃圾廣宣，然後也沒有地方可以關閉。等貴單位做好可以關閉不必要廣告的功能我再改正評。,2021-02-03 11:07:50
林耿廷,5,非常好用！！,2021-02-03 10:29:19
alean Lin,5,查匯率很方便,2021-02-03 08:29:09
阿杰,5,好^^,2021-02-03 04:54:29
Andrew Yu,1,常常在更新，重要時刻要轉帳就顯示需更新，然後更新又很卡，能不能一次把bug抓完啊？,2021-02-03 01:24:52
簡永富,5,設計人性化,2021-02-03 01:00:34
Gina Wu,5,非常的滿意喲！讚!!!,2021-02-02 23:38:20
唐玲,5,迅速完成了,2021-02-02 22:50:49
Chia Fang Wu,1,要進網路銀行卻要我更新，按了更新卻一直跑，更本無法完成更新，這是怎麼回事？？？,2021-02-02 22:31:07
黃小小,5,非常好用，很便利,2021-02-02 22:16:21
李啟肇,1,根本就沒下載啊！還回覆其他留言說正常了～ 根本沒正常！,2021-02-02 21:54:34
01 3,1,每次要繳卡費 一直卡在登入中 要無紙化 app卻那麼難用 🤬,2021-02-02 20:55:41
David Fang,1,將近一個禮拜都不能正常使用，請問到底是什麼問題？真的沒辦法跟其他銀行的app比耶！,2021-02-02 19:20:04
王坦秀,1,更本無法更新,2021-02-02 17:13:31
徐慧玲,4,很好,2021-02-02 15:02:21
林小安,5,😀😀,2021-02-02 13:00:44
郭奕慧,2,每次強迫更新才能使用，按更新又一直更新不了…緊急須要使用，又不能登入，真的很麻煩,2021-02-02 11:35:32
悠悠吾心,5,方便，快速。,2021-02-02 11:13:01
蔡文正,5,超好用的，謝謝您們的用心,2021-02-02 10:34:07
呂佳樺,5,順暢,2021-02-02 10:16:31
鄧日中,5,好用,2021-02-02 09:39:15
Vickey 錦雀 Chu,5,使用方便迅速,2021-02-02 00:19:45
王至坤,5,使用方便易懂，反應迅速，非常好用,2021-02-02 00:11:11
amy li,5,good,2021-02-01 22:15:17
陳旺初,1,進不去,2021-02-01 20:19:19
Hl Yu,5,Very Good!,2021-02-01 19:47:50
wang alan,5,讚！,2021-02-01 18:39:19
呂昭雄,4,順暢,2021-02-01 15:09:22
PK T,5,讚,2021-02-01 15:01:17
Linda Chen,5,介面一目了然，好操作。,2021-02-01 14:38:22
趙恆琪,5,方便快速,2021-02-01 14:27:46
林能章,5,好,2021-02-01 14:23:17
阿耀,4,很好,2021-02-01 14:02:11
黃璽彰eason3112002,5,😁,2021-02-01 13:06:16
陳永祥,2,以前可以截圖，為何現在無法截圖，自己要留紀錄，因為對帳單無法超過一年或者半年，請問是要我們自己手寫紀錄嗎？,2021-02-01 12:47:16
宋淑蓉,1,為何卡到無法更新，沒更新前是可以用的，現在完全進不去？？？,2021-02-01 12:38:37
Ginger Chou,5,不錯用!,2021-02-01 12:08:33
張華仔,5,不錯用,2021-02-01 11:25:09
心信,1,網銀跟app速度都很慢，加油,2021-02-01 11:21:38
hung lung ke,4,方便,2021-02-01 11:05:48
kevin df,5,不得不用，只想騙更多人使用這個軟體,2021-02-01 09:56:12
劉家蓁,5,很好,2021-02-01 09:42:25
Google 使用者,5,能設定自己常用的選項，線上操作基金、轉帳，很方便。,2021-02-01 09:39:24
黃三口,5,不錯用,2021-02-01 09:36:03
張正財,5,👍👍,2021-02-01 08:42:07
Ben Big,5,目前使用中的3家行動銀行中，富邦是最流暢最人性化的！,2021-02-01 08:23:00
涂沛婕,5,方便明瞭,2021-02-01 06:52:33
羅弘易,5,方便好用的App…超推！,2021-02-01 06:16:37
邱海斗,5,讚,2021-01-31 22:46:42
黃素玉,1,根本無法更新，系統也無法使用,2021-01-31 21:48:12
鄧祥發,4,為何安卓版本沒辦法用Face id啊！,2021-01-31 21:17:26
郭麗娟,1,升級浪費我一天時間,2021-01-31 20:43:08
冥緋,5,跑很慢，一下說維護中，一下說網路問題，就是進不去。就算直接放棄而改用網頁版的，卻又說已登入，根本不讓人用的意思吧！更新前沒事，一更新就進不去，現在連網頁版都說線上太活躍進不去，我到底申請網路銀行來幹嘛的？,2021-01-31 20:25:11
ark Dong,4,操作流程人性化，不錯。,2021-01-31 14:31:14
丁安華,5,好用,2021-01-31 13:24:17
Allen Allen,1,越更新越慢。難用 現在更新竟然還無法更新 轉圈圈 沒更新還不能用 差勁,2021-01-30 23:23:40
rumiko suwa,1,介面難使用,2021-01-30 23:06:30
karol hung,1,非常不好用,2021-01-30 23:03:09
蔡湘君,5,方便快捷,2021-01-30 11:48:18
王進達JD Wang,5,訊息即時且充份，介面簡單易用,2021-01-30 09:39:51
咪琪,5,已經可以正常使用，很滿意你們的服務以及功能,2021-01-30 06:59:05
Maggie Kuan,3,夜間碰到系統更新的比例很高 稍有不便,2021-01-30 01:11:16
羅咪,5,富邦銀不管是網銀或app介面，真的都很簡單好用,2021-01-28 21:17:49
洪佩妍,5,很好用，喜歡,2021-01-28 11:50:58
Annie Lin,1,搞甚麼，主打奈米投，卻一直失敗 爛死了,2021-01-28 00:23:29
Jane -,1,"超級卡，卡到根本進不去，一直卡在loading，又傳訊息說我已登入，可我根本無法使用，要開個卡那麼困難,更新根本沒用 10/29更新評論 直到現在app的操作一樣有問題，沒體驗到有任何修復問題的感覺，無法正常使用，很難登入，超級卡，卡到根本進不去，一直卡在loading，又傳訊息說我已登入，可我根本無法使用，有回覆可以找客服，但客服打不進去。 01／27時不時出個狀況，要繳費時無法繳費，真的是急死人，富邦app真的很難用，到底什麼時候app才能正常運作，我看台新的richart用的就很順暢，不能使用的時段也都會挑在使用者少的時候更新，也會通知使用者，介面也很流暢，怎麼富邦的就這麼難用，從去年十月使用到現在，完全無改進。",2021-01-27 20:25:21
吳國賓,5,方便好用,2021-01-27 18:39:34
Lee Ader,5,Good.Thanks.,2021-01-27 17:21:38
林海豹,2,這個app真的不行，沒有改版的計劃嗎,2021-01-27 16:41:20
Luo Jack,1,按到整個火大，超難用,2021-01-26 20:26:10
今晚不打老虎,1,到底帳號該大寫還小寫，真是莫名其妙，帳號還分大小寫…真服了！還不能預覽…設計者肯定是個天才…富邦該讓他當CEO才對。,2021-01-26 15:12:50
林素瓊,5,好用!一直都用他們家的行动銀行。,2021-01-26 14:45:46
Pulley,1,以前用的好好，最近一直跳”溫馨提醒 截圖內容可能包含個人或帳戶資料，請妥善保管”，問題我跟本沒截圖，重安裝沒登入也是一直跳，不知道到底有沒有被駭被截圖都不知道。,2021-01-25 22:31:23
May,5,界面清楚易操作,2021-01-25 16:43:43
黃浩錕,5,建議如atm機台一樣，繳交信用卡費的功能中，能選擇到轉賬中的“常用/約定轉賬”，方便使用,2021-01-24 13:31:46
TJ Lin,1,一直閃退登出怎麼回事,2021-01-23 13:54:22
Sanna Yu,1,登入成功後 就在無限loading狀態== 而且不能像中信app一樣 一打開直接感應指紋就登錄嗎？ 每次都還要手輸 又卡loading 真的做的很爛耶。,2021-01-21 23:00:40
黃喬羊,5,速度快，頁面簡潔好上手,2021-01-21 22:08:54
I Yun Shih (由夜),4,網銀app希望加一個複製帳號的功能，要傳帳號給別人或是繳款時要用富邦銀行扣款，比較方便,2021-01-21 18:16:41
Lee Lisa,4,很方便使用,2021-01-21 13:33:29
賴賴詩桐,5,好，加薪,2021-01-20 19:37:21
陳君銘,5,很棒,2021-01-20 16:51:44
xvz uum,5,現在帳戶都已經電子化，但有時仍需要存摺封面辦事用，能否有 [存摺封面電子檔] 下載的功能?,2021-01-20 13:50:06
謝尚孚,4,能否加個指紋辨識還是人臉辨識登入？？ 合庫app都有這個功能,2021-01-19 11:39:55
Rockman “虛幻的藍天” Chung,5,約定帳戶轉帳，希望也可顯示他行銀行中文名稱,2021-01-19 11:16:58
Wan Chih-Wei,3,我自己測試的結果是因為手機有Root，雖然 Safetynet 測試都通過，但完全不會出現任何警告訊息就直接閃退，把Magisk移除馬上就正常了，再重新安裝Magisk後一樣閃退,2021-01-19 07:43:33
劉政熾ERiCK,5,好用，很方便。,2021-01-16 21:07:09
張峰銘,5,Good,2021-01-16 16:01:16
柳丁,5,很方便也很實用,2021-01-16 02:48:50
Yuuu Laidback,1,無法轉帳,2021-01-15 11:05:17
蔡球球,5,用起來挺順,2021-01-14 11:32:30
陳雨玄,1,請問root用戶完全沒使用權利嗎？工程師沒能力應付root手機的漏洞，這也是用戶問題嗎？那就不要上架app不就好了,2021-01-13 18:21:39
寶妹,3,常常登入不進去,2021-01-13 16:12:31
原原,5,讚,2021-01-13 15:33:56
黃尼歐,5,目前使用上都還不錯，沒遇到什麼問題,2021-01-13 09:47:15
Julio Yang,5,方便實用,2021-01-12 19:56:57
Eddie Woo,4,點奈米投可以不要跳出來用瀏覽器看嗎？建議整合到app內，至少用webview 開啟，操作體驗會比較好。,2021-01-12 00:49:34
黎世銘,5,方便使用很方便,2021-01-11 02:34:08
林雅茹,5,請問輸入的常用轉帳帳號可以刪除嗎？有些帳號已經不需要了，謝謝！,2021-01-10 19:28:23
奇,1,太爛了！閃退！未立即改善，影響用戶的權益。 開發人員可否用心一點。,2021-01-10 10:50:16
楊祖光,4,Good,2021-01-09 23:28:37
楊長明,4,活存帳戶轉帳到自己富邦數存帳戶，可以不用在發簡訊驗證嗎？且應該要用預設在約定帳戶內,2021-01-09 11:54:07
小越,1,乾脆收收起來 一天到晚更新 不然就信用卡結算看不到明細(早上8點) 不然就是街口連結富邦不能過帳 爛銀行一家,2021-01-09 07:56:05
黃玉珠,4,Good!,2021-01-08 15:37:30
歐司麥,5,很好,2021-01-08 06:31:59
設計接力,5,非常好用,2021-01-08 01:50:13
周奕修,5,"方便,迅速。",2021-01-07 21:48:40
Yeh Super,5,很順暢,2021-01-07 20:45:22
郭淙正,5,讚,2021-01-07 16:29:07
Wen Wen Hsu,5,順手,2021-01-07 11:34:59
Yenwen Huang,5,非常方便,2021-01-07 05:38:52
Leo Chou,4,蠻方便快速,2021-01-06 21:28:38
翁瑜嬪,3,又又又無法繳卡費......,2021-01-06 20:12:43
Cindy LIU,5,簡單好用,2021-01-06 15:43:24
林開義,5,很方便操作使用,2021-01-06 14:54:32
Tz-Yung Dai (negiup),5,好用,2021-01-06 09:00:35
Wu Xion,1,最近不知道更新還啥，越搞越爛，一堆基本功能連用都不能用，爛到都想全部結清剪信用卡換家了，反正不缺小客戶對吧。 順帶一提要你貸款的電話一直打很吵。,2021-01-05 23:36:30
ChienChen Chen,1,字形這麼小，又不是沒空間擠不下，有在注意使用者的方便性嗎？從沒人有注意到嗎？,2021-01-05 21:53:43
姜喜蓮,5,ok 方便,2021-01-05 19:56:30
Rex lin,5,使用上還可以。,2021-01-05 17:49:30
宏岳,5,U質，Good!~ 大筆轉帳方便快速,2021-01-05 14:56:08
吳柏宗,3,無法轉帳，debug mode關了也一樣 更新，刷掉app重進就可以了，真不方便,2021-01-05 14:23:27
李大白,1,動不動就線上系統人數過多..越來越不便民,2021-01-05 11:46:05
Avein Chen,5,使用者需要的功能都有，連線速度快，省去很多跑櫃台的時間。,2021-01-05 09:35:52
張庭耀,4,還算便利,2021-01-05 09:12:47
Rex Lee,5,Good,2021-01-05 07:52:45
陳秀娟,5,非常滿意這個App,2021-01-05 07:14:18
李采縈,5,每個環節都很周全,2021-01-04 17:27:44
Mu-Tsun Tsai,2,每次都會跳「不建議 USB 偵錯」真的有點煩……我是 Android 工程師，手機幾乎總是開著偵錯是很正常的事。你們應該提供一下「不再繼續提醒」的選項吧？,2021-01-04 13:49:36
眼球,5,清楚，明白,2021-01-04 11:17:55
黃宇晨,5,好用,2021-01-03 22:30:00
豪,4,最近速度終於恢復跟以前一樣快了……,2021-01-03 21:25:43
金King,5,非常方便查詢,2021-01-03 19:24:11
鄭伊均,5,很棒,2021-01-03 18:53:36
mimi LEE,5,操作便利易懂，值得推薦。,2021-01-03 16:46:41
楊陳松,5,"突然間變成開不起來,沒有回應 重裝也沒有用!!",2021-01-03 10:22:13
Kuo-Jen Yu,5,很實用方便,2021-01-03 09:26:26
劉婉琇,5,讚,2021-01-02 23:05:58
amy chen,1,手勢登入有夠難用，每個點太靠近了，都沒有自己測試嗎？,2021-01-02 21:34:07
vicky lin,5,好用,2021-01-02 18:39:57
于欣聖,5,方便好用,2021-01-02 13:21:53
潘James,5,好用,2021-01-02 10:56:57
志卿,5,方便好用,2021-01-02 09:38:51
曾菊代,5,不用花時間到銀行，省時又方便。,2021-01-02 07:10:27
冷涙,5,給工程師一個讚 吉祥物很可愛,2021-01-02 02:27:39
陳俊諺,5,不錯用,2021-01-01 21:42:01
Bill Yang,5,進步快速，讚,2021-01-01 21:27:59
林晉丞,5,好用,2021-01-01 20:20:27
羅棨麟,5,相比起來，是很優質的app,2021-01-01 13:45:02
劉藍玲,5,快速明瞭方便使用,2021-01-01 11:37:49
林蕙卿,5,很方便使用,2021-01-01 09:23:01
Chin Wei-Chiung,5,好用、但是戶頭裡頭的錢太少！,2021-01-01 08:29:01
李研懷,5,操作簡單不複雜,2021-01-01 07:06:29
葉明薰,5,使用方便，安全。,2021-01-01 06:52:53
鄭舜仁,5,好,2020-12-31 17:53:42
紫顏o,1,消費金額沒辦法即時更新，這樣有沒有退款的東西都不知道,2020-12-29 09:32:52
徐淑貞,5,很棒銀行,2020-12-29 02:20:33
Gain Th,5,簡單明瞭,2020-12-28 13:04:11
林籐,5,很棒...,2020-12-28 12:25:40
孟榮旋,4,明確方便，讚！,2020-12-28 10:55:02
邱天影,5,讚,2020-12-28 07:43:39
錢錢來也,1,信用卡的客服打了半小時都在忙線中 會不會太誇張 要是數位客服能解決的事情，又何必打付費專線過去,2020-12-27 21:35:17
Wen Wink,3,信用卡預借現金， 匯入銀行代號怎麼沒012富邦銀行可以選？,2020-12-27 20:08:35
婧兒,1,用過介面很難用的，而且每次登入都要登很久，還不能速登......,2020-12-27 00:32:46
許芷寧,1,強烈建議不要使用，已跑過銀行仍然時常網路可登手機登入失敗，更新也沒用，電腦操作也頻繁出錯後無法登入，工程師值得檢討，其他網銀好用太多,2020-12-26 09:22:59
Jia Chang,5,方便使用,2020-12-25 23:44:02
朱璋珍,1,沒辦法下載,2020-12-25 13:31:59
也無風雨也無晴,5,快速簡單好用,2020-12-25 07:05:38
張敬晟,5,速度不錯 沒什麼問題,2020-12-24 12:22:08
Google 使用者,1,有夠爛的，一直無法登入,2020-12-24 00:23:56
蔡尚穎,1,金管會應該未限制開啟 adb 的裝置 以及一定要寄信通知 請加強 UX,2020-12-23 19:52:32
昱昊葉,4,方便，好用，省時間,2020-12-23 07:55:29
M.W kuo,4,明確清楚,2020-12-23 01:57:59
陳威霖,1,很濫餒！一直登不進去是在哈囉,2020-12-22 23:49:45
Walter Chen,1,閃退,2020-12-22 13:54:56
江文旺,5,很棒清楚明瞭,2020-12-22 12:15:21
mei,1,介面複雜難用,2020-12-21 23:54:38
修翰麻辣,1,一直閃退是怎麼樣，之前用的好好的，現在要上卻都一直閃退，也更新過了，也重新移除安裝過了，一樣還是閃退是怎樣！？ 其他家的app真的都沒這種問題……看其他樓也有人反應同樣的問題 真的很失望………這麼大家的公司連App都搞不定……是真的有點扯,2020-12-21 23:20:43
KAHO OJISAN,1,為什麼一改版更新之後就不能使用,2020-12-21 19:11:12
陳憲酩,1,連要登入就是個大問題 其他銀行都沒這問題 要不是有J卡回饋 早就不想用富邦,2020-12-21 13:52:11
黃耀緯,4,還不錯用，只是左側功用很多，若有自訂義方式來顯示常用功能，會更加便利.,2020-12-21 11:47:57
summer chen,5,很方便，不會卡卡的,2020-12-21 11:11:33
林銘賢,5,使用簡便,2020-12-21 06:47:40
Ting Tai,2,12月更新之後就無法登錄了 跳出：密碼輸入錯誤三次 重設密碼的頁面也一直不給我重設是怎樣？你們的資料庫壞掉了是不是？,2020-12-20 22:30:37
x Gear,1,更新後開啟即閃退,2020-12-19 16:10:25
賴阿星,2,請問為什麼無法轉帳？！ 說有連線風險？！,2020-12-18 21:56:07
B.L. Liao,5,操作介面清晰明瞭，UX很不錯,2020-12-18 16:13:13
田綵萱,4,使用便利，但是無法知道即時的餘額，希望能改進,2020-12-18 15:19:26
戴郁卿,5,介面清晰，易上手！,2020-12-18 15:09:09
Sarah Hsingyu,4,很順暢,2020-12-18 14:27:40
Josie Su,1,爛爆了！以前可以約定轉帳，突然又被取消功能，還設了一堆障礙，急著要轉帳的人都被搞爛了！,2020-12-18 04:49:28
Nick Chen,1,一開啟就閃退，可以換回舊版的嗎？,2020-12-18 02:46:00
ley R (R-ley),1,手機是Samsung s8 今天打開APP，顯示無法與貴行系統連結，但網路沒問題，我使用三四家銀行的APP，就你們家的程式一直出問題，要馬打不開要馬連不到,2020-12-17 20:10:30
Wayne LU,5,good app,2020-12-17 13:51:54
皮媽,1,無法註冊,2020-12-17 11:30:39
賴奕東,5,好用！！,2020-12-16 21:51:14
陳璿元,1,手機裝置有風險 無法轉帳 usb偵錯關掉也不行 重新安裝app也不行 程式開發人員是幹什麼吃的？,2020-12-16 12:47:52
楊璦禎,5,簡單明瞭好操作,2020-12-15 10:27:55
黃毅順,5,好用,2020-12-15 09:28:54
Nieh Yu-cheng,2,不需要一直提示 root 和 USB 偵錯的訊息吧？,2020-12-15 08:35:39
joanne lin,5,方便,2020-12-15 00:03:31
黃弘毅,5,順暢,2020-12-14 10:17:58
jimmy Chuang,5,直覺操作，好用的app,2020-12-13 19:38:54
stacy chen,5,很棒的app結合多種功能,2020-12-13 18:56:52
Lawrence Lee (Lawrence Lee),5,好用,2020-12-13 13:37:07
leon lee,5,修正完變好用了，感謝開發團隊。,2020-12-11 10:02:08
Azure,1,要轉帳一直跳出手機裝置有連線風險的訊息，而半年過去了我還是不知道我的手機上有什麼風險... 網路環境是中華4G，手機是sony xperia one，android10 麻煩處理一下,2020-12-10 21:15:23
季伶蘇,5,清晰明瞭,2020-12-10 14:18:53
Chris Lee,1,不知從什麼時候更新之後，讀取程式常常Loading很久，好不容易進去程式，登入常常也等很久，不然就是忙線等訊息，很爛……,2020-12-10 10:21:45
戴宗陶,4,"使用上很容易上手,而且功能很多",2020-12-10 07:32:11
林維杰,5,很方便，很快速，很有效率,2020-12-09 11:01:08
Andy Teng,3,系統大更新後 查帳戶明細 台幣帳號名稱 會抓到 美金帳戶名稱 請修正,2020-12-09 10:37:19
爺爺吳,4,不錯用,2020-12-09 09:26:17
邱冠榮,1,一開就閃退…,2020-12-08 17:43:46
何婉瑜,5,很好,2020-12-08 13:11:27
V Verena,2,"原本都滿快的 怎麼更新後，進入一個功能就變慢 一直轉圈圈 轉到都忘記要操作不了 然後時間太長又登出了 然後又重來omo.,.",2020-12-08 11:14:19
黃昌彥,2,目前存款跟交易明細應放在首頁，而不是進去後再找,2020-12-08 09:14:44
mf Chen,1,一家不管是行動銀行或網路atm都會卡住的銀行，使用其他的銀行都正常,2020-12-08 08:31:15
李致霆,5,很好,2020-12-08 08:03:54
Phil Lo,5,可以隨時知道帳戶內容。,2020-12-08 06:41:45
Yaoyu Hsieh,1,訊息通知有看到消費金額，可是上方的信用卡已消費金額卻無法同步，都要過好幾天才會加進已消費金額裡，要我們拿計算機自己加嗎？,2020-12-07 23:04:30
黃淑慧,5,👍,2020-12-07 22:21:17
Zhan Gti (Gti zhan),3,line 的帳款 比 app迅速 而且準確 app到底拿來幹嘛的啊！,2020-12-07 13:39:49
廖本煌,5,使用簡便貼心。,2020-12-07 13:18:07
114AAA163-陳巽煜,5,今天使用臺幣換外幣，滿快速的，真的有方便，感謝。,2020-12-07 11:19:43
CHAO JUNG Li,5,方便好用,2020-12-07 09:27:53
凜々楓レイジ,1,我只是要轉個帳有這麼多問題嗎，怎麼樣都連線不安全,2020-12-07 09:17:44
阿維（阿維）,1,開了會閃退 這樣卡費是要怎麼繳啊， 更新：一直到繳費前一天了，現在還沒修好，這是讓我不用繳費的意思嗎,2020-12-07 07:36:24
葉美秀,5,很好用，不會卡卡的~,2020-12-06 18:45:46
王芊文,5,很好,2020-12-06 15:37:45
helene hsin,5,好用,2020-12-05 23:12:38
王晚君A0961168517,5,很方便,2020-12-05 17:52:33
巫乾明,5,介面一目了然，好用!,2020-12-05 16:46:35
周瑞明,5,good,2020-12-05 14:43:02
潘家榮（Peter）,5,讚！界面簡單又好用。,2020-12-05 14:26:52
Allen Wu,1,每次登錄常常一直loading，根本進不去,2020-12-05 13:27:19
SKL,5,最好的朋友就是你,2020-12-05 05:50:35
陳佳妏,5,目前用起來順暢,2020-12-04 19:11:47
emily wu,5,使用方便,2020-12-04 16:50:04
胡銘哲,5,非常方便的app，有富邦銀行帳戶的可以下載來用，很棒👍,2020-12-04 09:42:46
劉育淇,3,我也是在改版後開啟都會 有裝置有風險的提示，且無法進行非約定轉帳,2020-12-03 22:59:47
張碧雲,5,使用便利 快速 謝謝您,2020-12-03 19:25:49
蔣繼寬,5,好用,2020-12-03 16:13:12
陳小宇,5,好用，方便,2020-12-03 15:49:49
PJ Chen,5,用起來很順手,2020-12-03 15:11:30
MS Lee,5,現在登入操作很快，奈米投轉跳網頁後也會自動登入了，很方便,2020-12-03 12:30:33
吳昭勋,1,閃退,2020-12-03 10:46:04
Sylvia Huang,5,簡單好用,2020-12-03 10:20:13
司小徒,1,穩定性超差，跟其它銀行比根本是垃圾等級，如果不是因為momo繳費方便不然一點都不想用…,2020-12-02 23:02:57
毛宜中,5,很棒，讓我生活更方便,2020-12-02 21:44:37
劉樹昌,5,很好,2020-12-02 17:03:58
林宜濱,4,很方便好用,2020-12-02 11:50:44
林惠瓊,5,速度快,2020-12-02 11:24:59
郭武達,5,非常快速解決我的問題,2020-12-02 10:03:49
劉瑞蘭,5,方便，好用，人性化的功能安排,2020-12-02 09:58:12
林三民,5,為何改版後，說我的行動裝置有連線風險，不提供非約定轉帳，請問有解嗎?,2020-12-02 09:18:53
Susan Liu,5,很容易使用,2020-12-02 08:22:19
Jih-Tao Jen (Tommi),3,程式常常當掉無法登錄 或是跑很久沒有出現帳號密碼的畫面 希望貴公司可以改善,2020-12-02 02:46:25
謝榮鴻,5,good,2020-12-01 21:58:46
李佩玲,5,迅速.清楚,2020-12-01 16:20:59
蔡佳霖,5,讚,2020-12-01 15:51:58
陳亭穎,5,方便 使用順暢,2020-12-01 15:10:47
Jack Tsai,1,12/1 update: 直接閃退不能用 ----- 介面設計差，不時當機卡 loading 又會限制多重登入，急用時建議不要使用這個 app 跟自己過不去，乖乖用電腦版免得到時候手機/網頁都不能用,2020-12-01 14:46:18
Tannie Lo,5,除了上次更新有卡住之外，其它都非常好用，也很方便！,2020-12-01 14:11:09
林嵐,5,讚,2020-12-01 13:49:13
巫少強,5,方便好用 但有點誇張的機制，我在A手機上登入錯誤已經相隔好幾個月了，期間老早就在B手機上登入好幾次，竟然錯誤次數一直累積在A手機上，最近才拿A手機要登入，才錯一次就鎖住，簡直莫名其妙,2020-12-01 13:34:42
Alyssa,5,使用介面很順手,2020-12-01 12:24:57
Google 使用者,3,網路銀行app的「信用卡分期未入帳」沒有提供明細查詢，希望能加強此功能 另台哥大電信費在北富銀用網路銀行轉帳竟然沒有北富銀的帳號可繳費，蠻掉漆的……,2020-12-01 12:12:20
Cooper,1,不管用什麼網路，永遠都顯示網路有風險不給轉帳，還都是把轉帳資料都打好確定了才擋,2020-12-01 11:56:46
陳致瑋,4,還可以,2020-12-01 11:25:41
蔡志銓,5,好用,2020-12-01 10:04:42
林宮如,5,很方便，謝謝，辛苦了,2020-12-01 09:23:03
陳延銘,4,還行，但玉山更好用 介面更便利,2020-12-01 00:06:12
I AN CHU,1,最近SAMSUNG PAY、UBER和遠傳手機費自動扣款都跳出失敗通知。,2020-11-30 18:29:42
ting chen,1,一直在那轉圈都登不進去，mail都顯示登入成功了……,2020-11-28 21:27:52
WS Liang,1,"網銀登入跳修改使用者帳號及密碼，改完一直跳null, UI/UX太爛了",2020-11-27 09:53:59
黃小麗,5,實用,2020-11-26 17:28:21
whale Hung,1,手機沒root，但被檢測出有連線風險，無法使用非約定帳戶轉帳,2020-11-26 15:23:45
劉仕傑（nOsuLab）,1,更新後一直閃退，欺負薪轉戶嗎,2020-11-25 19:47:02
Iammrgan Gan,1,多久了？一個銀行的app修不好？,2020-11-25 17:50:12
龍兒,5,great,2020-11-25 08:38:59
姚志弘,1,一直卡在載入中...無法使用,2020-11-24 22:43:42
JU,5,好,2020-11-24 20:18:15
陳婷,5,為什麼無法轉帳,2020-11-24 17:57:47
Laplahs Hsieh,1,"程式閃退，閃退，閃退~~~~只有我有閃退問題嗎？沒人鳥我~~富邦網路銀行7.4, android 9, redmi note 7, miui 11.0.4.0",2020-11-24 16:36:21
張淑娟,5,好用,2020-11-24 15:23:13
有圓仁,2,下載快一時，還在轉圈圈，這系統有在維護嗎～,2020-11-24 15:17:41
學儒,4,還不錯,2020-11-24 12:12:35
Ss Tsai,5,好,2020-11-23 21:52:51
小奕,5,方便好用,2020-11-23 17:37:58
李松柏,5,英文鍵盤上有阿拉伯數字很方便.,2020-11-22 15:25:58
林怡均,5,方便,2020-11-22 09:27:13
彭小姐,5,操作簡便,2020-11-22 07:39:36
FF F,1,瘋狂閃退。,2020-11-21 14:54:05
蔡博崇,5,運作順心,2020-11-20 14:14:34
陳連財,5,簡明實用，使用起來超方便。,2020-11-20 13:44:10
Mark Huang,1,用line通知訊息？？？ 原來的APP推播壞了嗎？還是不想花錢發簡訊通知？莫名其妙，透過line通知，難到還要被line偷偷記錄消費資訊嗎？ 很爛的UI/UX設計，一堆浪費電的設計，主功能確效能很差 越改越差，連開都開不起來了，點推播當更兇。 這次202010系統改版，只能說越改越糟，反應速度越來越久，本來晚上可以自己辦定存續約的，現在也不行了，再這樣下去，只能自力救濟跳別家銀行了。,2020-11-19 15:18:58
form win,5,好用穩定,2020-11-19 15:01:40
陳東榮,5,方便查詢,2020-11-19 14:20:32
zn z,4,匯率小工具只能顯示三個幣種，卻占螢幕大部分空間，顯示三行下面全空的，可以協助改善嗎？謝謝,2020-11-19 11:40:33
吳長龍,1,老是閃退爛死了,2020-11-18 22:55:30
David MAC,5,恢復水準了。加油！！,2020-11-17 23:06:42
Jesse Hsu,1,安裝 為什麼一直顯示 等待中,2020-11-16 15:20:37
蕭士朝,1,無法使用,2020-11-16 11:48:28
Kay Liu,1,下載了一年，從未正常開啟到信用卡帳戶資料過！ 每次都跟我說已登入，然後就無限轉圈圈！可以跟其他中信/台新多學學嗎？,2020-11-15 21:20:20
陳明芳,1,"永遠都是卡在loading,想換電腦登入又說你已登入行動銀行請先登出，問題是卡住我要怎麼登出",2020-11-14 17:17:03
Nidya Yu,1,更新後無法登入,2020-11-14 11:47:57
徐綵翎,1,廢物，登不進，為了留言只好給一顆星,2020-11-13 22:26:04
Ethan Hsieh,5,方便好操作,2020-11-13 13:11:57
劉彩華,5,介面很清楚，預約轉帳或繳卡費都很便利,2020-11-12 20:21:13
Li維婕,1,轉半天等半天,2020-11-12 16:28:25
tim wang,5,使用部分很好,2020-11-12 15:20:38
ChengYe Guan,1,11/12 此次版本更新快兩個禮拜了，至今沒有修正閃退的問題，一間大銀行的處理效率之低不可思議，還好銀行不是只有這一家。 11/5 現在app開啟就直接閃退，之前沒有這種情況，完全廢了無法使用。即使移除重新安裝也一樣，糟透！,2020-11-12 13:24:51
Aking Lin,5,查詢當期信用卡應繳金額很方便，其他功能也方便操作,2020-11-12 12:23:43
莊神童,5,方便,2020-11-12 12:17:22
Ann Lee,4,方便,2020-11-12 10:59:36
邱小姐,1,更新之後完全登不進去啊！,2020-11-11 22:02:17
黃惠玲,5,清楚簡單操作,2020-11-11 20:59:19
許祐賓,4,很便利，但是轉帳號碼無法清除，常用部份。,2020-11-11 18:26:00
Duck Hshu,1,點擊 app 就閃退，不知道的人都以為我在玩 tap game 😂😂😂,2020-11-11 16:03:37
AJ Hsueh,1,上個月已去電客服反應無法繳卡費，電話一直轉來轉去，到現在app還沒修正,2020-11-11 13:17:17
張琨崧,1,瘋狂閃退啦，都不修的嗎？ 不要又要跟我要手機型號好嗎？ 也不要跟我說什麼頻果能用android 10能用的話,2020-11-11 13:01:11
Peter Hsu,2,有時無法登入...,2020-11-11 12:13:13
pipisky77,5,加油,2020-11-10 23:40:11
Mei C,5,不登入也能看設定項目，超方便。讚,2020-11-10 21:34:09
劉錦亮,5,Good.,2020-11-10 19:22:09
Pei-Ying Wu,4,分類清晰，只是還是有可以再進步的空間,2020-11-10 16:10:52
Shu-Wei Kung,1,更新後一直閃退，重新安裝也一樣，也不修，給一星都嫌多。,2020-11-10 15:01:02
古春玉,5,快速又方便，很不錯,2020-11-10 10:57:58
王琡琄,5,非常方便而準確，安全而好用,2020-11-09 23:16:32
莊女士,5,使用方式很多，但是操作方式并不困扰,2020-11-09 23:04:50
政翰吳,5,基本功能用起來還不錯。其他功能因沒用到，暫不評論。工程師辛苦了～,2020-11-09 20:29:30
陳淑珍,4,滿意,2020-11-09 13:59:13
呂文雄,5,👍,2020-11-09 09:28:49
SC C (平民百姓),5,持續加油保持,2020-11-09 08:51:25
Eva,5,好棒,2020-11-08 22:57:23
徐老師,5,8月26更新後無法使用。 8月31日更新版本後可正常使用。,2020-11-08 19:44:51
Max Yang,1,2020/10月份 更新後瘋狂閃退完全無法使用！整個無法進行存款、轉帳等等交易，快氣死人(=_=;) 連續跟富邦銀行聯絡，完全沒意思要解決這個閃退的問題！建議不能用的人不用反應了，直接退掉富邦存款帳戶，目前好幾家網銀服務都做得不錯，不必屈就一家銀行的傲慢服務態度，以前富邦銀不是這樣做事情的，一件小事情可以看得出來一家銀行從最基本的根(服務)開始爛的時候，大樹要倒也只是遲早的事情… 一個放在googleplay上面有問題的服務，放了專線電話根本就是一個幌子，打去客服敷衍你說會解決辦法，一個禮拜過去連續聯絡兩次，特別請富邦銀處理後一定要電話答覆；客服豪爽的回答：一定！一定！ 在現在看來就是一定豪洨你，要辦理富邦網銀的各大用戶跟愛用者，看到此篇評論，自己要有自知之明，遇到app不能用時候，你只能瞎瞪眼的看著自己每筆想透過網銀app來操作的交易，全部卡死不能動！連最基本要查詢你的存款都一點辦法也沒有，真的非常可惡…😠😠😠😠😠,2020-11-08 09:04:52
Xiao-Ren Wu,5,Good,2020-11-08 08:45:09
Louis cheng,2,為什麼透過行動銀行轉帳給玉山和富邦，玉山馬上就入帳了，富邦遲遲未入帳？已經不是第一次，請問有什麼解決辦法？,2020-11-07 19:21:32
Nathan Teng,5,使用方便,2020-11-07 19:13:21
徐榕鈺,5,自從提報問題進行改善後，APP好用多了，希望繼續就加油！！,2020-11-07 14:11:57
貪吃鼠,5,我愛富邦,2020-11-07 12:45:48
Gino Yang,5,Good,2020-11-07 03:38:24
Edward Tung,1,登入是要轉多久 一整週都這樣,2020-11-07 02:12:34
Joy,5,我很愛富邦，但三天兩頭轉帳功能當機不能使用，真的太挑戰客戶耐心了啦，這個月10到現在已經第三次了，真的要加油啦💪,2020-11-07 01:39:46
花糖愛墨香,2,"富邦好爛！富邦2個月有3次晚上12點多超商ATM無法登入無摺領款,！中信銀就很稳！",2020-11-07 00:59:52
Keith Luo,1,系統轉換後，只能以災難形容,2020-11-06 22:48:19
Justin Yang,3,目前堪用 1星改3星,2020-11-06 22:22:59
李偉聖（藍色小小鳥）,5,查詢速度快，介面簡單,2020-11-06 20:43:56
Eric “YYRJ” Ang,5,簡單快速方便,2020-11-06 19:30:23
吳金龍,4,OK,2020-11-06 14:39:09
Jim Huang,5,介面簡單好用,2020-11-06 13:41:42
Kai-Ping Huang,3,入帳沒有通知 以前有,2020-11-06 11:50:16
Good Apple,1,更新之後一直閃退是怎樣啦，爛爆了！,2020-11-06 11:43:46
不藍的彼特,5,讚喔,2020-11-06 08:00:56
徐欣怡,5,有進步,2020-11-06 07:54:09
Charles Chee,1,爛！APP 一直轉圈圈loading! 轉賬查明細都不行，這就是所謂的系統大升級？,2020-11-06 00:01:31
蕭明勲,5,讚,2020-11-05 23:35:19
Sandy Chou,4,很便利，值得信賴。成為生活中的一種習慣了。,2020-11-05 18:58:42
陳亭宇,1,更新後，一開啟程式就閃退，用都不能用。,2020-11-05 18:09:24
Chen Morii,2,沒多久就得更新，而且似乎很佔我的空間,2020-11-05 15:20:38
Google 使用者,1,越來越不方便，無所適從，又來了！天天升級，簡單事情複雜化！升級好處看不見，倒是屢屢進行程式安裝，不見效。我是使用者以簡單明瞭為主！反倒升級程式亦也複雜化，安裝不了，難道每每去求救！,2020-11-05 10:40:05
石石石,1,輸入密碼後一直停在登入畫面不動,2020-11-05 09:41:23
Nick Tsai,4,不得不用,2020-11-04 20:19:24
陳亮宇,1,無法登入,2020-11-04 18:26:40
lingling ling,5,非常好用的app 操作容易，設計貼也很貼心,2020-11-04 18:01:03
李承德,4,蠻好用的，背景配色柔和，有舒緩緊張的效果。,2020-11-04 13:12:47
Michael Huang,1,我用大陸華為手機，現在google play 不能用了，怎麽辦？ 沒法更新，也沒法用舊的版本,2020-11-04 13:10:02
許大衛,5,很好用,2020-11-04 12:18:44
林春泥,5,"用過幾家銀行的app,富邦算最好用了",2020-11-04 11:35:49
陳建良,4,方便,2020-11-04 11:19:40
龔書緯,1,更新後一開就閃退，請盡快修正。,2020-11-04 11:15:09
RUEYHWA LIAO,5,操作順利,2020-11-04 10:26:27
Fly Cloud,1,App不給力 硬說網路問題,2020-11-04 08:20:30
Charles Cheng,5,很好用很方便,2020-11-04 08:14:48
New Huang,5,速度變快了，功能也增加。,2020-11-04 08:09:14
林彥博,1,卡住無法登入，臨時要用造成許多麻煩,2020-11-04 02:41:08
Archie Wang,1,連線都有問題，是我見過最差的銀行app...,2020-11-04 00:25:23
Yuching Yeh,2,1. 低畫素廣告直接打在主畫面左上方非常不美觀,2020-11-03 23:44:19
Cathy Yang,5,好簡便,2020-11-03 22:45:53
唐義龍,5,好,2020-11-03 21:43:28
林清河,4,很棒,2020-11-03 17:00:17
stella,1,都已經11月還在卡，登不進去直接寫網路未連線，實在很想銷戶，爛透了,2020-11-03 11:59:09
杜惠子,5,容易操作、方便隨易可瀏覽訊息,2020-11-03 11:09:52
Sylvia Wang,4,曾經用了有很多不順的地方 但現在感覺上都很好 好用方便 謝謝提供這樣的App 抓蟲確實不容易 哈哈,2020-11-03 08:19:03
陳春合,5,使用很方便,2020-11-03 05:36:39
洪淑娟,3,工程師你們辛苦了，加油,2020-11-03 05:16:29
hsu super,5,10月更新後就不會閃退了，感謝富邦的努力。,2020-11-03 05:07:39
陳語馡,1,跟評分留言一樣 爛,2020-11-03 04:46:30
陳彥羽,5,比起其他銀行app都好用多了！,2020-11-03 00:28:21
曾美雲,5,快速,2020-11-02 14:46:20
Jerry Chien,4,更新後似乎沒有比較好，建議下次更新前先內部跑一遍吧！,2020-11-02 13:58:24
Doreen Liu,5,便利性佳,2020-11-02 12:45:30
譚國華,5,使用快速方便,2020-11-02 11:57:37
李欣璋,5,讚,2020-11-02 09:11:52
許瑞珍,5,很好使用,2020-11-02 06:07:23
吳佳洲,5,很好用，很方便,2020-11-01 21:24:40
林政儀,5,方便快速，介面簡明。,2020-11-01 19:21:55
Chloe Yang,1,跑超久，無法登入，看到很多評論都是一樣的狀況， 是否有維修呢？？？？,2020-11-01 18:15:37
許志聖,5,介面流暢 不卡 不遲滯,2020-11-01 07:50:22
Terry Hung,1,禮拜五為了要將資金匯入富邦保證金帳戶 而保證金帳戶早已經設定為約定帳戶且是自己的帳戶 理應沒有匯款上限過去也從來沒有出現過問題 但禮拜五下午於行動銀行欲匯入保證金時 多次嘗試後皆顯示超過日限額(代碼5749)或是超過月限額(代碼7546) 於是趕緊打電話求助客服 經查詢客服發現似乎是系統由於更新而將約定帳戶認定為非約定帳戶，而出現了保證金無法匯入的問題 請問這是一家合格的銀行業該出現的問題嗎? 感謝這位客服即時以人工匯款補足保證金，也有來電追蹤進度，再次感謝她 若是由於保證金不足而斷頭請問貴公司如何處理? 希望系統不要越優化越難用,2020-10-31 22:50:30
展賢,5,good,2020-10-31 21:48:40
小宇,1,氣死，一直loading…,2020-10-31 03:36:17
余威慶,1,每次登入都卡在Loading畫面，按退出也無法退出,2020-10-31 00:43:18
許靜慧,1,無法更新不知問題出在哪裡?,2020-10-30 02:50:56
Adam Chou,1,到底什麼時候可以正常轉帳,2020-10-29 22:51:58
1 linkopen,1,轉帳時，顯示偵測到網路不安全，故無法轉帳，請問這個問題如何排除?,2020-10-29 21:48:10
華華,1,常常需要更新app，使用上又沒有比較便利。 打算剪卡刪app了。 麻煩。,2020-10-29 21:30:08
朱淑美,5,讚,2020-10-29 13:32:24
Yuuki Asakawa,1,更新到現在登入後就是卡卡卡轉圈圈多二隻豬變非常慢,2020-10-29 13:00:26
周博裕,5,服務親切。,2020-10-28 17:54:25
duo Hikarie,1,請問可否回到之前的版本 現在系統整合更新後的是強迫後台偷偷運行嗎？ 沒有必要使用的時候卻強行偷偷在後台不斷重啟 造成手機卡頓的主要原因,2020-10-28 16:41:49
跨越,5,很愉快,2020-10-28 12:28:25
Jon Happy,5,好,2020-10-28 12:18:43
秦淑珠,5,很放便，節省時間,2020-10-28 10:23:23
kelly Shiue,5,簡單好用,2020-10-28 08:00:56
JUNCHI Lee,1,華為手機會有連線風險，是要我換iPhone 才給轉帳嗎？,2020-10-27 20:07:59
王慈琇,1,為何不能切換帳號了啊！,2020-10-27 18:47:39
Queen Tata,5,快速改善,2020-10-27 13:05:40
徐祐亮,2,貴司更新APP後轉帳功能被取消，又要請假去辦理開放轉帳功能，這樣改版對用戶真的有便捷嗎？,2020-10-27 11:48:20
david chen,5,方便,2020-10-26 14:17:37
林妙姿,5,網路銀行密碼鎖起來，可以直接在網路上變更 不用跑銀行，真的好方便！,2020-10-26 10:50:19
Harold WT,5,無法用非約定轉帳？,2020-10-26 09:30:17
AVERY LIN,5,非常便利,2020-10-25 16:32:37
鄭志良,5,不錯用,2020-10-25 14:34:54
meeidan Fang,1,無法使用網銀轉帳,2020-10-24 21:14:14
吳桂珍,5,暗戀,2020-10-24 12:29:32
謝承哲,1,一直轉圈圈無法更新，想要不升級，介面又強破升級,2020-10-24 07:48:28
朱秀霞,5,快 很快,2020-10-23 20:25:29
SAKUON CHIN,1,更新後系統連不上線，希望盡速改進,2020-10-23 17:51:12
洋蔥九,5,超棒棒，好用,2020-10-23 15:00:11
Husan Yin,1,"一直顯示網路問題，但手機明明就可以上google play store更新app, 這樣銀行系統不敢用了",2020-10-23 10:11:17
王建智,5,使用非常方便喔,2020-10-22 20:44:44
張馨文,5,操作方便,2020-10-22 19:45:32
莫敵,5,已解決～恢復五顆星評價，為何今日（12/8）更新後仍然無法使用快速指紋登入，請麻煩解決問題，謝謝,2020-10-22 16:31:07
hunter chou,1,無法更新，可惜沒有0.5星,2020-10-22 16:05:21
爆掉的小宇宙,4,好,2020-10-22 12:08:23
卓小琪,5,Nice 👍,2020-10-22 09:17:49
棋逢難處小尖尖,5,Great,2020-10-22 05:37:59
李國祥,1,從更新後 就一直轉圈圈到底是有沒有要改善 還是我改銀行,2020-10-22 02:50:44
1919 kk,1,"行銀轉帳功能嚴重異常,是哪個工程師搞的",2020-10-21 21:00:32
minghuey Liu,1,已經連續好幾個月（至少3次請查通話紀錄）跟客服反應，帳單要紙本繳款單，每個人都口頭應付，所請事件毫不當回事，本10月的對帳單截至今天（21號）還是沒收到。,2020-10-21 19:26:05
Jason Lin,1,已偵測到裝置有連線風險 不給轉帳 是在哈囉 工程師在混喔,2020-10-21 19:23:40
Kelvin Chang,1,爛到爆..更新後不能轉帳，只會罐頭回應，真傲慢的公司,2020-10-21 16:36:14
喵月霧,1,都已經10/21了11天，即使可以登錄 也無法看信用卡資訊，爛,2020-10-21 15:58:43
蕭志鴻,1,無法做轉帳號，一直顯示非約定帳號，就1千多塊也要約定帳號……打客服一堆語音……浪費我的時間跟金錢,2020-10-21 13:03:22
張耀尹,1,為何一直無法轉帳！,2020-10-21 12:46:58
Liting Lin,1,更新後居然不能轉帳.......,2020-10-21 11:46:49
tsu liang,1,老是要更新，愈來愈爛的App，工程師們到底是...,2020-10-21 11:16:15
Gaga Huang,4,原本更新後連登入都登不進去到現在loading時有提醒框，使用體驗好很多。 雖然很想吐槽這種使用者回饋應該一開始在做app時就該規劃在內才是，但現在app整個穩定很多，相較隔壁同行的app連畫線登錄都把線條給取消掉的奇葩操作，貴app除了整體配色清奇以外沒什麼問題(淺藍底色真的讓人受不了)。 過去不遜發言就當自己打自己臉不刪了，希望貴app能更加進步。 -- 更新後連登入都不給登入了，你們真棒，往下看你們的回覆，也只是罐頭訊息，你們怎麼還有臉回訊息？你有那時間應付使用者，怎麼不拿來改善貴app？,2020-10-21 07:46:59
ahfun yao fang,5,"我已經九天無法登入富邦網路銀行，每次打給客服就是留我電話/姓名/身份字號，並說系統修好會主動通知我，但是等來等去都沒消息，正好我昨天10~11點去富邦內湖分行辦事，我再一次將問題反映給坐在最右邊看起來很看年輕的櫃檯小姐，首先櫃檯小姐先代公司跟我道歉，然後請我登入給她看，發現還是亂碼時，她就問可不可以拍照，她說她會反映給她主管，這舉動我就有點意外了，因為這週我已去了三次其他富邦分行辦事，每次辦事我都有反映網路問題給前臺行員，行員只會道歉但沒有一個將我的問題反映給主管的，只說要我等，但這個年輕小姐主動要求拍照並跑去後面辦公室將我的情況反映給她的主管，我辦完事離開後半小時真的就到內湖分行女性主管的電話，她告知我我的帳號應該已正常可登入，她要求我再試試，她晚點會再來電確認是否的登入，但很可惜我試了還是不行，當該名女性主管再打給我時，我就把情況如實反映，該主管馬上致歉並承諾會將問題反映給公司IT,我寫這麼多是想表示，第一，那做右邊的年輕小姐沒有只是安撫顧客情緒，她還收集問題並反映上去，第二，她的主管沒有推事，反覆在電話中確認我的問題，並承諾解決，我想為這兩位第一線工作人員比讚，最後今天登入成功了",2020-10-21 07:24:48
獼猴,1,明明有入帳通知但餘額就是沒有 ！,2020-10-21 04:00:28
王淑麗,5,好用,2020-10-20 13:49:20
Sam Chen,1,更新後爛爆了…叫人一直等…app爛還怪別人網路不好…是都沒人在監督嗎…這方面是不是要反應給金管會,2020-10-20 11:28:50
張瓊英,4,螢幕顯示很快超好用,2020-10-20 10:43:03
柚子,1,越改越爛，常常無法登入！搞屁，我的損失你們要賠償嗎？再這樣下去，絕對去告你們,2020-10-20 10:24:02
ja liu,1,查薪資怎麼都還是不能用啊,2020-10-20 10:10:56
鄭文中,3,更新完成後會閃退，後來重新安裝當下可以用，但下次要用時又發生閃退現象？更新完Android View後，重新開機後再安裝APP，目前正常使用中，辛苦了。,2020-10-20 08:08:08
陳哈哈,5,再等一下下就好…拜託拜託～ 手機放著等了10分鐘還在這畫面 大額卡費不能便利商店，櫃台又要等超久，連網銀也連不上，富邦是不是不希望用戶花太多錢啊！謝謝你富邦，富邦真棒！反正以後買家電不會再刷富邦卡了，感恩富邦，讚歎富邦，用行動勸退我花錢！,2020-10-20 07:39:39
Jhih-Chuan Fu,4,這幾天的速度又回到過去的快速， 謝謝程式人員辛勞。,2020-10-20 01:00:56
edward wang,5,方便,2020-10-20 00:43:53
Agatha Love,1,一直無法更新下載，只會瘋狂轉圈圈，無法正常操作app==...超爛的,2020-10-19 21:39:39
MR Luo,4,登入速度感覺比以往快，查詢存款明細也比想像中快。,2020-10-19 16:37:14
Yen-Po Wang,4,不能啟動的App還敢上架？,2020-10-19 12:27:15
Asher Chen,1,你們家裝置才有問題勒，改到現在不能轉帳,2020-10-18 17:16:13
Mina,1,一直loading中,2020-10-18 14:48:57
陳秀如,5,很方便！,2020-10-18 13:46:41
Doris Hsu,1,說我網路有問題，無法登入，我4g網路訊號滿格,2020-10-18 13:07:21
謝zean,1,轉帳服務修幾個禮拜了還不能使用？ Android版本 9,2020-10-18 12:03:58
Hue Vang Pham Hue Vang,5,方便又好用,2020-10-18 10:01:08
葉恩仲,5,介面清楚操作簡單,2020-10-17 22:32:34
沈采綾,1,都第幾天了，還沒辦法重灌，一直轉，是要轉到何時?,2020-10-17 19:01:52
袁雅慧,1,更新之後就不能用？ 不能查詢資料？,2020-10-17 16:24:43
Tony Wu,2,登入常常要等很久，直接刷掉APP又要再等5分鐘後才能再嘗試登入。打開APP後，關閉開發者模式還是不能轉帳。無法使用第三方服務付款。最近系統真的不太穩定...,2020-10-17 11:20:20
Jingyi Lu,1,又……又……無法登入了,2020-10-17 02:00:27
Viola Chen,1,一整天都登不進去我信用卡費怎麼繳，遲繳是不是算你們的,2020-10-16 22:19:32
林玄,1,密碼打一半 點別的東西 就再也無法登入 手機重開過 APP重裝過 錯誤碼EGH8 線上客服連不到,2020-10-16 20:54:28
Stone Yang,1,"更新速度很慢..更新速度還是沒改善比龜速的,請盡快改善..感謝",2020-10-16 17:24:57
程子暢,4,＄＝湯匙＝偵察機＝打字＝公÷＝將此站＝減÷吃＝證照＝＝公÷1減＃更多的地點33吃＝＝公2÷等＄÷等是歌手＝公＃扣繳＃＃那個男女拒絕今年能夠你看給你那個可能經過你看那個那個＃＃那你情況＃＃＃＃＃看你那你看你看全球女童＃＾％公＃可能年年看看喃喃吶吶看看你能經過喔＃可＃剛剛難能可貴看看古巨基＃,2020-10-16 16:06:24
郭大姐,5,隨時隨地都可以查詢，便利性很棒,2020-10-16 12:39:45
C,1,更新爛死了！吃掉我的錢,2020-10-16 11:20:41
Amber Hung,1,等等等，是要等多久，更新之前用都好好的,2020-10-16 00:15:46
高宜芝,1,為何版本更新之後，推播訊息沒反應，完全沒即時訊息，全部設定都很正常無誤就是沒有即使存款，轉帳等之類推播。請立即改善！,2020-10-15 23:53:49
Willy Liu,5,更新完讀取速度超級慢，每做一個動作就開始等等等（10/15最近使用正常了,2020-10-15 23:05:10
vinson tsai,1,升級之前，我可以用手機轉帳，剛升級之後，一直說連線有風險，不同意轉帳，可是我環境條件都一樣沒改，卻說不行使用。那安裝這APP做什麼？我主要功能就是要轉帳方便。現在要用電腦轉才行。,2020-10-15 22:41:32
Tingtingchen413,1,更新完反而更難用，速度整個變慢了，太多人登錄還會跳維護。 而且為了J卡回饋 ，特別辦了數位帳戶要儲值，結果一直失敗，跳帳戶裡面沒有錢，明明就有，打去客服，客服說目前流量太大，系統還不穩定,2020-10-15 18:43:39
Leo Lee,5,越更新越慢,2020-10-15 18:02:52
尤詩賢,1,刪評論啊 還是一星,2020-10-15 16:33:39
liao lily,4,很順暢,2020-10-15 15:37:35
LIFEN TAN,4,還不錯,2020-10-15 15:10:00
way wu,1,真心覺得...這款APP設計的主要用途是用來測試客戶的忍耐極限...話說街口支付什麼時候能使用，好歹給個日期吧...,2020-10-15 14:18:52
sd a,2,更新後刷卡都没有通知、請改善。,2020-10-15 12:21:13
王孝忠,4,方便不錯用,2020-10-15 11:32:51
張宏賓,5,No bug,2020-10-15 09:52:57
Phemi Hong,5,查詢餘額很方便 !,2020-10-15 08:12:57
李依珊,1,更新不行重新下載，一直下載不了轉圈圈…… 以前便利而現在不便。,2020-10-14 23:22:48
Lena Liu,1,都過幾天了，app還是沒辦法收到刷卡通知 到底要等多久,2020-10-14 19:52:56
陳佳莉,1,很難登入，每次等很久都不見得進得去，可以趕快解決此問題嗎，已經造成使用上的困擾了,2020-10-14 18:42:47
陳宜妙,1,常常連不上,2020-10-14 17:50:53
李雯瑜,1,一直無法更新,2020-10-14 15:39:12
李ling,4,介面很方便，速度快,2020-10-14 13:43:36
莊印銘,5,很好用,2020-10-14 13:03:23
Sengoda_coffee,1,不管維護人員嗑了什麼，能讓系統越來越鳥，都該給主管們嗑一點 10/14都更新幾天了 轉個帳時效過了才收到驗證碼 是在哈囉什麼意思 是要跪著用的嗎,2020-10-14 12:35:25
張程凱,1,每次系統更新後都不能正常使用，資訊人員太弱了吧，請加強資訊人員專業能力，謝謝,2020-10-14 12:30:36
江妮諼,5,謝謝，辛苦了你們了。,2020-10-14 11:06:11
劉佳恩,1,更新，重開機，更新，卸載，安裝zzzz,2020-10-14 10:40:32
陳文隆,1,已經10日14日了，還不能使用行動銀行，這是什麼系統，太差了！,2020-10-14 10:37:47
林伊亭,2,是要維護到什麼時候... 街口什麼時候可以使用 10/14了大哥,2020-10-14 10:25:59
Hannah Sheng,1,更新後反而無法順利登入！,2020-10-14 09:31:33
LC Huang,1,更新後很多功能一直當掉 要不要換回舊系統,2020-10-14 08:09:45
劉明揚,4,Good,2020-10-14 00:50:40
謝欣錞,1,常常無故當機不然就是登不進去，系統還跑超慢，我載行動銀行就是要在手機上完成我能在ATM上完成的事阿，結果系統無故死機，浪費的時間都夠我去ATM10幾趟了！拿一點經費用在行動銀行好嗎？不至於省錢在這種地方！有夠難用！！ 10/14更新，系統速度還是一樣慢 重點是！！！ 我好不容易可以從「邦你存」這個破系統功能中把錢提出來了，但是可用餘額並沒有應有的增加是怎樣？現在是吃我錢嗎？客服電話線上等了20多分鐘都沒有辦法等到人，文字客服又完全沒有相對應問題的解決辦法，是怎樣阿？當基層客戶不是人嗎？還說在抓系統裡的小蟲子，我看你們才是把一般客戶當蟲子吧？董事長出面說明的那什麼話啊？連道歉都沒有，搞得好像我們一定要接受一樣欸？到底為什麼我們一定要接受你們這破爛服務阿？一星給你我都覺得太高覺得浪費！,2020-10-14 00:41:30
張演垣,4,還在適應，但要知道的部分，找的到。,2020-10-13 23:09:50
Li-Min Wang,1,等得很煩了還要看那兩隻醜炸、似豬似羊的東西，火都冒起來了。沒技術已經是硬傷，怎麼還用審美惡化問題？？到底是誰弄出那種不知名生物拿去讓審美奇異的主管選的？？有沒有職業道德？？,2020-10-13 21:52:07
張雅萍,1,不好意思從早上更新到現在還沒好。,2020-10-13 21:52:02
李美清,1,下載更新都沒辦法,2020-10-13 21:25:00
yuantai cc,5,趕快給我錢,2020-10-13 21:14:29
Chen Jeremy,5,Good,2020-10-13 21:10:37
劉建成,5,讚,2020-10-13 18:13:31
林阿酸,1,不懂貴行升級兩天的系統是升級了什麼，反而升級完後網路銀行app完全無法使用，一直轉一直要使用者等一下，如果無法使用，那系統再升級什麼軟體或版本也是枉然，無法轉帳無法確認金額，真的只能給一顆星。,2020-10-13 18:06:40
Wi chang,1,沒用過那麼爛的，會卡人口的銀行app,2020-10-13 17:56:20
CindyLaLaEmily,1,從來沒用過如此慢的銀行APP,2020-10-13 17:56:19
Kiwi Chen,1,進不去啦，垃圾新系統,2020-10-13 17:52:16
Sheng-Ting Lin,1,今天連開都開不起來了,2020-10-13 14:45:41
吳香香,5,EB99資料異常是？,2020-10-13 14:41:00
SWK,1,常常登錄異常 這麼大的銀行 網路做這麼爛,2020-10-13 13:58:15
Rain-jane Hu,2,沒更新前還蠻好用的，更新完整個無法登錄,2020-10-13 13:48:27
傑洛,1,維修後比之前還差 搞笑嗎,2020-10-13 13:45:11
Jerry Liao,1,到底在搞甚麼？信用卡明細看不到，繳款也沒反應，繳款都要逾期了,2020-10-13 13:16:09
王歆涵,2,"Eb88,登入失敗，一直無法登入",2020-10-13 12:59:04
簡道乾,1,怎麼又登入不行了呢？ 出現 EB99 登入異常,2020-10-13 12:55:44
W,1,"常系統更新就算了, 過了更新時間還無法登入,真的爛透",2020-10-13 12:51:20
123 123,1,常常不能登入和異常，重開，重載也沒有用~~也沒有更新的檔案!!,2020-10-13 12:47:35
7,1,到底要更新到什麼時候......,2020-10-13 12:01:49
飛向宇宙,1,很爛耶，一直等待到底要等到什麼時候？？？登不進去就是登不進去！,2020-10-13 11:24:44
虱目漁港,2,一直快速登出，時間不夠無法完整操作。,2020-10-13 11:11:08
林秀芬,1,今天還是一直進不了……,2020-10-13 10:55:14
王艾芳,1,為什麼系統升級一直空等待中……好幾個小時太長了……,2020-10-13 10:50:08
Divine Sinister,1,維修之後一直登不進去，金融機構這麼重要的APP連續出問題這麼多天太差了。 介面也像給小學生看的。,2020-10-13 10:39:24
洪chichi,4,10號後台更新完反而a pp無法登入或是讀取過慢的鄉親，建議解除安裝再重新下載一次，就好了,2020-10-13 10:31:49
張淑娟,1,到今天止，網銀還是不能用，提款機也不敢試,2020-10-13 10:29:54
高部楮,2,為啥越更越爛…,2020-10-13 10:27:21
Yen She Pan,1,無法使用，持續轉圈圈,2020-10-13 10:21:47
段龍輝,1,原本蠻好用的薪轉户，後來8月底，也不知道怎麼了，老是進不去系統，重新更新也是一樣。我是用三星A70.怎麼搞的，一直看兩隻猪在那轉呀轉的。,2020-10-13 10:21:28
BELLE,1,舊版的登入還可以用，新版一更新，登入一直顯示等一下拜託拜託，根本無法繳貸款或是看繳貸款明細買美金存活存（舊版的時候還可以使用這些功能），真的好誇張。貴公司應該趕快想辦法解決登入以及操作項目的問題，真的太慢了，甚至卡住不動，嚴重影響到使用效率跟使用速度。,2020-10-13 10:15:57
Curtis Ke,1,越更新越爛,2020-10-13 10:09:00
CH H,1,更新完後要使用網銀卻一直出現再等一下下，都等了2小時了是還要再等多久？ 沒更新還算好用，一更新完後覺得根本系統超爛又不便民。 貴行請問有在看民眾的這些反應嗎？,2020-10-13 10:08:22
林家慶,1,等了5分鐘，仍沒登進入，已經2天了,2020-10-13 09:54:44
wang joyce,1,不能更新，刪了也不能安裝，真的是很糟糕，等了2週還不能用，有點太誇張唷!!,2020-10-13 09:54:40
kevin YEH,1,與其增加兩隻看起來不知道是什麼動物的玩偶一直在那邊叫我們稍等，不如改善一下系統好嗎？,2020-10-13 09:49:14
黃旭賢,3,"10/10系統大更新之後要免登入看一些匯款通知訊息要等很久，系統運轉等待很久，最後直接跳出app,麻煩儘快協助處理",2020-10-13 09:35:06
Jason Chien,1,連假大爆炸,2020-10-13 09:29:50
楊承憲,1,更新完更慢,2020-10-13 09:27:37
Anita Lee,1,到今天都無法登入，升級完之後我連戶頭有沒有少錢都看不到,2020-10-13 09:22:08
Martian-x Chen,1,爛 很爛 非常爛 搞了兩天還弄不好,2020-10-13 09:08:45
海線一根刺,1,爛死了 更新個屁 原本還比較好,2020-10-13 08:54:17
楚楚,1,換系統好像變更爛了 換完大當機，害的薪水到現在都還沒領到 卡片也常常出問題不能正常刷卡 真的很難用，真害怕下個工作也用富邦 希望之後用不到富邦！,2020-10-13 08:41:24
梅梅,1,到底圈圈要轉到什麼時候呢？,2020-10-13 08:31:22
Gingting Lin,1,下載了一個晚上根本不能用,2020-10-13 06:58:54
陳先生,2,最近延遲超嚴重，不同手機、門號、網路環境測試均是。,2020-10-13 03:36:23
廖小宇,1,強迫更新後一直閃退沒法使用 到底是在幹什麼？？？,2020-10-13 03:30:36
水靈,1,"10月11號 系統維修完畢隔天轉帳3萬5，app顯示扣款了 ，帳戶卻沒有收到帳，並且後面連app都無法進入了，一直顯示維護,不然就是人數過多 ，錢被吃了 打客服也只說等處理，真的有點誇張",2020-10-13 02:05:40
邱志忠,1,跟新是越來越好，你們是越來越差,2020-10-13 01:59:26
Jerry Liu,1,很難相信銀行金流app也能搞到好幾天都無法使用？金管會是不是要調查一下，內稽內控是不是出問題？已經影響到用戶金融交易權益了。,2020-10-13 01:44:37
劉冠廷,1,以前用都很順暢 最近更新完真的爛死了登入變慢 有時候還登不進去 最可怕的是今天信用卡要繳費最後一天 登入要繳費出現啥使用人數過多無法登入 這是什麼情況？？？要是這樣導致繳費延遲造成的損失怎麼賠償？？是不是要我直接去金管會投訴一下？？APP沒寫好沒測試好就不要更新 更新後反而比原本更難用,2020-10-13 00:34:34
林采萱,1,太常發生系統不順暢！ 請好好改善～,2020-10-13 00:02:08
孫聖定,1,一直登不進去叫我再等一下，都等兩天了,2020-10-12 23:37:36
陳政男,1,更新後就一直轉，大家都在反應了，怎麼卻都不處理,2020-10-12 23:37:26
Eve Guo,2,"不穩定還會lag閃退,相比隔壁中信網銀好用超多",2020-10-12 22:38:58
Jun,1,轉很久 轉到天荒地老......,2020-10-12 22:31:28
Tina羅婷 Luo,1,一直無法正常更新，請趕快修好吧！,2020-10-12 21:02:39
Akira Yung,1,10/10號已經過了10/12還是無法登入系統，請問兩天了你們工程師在幹什麼？我每個月11號固定自動轉帳繳貸款，因為系統更新沒有動作就算了，現在要手動操作還無法使用，13號是我轉帳的最後日期，請問你們怎麼處理？？？,2020-10-12 20:41:57
lin alan,1,老是不能登入 爛到掉渣,2020-10-12 19:44:24
馮郁晴,1,爛爆，一直無法登入，試了一下午最好都在忙線太多人用,2020-10-12 19:38:51
江衍樹,5,好用，讚！,2020-10-12 19:29:30
peter shen,1,一整天都沒法登入,2020-10-12 19:16:47
Eisen Guo,1,現在登入都要登很久...,2020-10-12 19:12:22
Kris Huang,1,此次系統升級處理非常不當，拿使用者當白老鼠測試,2020-10-12 19:03:24
GT大叔,1,爛到爆，更新前等很久，更新後無法使用,2020-10-12 19:02:29
洪立仁,1,到底要維修多久，四天進不去,2020-10-12 18:58:41
Chien,1,貴公司在系統升級這塊處理不當，此外也沒有支援金融卡刷卡通知，顯見相當不重視！！！,2020-10-12 18:58:11
AceLin,1,升級系統維護好幾天，不能查餘額，也不能繳卡費，非常糟糕。,2020-10-12 18:57:10
余克群,1,忙線中打圈,2020-10-12 18:57:08
吳萬一,1,爛就對了！系統調整了半天 結果比之前還爛,2020-10-12 18:52:53
潘炫均,1,爛透了，到底有沒有好好測試過，登入都失敗是在搞什麼鬼,2020-10-12 18:45:24
米可,1,無法查帳，一直看兩隻🐷看到火大,2020-10-12 18:41:35
荏荏王,1,所有銀行APP裡最最最爛，登入也沒法登，好不容易登入了，又說使用人數過多，稍後再登入，再來，登入了又顯示維護中，＊嘛咧～登了整天就這種結果......,2020-10-12 18:29:40
賴佳君,1,更新後爛死了都進不去，想繳費也沒辦法,2020-10-12 18:21:47
葉曜德,1,完全登不進去……,2020-10-12 18:20:15
opyrights,1,卡卡卡，都幾天了KPI不用算分嗎？ 原來可以這樣搞，APP已砍這不能用可以給差評但不要下載,2020-10-12 18:15:44
小尊,1,改版app廠商那麼爛，你們還要硬上？！流暢度爛…複雜化…你們不改善我就直接讓家族財團去你們公司退帳戶！不認錯…就拒絕使用！2020/10/12再次擺爛系統讓顧客使用不便…撤銷所以富邦銀行帳戶的資金！爛！,2020-10-12 18:14:20
Samson,1,這次更新太糟糕了,2020-10-12 18:10:56
YOYO TACO,1,一直卡在人數過多無法登錄,2020-10-12 18:09:17
恩恩,1,怎麼更新之後就開不了了 一直一直轉圈,2020-10-12 18:08:01
林佩樺,1,更新不了，舊的又不應用，傷腦筋,2020-10-12 18:07:16
Neo Hsieh,1,無法登入也太久了,2020-10-12 17:54:23
W. Alan,1,明明有銀行帳號 卻無法申請使用 很不方便... 到底何時可以登入啊！永遠登不進去.... IT的能力很兩光啊！,2020-10-12 17:51:42
Vicki Lin,1,系統連線更新之後變非常慢，請加速改善,2020-10-12 17:51:37
Ping Leo,1,更新兩天然後現在登入變得跑很慢一個頁面要一分鐘，有夠傻眼，現在還說什麼人很多登不進去，人很多跟我有什麼關系，一個系統不是這樣做的吧，這是要用錢，銀行欸你以為大學搶選課嗎還要排隊登錄就是==，爛到爆更新兩天更心酸的是嗎,2020-10-12 17:51:01
思妤劉,1,為何這2天登入都很難登入，都會提示，上線人數太湧躍，然後就要再重新登入，而且一直進不去空轉？！造成我們很大困擾也。,2020-10-12 17:44:42
牛阿牛,1,不要一直“再等一下下，拜託 “ 😂 直接告訴我，暫停使用,2020-10-12 17:42:27
Fenny Lin,1,更新後一直不能登入阿，搞什麼阿？！！！,2020-10-12 17:40:57
Lin Yi Wen,1,完全失去行動銀行的功能，連登入都轉半天還登入不了，是要怎麼後續操作？越改越差，這個應用程式根本只是裝飾品而已。,2020-10-12 17:36:54
Yi Huang (Mako),1,更新之後一直轉圈圈...無法登入也無法轉帳，爛,2020-10-12 17:34:51
玥Yue,1,到底給不給用 不更新以前沒事 今天整天都在很多人在線上 請在等等 等到天荒都地老 傻眼,2020-10-12 17:33:12
jacko yah,1,什麼時候才能登入啊！？,2020-10-12 17:31:40
Roger C.Y,1,改版後到10/12為止APP什麼功能都不能用…爛透了!! 台北富邦銀行這次改版是改回史前時代嗎??,2020-10-12 17:27:41
Lawrence yang,1,很爛.... 什麼鬼整合 已經4天了...整合完是會比中信 玉山強嗎？,2020-10-12 17:22:33
黃亭潔,3,國慶在維修 但是維修完更卡了… 常常無法正常登入 之前沒這個問題,2020-10-12 17:21:52
王基昌,1,有夠爛，完全登入不了。,2020-10-12 17:04:40
Tasi Nick,1,夠爛 轉到我小孩都要出生了 慘,2020-10-12 17:00:44
Kouji Su,1,所謂的系統大更新結果是一直無法登入,2020-10-12 16:59:56
Liu Andy H.,2,一直说人多，无法进入,2020-10-12 16:59:13
林采竹,1,越改越慢，轉圈圈,2020-10-12 16:54:24
小豹,1,近期真的感覺不好使用，一個下午都無法登入,2020-10-12 16:51:40
方瑜,3,改了以後超難登入，每個動作等很久，很不方便,2020-10-12 16:50:40
黃大雄,1,請問何時能解決問題,2020-10-12 16:45:27
Evelyn玲,1,自從10/11之後速度更慢！扣款.轉帳 速度通知比之前更慢！！對於必須使用網銀的我！真的太不方便了！到底更新了什麼？有股衝動想換銀行使用了！,2020-10-12 16:43:09
鄭玉英,1,更新一直在轉圈圈，從前天昨天到今天，關機在重開還是一樣，移除APP再重新下載，都只在轉圈圈真是見到鬼；到底有沒有人會處理呀？,2020-10-12 16:40:14
cat lu,1,很慢，又很容易登不進去,2020-10-12 16:40:06
yong amos,1,從13:00到16:30都顯示線上人數太踴躍 無法做任何操作!,2020-10-12 16:39:50
Derp Liu,1,不斷閃退，刪除重新安裝app、關閉開發者選項、手機恢復原廠設定都試了，還是閃退。,2020-10-12 16:34:07
kyoka,2,我要便利，你一點都會不便利，人數過多不讓我登入，你們應該要想辦法處理啊…… 早上到下午還是這樣，很阿雜。,2020-10-12 16:33:24
S H,1,近期時常卡住無法登入，越更新越修復越爛,2020-10-12 16:27:02
廖子賢,1,爛,2020-10-12 16:21:09
皮豹頑,2,之前進入都好好的更新後就一直進不去，改善一下，都無法進入要如何使用,2020-10-12 16:20:19
張力軍,1,超卡,2020-10-12 16:16:30
Jimmy H,1,app根本跑不動 是要把我的錢都鎖起來是不是,2020-10-12 16:14:54
Joyce Wang,1,一直說已登入，是登入在哪啊？原畫面也說我已登入，你們一直跳掉耶，沒那個能力就不要更新啦！,2020-10-12 16:08:43
洪雋銘,1,10/8-10/10更新系統，今天10/12，一整天都無法登入網路銀行，一直顯示錯誤，或是在線人數太多,2020-10-12 16:06:40
Jo Li,3,"早上到現在一直顯示，線上人數太踴躍，請晚點再來,。",2020-10-12 16:06:40
邱小華,1,請問app是怎麼了！一直無法登入顯示人數過去稍後再登入！2天了！繳款日期超過是要算我的還是銀行的呢？,2020-10-12 16:04:17
joe C,1,網路銀行為什麼上不去？ 客服為什麼都不接？,2020-10-12 15:52:27
家稘李,1,整合中 無法用 蠻困擾的,2020-10-12 15:47:45
陳東東,1,更新後一整天都進不去,2020-10-12 15:42:00
beney li,1,難用，使用繁瑣，又比別家的功能少,2020-10-12 15:40:25
Blade Liao,1,一間什麼都不能做的銀行能幹嘛？破銀行比吃台北銀行還扯,2020-10-12 15:32:47
陳鴻慧,1,系統申級後反而不能使用，什麼叫線上人數太踴躍，太誇張了,2020-10-12 15:32:16
pintin Tseng,1,幾天了還進不去? 轉不了帳給人貴公司給我負責,2020-10-12 15:22:05
JOHN,1,假日不能查詢就算了，上班日還不能下單，爛,2020-10-12 15:21:43
Leo chen,5,很好的平台,2020-10-12 15:13:50
張Ken,1,改完版超爛 登入查餘額 跳出人太多無法查詢 之前都不會,2020-10-12 15:07:30
力賀,1,更新後都無法登入,2020-10-12 15:02:50
莊定,1,要繳卡費一直轉個不停,2020-10-12 15:00:18
Lisa,3,App、電腦網頁 都完全無法登入，這樣如何繳卡費？,2020-10-12 14:59:38
張三毛,1,到底是什麼情形，不是app大更新過了嗎？為什麼今天從早上到現在，登入不進去，一直在那邊拜託等我一下下！真的很火大..要繳費整個無法登入，到底是什麼情況！登到火都來了..如果下載app網路銀行，還要跑出去使用提款機轉帳繳費，我看..貴公司還是不要學其它家銀行用網路銀行吧！系統無法登入，還要出門去提款機操作，爛透了,2020-10-12 14:56:26
小蛙兒,1,無法更新,2020-10-12 14:53:19
許翠芳,1,老是維修，老是登不進去，也沒有先行通知行動銀行維修時段，常有很多時候需要查看的時候卻常無法登入，很困擾,2020-10-12 14:44:10
Hui Lai,2,"沒更新都還可以,更新後不可以。 到底是為了什麼去更新的呀。 維修沒公共呀...",2020-10-12 14:41:23
Rocky Lo,1,最近完全無法登入，影響股票交易,2020-10-12 14:38:39
CHENG HSIEN TSAI,1,是覺得客戶太多嗎！上星期一系統當機，10/8-10/10系統更新沒收到通知，星期日系統更新完問題又一堆，星期一連登錄都不給登錄，真不知道到底是升級還是降級，不敢再跟這種銀行往來了!,2020-10-12 14:33:19
Kirin Lee,1,銀行系統升級後，亂扣帳,2020-10-12 14:31:45
小雞,1,到底是要更新多久啦,2020-10-12 14:29:02
簡銓毅,1,最近一直在維修，完全無法使用，很不方便,2020-10-12 14:25:44
Kai Hsu,1,"更新後的版本，爛透了！ 是不是新的後台系統耐受性不足？ 常常登不進去在轉圈圈，或是登進去後功能間切換也在轉圈圈，有時直接跳出視窗告訴我目前人數過多請稍候再來...... 明明是讓人方便的行動銀行，品質卻做的如此之差，你們是不是想要透過這爛APP增加各分行的來客數？ 還有那個UI..., 更讓這個銀行APP的專業度大大扣分。是為了省錢把軟體開發外包給高中生了，這樣說可能還侮辱了高中生！",2020-10-12 14:19:08
月虹李,1,最近真的誇張的爛到不來評為一顆星不行啊！都不用做生意了！,2020-10-12 14:17:14
2012 allgg,1,超難連進去,2020-10-12 14:16:51
范芷容,1,"10/10更新之後完全無法上網路銀行，越更新越糟… 更新後很常loading,感覺介面太複雜了，跑起來很不順",2020-10-12 14:12:44
小金剛,1,有夠爛，登入等超久，雙十連假系統維護後，隔天又繼續維護，超級超級爛。 爛到登入後又顯示人數過多無法使用。,2020-10-12 14:08:03
海僅,1,真的是爛到一個可以 自以為聰明更新系統 結果更新後反而更爛 連登入都登不進去 還不如不要升級 所謂的升級根本笑死人,2020-10-12 14:03:55
小巨蛋內場欣潔-拿鐵,1,今天不是維修日，但完全登不進去,2020-10-12 14:02:12
柴犬,1,爛死 到底要維修到幾點,2020-10-12 13:56:56
Chen Debbie,1,真的爛死了，更新完還是進不去啊，很難用，慢死了,2020-10-12 13:54:18
郭展豪,1,越改版越爛，以前用都很順，從開始升級改版後不是擁擠就是一直Lag登不進，難道系統暫時性維護都不公告一下嗎？到底是有沒有花錢好好做系統維護。,2020-10-12 13:52:08
彭宗德,1,非常差的使用體驗,2020-10-12 13:44:25
Khan Khan,1,進不去阿@@ 有問題就公告，在那邊人數踴躍個蝦米東西,2020-10-12 13:40:06
高諾娜,1,改版之後，富邦網路銀行變很慢，況且……還一直登入不了。 變的超爛。 之前不改版還比較好用，很快就能登入，現在搞到改版變難用死。,2020-10-12 13:39:08
潘育慈,2,還要多久才可以用，上個禮拜說要維修，現在又一直登不進去，麻煩您快點解決問題!,2020-10-12 13:32:05
曾玉嫻,1,更新之後，要線上轉帳，顯示人數太多，不能轉帳，搞什麼鬼。,2020-10-12 13:19:13
Sharon Huang,1,改版後根本無法登入，一直要我們等待,2020-10-12 13:19:08
Swing Hsieh,1,登入不進去，竟然因為線上人數太踴躍，請問這是哪一招?,2020-10-12 13:17:38
海苔,1,無法登入,2020-10-12 13:16:31
stoprain2000,1,App更新之後一直空轉，無法登入，不然就是出現系統忙碌，真糟糕！,2020-10-12 13:14:09
黃啟修,1,很爛，經常無法登入。 或是跑很久還是無法登入。 伺服器經常說人太多無法登入。,2020-10-12 13:13:57
Jui Min Feng,1,轉到登出都沒有辦法看到存款餘額,2020-10-12 13:09:59
Drbear Huang,1,不知道你們的app很卡嗎？ 一直在等，資訊部門不行，就換掉啊,2020-10-12 13:09:11
劉美,1,"10/12 APP 要求更新後，登入一直顯示 LOADING ,再等一下下.，無法使用 這APP 原可使用，現在是個廢柴 請快修正",2020-10-12 13:05:50
Oli zeng (奧莉),3,更新資訊後不能使用,2020-10-12 13:05:30
hio leng cheok,1,現在居然銀行app有限線上人數…是覺得錢賺太多了？,2020-10-12 12:57:59
邱妹妹,1,更新後，再也進入不了軟體，一直是多人湧入,2020-10-12 12:50:01
邱懷賢,1,只要一到靠近中午的時間，系統就會開始轉圈圈，原本想說8號到10號整整兩天的維護會改善，結果還是失望了,2020-10-12 12:47:45
M H,1,"系統升級後，登入要跑好久 一直維護中，沒有一家網銀像你們一樣，一天到晚一直在維護，還要一直等，真的有夠爛 好不容易到登入頁面 又一直顯示人數過多，你們到底怎麼設計app,真的超級差，一整天登入10幾次沒有一次成功，是要我們怎麼對帳阿！",2020-10-12 12:40:44
台灣Ricky,1,10/10日更新，到今天還無法使用，真的太爛了！ IT的頭該走路了！慢走不送,2020-10-12 12:39:28
大飄,1,這次更新後真的超級糟糕！之前app操作都沒有問題，但更新完後到但現在完全無法登入，好不容易等待畫面結束後給的信息頁面是“人數過多請稍後再登入”我完全不懂這中間浪費20幾分鐘的等待是在幹什麼....重新操作後依舊如此！請問我們要怎麼知道人數多不多？就是因為上班時間不方便去銀行才會需要使用app，現在不能使用那這個app存在的價值近乎零。 不懂更新後介面多了Q版娃娃的意義在哪裡，還不如把設計娃娃的時間拿去維護系統的穩定。,2020-10-12 12:38:16
寫詩維尼,1,超過設備維護時間依然沒法正常登錄轉帳，,2020-10-12 12:36:52
fish wu,1,今天還不能用嗎，一直說再等一下下 斷斷續續,2020-10-12 12:34:45
Xiaohui廖,1,真的沒辦法不給一顆星，從昨天至今早，一直轉轉轉……到底要轉到什麼時候才給人轉帳?一直這樣轉下去是不是沒辦法用app轉帳了?,2020-10-12 12:30:39
CH Y,1,不管是APP還是網路ATM的網頁 都是我用的銀行裡面寫的最爛的 速度跟介面都是,2020-10-12 12:30:13
許雅茹,1,系統更新完後，app一直不能用…,2020-10-12 12:27:06
Chen Ollie,1,更新後慢到誇張，每一步都跳出兩隻羊要我再等一下下，請改善 ［10/12］完全沒有改善，也更新到最新了，整個早上，都在看兩隻羊，轉半天後回報人數踴躍晚點再試，不然就是直接說系統在維護中，還有RSA解密失敗是啥情況？國慶假期說系統升級，升級失敗嗎？,2020-10-12 12:26:00
hank chen,1,更新完就一直很難登入，工程師都沒在測試的？,2020-10-12 12:26:00
陳揚柏,1,更新完 還是不能正常使用啊！,2020-10-12 12:15:05
蔡明勳,1,爛死了，讀取時間過久，還無法登入，這樣的系統升級升心酸的,2020-10-12 12:13:51
Sean Wu,1,一個系統升級兩天之後還是都不能登進去，讓人錢放在銀行都不知道會不會有天相同出包就數字不見了,2020-10-12 12:10:50
ivan lin,1,"沒有用過這麼爛的app ,都不能登入",2020-10-12 12:08:04
Angelababy,1,今天要繳卡費最後一天，系統上不去是怎樣？？,2020-10-12 12:08:02
李惠如,1,app一直無法連線,2020-10-12 12:07:37
陳信吉,1,網銀都無法登入無法下單實在爛透了,2020-10-12 12:03:56
阮俊雄,1,更新後一直無法登入，乾脆不要更新,2020-10-12 11:49:13
小緹,1,開了一上午都進不去，爛透了。更新那麼多天都沒用好，到底是那裡出了問題。,2020-10-12 11:49:09
Fukai Yang,1,更新後超爛進不去,2020-10-12 11:47:44
計星婕,1,無法像更新之前一樣正常登入，非常卡，卡很久後也不給登入，試了2天都是如此,2020-10-12 11:39:23
Ya-Ling Chiang,1,真的是有夠難用，系統更新了老半天，之後也登不進去，一直出現再稍等一下下，到底要等多久啦…,2020-10-12 11:34:32
海比河更廣闊,1,很當很難用，跑不動,2020-10-12 11:30:18
Ash Chen,1,我是不知道要等多久，一直轉圈圈，在等一下。更新後也沒比較好😡😡😡😡😡,2020-10-12 11:25:56
王俊明,1,APP 特別卡 我想換銀行了,2020-10-12 11:25:21
戴誌賢,1,一天到晚都在系統維護中，想方便查個存款餘額也那麼困難???,2020-10-12 11:17:24
kai tien,1,更新完後，超難登入!!一直在轉圈,2020-10-12 11:16:15
Scott Wang,1,"非常爛的app,一直轉，等到天荒地老也登不進去，在急的時候真的想打人",2020-10-12 11:14:04
陳煥傑,1,已經兩天都卡在同一個畫面 手機關機又重開過 軟體刪掉又重下載還是一樣 更新不是為了更好有效的使用嗎？ 現在變得沒辦法使用 連看餘額都無法.....,2020-10-12 11:11:44
Austin Chang,1,老是出現再等一下下就好 拜託拜託 使用過不下10家的網路銀行 第一次遇到這麼爛的 敢推出行動銀行的APP 就要投資多一點的頻寬跟伺服器等基礎建設 不要怕人家使用,2020-10-12 11:10:00
XYZ1160,2,想看個信用卡帳單，一直在轉圈圈，等了快五分鐘還是進不去，不是在忙線就是在維護中，玉山網路銀行app用了五年多還沒碰到這樣的問題，真的是貴公司app的問題阿！不改進只會不斷流失客戶,2020-10-12 11:06:48
寒江雪,1,本來還不錯，還有即時通知，現在系統更新完，一直無法登入，兩天了！,2020-10-12 11:03:15
Tsìng-Hān Lîm,1,更爛,2020-10-12 10:53:32
Lin Fendy,1,"真的很.....登也登不進去,如果急著要轉帳，真是吐血",2020-10-12 10:51:34
芸ㄦ,1,常常要強制更新，更新後也沒有優化，反而更無語，等待時間變更長，請問現在是有限制在線人數是嗎？想看個明細而已有這麼難嗎？說在線人數太多，要我等等再來？是幾個意思？我真的不懂了……,2020-10-12 10:46:12
Martin Chen,1,線上人多就不給進,2020-10-12 10:45:45
燒肉丼飯翔二屋,1,更新完無法登入，完全無法使用,2020-10-12 10:43:52
原子小金剛,1,富邦網銀應該是所有銀行最蝦的，登入還有人數限制，不說銀行以為是在玩online games,2020-10-12 10:41:38
Nick H,1,貴公司客戶多到連線一整個上午都說線上人數太踴躍要我再等等，我看我這種小戶還是去其他銀行存錢好了，連給一顆星我都覺得太多了,2020-10-12 10:41:37
鄭育明,1,從剛剛到現在都無法登錄，是不是快倒了?,2020-10-12 10:39:53
美雲莊,1,更新速度慢,2020-10-12 10:35:55
李齊穎,1,人多就不給登入到底是在搞什麼，前兩天關閉更新48小時更新心酸的？,2020-10-12 10:35:40
Yeh Roger,1,"富邦銀你們是智障嗎？一堆抱怨你們只會抱歉，上次評論後到現在半年了，還是一直loading,只多了兩隻小綿羊在拜託，蠢到爆，要不是不得已誰想用你們這家智障銀行。",2020-10-12 10:33:00
Morris Chung,1,一顆星都不想給，系統一定是出包還說什麼在更新，銀行穩定的東西會亂更新，騙鬼喔，到現在還不能用到底在搞什麼鬼,2020-10-12 10:28:27
ChienCheng Hou,1,一直空轉無法登入,2020-10-12 10:28:08
Mema Chen,1,原來是富邦啊，我還以為是魔獸世界勒 連排隊上線都不給。,2020-10-12 10:26:58
SALLY CHEN,1,為什麼要放 拜託 要我等的圖案！,2020-10-12 10:24:31
smile0226 Lee,1,要查款app空轉一整個早上 一直顯示人數過多等不進去（？非常的不方便,2020-10-12 10:22:27
Chiu Houng,3,非得更新才能使用嗎？,2020-10-12 10:15:53
Chun Yu Chen,1,超爛的 無法登錄,2020-10-12 10:15:23
Jimy,1,介面不好用，常常不能查未出帳單明細，今日甚至登入還不能登，居然顯示人數太多，請稍後在登，第一次遇到APP有這種限制人數登入的,2020-10-12 10:14:25
黃某,1,到底是好了沒，想提領錢都不行，不是說到10月10日結束嗎？,2020-10-12 10:13:37
阿甫,1,10/12 又不能登入了，只是想查個帳有這麼困難嗎,2020-10-12 10:12:37
尤莉菁,1,這是我使用過最不得寵的軟體 一直拜託等一等 等到最後 還是不行 真想毀了那幾隻無辜的豬,2020-10-12 10:10:30
莫阿,1,現在登入人數太踴躍 晚點再試 是嫌客戶人數太多？,2020-10-12 09:54:19
Albert Si,1,一直轉圈登不進去。,2020-10-12 09:49:24
陳建瑋,1,"明明過了維修時間，10/11上午匯款被吃錢，交易不明確，新聞稿說當日會主動回沖，今天都10/12了錢還是沒出現，行動app狂轉圈根本進不去，對方沒收到款一直要我再匯一次,被追的很累你們這些造成人家困擾的人知道嗎？有沒有同理心啊？",2020-10-12 09:45:29
Maggie Wu,1,越改越爛！！！！！,2020-10-12 09:44:50
cheng Jamison,1,很慢 正常營業日竟然無法登入轉帳等 損失很大,2020-10-12 09:31:07
Yuan Y (G_gun),1,非常爛根本連不上 還停機更新過,2020-10-12 09:27:08
蘇三哥,1,"一直等,連續好幾次要轉帳都轉不瞭,不知道到底更新什麼了，可以多瞭解一下你們的程式到底出什麼問題嗎？近期有非常不好的使用體驗,以前還比較穩定麻煩改善一下,都想換一家用了,現在都數位化大家都求快速求方便,你們的網銀倒是越來越退步。",2020-10-12 09:27:06
Kunshu Lin,5,好,2020-10-12 08:17:17
中科院徐泰宇,1,更新太久,2020-10-12 08:16:44
Steven Hsu,1,畫面一直hanged著，更新不了,2020-10-11 23:51:06
一隻魚,5,👍,2020-10-11 23:50:35
馬英桐,1,更新後無法登入查詢餘額跟本有跟沒有一樣,2020-10-11 21:56:27
tuyay tsai,1,行動版登入一直顯示再等一下下就好，結果5分鐘過去了還在等待，換成網頁版要登入跳出行動版已登入，請先登出行動版，但app就是無法登入啊！請問這樣要怎麼登入？！,2020-10-11 21:10:11
melody chen,1,根本無法更新， 要更新一直在那邊繞圈圈等了好久也無法更新， 無法進入網頁， 貴公司真的是要改進一下， 要使用貴公司網頁的人真的很不方便,2020-10-11 21:03:09
hida holasa,5,好像很快的樣子，新聞繼續。,2020-10-11 20:54:28
Wen Lai,1,2020/10更新後邊超雷 請趕快修正畢竟是銀行App 閃退跟維修中狀況那麼多 平日工作早上在維修中?真的會氣死人很失望,2020-10-11 20:12:29
陳彥夆,3,週末更新之後變的非常不順，連同網頁也很卡，還請盡快改善,2020-10-11 19:32:57
Pallas,3,最近的「邦你記」好像有點問題，記帳無法歸類，有bug嗎？,2020-10-11 19:28:22
黃大祐,1,更新後根本跑不動,2020-10-11 16:56:00
应英生,5,好用,2020-10-11 14:34:04
Sarry Hsieh,5,簡潔優質,2020-10-11 11:32:54
趙道君,5,可以看到自己銀行數字的變化，挺好,2020-10-11 10:36:27
奶昔,1,有夠爛的App 速度實在是超慢,2020-10-11 10:33:52
Kevin Wang,1,越改版效率越糟，加上來的那兩隻豬就是在暗示效率會跟豬一樣慢，處理時效跟豬一樣懶散嗎？,2020-10-11 10:23:03
梁兄david,1,為何進行下載，一直轉圈圈？已經好幾天了。,2020-10-11 10:03:28
吳小姐,2,怎麼三不五時就要更新，更新老半天還沒更新完成。一點也不方便,2020-10-11 09:57:46
Chi-hung Chiu,1,轉個帳還要loading1分鐘，之前還沒更新前都正常,2020-10-11 09:45:59
axlrock1021,1,爛爆，登入卡死，測試組沒測就上線吼,2020-10-11 08:19:39
Willy Ho,1,PIXEL3 Android11一直被說是非官方正式版 工程師要不要快點修正阿 到底,2020-10-11 07:57:22
Leo Sun,5,使用方便,2020-10-11 07:29:05
參禪任鈞,1,極差,2020-10-11 00:38:35
Owen Tsai,1,我看薪水都領到中信好了，軟體好用提款機又多，貴司倒一倒好了。 看別人評價說很爛還不以為意，直到自己用了才知道TMD爛，第一次登入明明沒key錯確說我密碼錯誤，真是爛透了，還要去臨櫃再申請一次請假扣薪扣全勤誰賠我啊，軟體爛爛爛透了，貴公司還剛更新是更新假的嗎，見鬼了。,2020-10-10 23:42:17
Helga Chin,1,常常無故當機也沒任何通知，其他銀行都沒問題，就富邦app常常當，這樣還不如不要更新,2020-10-10 23:03:36
何小潔,1,越更新越慢，整天在維護，維護兩天還這麼卡,2020-10-10 22:54:10
夜夜,1,很爛，維修2天後打開來直接卡成白癡一直跑等待畫面，當客戶智商都很低？ 越修越爛乾脆不要修,2020-10-10 22:54:04
吳櫂瑄,1,真的不得不給一顆星，貴公司在整合，系統要更新都可理解，也已經過了系統維修更新時間，但一直沒辦法登入，只能在那邊空轉，等了又等……真的有急需要使用銀行app，卻又不能使用，讓人感覺很差，貴公司到底有沒有看到最近大家留言的評價，賺那麼多，把使用者當白老鼠體驗，不斷更新app，越改越爛，越跑越慢……畫面中一直拜託再等一下下，到底知不知道等了幾十分鐘還不能使用，在你們系統有問題狀態下而影響到他人權益，造成損失你們可以負責嗎？ 不要只是回覆不切實際的話，麻煩處理好，才是使用者的真正需求。,2020-10-10 22:53:46
朱小豬,1,一直loading…,2020-10-10 22:51:38
叫爸爸,1,"更新過一直轉圈圈一直等待,每跨一個介面都需要一直等，而且是等很久!! 真的有夠爛的!!!!",2020-10-10 22:40:32
徐子仁,1,更新後讀取慢到爆,2020-10-10 22:39:22
王博揚,1,10.多了連登錄都登不進去,2020-10-10 22:14:38
蘇芯婕（婕兒）,2,跑那麼慢是在哈囉,2020-10-10 21:20:22
yu yang Jian,5,讚 好用,2020-10-10 18:47:24
Mark Liu,5,方便繳費,2020-10-10 14:48:01
Lee WanLun,1,經常不能繳信用卡費過去貴行。晚上不能繳，白天也不能繳，以前也這樣，現在也這樣，一天到晚跟我說「原存行停止或暫停該項跨行業務」。要不要乾脆信用卡消費都不用算我錢好了？我用跨行轉帳免手續費額度匯款過去的，這2天匯錢過去失敗就浪費我2個額度，請問你們要怎麼賠我？,2020-10-10 14:25:30
吳姚倩,1,更新到一個天荒地老，需即時轉帳也轉不了，擔誤到事情,2020-10-09 23:35:59
林谷忠,1,極差，系統升級，存款無法領取，還48小時，客戶轉帳也不行，我的信用，貴公司要不要負責,2020-10-09 22:54:58
etu Nim,4,更新是好的但不必要到連跨行提款都鎖了吧,2020-10-09 18:11:44
林錦榮,1,請問怎麼無法下載這app,2020-10-09 15:57:42
po hsin Hsiao,5,很好的使用感覺,2020-10-09 13:01:38
呂月湄,5,棒,2020-10-09 12:37:24
小凌,1,突然全面更新，整家銀行就廢了,2020-10-09 12:14:05
ChengAn Chiu,1,爛系統 爛銀行 罔顧客戶權益。為了賺更多錢 。停機擺爛。連假要領錢 被困在車站 坐車怎麼辦。 難道沒有考慮到銀行系統的根本 穩定 穩定 穩定。捨本逐末的爛公司,2020-10-09 10:04:04
小雷媽媽,2,怎麼常常系統不穩定（非收訊問題），很難登錄 造成困擾,2020-10-09 02:28:13
宇勝,5,好用,2020-10-09 01:09:24
胡美香,1,連下載都無法下載，真的很慢,2020-10-08 22:13:19
張詩蘋,1,為何無法更新,2020-10-08 21:36:48
番永福,5,好用,2020-10-08 20:08:46
李安佩,5,介面方便操作,2020-10-08 19:53:40
alan (清),1,20201008欲轉帳被強迫更新，但更新一直停留在87％或74％，兩小時內取消更新了三四次卻一直卡住無法更新成功，導致無法轉帳。,2020-10-08 18:22:12
蕭敬瑜,1,無法更新啊,2020-10-08 16:58:29
泡麵,5,很方便喔！,2020-10-08 16:04:24
徐林華,5,很好,2020-10-08 15:37:01
陳智聰,5,好用方便,2020-10-08 15:01:15
Andy Chao,4,順暢好用,2020-10-08 13:44:40
Cindy Chang,5,很好用的APP,2020-10-08 13:41:37
朱彩鳳,5,讚,2020-10-08 13:07:25
Nung Chang,1,更新後跳出有連線風險，變得無法轉帳，明明就沒有連接任何裝置卻沒辦法進行，請盡速改善,2020-10-08 11:51:50
陳小榛,1,到底該怎麼做……我整個程式移除，再重新下載，也是沒用,2020-10-08 11:50:34
Yvonne Cheng,1,"開啟網銀被迫升級，卻一直無法順利更新升級，直接卡住app,根本無法使用",2020-10-08 11:47:13
Sora Bacterial,3,通知真的很慢,2020-10-08 11:24:57
尹天龍,1,現在完全呈現當機狀態，叫我一直等一下下，不知道要用戶們等多久。真的很不方便。,2020-10-08 11:24:14
吳家蕙,1,都是負評，幹嘛叫我們升級，搞了半天網路也進不去,2020-10-08 11:07:50
羅世昌,4,讚,2020-10-08 11:02:18
SHENGHAO TZENG,1,更新之後速度變非常慢...,2020-10-08 10:55:48
Yami Yami,5,好用,2020-10-08 10:44:29
YangTung Chen (Eastern),2,最近使用體驗很垃圾！ 更新時間變的非常頻繁， 但是也不見得變得多好。 登入跑圈圈的時間， 非常明顯變慢許多， 這點無法容忍。,2020-10-08 09:19:58
楊流萬,1,更新完爛了！而且開始跟網頁一樣在頁面上放廣告強制看。轉圈圈轉不完...用手機就是要方便，如果這品質，用電腦就好了！,2020-10-08 09:17:09
YR Gu,1,整天在維護不然就卡登 廢物,2020-10-08 09:13:52
陳孟雨,1,更新了幾百次都更新不了，爛爆！怎麼會有這麼爛的APP啊？還有拜託請不要回覆我，因為都是罐頭訊息的回覆，超級沒誠意，看到那種回覆更是一把火！,2020-10-08 08:43:19
IEZE HUNG,5,設計的很簡便易懂,2020-10-08 08:22:02
River Chien,5,系統有改善，真的變快了,2020-10-08 07:53:43
jyun-yuan siao,5,最好用的銀行app,2020-10-08 07:52:36
謝文景,5,方便好用,2020-10-08 07:06:38
saylu Day,1,我手機上約十個APP中，速度最慢，而且還常常無法登錄上的APP！,2020-10-08 00:52:36
邱銘鴻,5,讚,2020-10-07 22:46:58
Norman Wu,1,10/5 四天連假過完無法登入網銀跟app，工程師打翻泡麵是不是？啊不對，星期ㄧ一大早耶！？,2020-10-07 22:34:57
Andrew Peng,5,介面清楚,2020-10-07 22:06:08
YUNG LIU,4,方便、好用的APP，查詢薪資明細都非常簡單。 只是介面有點不好用,2020-10-07 22:03:18
Ben Shaw,5,好用,2020-10-07 20:24:09
黃培婷,5,介面簡單、清楚、好用，同事間團購，掃條碼轉帳很方便,2020-10-07 20:02:07
Start飛龍,5,很實用！,2020-10-07 19:28:50
志強吳,2,整個卡到不行,2020-10-07 19:09:04
連世穎,5,很棒,2020-10-07 18:32:50
楊清印,4,good,2020-10-07 18:00:07
陶景雄（Larry Tao）,3,good,2020-10-07 17:47:59
程善浩,4,不錯，蠻多元的。,2020-10-07 17:37:26
李怡芳,1,系統要求更新，卻一直更新不了,2020-10-07 17:32:09
嘉琳,5,用過許多網銀，富邦的介面是最清楚的,2020-10-07 17:05:31
Huey-I Hsu,4,"使用順暢,簡便易操作",2020-10-07 16:47:13
SJ Lin,5,很方便,2020-10-07 16:45:22
Lin Timo,1,一直無法更新，又要更新。急著轉帳又遇到這種，真的非常無言,2020-10-07 16:42:06
潘嘉富,4,不錯用,2020-10-07 16:35:02
李淑眞,5,不錯用,2020-10-07 16:27:15
蔡kendy,5,需求,2020-10-07 16:26:14
gina Lin,5,好實用,2020-10-07 15:51:25
ting Yu,2,"可以刪掉等待畫面的那兩隻豬，跟右邊的文字“再等一下下就好，拜託拜託～”覺得這個介面很醜又不專業，完全不像銀行的app,反而像是幼稚園童書。本來等待無感，不知為何看到那個畫面反而會讓人覺得不耐煩",2020-10-07 14:33:00
李Rush,5,無法登入,2020-10-07 14:07:56
HaoYuan Shih,5,2020/10/07 更新後，恢復正常使用。 2020/10/06 可正常登入，09：28定存交易再次轉圈圈，重新啟動軟體仍延遲不順。 2020/10/05 轉五分鐘無法使用，重新安裝後，點選登入後仍轉不停，旁邊的廣告推播倒是很快跳出網頁，網銀顯示要先登出行動銀行方可使用，電話客服說預計一小時復原，實際狀況已持續五小時。,2020-10-07 14:02:20
萬淑貞,5,很好操作,2020-10-07 13:28:23
Joanne Lin,5,好用又順暢，介面清楚簡捷,2020-10-07 13:26:04
JUN HAN SU,5,好用,2020-10-07 13:18:00
陳秀媛,5,辛苦了,2020-10-07 12:47:21
Tony Fu-Kuan Hsiao,5,easy to use,2020-10-07 12:34:53
Hongjhang Wei,2,App 反應速度慢,2020-10-07 12:31:35
孔慶華,4,簡訊快又明瞭,2020-10-07 12:13:41
CHEN怡樺,5,讚噢,2020-10-07 11:29:31
Yuzuka Wang,1,無法更新，轉了半小時了還在等待下載！銀行的app這個樣子會讓存款人不安！,2020-10-07 11:26:42
Alfa LIN,5,👍,2020-10-07 11:12:31
Josh Chi,4,一直閃退，重新安裝後只正常一天，又繼續閃退，這app品質真的離譜... 後續版本已修正...,2020-10-07 11:08:25
Justin Lee,1,速度超慢，有錢炒房產，沒錢建server?,2020-10-07 10:49:25
peng wenbao,5,最近開始裝可愛,2020-10-07 10:47:24
徐艾敘莉,5,使用上都蠻順暢的 很好用,2020-10-07 09:28:55
Jen J,5,很好,2020-10-07 08:12:34
吳昭男,5,實用,2020-10-07 07:14:15
尹玉珍,5,好用,2020-10-07 04:55:05
陳俊益,5,Good,2020-10-07 01:29:09
阿賢,5,非常多元好用的網銀,2020-10-07 00:43:40
郭文瑋,5,讚,2020-10-07 00:36:05
張立仁,5,展開速度快,2020-10-06 22:40:33
Peggy Wu,5,網銀登錄失敗，22分鐘後才通知，也太久了吧！ 遇到不是本人操作的，風險極大，這期間風險責任要歸銀行端喔！ 舊版的比新版的好用，但是總是要技術升級嘛！！ 技術面給5❤，因為我不會，介面及bug 給1❤，因為需要加油，需要您們保護我們這些支持富邦銀行的消費者。 對了，不要那2隻🐷，非常不喜歡，轉圈就可以，拜偷拜偷的文字也不要，可以嗎？😅😅😅,2020-10-06 21:22:33
陳先生,5,好用，謝謝,2020-10-06 21:00:33
郭慈恆,1,更新後直接閃退開不起來了,2020-10-06 19:41:30
丁庭,5,最新更新後一切恢復正常5星好評！,2020-10-06 19:29:31
Erin Song,1,更新是為了讓每個步驟等更久處理的速度更慢嗎? 所以等待的畫面多了2隻豬是要表達什麼?,2020-10-06 19:02:22
氣泡水,1,一改版完整個卡頓~~~可以麻煩改善一下嗎？,2020-10-06 18:04:14
Cecilia Shih,1,更新完以後跑超慢，請問更新的意義在哪裡？每切一個畫面都要等很久，超不流暢,2020-10-06 17:30:46
Yutzu Lin,5,(2020)現在的版本明顯比兩年前好用。 (2018)新的介面真的非常不友善。更新後各項功能的等待時間無法忍受。,2020-10-06 17:25:13
蔡青芳,4,Good,2020-10-06 17:02:46
Mandy Chou,5,流暢good,2020-10-06 17:01:13
林雅萍,5,好用,2020-10-06 16:54:48
賴瑞欽,4,還要打密碼 麻煩,2020-10-06 16:45:03
徐彥棋,5,很棒,2020-10-06 16:39:44
Sandi Liang,5,習慣,2020-10-06 16:06:49
6 6 6,4,有努力維持一定的品質,2020-10-06 15:24:43
Fisher Liu,1,最近網路一直異常,2020-10-06 15:01:53
Rachel H,1,常常要loading很久啊！！！而且功能也常故障不顯示，其他家銀行app才不會像這樣！令人覺得很不信任,2020-10-06 13:50:25
賴麗華,5,good,2020-10-06 13:20:54
吳碧辛,5,快速方便,2020-10-06 12:38:57
楊英賢,5,迅速確實且人性化!,2020-10-06 12:18:53
來旺董（董 哥）,5,方便'很好用。,2020-10-06 12:01:12
Joe Hsu,1,很慢，沒用過這麼慢的銀行app,2020-10-06 11:42:20
Frank Cheng (FE TV - Fun & Enjoy),1,更新下去之後，完全無法登入帳號了，一直要我等等，然後又說 網路不給力？ Youtube就能看啊！ 緊急要做交易怎麼辦阿！,2020-10-06 11:03:56
吳信儒,1,更新後變得超級慢，一直連線逾時,2020-10-06 10:46:41
WJ Jhao,1,原來48小時更新後，換來的成果是完全無法登入，真的很優秀,2020-10-06 10:39:35
Richard Shie,5,good,2020-10-06 10:19:38
林峻甫,1,爛~一直出現再等一下下，是要等多久,2020-10-06 10:10:08
AJ2 Wang,1,更新之後整天轉轉轉，爛死了,2020-10-06 09:44:37
Eva Lan,1,改版之後，根本無法一次登入網銀，要花更多的時間，都要3.4次才能等入，都這麼久了，趕快處理好嗎？一個轉帳都需要手續費的銀行，要不是證交戶真的很想換掉！,2020-10-06 09:36:53
Wen-Ching,3,建議增加一般數位帳戶相關查詢功能。,2020-10-06 06:24:46
Mike Lai,1,進不去，會閃退出，請問如何使用,2020-10-06 01:03:01
曾小旦,5,線上可以買賣交易很方便,2020-10-06 00:30:52
逤夢,1,完全進不去😭,2020-10-05 21:30:43
官瑞婷,5,很好用,2020-10-05 20:32:48
Steven Chou,5,人性化,2020-10-05 16:37:50
呂Al,1,今天都無法登入,2020-10-05 16:27:13
Shine Chen,1,1. ”再等一下下 拜託拜託” 還是無法登入 這是金管會認證大到不能倒的金融機構 應該提供的服務品質嗎？! 2. 繳卡費跟轉帳花了我一個多小時 還是無法完成 畫面只出現系統維護中 可是現在是銀行營業日下午兩點半欸 是在哈嘍嗎！ 3. 點選繳卡費 卻自動幫我登出 再次登入卻說我前次還未登出 這個安全控管機制是否有很大的問題 需要我呈報金管會檢查局 你們才會好好處理嗎？,2020-10-05 15:33:20
M. Lu,1,"APP很卡 很慢 從登入開始 每個步驟都花很多時間在等,甚至無法登入！",2020-10-05 15:31:21
鍾岳霖,1,這麼大的銀行，開發這麼垃圾的app，銀行內部人員不覺得丟臉嗎？,2020-10-05 15:27:52
JY Y,4,簡單方便使用,2020-10-05 15:16:12
Jessica Chuang,3,最近越來越進不去，應該不是網路問題,2020-10-05 15:09:48
謝宇哲,1,為何現在無法登入 不是說八號才開始嗎,2020-10-05 15:08:08
YF T,1,爛，進不去，系統換一換吧,2020-10-05 15:05:15
Ways AL (Always),1,超慢 還都很難登入,2020-10-05 15:05:09
顏家禾,1,一點長進都沒有 登都登不進去,2020-10-05 14:52:40
JJ,1,長時間無法登入.加載時間超久,2020-10-05 14:21:41
Eason Chen,1,登入慢到爆 越改版越差,2020-10-05 14:21:40
ᄒᄒ,2,最近載入都跑很久（新增吉祥物之後） 希望能改進,2020-10-05 14:21:16
Bh Z,1,有夠爛登不進去,2020-10-05 14:17:39
金名,1,無法登入 系統太不穩定,2020-10-05 14:03:31
瑰瑰,4,今天開始都無法登入,2020-10-05 14:01:14
林致遠,1,為什麼App無法登入使用,2020-10-05 13:51:42
Xmaz Wang,1,這幾天一直loading沒辦法使用，造成很大不便,2020-10-05 13:36:56
Alice Xia,1,真的很難用,2020-10-05 13:29:58
Constance Yeh,2,最近loading真的很慢，改版後使用經驗真的不優,2020-10-05 13:26:36
Lucy Hsieh,1,無法登入app，無法使用,2020-10-05 13:21:04
chuangyao Lai,1,登入時一直處於 loading 狀態，轉帳 key 好金額按下確定，就把我登出，重複三次都一樣，真的會用到生氣。,2020-10-05 13:08:52
WAYNE,1,今天無法登入 一直旋轉跳躍 發生什麼事情了嗎？,2020-10-05 13:03:36
Douson Tsai,1,連不上，一天以上了,2020-10-05 12:42:14
"郭, 小P (狂暴月夜貓)",3,不要每次好好的時候就亂塞廣告亂加圖片，搞得本來很順的app慢到現在都還進不去，本末倒置,2020-10-05 12:02:38
York Chen,1,一大堆問題，而且處理很慢。,2020-10-05 11:01:40
常太太,1,速度太慢，常當機,2020-10-05 10:57:23
天邊一浮游,1,更新後就打不開了，是怎麼回事? 重裝也沒用,2020-10-05 09:47:17
吳詩嫺,5,希望可以查到即時餘額,2020-10-05 09:36:50
世民賈,5,很方便，很好用。,2020-10-05 09:35:42
Shih Rt,5,介面分類明確。方便瀏覽。使用順暢。,2020-10-05 09:16:34
王姵云（Wendy）,4,操作簡易，安全無疑。,2020-10-05 08:03:53
陳惠美,5,簡單方便操作 好棒棒,2020-10-05 07:59:37
南夏樹,3,這次更是否有異常，請相關 人員快點處理喔,2020-10-05 07:45:32
潘畇壬,4,不錯,2020-10-05 07:18:50
Zhou淘氣,1,怎麼越來越當機了,2020-10-05 00:49:10
朱柏齡,5,很好,2020-10-04 23:01:28
River Chuang,5,安全考量上即時以mail通知個人在程式上有相關操作，謝謝！,2020-10-04 22:51:14
Maxiano Liu,5,QR付款超級方便,2020-10-04 19:04:11
YH R,1,轉轉轉，轉到讓人心煩放棄自己退出，操作的反應速度超慢的，是伺服器又不夠了？ 賺這麼多錢連這點伺服器的費用都不肯花，也只好再給一星了。,2020-10-04 12:10:28
peipei Lee,5,好用的App,2020-10-04 11:07:36
陳惠玲,5,簡單明瞭,2020-10-03 21:13:57
阿財,5,不錯,2020-10-03 10:39:18
阿布多,5,好用,2020-10-03 09:53:36
派西安,2,最新的更新lucky pay讀不到網路，請儘速修正,2020-10-03 08:20:35
吳頴智（Andy Wu）,1,網路連線完全正常，卻無法登入，顯示「請檢查是否已連接wifi或開啟網路功能」。,2020-10-02 11:30:48
張Devin,5,便利，清晰,2020-10-02 11:21:05
Kevin Ting,5,用幾百年，好用，讚,2020-10-02 11:10:40
Natasha Chen,5,Very smooth,2020-10-02 10:48:35
LeONpard Lin_,5,方便實用！,2020-10-02 09:42:17
晴皓,1,為什麼改版以後一堆問題呢？不能轉帳、登入要等，已經很多人反應過還是沒改善，這是身為大銀行應有的高度與格局嗎？,2020-10-02 09:28:46
李郁美,4,流暢清楚，好操作！辛苦了！,2020-10-01 18:46:50
Ray Yeh,1,不是為了轉圈圈才下載的,2020-10-01 18:33:59
Yi,4,能在轉帳選擇銀行代碼的地方多加個能手輸入的地方嗎？ 不然要找8開頭的都要滑很久,2020-10-01 18:05:12
王姸蘅,5,很便利,2020-10-01 13:18:51
Tina Lai,4,簡單操作,2020-10-01 11:09:13
伍彥之,5,非常不錯的選擇，投資理財規劃建議非常重要，感謝客服,2020-10-01 11:06:25
Jerry,5,操作介面人性化，使用方便！,2020-10-01 09:10:26
王又屏,5,App跨行轉帳免手續費30次 很讚,2020-10-01 07:30:17
朱康琦,1,完全不人性化、友善度超差的行動銀行網頁版介面，只有一張信用卡，帳號沒有在用，根本沒有下載APP的必要，誰想要手機塞滿APP啊？如果不是為了寫評論，誰要下載？即使往銀行解鎖，櫃員打電話給客服也要超級無敵久，當大家時間多嗎？已經是第二次被鎖，誰要一直跑銀行啊？是不是要錄下整個網銀操作過程po網來糾錯？只知保護自己，卻不懂兼顧人性化，是私人機關卻官僚至此，如果不是要客訴，根本連一星都不想給，罐頭回覆就別回了，不過想證明有人看而已。,2020-10-01 05:02:38
哈子卡西,1,什麼時候才肯讓用戶轉帳???,2020-09-30 20:27:40
Zhongxun Lee,1,莫名其妙不能使用，也都更新到最新，點開帳戶直接app閃退，別人要轉帳到富邦都不能，你們家的系統壞了啊？,2020-09-30 17:09:17
Joey Cheng,1,更新之後，每做一個動作都非常卡頓,2020-09-30 16:58:44
羊羽,4,讀取速度比上一版的慢很多，不過其他都OK。,2020-09-30 16:20:05
簡立宸,1,爛透了,2020-09-30 13:19:47
傅立業,1,爛透了 登入多次都無法登入， 重新下載也無法 你們的工程師在幹什麼！？,2020-09-30 09:29:27
楊岳雷,5,簡單，便利,2020-09-29 23:48:06
Freddie Chen,5,Good,2020-09-29 15:12:41
林韋辰,1,我沒有rott不要阻擋我啊,2020-09-29 10:47:45
Yenching,1,總是登入很久，難以操作,2020-09-28 22:17:18
Stan Huang,3,確認有效，謝謝回覆,2020-09-28 21:43:06
Guey Jen Huang,5,ㄑ很方便,2020-09-28 13:54:45
JIA Meiss,2,網路不給力？,2020-09-28 12:44:13
PoHsuan Liu,1,登入速度超慢，難怪要出現“拜託拜託”的字眼，其他銀行都不會像你們一樣，趕快改善吧,2020-09-28 12:11:34
Chiuyun Chang,1,"這真的是史上最難用的APP,信用卡帳務只告訴你要繳錢，但一直查不到帳單明細，一定要我打電話給客服，但如果需要我打電話給客服，是要下載這個APP幹嘛啊！",2020-09-27 09:30:09
Amy Huang,1,"前幾個週安裝新版後，一打開APP後就會出現""安裝作業系統須為官方正式版本，以確保使用行動裝置的安全""，也無法進行行動轉帳，非常的不方便。 重新安裝APP也還是一樣。我的Android OS是三星官方正式版本，不知道程式是怎麼寫的導致誤判，希望能盡快修正此錯誤。",2020-09-26 18:07:58
如英,5,讚,2020-09-26 13:36:31
吳強,5,不錯,2020-09-26 11:37:26
Jasmine Chou,5,讚！ 辛苦了！,2020-09-26 09:30:41
黃品羚,4,簡單明瞭，操作容易。,2020-09-25 12:17:34
Cho Cy,1,禁止非約定帳戶轉帳的功能根本就是廢物應用程式！！,2020-09-25 10:25:47
陳小凌,5,非常方便使用,2020-09-25 09:44:23
蔡博策,4,安卓系統無法登入，請確認修正，謝謝。已正常可使用。,2020-09-24 16:21:50
Queenie Teng,5,非常實用，很喜歡！,2020-09-24 14:06:46
Paul,5,簡單，明瞭，易使用,2020-09-24 11:17:18
孫喬郁,5,簡易明瞭 易於查詢,2020-09-24 00:33:33
Stacy Kong,2,今天不知道為什麼都一直閃退，無法登入，請貴司真的要好好改善系統問題，不然久了沒人想用,2020-09-24 00:23:47
Nanako Chen,1,更新後很爛,2020-09-23 16:06:16
花凱林,5,非常棒的服務,2020-09-23 05:36:12
蘇信吉,5,請問一下，為何奈米投點下去是用網頁開起，而不是在這app上使用，希望能改進，不然奈米投都不想用,2020-09-21 21:37:28
and3bunny11wirw merush,1,醜的一比,2020-09-21 16:33:25
Alan Yang,5,"效能和流程都很方便, good job.",2020-09-21 11:19:37
limit in,5,還蠻好用的,2020-09-21 11:11:24
C. Lynne Hong,5,我所用過最棒的網路銀行App!,2020-09-21 10:11:04
謝耐棋,5,好。操作簡單扼要 不卡卡。,2020-09-19 20:53:03
詹kweai,5,好用又完美,2020-09-19 20:28:25
Niki Lee,3,本來覺得不錯欸~ 更新一直跳出！！！！！ 重新下載都沒辦法開！！,2020-09-19 18:16:07
溫邦淳,2,更新以後轉帳一直顯示行動裝置有風險，無法轉帳，到底什麼鬼，我andriod也沒越獄，都正常使用阿，也沒地方說明遇到問題要去哪裡申請解鎖,2020-09-19 11:42:17
YINCHANG CHIEN,1,"請問轉帳時出現""已偵測本行動裝置有連線風險，暫不開放非約定轉帳服務"" 是什麼問題？先前都可以正常使用啊! 版本是7.23001",2020-09-19 01:27:44
Ting Chang,1,顯示行動裝置存在連線風險不給跨行轉帳，都已經換了兩種網路了還是存在相同問題，上網爬文發現這陣子就有這樣的狀況了，請問到底何時才要處理？,2020-09-19 01:22:03
林秀婉,5,蠻不錯的軟體👍👍👍👍👍,2020-09-18 22:53:42
SHINO HSIEH,1,一直跳出行動裝置存在連線風險導致無法轉帳，希望你們能快點解決這個問題，這給我帶來很多麻煩。,2020-09-18 22:24:57
蔡志成,5,無法改 身分證字號，想查另一個帳戶，移除再安裝也沒用，身分證字號，被綁定了,2020-09-18 15:02:25
Owen Tsai,1,我都手機OS是原廠更新的 開啟app一直提醒我的手機是越獄版本 連轉帳也不給用 到底是什麼判斷方式,2020-09-18 09:14:34
林展志,5,突然不能查薪資了,2020-09-17 22:00:07
謝龍翔,5,當我由個人服務-&gt;使用指南，開始使用到一半，如果按手機的回上一頁，這時後就會出現錯誤訊息，然後就自己登出了，希望能改善！！,2020-09-17 13:44:50
Alan Lee,1,使用者介面真的爛，一堆跟網銀沒關係的功能拿掉可以嗎？ 這是網銀app 不是拿來記帳用的好嗎？,2020-09-17 12:26:06
Sharon Yang,3,這2天查薪資的功能一直顯示MB9999的錯誤，不曉得怎麼了,2020-09-17 08:21:37
葉弘裕,1,最近怎麼那麼難用，要登入一直轉圈圈loading...還登不進去,2020-09-17 00:15:11
鄭宇軒,5,再次更新後可以正常使用，反應快速值得推薦。,2020-09-16 09:55:40
張文德,3,更新至7.23002版後，轉帳無法接收到交易確認簡訊，不知道是App的問題，還是銀行端簡訊發送有問題。,2020-09-16 08:05:28
Xiao,3,最近時常跳出程式沒有回應的訊息，之前沒有這個狀況,2020-09-16 03:20:53
紀錄2.54,4,建議可以把各個項目的金額寫出來，目前只有顯示佔總金額幾%,2020-09-15 20:30:51
張津銓,5,更新後一直跳通知寫應使用正版軟體，要轉帳也寫偵測到網路不安全，但先前用自己手機網路就都可以轉，請儘快修正這個問題！ 更：後來照著留言改就可以了，補回五星。,2020-09-15 20:26:20
Tallman Chou,5,更新後一直當機一直在閃退，在登入logo畫面閃退，安卓10 ，小米8,2020-09-15 20:25:49
鄭惟仁,5,方便,2020-09-15 11:25:58
蘇.咪寶,1,不給我更新也不給我使用,2020-09-15 07:21:05
Jack Wong,1,為什麼現在不能轉帳了？ 我的其他信用卡或是電子支付都可以用 就唯獨富邦銀行不能非約定轉帳,2020-09-14 22:27:37
TIN sun,5,黑屏已改善，感謝你們,2020-09-14 16:26:38
Hanks,1,手機一直顯示裝置有連線風險不給轉帳。可否請教一下原因,2020-09-14 11:38:41
彭勇歷,5,還不錯,2020-09-14 10:06:38
黃美華,1,爛系統，更新後突就無法使用了，很困擾，很生氣,2020-09-14 08:43:54
卡農,3,Sony手機會閃退， 介面不好用,2020-09-14 02:41:11
書荒,1,更新完現在一開就閃退，重下載也沒用，APP這種東西都沒有維護人員…？,2020-09-13 20:34:53
李夏娃,5,讚 好用 一目了然 謝謝,2020-09-13 12:17:39
Frank Han,1,七月開始app都，無法非預約帳戶轉帳，請趕快處理，非常擾民,2020-09-13 11:48:59
姆斯詹,1,為何一直提示我的網路環境不安全，不讓我轉帳,2020-09-13 01:16:04
琋伊歐,1,轉帳跳訊息說什麼本行動裝置有連線風險，不給轉帳，用手機行動4G還是連家裡個人wifi通通還是不能轉，會不會太扯,2020-09-12 19:56:28
T.C. Hsu,5,更新後無法使用App，請改善 ----- 重新安裝後正常使用，謝謝！,2020-09-12 17:58:49
Alison Pan,1,行動銀行app根本無法用到底什麼時候才會好啊！,2020-09-12 14:24:13
_ jerry,1,"更新後一直跳""裝置有連線風險""，不給轉帳",2020-09-12 12:25:12
林俊宏,4,方便簡單,2020-09-12 10:18:06
林庭安,1,我一直無法進入,2020-09-12 08:18:43
陳麗秋,1,從下午到現在都無法下載， 一直繞圈圈，等好久，還是.... 無法使用,2020-09-11 21:14:47
Sandy Hung,5,請問用app轉帳，這個月忽然出現安全性考量有連線風險，暫不開放非約定帳戶轉帳，但我是轉給約定帳戶，要如何解決，謝謝! 非常謝謝你的回答，問題解決了給五顆星，感謝!,2020-09-11 17:34:00
Hayden Ho,3,8/30發現app閃退，今天更新到7.21一樣閃退,2020-09-11 16:03:26
劉建國,1,無法下載耶,2020-09-11 14:51:52
vim wei,5,更新後，一直閃退，無法登入,2020-09-11 13:47:01
王如玉,2,當機中，你們什麼時候才會修好啊？,2020-09-11 12:05:21
Chang Perry,3,更新沒主動提醒,2020-09-11 09:35:55
Eric Lin,1,最新的7.23版在三星note10會發生誤判，app以為非作業系統非官方或是越獄，無法進行轉帳。手機韌體已升級最新版問題依舊。 1.請盡速修正此bug 2.無法轉帳的時候說明是[已偵測此行動裝置有連線風險...建議您使用可信賴的網路環境...] 此說明非常不清楚，我也換了wifi和4g都不行。 3.建議在設定中能夠檢查系統狀態，顯示可以/不行進行的功能，以及建議的操作。轉帳到最後一步才顯示錯誤非常令人沮喪，而且我也不可能為了測試功能正不正常浪費轉帳手續費。,2020-09-11 00:13:19
樂滔滔,3,登入連線時常遇到失敗，需要重複登入多花五分鐘才能成功,2020-09-10 20:48:03
小Lin,1,更新，怎麼一直跑不動？,2020-09-10 20:33:45
王天福,1,都沒有辦法下載,2020-09-10 19:03:00
史永生,5,快速方便e指搞定!,2020-09-10 14:54:37
Carol Shih,5,很方便好用👍,2020-09-10 12:51:16
Ruu,1,更新後，都沒辦法使用，直接閃退,2020-09-10 12:16:40
tien jerry,1,更新後造成判斷小米手機的系統不是正版不能轉賬，可以快修復嗎？,2020-09-10 11:20:06
yihsien Wu,1,最近一直閃退,2020-09-10 10:25:03
Thoms H,2,最近常常無法啟動，必須重新安裝,2020-09-10 08:30:04
鍾諺旻,5,非常好用，讓我在家就能輕鬆操作，另外就是在銀行代碼部份，希望能增加手動輸入操作,2020-09-10 04:25:12
Jumbo Chiang,5,剛剛手機升級android 11，回來試了，登入操作後，沒有問題，辛苦了！,2020-09-10 03:16:46
YuHsin Tien,1,總算能正常啟用，結果登入搞了一個不常用的“使用者代碼” 打專線查詢，語音要求輸入005，並傳解決問題的網址到手機，收到了網址打開是線上智能客服，要我輸入個資查詢“代碼”，輸入後又告訴我現在查不到請打專線查詢…… 真行啊富邦！,2020-09-10 00:04:55
Huang心心,5,方便好用,2020-09-09 18:04:19
曾志仁,5,使用方便簡單,2020-09-09 16:14:57
陳開芬,4,很清楚，容易操作。,2020-09-09 15:16:43
Rio Chen,1,一直屢次停止運作根本打不開的爛玩意 整個富邦窮到連app開發都有困難?,2020-09-09 10:35:20
Darren Shih,1,新版還是無法做轉帳，一樣會跳出什麼網路環境不安全。怎麼改成那麼爛呀！超不方便,2020-09-09 10:19:02
Miko Chan,2,急著要用可是缺一直閃退.....,2020-09-09 08:27:42
許桓瑋,1,一更新無法轉帳 趕快弄好 好嗎！,2020-09-09 00:43:46
劍君十二恨,5,撒尿牛丸般，好新奇又好玩，讚！,2020-09-08 21:01:56
Aznable,5,速度快 介面簡潔明瞭,2020-09-08 18:18:26
Omar Lin,1,莫名奇妙就判定我手機有風險不能轉帳，那這app還有什麼用，差評。,2020-09-08 15:21:55
吳國賢,5,"哭了，今天要用又不能用了,App一直閃退 （紅米，Redmi Note8pro）",2020-09-08 14:44:16
Irene Wang,5,簡便,2020-09-08 10:41:17
AI蘇打,5,速度!!!,2020-09-08 09:51:05
胡欣,5,越來越方便 一個月平均還免手續費14-15次 一百分,2020-09-08 08:17:17
呂冠儒,5,問題解決 謝謝,2020-09-07 20:12:12
陳瑩蓉,5,更新後反而無法開啟,2020-09-07 19:54:15
蔡明坤,2,好用,2020-09-07 19:17:48
Wang Wilson,1,"最近幾次的更新，問題很多，建議不要更新，或是直接移除,改用電腦操作",2020-09-07 18:31:06
taiping Tsai,5,迅速，簡捷，讚。,2020-09-07 17:14:28
聶彩雲,5,棒,2020-09-07 15:54:23
鄭惠娟,4,方便,2020-09-07 12:30:05
Pai Jerry,4,不錯，再加油~,2020-09-07 11:33:17
HUGO HONG,1,為什麼更新後，就不能手機轉帳了，手機並沒有越獄，一直說手機網路不安全，非約定帳戶不得轉帳，又不告知是什麼原因，或怎麼解除網路不安全，莫名其妙限制最基本的網銀功能！,2020-09-07 10:54:44
蔡崇群,2,一直閃退,2020-09-07 07:52:48
JIMIE TSAI,3,重裝後是可以進入了，但是帳務推播通知卻沒辦法用了！現在變成需進入app去點訊息通知，才能看到通知！！請修正喔！因為帳務及刷卡通知真的很重要………,2020-09-07 03:12:50
劉兆軒,5,還不錯 網頁版有的功能 這個APP都有,2020-09-07 00:27:04
劉阿杉,1,為什麼不能轉帳登入一直顯示我手機有越獄，可是我手機沒有越獄啊,2020-09-06 19:09:54
胡芭樂,5,優質,2020-09-06 15:11:32
YuMin,1,更新後不能轉帳！請盡快解決問題,2020-09-06 13:44:03
Chen Nico,1,一直閃退怎麼登入,2020-09-06 09:24:19
Patrick Taiyi Wu,1,更新之後就不能轉帳了！！一下說作業系統是越獄版，我又不是用蘋果！一下又說網站與裝置不安全！4G跟WiFI都試過了！沒辦法準確判斷，就不要亂搞！,2020-09-06 01:06:50
Taco Cheng,1,為何更新後一直出現「已偵測到您的手機有連線風險，暫不開放非約定轉帳服務..」訊息？如何查詢？這樣原本每個月固定支付的費用都會被耽誤，很不方便ㄟ？？？ 2020/09/05,2020-09-06 00:57:04
Weiming Chen,3,"無法轉賬(上個月還可以…) 今天打開要轉賬時… 顯示""已偵測本行動裝置有連線風險，為保護帳戶安全，暫不開放非約定轉帳服務，建議您使用可信賴的網路環境於個人電腦使用網路銀行進行交易"" 問題尚未解決…",2020-09-05 23:27:54
PLUS (PLUS),1,很常整個頁面當掉，就要一直重複登入,2020-09-05 21:54:17
李正中,5,方便好用,2020-09-05 16:15:17
Lさん,5,好用,2020-09-05 11:26:39
王彥中（Small shana）,3,進不去,2020-09-05 11:26:22
莊玲子,4,明確好用，快速、準確、,2020-09-05 07:26:59
Min-Ru Tsai,1,幾乎沒辦法使用，登入永遠在轉不停。第一次評論app，是因為實在受不了這種爛服務，我決定把信用卡停用了,2020-09-04 22:42:41
Alvin Ho,1,App一直當掉無反應，要刪掉App重新安裝才能使用。富邦這麼大的公司，連系統穩定度都處理不好。,2020-09-04 21:49:22
月萌萌,4,有匯款轉入帳號時，希望能訊息提醒，或是同步富邦line的訊息通知。,2020-09-04 21:02:23
黃正雄,5,很好,2020-09-04 20:52:11
黃泊杰,5,謝謝,2020-09-04 19:57:35
Kichi,1,我很喜歡貴公司的設計，但最近常常登入不了,2020-09-04 19:40:26
Pei Lin,1,更新後一直閃退，這是要怎麼用啊,2020-09-04 18:34:30
陳芳志,5,Nice,2020-09-04 18:33:50
Kelly Tsai,1,原本還不錯用，更新後真是各種災難；閃退、功能異常、無法開啟…還被系統直接建議移除此app，真是誇張又讓人失望。,2020-09-04 18:10:26
薛光明,1,更新無法轉帳,2020-09-04 16:03:40
Kuo-Fang Chen,5,完美的體驗，富邦網路銀行，非常強大👍,2020-09-04 15:32:53
Kai Parker (白雪潔子),1,閃退的問題到底什麼時候才要解決,2020-09-04 13:36:38
Peng Devilorz,1,開戶流程設計爛到爆,2020-09-04 13:24:50
Vicky Chan,1,無法更新,2020-09-04 12:49:08
CF Yang,1,真的做的好爛 寧可用網頁,2020-09-04 11:10:45
Roger Lin,1,這麼被常用的 App 可以讓它持續緩慢這麼多天，也真的服了你們的團隊了！,2020-09-04 10:22:57
Chen Jenny,2,更新之後一直閃退。請修正app,2020-09-04 09:30:47
A L,5,好用，方便又快速。,2020-09-04 09:06:28
陳麗心,1,登入速度五分鐘以上還進不去,2020-09-04 08:30:24
GengFu Huang,2,未正確查驗就發佈更新，導致用戶好幾天無法正常使用，之後的更新也無法正確的修正錯誤，只能重新安裝，重新安裝就代表App的設定都要重新弄，根本就是在浪費別人的時間，發佈更新是沒有在查核的嗎？,2020-09-04 00:20:46
Gary.Rangoon Liu,3,為甚麼我一直無法設定快速登入,2020-09-04 00:01:54
貝麗兒,5,方便查詢帳務,2020-09-03 22:49:11
Alina Hung,5,簡單明瞭操作容易,2020-09-03 20:23:08
Patty Hsin,1,更新後，用2-3次，app就會閃退，完全開不起來，要移除才有用，但我已重新安裝2次了，情況没解決，是怎麼回事？（安卓系統）,2020-09-03 19:14:20
Candy Tang,5,好用！,2020-09-03 18:53:33
david chen,3,會一直跳出，重灌了還是一直跳出，我手機是s10 plus,2020-09-03 18:46:11
吳丞紘,5,操作很順暢,2020-09-03 18:09:31
Stanley Chen,1,原本用都好好的。跟更新完就說作業系統有安全問題不能轉帳。 明明是 App 自己的問題,2020-09-03 17:30:39
Hsuan Ding,5,操作流程順暢,2020-09-03 17:06:51
Schumi Yang (Big Cat),5,雖然八月初某次更新完，遇到程式瘋狂閃退的狀況，但客服人員在第一時間給予回應，也在短時間內排除問題，感謝！,2020-09-03 16:20:10
yijunc Chen,1,現在已經9月了，畫面仍然停住不動 真的很不方便,2020-09-03 15:53:53
晟航魅力基因保養品,1,一直閃退無法操作,2020-09-03 15:45:35
耶米熊,2,請持續維護App穩定性，最近很不穩定常閃退,2020-09-03 15:32:01
劉俞婷,5,覺得很方便，介面很清楚,2020-09-03 15:28:08
Anita,1,更新後一直閃退是怎樣,2020-09-03 14:14:25
Yen Jeff,4,"用圖形表達例如""存款""，常記不住，我每次都是用猜的，建議改用中文。",2020-09-03 14:08:51
CHENG-YI CHOU,4,大致不錯 但是 Android 面部解鎖未支援只給iphone，但 Android 9 後新版生物識別 api 面部和指紋根本同一個卻不更新扣一星。,2020-09-03 11:44:16
莊嚕,4,解除再重新安裝確實是可以登入了，但所有設定得再重新處理一次；還是請貴公司從根本上解決，不然這款app永遠都得不到五星評價。,2020-09-03 11:18:06
徐竹霞,1,根本沒辦法正常打開app ，都要一直反覆下載才能進入,2020-09-03 11:05:38
Chu朱CS繼賢,4,最近幾天一直閃退，完全無法使用 很快回覆問題 謝謝,2020-09-03 11:05:30
Hata Sung,5,介面簡單明瞭,2020-09-03 10:50:17
胡麗文,5,很詳細,2020-09-03 10:43:03
Arnor Lee,5,Great,2020-09-03 10:03:49
5 Kate,5,9/1更新完停止運作，無法開啟app 手機note8 9/3已更新，動作迅速很棒,2020-09-03 08:14:36
blue moon,4,ASUS ZB631KL昨天要用一直閃退！更新到APP版本7.21也一樣閃退根本進不去APP。只好先用卡片操作。 今天更新到7.22已可以登入。 APP不能用真的很麻煩，請一定要好好處理呀，加油。,2020-09-03 07:51:50
謝志賢,4,最近的一次8月底的更新，會閃退，根本無法進入，有沒有人處理呀！？ 果然是有技術人員處理了，也可以順利登入了…很棒的服務速度，謝謝。,2020-09-03 01:57:55
0897 gene,1,老是當機,2020-09-03 00:45:15
HH Chen,1,最近一直閃退無法使用，更新後也依然沒改善，最後是將App儲存資料全部清除才解決，只是得重新登錄與綁定指紋或圖形辨識，使用體驗不太好。,2020-09-03 00:01:41
向宏,4,更新之後，app常打不開,2020-09-02 23:44:04
詹文旭,2,重新安裝後開啟幾次，依然閃退。,2020-09-02 23:43:10
陳勁元（大塊）,1,最近一直閃退,2020-09-02 23:40:56
白鈞諺,4,請問富邦行動app會閃退，是什麼問題，這兩天一直這樣,2020-09-02 21:46:53
Lin May,5,這幾天幾乎打不開app系統直接閃退，不知道什麼原因希望趕緊協助解決一下😭很不方便 2020.09.02更新 謝謝馬上能協助解決事情👍網路app系統已經恢復能使用了😊,2020-09-02 21:19:35
Eleanor Chang,3,最近一直閃退,2020-09-02 21:11:36
Christine江惠櫻,1,最近完全不能用，一直解除又安裝，到底出了什麼問題？,2020-09-02 20:43:16
Corlos Huang,4,更新成7.21版後，APP一直閃退，手機顯示程式屢次停止運作，完全無法使用，朋友同一支手機7.20版，也是會閃退，但多試幾次就可以使用！請再確認！謝謝！(已解決),2020-09-02 20:19:47
You Yu,1,真的很難用……忍受很久了，最近真的覺得可以把卡都剪光免得浪費我時間，APP不停死當，連用都不能用哪來的體驗可言？,2020-09-02 19:40:25
ophelia liu,1,富邦行動銀行APP從8/29起，就一直無法使用，已經經過很多天了，情形都沒有改善，就算解除安裝再重新下載，還是一樣無法使用，銀行方面是否可以盡快處理這個問題？謝謝！,2020-09-02 19:32:52
Ivan Li,2,手機：Huawei mate 10 pro Android版本：9 一開啟富邦行動銀行App看到Logo就閃退，試過重新安裝可以好，但隔天再開啟又開始閃退,2020-09-02 18:44:44
Peter,1,華為p30 一直閃退 怎麼用,2020-09-02 18:42:18
Lee Tiger,1,一直發生閃退,2020-09-02 18:36:18
張哲瑋,4,為什麼要一直閃跳,2020-09-02 18:12:39
李珮瑜,5,很好用，讚！,2020-09-02 18:05:44
Y.J. Kang,4,會針對狀況改善,2020-09-02 18:03:07
黃琤茹,5,非常滿意,2020-09-02 18:00:27
Merry Lu,1,"更新之後不停的閃退, 超級麻煩還沒更新之前不會這樣, 到底什麼時候可以修復完成? 已經好多天都這樣了,特別不方便",2020-09-02 17:21:50
Leslie Fan,5,移除重安裝後可以了~,2020-09-02 17:19:08
Bill Lin (嘉陞),3,最近一週一直閃退,2020-09-02 17:07:03
天天,1,連續幾天閃退了,2020-09-02 16:43:37
詹莉瑩,1,每天都要解除再進入,2020-09-02 16:39:00
俊銘賴,2,最近app怪怪的會打不開不然就是說網路安全有問題可是之前都不會掃毒也沒問題,2020-09-02 15:42:32
黃彥勳,4,重新安裝後終於不會閃退了,2020-09-02 15:32:15
歐德尼,2,更新後會閃退，無法開啟，不知道該怎麼辦，安卓系統，容量夠，其他app也都無問題。,2020-09-02 15:21:43
張武雄,1,常常無法登入，重新開機也一樣。,2020-09-02 15:21:11
Sean Yang,2,經電話客服詢問，請我刪除重新安裝後正常，客服是滿意的，但對這個APP仍感到不是能接受,2020-09-02 15:20:25
wang amory,3,對於Bug回應的速度非常快，但是因為真的被這問題搞慘了，所以只能給三星,2020-09-02 15:09:39
QingMing Chen,1,今天要開就一直閃退，拜託快修,2020-09-02 15:05:57
陳子奇,1,打開就當機 請問一下 是不是快點處理 不然我是又要花時間打客服查帳單消費 還是重新申請紙本帳單呢！,2020-09-02 14:57:17
HONG-WEN KAO,1,這版更新完開啟app會一直關閉,2020-09-02 14:53:55
邱恆智,4,不錯,2020-09-02 13:26:51
美食公道伯,5,很多功能順暢,2020-09-02 13:11:17
吳瑜瑄,1,一直閃退，完全打不開,2020-09-02 13:04:25
賴游龍,1,更新後無法使用,2020-09-02 13:04:19
squrar,1,更新到7.21還是一樣閃退 資訊部門到底在幹嘛,2020-09-02 12:51:34
許立德,2,更新之後打不開，會一直閃退 救命！繳不了卡費！,2020-09-02 12:45:26
勝雄,1,更新後一直閃退，無法正常使用，解除安裝後重新下載設定，只正常使用一天，然後又開始閃退無法使用。造成很大困擾，請問是有什麼問題嗎？有辦法改善嗎？,2020-09-02 12:43:43
Dennis Wang,1,本來都沒問題。突然一直閃退無法使用。重新安裝還是一樣。是最近有更新造成的嗎？,2020-09-02 12:40:08
蕭家進,5,無法開???????Way,2020-09-02 12:31:06
shun gary,2,現在用會閃退,2020-09-02 12:28:41
Becca,1,為什麼一直閃退，轉帳都無法了.....,2020-09-02 12:28:35
Alice Liao,3,前天更新後，App沒辦法使用，點開就閃退,2020-09-02 12:23:44
林中屏,1,一直閃退無法開啟,2020-09-02 12:21:43
林美玉,2,無法開啟,2020-09-02 12:03:44
周士淳,2,使用S8+，Android版本9，9/1晚間程式無法開啟，至今(9/2)仍然無法開啟。,2020-09-02 11:33:27
施士吉,1,一直閃退，連登都登不進，也重新下載還是一樣,2020-09-02 11:25:46
David Wang,2,一直閃退連進去都無法...,2020-09-02 11:25:05
Chen WeiHan,1,更新之後就莫名一直閃退都打不開了,2020-09-02 11:04:38
陳郁夫（Dante）,1,已經多日無法開啟了,2020-09-02 11:03:46
陳禹伶,3,最近瘋狂閃退不能登入 這是要怎麼使用 可以盡快改善嗎,2020-09-02 11:01:35
吳昱廷,3,為何目前執行app會閃退，更新後也一樣,2020-09-02 10:58:39
jeff cheng,1,原本好好的，現在都登不進去,2020-09-02 10:51:24
張罡,4,好，可以再好，就加聲音讀出最好,2020-09-02 10:49:59
Yitzu Kuo,1,更新後一直閃退，根本進不去，請盡快修正！,2020-09-02 10:41:23
曾乙峰,3,最近早上出現無法登入使用 手機是 samsung note9 請協助解決。,2020-09-02 10:39:41
Pauline Cheng,1,剛剛要求更新 更新完，就進不去一直閃退。不更新就不能轉帳。現在是要我怎樣？,2020-09-02 10:32:09
徐志隆,1,這兩次更新後，一開啟就閃退，手機Oppo a72,2020-09-02 10:31:34
風水阿家,1,現在無法開啟,2020-09-02 10:29:34
范美玲,3,最近更新就每次都開不了App 實在納悶?,2020-09-02 10:27:37
宇387515,2,更新後要重新下載才能使用。直接新版本就好很奇怪的設計。,2020-09-02 10:17:27
Chen Jimmy,1,更新後閃退，重安裝後，可以執行，但今天又一樣閃退,2020-09-02 10:13:47
Nate Chen,2,這兩天一直閃退，需要重新安裝APP才能使用. 兩天已經重新安裝四次了.....,2020-09-02 10:09:14
Liora,1,更新會會閃退,2020-09-02 09:47:15
郭俊谷,5,目前會閃退，不能開啟，重開機後還是一樣 後來卸載後 再重新安裝 目前問題已經改善 謝謝您,2020-09-02 09:46:19
Hsuan,1,更新以後一直閃退，android也已經是最新版本,2020-09-02 09:39:32
俞柏泉,4,最近一次更新後登入後，開不了,2020-09-02 09:30:06
Zhao Yang Chen,1,更新完後無法開啟App 一開啟就閃退 煩請趕緊修復,2020-09-02 09:23:59
Dan Sun,1,更新後無法登入，一直閃退。。。,2020-09-02 09:16:24
Ci Yi,2,現在點下去就閃退，是你們 APP 有問題，還是手機有問題?,2020-09-02 08:44:57
高昭文James,1,請問目前是維修中嗎？從昨天下午開始到現在，都被停止運作，更新後也一樣,2020-09-02 08:44:34
朱欣薇,1,一直停用,2020-09-02 08:42:57
花婉燁,2,前幾天更新版本後會一直出現閃退情況無法登入,2020-09-02 08:41:00
Talk Awan,1,抓了臭蟲更新之後，出現了更大隻的蟲……根本打不開啊！,2020-09-02 08:30:09
Joyce Chang,3,更新後app一直跳掉，重新安裝可以使用，但隔天又無法執行，可以趕快修好嗎,2020-09-02 08:29:46
李建毅,1,本次更新後每次開都閃退，根本不能用,2020-09-02 07:22:12
孟憲彰,1,更新後每天要使用時都出現「屢次停止運作」訊息或打開app沒有畫面情況，每天都要解除安裝後再重新安裝才能使用，希望盡快解決問題，方便使用者。,2020-09-02 07:19:06
阿得,1,一直閃退,2020-09-02 06:43:26
大元元,1,最近幾天好糟糕，一點入app就快速彈出，網銀完全無法正常使用，嚴重影響自己本身的工作，令人極度.......。趕快完整處理好啦，拜託拜託！🙇🙇🙇！,2020-09-02 02:07:16
Leona Huang,1,更新完一直閃退,2020-09-02 00:38:54
Yu Te Chen,2,功能是很棒沒錯但是近期更新後，要一直重新安裝才可以使用，不然就閃退無法進入。,2020-09-02 00:37:49
13 et,1,為何昨日更新完後無法使用，一直閃退。,2020-09-02 00:28:54
Joan Chang,1,無法使用,2020-09-02 00:24:48
Sophia,1,今晚使用，點開一直閃退，請問發生什麼事？！,2020-09-02 00:21:06
繆老闆,1,更新後連程式都無法打開，重新安裝後只能第一次是好的，後面又無法使用了，打不開是要怎麼使用。,2020-09-02 00:10:10
Rain Lin,1,登入是一直跳要我不要越獄，哪來這麼多逃犯，當要用 luckypay 付款一直說我的裝置有連線風險，不讓我付款， 到底這個軟體有什麼問題? 難道舊手機不支援新版android 就不能用你們的系統了嗎？,2020-09-02 00:05:05
Chia Ming Lin,1,109/9/1 一整天都閃退，無法使用app，重新開機也沒用！！！ 手機型號：Google pixel 4 XL Android版本：10 安全性修補程式等級：2020/08/05,2020-09-02 00:00:33
姚若萱,1,今天更新完一直閃退，用手機app進不去,2020-09-01 23:43:57
吳正來,1,一直當機是什樣啊…,2020-09-01 23:41:59
謝明翰,1,一直閃退，怎麼轉帳啊…,2020-09-01 23:19:52
周淑卿,5,介面清晰好用，非常符合使用者友善的原則。,2020-09-01 22:46:13
woody hsu,1,無法啟動app,2020-09-01 22:44:32
Sandy Cheng,1,"前日用還好好的，一更新完，登入時說有連線風險，進行轉帳操作還出現視窗安裝作業系統須為官方正式版本，不能非約定帳戶轉帳，""囧""了。",2020-09-01 22:44:05
Leo Yang,1,更新後無法進入直接跳出,2020-09-01 22:38:02
鄧能峰,1,能不能不要每次更新後就閃退！,2020-09-01 22:30:00
賴怡萍,1,秒閃退，無言！,2020-09-01 22:21:47
陳仁德,3,Oppo r17pro 也是一直閃退。,2020-09-01 22:15:58
黃式嶺,2,更新前開啟要等很久 更新後一直閃退,2020-09-01 22:13:44
Mia,5,操作順暢簡單，快速，謝謝！,2020-09-01 21:50:14
梁瑞逢,1,109/9/1一打開網銀app，為什麼一直跳開無法啟動，為什麼，好爛喔，重新安裝一樣，請盡快恢復,2020-09-01 21:19:46
Jeff S.H. Chang,2,App持續閃退，無法開啟。,2020-09-01 21:15:13
葉子爹,4,更新到7.21版，三星Note10＋會閃退，但解除安裝，重新安裝就好了,2020-09-01 21:13:44
Michelle Lin,1,最近一直閃退，移除app再重裝，只有那天可以正常使用，隔天就又再閃退，無法打開app,2020-09-01 21:13:07
程崇堯,4,閃退 ~,2020-09-01 21:12:39
Patrick Hu,2,昨天更新的版本會閃退，無法執行，我是SONY手機,2020-09-01 20:37:05
min sue,1,更新後無法開啟，一直被强迫關閉，完全無法使用app,2020-09-01 20:21:44
Erin Wen,1,真的不知該說什麼才好了，重安裝後說我的安全性有問題，一隻手機說android版本不合，另買一隻新的說連線不安全，是沒有要讓客戶使用這隻app就對了？？？ 認真考慮不要當主要往來銀行了，這要怎麼操作？？？ 2019是閃退，2020改版後完全無法使用了，説不支援我的裝置 原本是可以的，為何越改越爛忽視客戶權益？,2020-09-01 20:20:29
閔憶嫻,3,忽然間不能使用，也沒說更新,2020-09-01 20:19:53
潘志宏,3,為了資訊安全，而限制非約定轉帳功能。應該能在App內提供解決的Q&A吧。而不是在評價區回覆解決方法。,2020-09-01 20:14:21
杜杜-phone,1,更新後無法轉帳 開啟App閃退,2020-09-01 20:07:08
楊啟志,1,這次更新完，換我也進不去，處理一下吧！,2020-09-01 19:49:45
674 CrystalChen,1,2020/08/31更新後，一直閃退，無法登入,2020-09-01 19:46:01
Gary Huang,3,一直閃退，無法使用,2020-09-01 19:26:35
王聰瑜,3,更新完就打不開了，每次更新都有問題，那幹嘛還要推更新,2020-09-01 19:08:31
Catherine Lan,5,反應很即時，謝謝客服人員,2020-09-01 19:02:18
Bryan Chuang,1,從上個月開始，每次更新都閃退、每次都要重新安裝與設定，請確認版本穩定再發佈！,2020-09-01 18:52:20
Vincentmte,4,(2020.09.01) 更新到7.21版後，開啟APP順暢多了，感謝。 (2020.08.29) 這次更新後，進入app很慢，進入後常app常當掉 >_<,2020-09-01 18:45:55
Wan Ching Chuang,1,App到底怎麼了？完全開不了，一直閃退！,2020-09-01 18:25:04
青黃,1,為何更新完後，都不能用，無言,2020-09-01 18:14:02
何竣智,1,怎麼開起來瞬間閃退,2020-09-01 18:07:29
恆靜曾,5,簡捷方便,2020-09-01 17:54:50
amy cheng,5,介面好用，但從前天開始一直無法登入，一直跳出。重新下載還一直在等待中無法重新下載！是怎麼了？,2020-09-01 17:52:21
Jack Hung,2,用很久了都很好用，但是這兩天開了app就會當機，重新安裝也一樣，請協助修正，手機是sony XZP 8/31更新，變閃退，連開都不能開 9/1昨天重新安裝可以用了，但今天又閃退,2020-09-01 17:50:08
Sam Huang,1,軟體無法開啟,2020-09-01 17:47:22
yinchun Chen,4,昨天更新後一直閃退都沒有辦法使用,2020-09-01 17:40:56
Wang Edward,1,瘋狂閃退,2020-09-01 17:34:36
玲.,1,一直閃退是給不給用了!!!,2020-09-01 17:29:16
3OO269廖俊凱,1,"android10 一直閃退, 一個爛",2020-09-01 17:13:55
童童,1,更新之後，點進去畫面一直跳掉，根本進不去也不能使用，這樣無法作業很困擾。,2020-09-01 16:56:01
Angus Liao,1,最近更新後開啟APP即閃退，不到一秒時間畫面就消失，還沒開啟成功過。,2020-09-01 16:39:46
蔡明家,2,昨日更新後 一直閃退,2020-09-01 16:13:01
谷靜仁,5,動線流暢,2020-09-01 15:45:12
田秉穎,1,下載不了，請問要怎麼處理？,2020-09-01 15:36:04
Peter Cheng,1,原本好好的，現在閃退，無法開起來 Android 9 Sony 1,2020-09-01 15:25:34
Ryudo Chen,1,2020/9/1安裝後 開幾次後就永遠無法開啟，一開就閃退。移除再安裝就會暫時恢復，但是一樣正常幾次過後，某次開始就又壞了，不管幾次就是一直閃退,2020-09-01 15:24:28
陳政村,3,更新後打開馬上就出現閃退了,2020-09-01 15:20:30
Angel Chen,5,安裝後一度無法開啟 後來移除 重新安裝就可以順利使用囉👍,2020-09-01 15:13:45
赤蛇,4,昨天重新安裝過後 是好了 但今天還是一樣 一直自動關掉,2020-09-01 15:04:07
Anthony Chou,1,最新更新後一開就閃退。,2020-09-01 14:42:01
廖學勤,5,依據指示移除重新安裝最新版後已正常，感謝！,2020-09-01 14:39:25
韋成龍,4,使用上方便 簡單上手 唯一缺點 轉帳手續費一個月10次，能否開放優質客戶可以提高免費次數,2020-09-01 14:36:43
Mason Lai,1,更新完閃退無法使用 即使更新到 7.21 版還是無法使用 重裝後今天又開始閃退,2020-09-01 14:23:47
Szyi Huang,1,"很難登入,mail通知都到了,此app還在轉圈圈",2020-09-01 14:12:42
蔡秈甬,1,一直閃退，無法開啟！更新之後一直這樣。,2020-09-01 14:11:56
劉偉,1,停格 難用 也不好登錄 慢,2020-09-01 13:45:11
黃秀錦,5,步驟簡單 方便好用,2020-09-01 13:24:27
CHEN TAI,4,一直停在logo很久才進到主畫面。重新安裝也一樣。請速解決。謝 已順利了。謝謝,2020-09-01 13:14:43
蔡小民,1,更新完一直閃退...,2020-09-01 13:00:52
張貓貓,1,瘋狂閃退欸,2020-09-01 12:58:32
willy lu,4,本來都很好用 ，結果今天怎樣都秒當，無法打開。移除 重新安裝後目前就正常了,2020-09-01 12:56:30
shawn,1,無法開啟，信用卡款怎麼看怎麼繳,2020-09-01 12:56:00
Ma Nelson,1,更新完就再也開不起來，直接閃退,2020-09-01 12:46:12
CC L,1,一直閃退，移除重裝正常，但幾小時後又閃退。S9+,2020-09-01 12:29:39
EZSB,1,小米9更新後一直閃退，重裝還是一樣,2020-09-01 12:26:15
姚貴堂,1,一直閃退,2020-09-01 12:25:16
呂冠儒,4,使用上蠻方便的，轉帳、查詢都蠻容易操作！！,2020-09-01 12:11:37
Laurance Lin,1,更新後不能使用了（強制終止），我是Sony Xperia One 手機,2020-09-01 12:08:14
莊詠棻,1,很生氣，每次只要更新，就進不進？😡😡😡,2020-09-01 12:05:16
Tony Tu,1,爛軟體吃屎的！常常當機，最近都閃退！ 比台新銀跟玉山銀軟體還爛！！！,2020-09-01 12:02:32
潘妍秀,1,更新完不能啟動，閃退...,2020-09-01 11:59:30
王文照,1,1090831更新後閃退，無法使用。,2020-09-01 11:50:56
Jerry Tsai,1,三星手機週末更新後，開啟馬上閃退，何時才能修好呀？ 幫忙提供解決方案，進設定，找到app，清除資料，就可以進入了，貴司的方法根本沒用,2020-09-01 11:35:07
陳冠傑,1,更新不能用,2020-09-01 11:30:29
Tony Wu,1,在使用你們銀行app時最近螢幕怎麼一直被截圖？別家銀行的都不會！,2020-09-01 11:08:56
高瑞隆,1,更新完 完全不能用,2020-09-01 11:02:25
Knight Yu,1,更新完持續閃退,2020-09-01 10:58:51
Winnie Ho,1,android 更新完後開啟app頻頻閃退，非常糟糕,2020-09-01 10:55:06
緗禹,5,"回覆很快,有效率，已經可以正常使用，謝謝你們！",2020-09-01 10:50:39
黃正傑,1,更新完就掛了，爛透了,2020-09-01 10:46:38
Colin Jao,5,前幾天閃退的情況很嚴重，經過反應之後，以非常快的速度修復，謝謝。,2020-09-01 10:42:27
謝羽玹,1,一直閃退,2020-09-01 10:40:16
Dana Dan,3,以前的使用體驗是不錯的，但是這兩次的更新都造成App閃退，開都開不了，即使刪除儲存空間、重新安裝、更新Webview都沒有用,2020-09-01 10:29:33
Cannie Lin,1,一直閃退，也關閉掃毒app，一樣閃退，請問該如何處理?,2020-09-01 10:21:44
Maggie Chang,4,介面人性化 期待有清楚的基金.債券.美股報酬率功能。,2020-09-01 10:19:54
Ruei-Hong Wang,1,今天一開就 crash，無法進入使用,2020-09-01 10:03:59
張雅雯,1,更新後就不讓轉帳繳款，一直說連線有風險,2020-09-01 10:01:16
啟彥梁,2,"當機,無法設定快速登入,最近才如此",2020-09-01 09:58:52
廖宏緯,1,屢次停止作業,2020-09-01 09:58:00
smoiz,4,"0831：更新至7.2.1後，無太大問題，優利活動也能點選進行，謝謝努力 0827：今天收到簡訊通知可以更新到7.2, 結果一更新後根本就打不開，不如不更新，希望再加油",2020-09-01 09:54:47
呼呼小盛,1,我的手機是Samsung Note9，最近更新後就無法進入，請儘快解決,2020-09-01 09:50:46
Sandie Hou,1,閃退,2020-09-01 09:43:28
Aaron Wu,1,安卓系統一直閃退，可以趕快修復嗎,2020-09-01 09:32:06
林沅樂,1,一直閃退開不了…要解除安裝再重新下載，然後又開始無法打開app,2020-09-01 09:31:08
KFCLIN Lin,4,這次更新完畢後都進不去了，麻煩相關單位幫忙處理。謝謝,2020-09-01 09:29:50
Vivi Liu,1,更新後閃退無數次，完全無法使用！,2020-09-01 09:24:34
Pei-Han Wang,4,還算方便,2020-09-01 09:20:32
Renee Chen,1,重新安裝兩次了，不是一直閃退就是停在logo畫面，是什麼時候才會修好呢？？？,2020-09-01 09:18:04
謝協良,1,更新完一直閃退，請幫忙處理,2020-09-01 09:07:54
Carmillu Wang,1,為何最近App點進後都反黑、或是自動跳出？！ performance差勁！ 2008年時使用沒這麼糟，是後段伺服器沒upgrade 還是你們較喜歡使用者去臨櫃或去ATM?!,2020-09-01 08:55:25
Carol Chou,4,系統更新後，小米9手機Android 10無法打開，重新開機也是一樣的狀況，請問可以盡快修復嗎？謝謝！,2020-09-01 08:47:46
蕭尼歐,1,不要更新 更新完不能執行,2020-09-01 08:43:14
Kay Hsu,2,從8/31開始就一直有問題，打不開或等很久，今天連打都打不開🙄,2020-09-01 08:40:54
傑克敬,3,試過了，已經重新安裝使用一陣子後又一樣崩潰,2020-09-01 08:36:09
Su Zhen,3,突然登不進去了。按一下閃退.....,2020-09-01 08:28:10
Alex Huang,1,一直閃退，更新後也一樣,2020-09-01 08:15:01
Jed Lee,5,更新--快速修復 給讚 本來給五顆星 更新完完全無法開啟 對客戶來說這太恐怖 基本測試都沒幫忙做好防護 表示被駭我們也完全不會知道,2020-09-01 08:14:46
Nick Tseng,2,刪掉重裝後可以正常使用了，請重視資訊部門及測試完善。,2020-09-01 08:12:41
蘇亮亮,2,突然完全無法開啟，怎麼回事，要轉帳資料都在裡面，請趕快修正好嗎？,2020-09-01 08:00:11
洪ting靜婷,5,快速,2020-09-01 07:34:35
王約書亞,1,我的手機是nokia 7.2，更新後無法進入,2020-09-01 07:12:29
Meig Lai,3,之前一直覺得超好用，但從升級系統，更新後，一直閃退，根本無法開啟，麻煩協助。,2020-09-01 07:05:08
羅漢,1,以前挺好 現在卻就無法登入了 不明白怎麼可以讓一個銀行的app就這樣掛了！,2020-09-01 04:25:14
胡語柔,1,打開app就閃退 已經三天都無法開啟了！！！,2020-09-01 02:58:46
盛曉嵐,5,反應問題，客服立刻處理，給五顆星,2020-09-01 00:46:51
吳建德,1,更新完一直無法啟動來使用,2020-09-01 00:13:55
Derek Huang,2,"安卓版更新完打開就閃退,麻煩處理一下",2020-08-31 23:54:01
銘,1,閃退 好幾天了 客服又都沒人在 是要倒了嗎？,2020-08-31 23:47:11
Hung Vincent,1,8/30週日打不開app，8/31更新後還是打不開，重開機也打不開，可否處理一下！ 我是安卓系統，華為手機！,2020-08-31 23:20:39
小蓁（宛蓁）,1,更新完閃退,2020-08-31 23:17:07
鄭明憲（louisje）,3,更新完就閃退，不過重新安裝就好了。,2020-08-31 23:04:08
劉懿慧,1,這兩天app壞了嗎？,2020-08-31 22:53:22
誠,1,閃退,2020-08-31 22:50:30
IF CHEN,4,"App 無法開啟，重新安裝無用請問是發生什麼事？ 20200831 update 更新 APP 後已可使用, 謝謝",2020-08-31 22:48:45
王俊傑,3,8/31更新後正常，真的不要週五發更新。,2020-08-31 22:45:55
tine yen,1,整晚都不能用，到底怎了，也要公告一下麻,2020-08-31 22:45:14
Chang Max,3,8/31更新完閃退 完全無法進入 要重新安裝才行,2020-08-31 22:38:21
wayne chen,3,今天又更新一次，一直閃退，已經3天沒辦法用的app，無言。,2020-08-31 22:30:47
張小珍,1,一直閃退，讓不讓人用啊！,2020-08-31 21:37:05
Allen Chou,1,一直閃退,2020-08-31 21:36:54
YEH HSIAO-I,3,畫面一直停在logo 或是黑畫面，經過兩天後一個更新改善了,2020-08-31 21:32:11
Karl Lu,3,今天突然閃退，即使更新後還是不斷閃退，直到解除安裝後重新安裝才正常。開發者應該要考慮到更新檔不相容新版時的提示回饋,2020-08-31 21:21:49
珞櫻羽（櫻）,5,希望能在餘額查詢裡，分出「可用餘額」與「邦你存」金額。在ATM有分開金額顯示，但app並沒有，有時忘記把錢存在「邦你存」，可用金額預算就有差距，有點麻煩。所以希望能在餘額查詢裡分二筆顯示，這樣就很清楚了，謝謝您！,2020-08-31 21:09:42
邱子華,4,顯示履次停止運作,2020-08-31 20:54:58
Teddy Lin,1,今天開始閃退，都打不開，不知道什麼狀況,2020-08-31 20:54:01
Una Lin,1,更新後不但速度變超慢，而且還一只閃退,2020-08-31 20:47:23
陳玟妤,1,Android更新後完全不能使用 點進去一片黑... 如果更新沒有更好為什麼要強迫更新啊... 超難用 能處理一下嗎....,2020-08-31 20:46:20
Joyce Tsai,1,開啟後立刻閃退，更新完還是閃退，可以快點修復嗎？已經一整天了！,2020-08-31 20:16:50
陳振邦,5,無法開啟故障嚕,2020-08-31 20:03:07
S Yao,1,昨天更新更新完畢一直閃退，無法登入,2020-08-31 20:00:31
Werner Chen,1,"今日更新後開啟,直接閃退???",2020-08-31 19:54:50
Yu進龍,1,不更新沒事，更新完後真的是災害的開始。APP剛點進去至少要黑屏超過100秒，天啊！何時能解決這問題?,2020-08-31 19:37:50
Wenchi Lee,5,更新7.21後已可正常使用，感謝程式團隊的快速回應 ------------------- 更新7.2後一直閃退，重新安裝後第一次登入正常，第二次登入開始又一直閃退,2020-08-31 19:33:35
黃先生,5,使用方便,2020-08-31 19:30:15
高高,1,常常當機,2020-08-31 19:30:00
Chia Chen,1,更新完全不能用,2020-08-31 19:09:33
Vicky Huang,1,8/31使用，一直閃退無法使用…,2020-08-31 19:05:19
Connie,5,"點選app後, 就變成黑畫面, 完全開不起來, 重新下載&重開機依舊沒改善. 系統在一日內就修復了, 超級有效率 👍",2020-08-31 18:54:00
莊六幻,1,"不好用,同時去开另一 視窗,如計算机就當機了,跟其它銀行行動app相較,算是最差的",2020-08-31 18:53:54
林小菲,4,感謝積極修復 謝謝,2020-08-31 18:48:28
TK,1,最新版程式有問題，一直crash，麻煩盡快處理,2020-08-31 18:47:07
李弘宇,2,更新完app閃退 edit: 在更新成7.21版之前，把 cache 清掉後就work了，但資料全部都要重新設定。,2020-08-31 18:22:36
Wan “GG” Aaron,1,"我上週四一更新後也不能用了，只能用桌子型電腦去登入，真是造成困擾，還好沒有什麼費用到期急付，不然富邦客服只會一直說抱歉，然後謝謝您的來電，到目前為止仍不能用app ,真是麻煩",2020-08-31 18:20:53
王子遠,5,前一秒才剛完成轉帳，下一秒死當，重下載重安裝也一樣。 發佈更新檔之後已經正常，感謝貴行迅速處理，故更改為5顆星。,2020-08-31 18:11:37
燒肉ノ小非,5,一直閃退！,2020-08-31 18:01:26
洪湘洋,1,打不開,2020-08-31 18:01:24
Sunny Chou,3,"今天一整天APP一直登不進去, 請問系統有問題嗎？",2020-08-31 17:45:45
stram,5,8/31更新，均顯示停止運作 重新安裝，已可正常使用 更新後都要重新安裝嗎？,2020-08-31 17:32:52
huang.ching hua,3,今天8/31突然就不能登入，更新後也一樣，麻煩盡快修正，謝謝,2020-08-31 17:31:52
Jameson Chung (da Benci),1,App一直閃退是在哈囉嗎？,2020-08-31 17:30:49
Yun-Shan Huang,1,今天更新以後仍然一直閃退,2020-08-31 17:09:09
Bapy3344,5,用note10 更新完，閃退，8/31更新後已修正，可以登入，要重新下載安裝,2020-08-31 17:01:44
Naomi,5,更新完更好用了,2020-08-31 16:57:53
Muying Jen,5,感謝客服回覆 問題已經解除，謝謝。,2020-08-31 16:56:51
Yue Lin,1,壞了？連重新下載都載不了,2020-08-31 16:51:28
Chen Kuan,1,更新完之後 ，App 都無法開啟，一開就閃退 ，我的手機是OPPO r15。8/31更新後，還是一樣無法開啟,2020-08-31 16:40:25
Google使用者,1,一直要客戶更新，更完進不去，這是你們銀行該有的謹慎態度嗎？公司都沒先行測試後，在上架更新嗎？如此影響客戶使用權益，真是糟糕!,2020-08-31 16:28:57
何建震,2,更新後一直閃退 不能月用,2020-08-31 16:23:46
孫曉芸,3,安卓版在前幾天更新後就完全不能使用，同事叫我解除程式重新安裝，我試了，結果才好了，但用個三天又跟前次更新後一樣，無法開啟不能使用，原本很稱讚你們富邦銀行這個APP程式，更新後只能說失望，不方便到極點，麻煩也請問有人可以幫我解決這個問題嗎?😣😣😣,2020-08-31 16:00:20
CYN凡妮塔,3,為什麼常常一更新完就閃退，去年是這樣，今年還是一樣。只能移除再重安裝，搞得所有設定都要重設。Orz,2020-08-31 15:44:41
連昱翔,4,更新後可以用，但是要重新輸入代碼和密碼很麻煩....,2020-08-31 15:41:11
楊梅,2,很不好用,2020-08-31 15:39:06
我是一隻小小鳥,3,今天打開一直閃退，更新還是如此，使用note10+,2020-08-31 15:14:08
Jack Tsai,3,必須移除重新下載，如果忘記帳號的就別用了吧,2020-08-31 15:08:09
林冠伶,1,這次真的很糟糕，一直閃退，還得重新下載,2020-08-31 15:03:01
林士清,5,很快改善效率很好!,2020-08-31 14:56:49
Eric Chen,1,二小時前更新後，到現在只會閃退，Samsung NOTE10 +,2020-08-31 14:56:16
涂予彣,5,更新後恢復正常，謝謝,2020-08-31 14:52:13
李尚謙,3,更新後就開不起來了,2020-08-31 14:51:32
Fanny Wang,4,更新後一直閃退🙄。開發人員處理問題及回覆很快，照著處理後狀況已排除，我把評價修正成4星😏。,2020-08-31 14:36:33
Richard Chen,1,為什麼今天完全無法登入？,2020-08-31 14:31:37
滕振發,5,已修復，搞定。,2020-08-31 14:29:08
曾亦偉,1,今天更新完一直閃退查看帳務有則摸難嗎,2020-08-31 14:28:55
GB hu,2,今天要進去使用會閃退，更新完還是一樣 請問要怎麼排除呢？,2020-08-31 14:07:16
馬儷臻marry,4,好用速度快,2020-08-31 13:59:28
He Ping Lin,1,Androit 根本打不開 不是打開一片黑就是一直停在封面的logo那邊,2020-08-31 13:58:47
EASON SAKAMOTO,5,最近更新完登進去一直頓頓的…或者是當掉，不考慮回復上一版嗎？ P.s. 8/31再次更新後已無此狀況，感謝,2020-08-31 13:50:45
RUBY,1,更新後一直閃退，根本進不去，好爛的程式,2020-08-31 13:49:58
高詳晉,1,oppo r17 更新後還是無法使用 信用卡帳單跟轉帳都沒辦法進行 這次出這麼大一包，居然三四天了還沒辦法解決，效率太差了,2020-08-31 13:31:36
Hubert Kuo,3,維修好了沒？一直閃退，怎麼辦啊？,2020-08-31 13:16:33
楊喬鈞,1,閃退的問題依舊存在,2020-08-31 13:09:32
Eon Lin,5,Good,2020-08-31 12:51:37
夜隱,1,更新後完全無法開啟，請速改善,2020-08-31 12:50:01
洪菽苓,3,之前用好好的 近日都當機 無法使用功能畫面卡在那 不知道何時解決,2020-08-31 12:37:24
騵,1,進入登入畫面沒多久又跳出，刪除app從新下載還是一樣不能登入，已經好幾天了,2020-08-31 12:26:12
Yu Yun Tsai,1,一直閃退,2020-08-31 12:21:45
wei Su,4,今日更新後APP無法使用，易閃退，請儘快處理，謝謝,2020-08-31 12:13:25
CHAIFEN HUANG,5,8/31今天更新後，會閃退，開不了喔。 更新/刪除再重新下載，已經ok了，感謝,2020-08-31 12:00:43
CH Yang,2,更新後整個lucky pay不能用,2020-08-31 11:57:50
Andy Wen,4,今日更新到最新版本後一直閃退，不知道是什麼原因造成的？手機是三星S9 plus，麻煩協助處理，謝謝,2020-08-31 11:48:08
陳亦忠,1,今天一直閃退,2020-08-31 11:36:26
王吉成,1,一直閃退……,2020-08-31 11:36:03
SIR LIN,4,抓完小蟲後我app再也打不開了原來我是那個臭蟲 給一星 0831更新完後已經沒有無法開啟的問題星數補回 給四星若未來一樣穩定午五星補回！,2020-08-31 11:27:43
Hata Jang (Hello Hi),5,更新到7.20後，進app就很慢了，很久後終於進入系統，但是按任何選項都沒有反應，移除後，重新安裝，情況也一樣，原本7.10版本是正常的，請協助，謝謝！ 08／31／2020 11：13 更新成 7.21001，已恢復正常使用，感謝辛苦的人員，謝謝！,2020-08-31 11:17:18
Jason Lin,5,黑畫面修好了,2020-08-31 11:07:15
陳謙,5,讚,2020-08-31 10:55:14
Steven Pei (Pino),3,更新完，開啟app直接閃退,2020-08-31 10:44:21
howard 豪威su 蘇,4,"三天前更新到7.20版，週日六829見識完全無法進入的窘境。不了解APP更新的目的,週末完全無法處理帳務問題，請改善如此嚴重的使用者不良經驗。 0831,感謝你即時回覆，昨夜移除重新安裝後已經暫時解決無法使用的問題(仍然不穩)，後續使用者經驗改善還請貴司加油。",2020-08-31 10:33:48
陳奕佑,4,8/31 更新到最新版，終於可以正常使用了。 8/30 重開機、重裝了，還是開不起來，停在開始畫面。手機是HTC U-ultra。 8/28 11小時前更新後就開不起來了...,2020-08-31 10:29:10
王梅馨,1,手機更新後一直閃退，卡在畫面上無法使用,2020-08-31 10:27:00
Can Lin,1,更新到7.21版還是閃退,2020-08-31 10:15:57
S T,5,"08/31 登入問題已修復，感謝。 android版，更新完後無法開啟。 重新安裝後還是無法開啟，機型是sony xpreia 10 plus,另一台平板更新後也是無法開啟。",2020-08-31 10:15:11
Yu Chan Hsu,4,s8+，截至109/08/31，00:22，還是死當。 更新，8/31早上10:10已經更新並可正常使用了，謝謝。,2020-08-31 10:12:17
Cola Loh,1,請問，這幾天頻頻閃退，是什麼原因？？這已經好幾天了，怎麼沒人處理？ 官方的回覆我知道，但是網路銀行買外幣就沒這麼及時，怎麼不叫我們在三點半前跑銀行？？請處理，謝謝！,2020-08-31 10:11:25
"SHU,樹 (NeoSY a.k.a 尼歐醬)",5,處理問題，使用上順暢,2020-08-31 10:09:29
林昶志,5,APP要登入就crash，請快修正。開發人員有修正並回覆，修改星等,2020-08-31 10:03:34
Chi-Yu Hou,4,怎麼一直閃退啊... 讚喔，修好了~,2020-08-31 09:59:50
SK SU,3,note 20 ultra...一直閃退…之前note 10 plus..沒這問題...,2020-08-31 09:56:22
簡靖騰,1,之前使用都沒問題，最近無法進入app，等待後就閃退,2020-08-31 09:44:28
Anine Tsai,1,更新完仍無法使用，持續閃退,2020-08-31 09:40:15
Li Sophie,2,昨天更新，今天完全打不開，可以解決問題嗎，謝謝,2020-08-31 09:29:44
Roger Tsai,1,更新最新版後，開啟即閃退，完全不能用,2020-08-31 09:17:50
宇陽,1,開啟程式會閃退,2020-08-31 09:14:26
李明靜,1,更新後不能使用麻煩協助處理，謝謝,2020-08-31 09:05:11
Mika Lin,1,更新完，完全進不去,2020-08-31 09:04:46
Hsing Yi Wu,1,Andriod的新版程式會死在開始畫面，完全不能用，之後就是黑畫面,2020-08-31 09:03:21
Nick Chen,1,"1. 不停 crash. 2. 沒有 root 的裝置一直被判斷為 rooted, 無法轉帳。 如果是櫃檯出這種包一定不能接受，那網路上的櫃檯門面呢？",2020-08-31 09:01:57
鍾汶霖,1,跟本無法開起app，那要安裝這軟體做什麼。,2020-08-31 08:57:46
廖本順,1,完全當機,2020-08-31 08:55:48
小姐,4,一直當機，麻煩請修復，謝謝你,2020-08-31 08:42:34
汪宗賢,2,更新後一直閃退…,2020-08-31 08:27:23
戴子建,5,2020/8/29更新後，APP無法開啟使用,2020-08-31 08:24:37
王敏讚,1,Android手機最近一直閃退，重新開機也沒有解決，重新安裝也沒用,2020-08-31 08:16:20
楊竣傑,2,為何突然開都開不起來了,2020-08-31 08:15:58
Ben Lee,1,目前一直死當進不去,2020-08-31 08:15:10
chia-sheng Hsu,1,這幾天android手機都登不太進去,2020-08-31 08:01:58
林青弘,3,程式卡在logo就掛了,2020-08-31 07:39:18
楊志強,1,更新後到現在都無法使用,2020-08-31 07:38:23
羅文忠,1,不能用,2020-08-31 07:36:22
SY Y,1,更新後回一直閃退,2020-08-31 07:30:09
Martin Hong,1,掛了，無法登入,2020-08-31 07:20:27
顏成益,1,無法跳至登入畫面，手機也才剛買，系統ㄧ開就跳掉，重灌還是ㄧ樣，富邦之前都沒這個問題，希望趕緊將此程式修復，不然真的蠻困擾的,2020-08-31 07:11:53
利利,1,只要打開就閃退,2020-08-31 07:04:12
徐廷懿,1,"更新到7.20後，被莫名警告""安裝系統須為官方正式版本""，無法正常使用。 使用手機是pixel 3 XL，android 版為android10，安全性更新為8/5官方最新版本。 重新安裝APP仍然也無法解決此問題。",2020-08-31 05:03:07
James Lin,1,這 app 做的很糟，速度慢，介面雜，現在又無法登入，完全感受不到做網路銀行的誠意,2020-08-31 04:26:42
林楷錡,1,一直閃退,2020-08-31 03:54:10
Sheng,1,閃退，請儘速修復,2020-08-31 02:20:19
莊博墉,1,為何點進去，畫面都是空白的，是更新的關係嗎？重新下載還是同樣的情形。,2020-08-31 00:37:07
俊雄,1,程式根本打不開，沒辦法使用。這次的更新到底發生什麼問題？需要多久才能修復，現在都沒辦法查詢…,2020-08-31 00:28:16
Eric Liao,1,本來都可以用的，突然開始一直閃退，不了解什麼狀況,2020-08-31 00:26:56
wa linaba,1,無法登入，移除重新安裝無效,2020-08-31 00:25:10
Tony HL Kang,1,一直閃退,2020-08-31 00:16:19
倪曉莉,1,畫面一片漆黑 ，要不然就是卡在首頁不動， 即使進去了，操作常常卡卡，或是閃退，很令人生氣😡,2020-08-31 00:11:06
黃耀民,1,更新後讀取速度非常慢；切換app後會死當；體驗糟透了。,2020-08-31 00:00:58
C. H. Lee,1,這是什麼鬼？連設定快速登入，一直跳出來，也可以上架 都不用測試哦,2020-08-30 23:51:02
一頁書,1,死當,2020-08-30 23:43:29
吳宏彥,1,更新之後死當。重新安裝也死當,2020-08-30 23:35:39
邱昱凱,1,"8/29上午還好好的,下午更新完後，點app直接跳掉,刪除重載全都卡登入，真的不知道怎辦",2020-08-30 23:33:09
Tenth Yang,1,一直當是要怎麼使用？,2020-08-30 23:12:36
grace C,1,爛透了，app突然就不能用，一開就閃退，照方法移除後重下載，結果也一樣，一點開app手機就開始瘋狂發燙跟當機,2020-08-30 23:10:07
Carterina Yang,1,完全登不進去,2020-08-30 23:08:20
Kenny C,1,富邦行動銀行罷工了嗎？從早上到現在完全沒有動作!就算刪掉重新下載還是一起!why?why?,2020-08-30 23:07:24
張雅智,1,更新後無法進入app，已經好幾天了，希望貴公司可以盡快處理,2020-08-30 22:57:43
Mac Sung,1,一直閃退是在？？ 超爛的APP,2020-08-30 22:52:18
ann lu,5,很好用,2020-08-30 22:35:37
Thomas Lee,5,今一直閃退，都進不去,2020-08-30 22:27:53
tzewei0610,2,昨天更新完，無法啟動了😢,2020-08-30 22:01:40
nana kuo,5,請問最近完全不能使用應用程式，打開只看到黑畫面，請問該怎麼解決呢？,2020-08-30 21:45:06
艾利奧爾,4,一直閃退 打都打不開,2020-08-30 21:43:15
Lungchu Hu,1,昨天使用就定格在登入畫面，然後跳出。刪除後安裝也沒用，應該不只有我反應...何時能恢復正常使用阿？,2020-08-30 21:35:16
Kris Chen,1,"更新完之後進程式的速度變很慢。整個像畫面凍結一樣，要30,40秒才會出現畫面！ 其他銀行的app更新都不會這樣，是不是可以請工程師進行瞭解改善呢！",2020-08-30 21:26:52
Tom lin,1,8/30更新後一直當機無法正常使用,2020-08-30 21:26:52
蔡威,1,哈 …這個APP做這樣爛 ，還找網軍自己做口碑行銷真是噁心 …,2020-08-30 21:16:54
吳梓建,1,點擊app，畫面全黑，根本無法進入，刪除重裝也一樣，究竟是在搞什麼鬼？,2020-08-30 20:48:43
Jasmine Chiou,1,突然進不去 重新安裝也一樣,2020-08-30 20:37:56
Iris Lo,1,一開啟就黑屏,2020-08-30 20:04:07
蕭詩文,1,為了安全，常常更新是沒關係，但時常更新完就開不起來，不然就是閃退，搞什麼,2020-08-30 19:35:27
坤平,1,更新最新版本卡在logo畫面 不然就是閃退,2020-08-30 19:31:07
李國輝,1,一直開不起來是什麼問題阿一直黑屏一直閃退,2020-08-30 19:10:48
莫哲豪（萌小哲）,1,沒法點開此程式，出現logo後就卡在等一段時間就跳出，程式完全點不開，已經完全刪除又從新下載好幾次還是一樣，拜託處理一下好嘛，,2020-08-30 19:04:48
Judy Tseng,1,更新之後完全無法打開！麻煩處理一下好嗎？,2020-08-30 18:52:46
Elise,1,安卓版瘋狂閃退，程式完全進不去，希望快點改進,2020-08-30 18:52:06
Mars,1,更新完停在logo畫面不能用，刪除重裝沒用，清除資料沒用，寫mail給客服沒回。,2020-08-30 18:41:56
Yang Lani,1,真的很糟糕，完全打不開，直接就當機。我用玉山銀行的就完全沒有這個問題，非常順暢。,2020-08-30 18:07:23
Ching Lin,1,更新後完全不能用,2020-08-30 17:52:55
李紫瑄,1,有點爛 一直進不去,2020-08-30 17:37:23
Terri Huang,1,怎麼回事？APP無法進入，已經移除應用程式重新下載數次，還是無法進入.,2020-08-30 17:36:34
vivian Chang,1,卸載後重新安裝情況還是相同，只要一進去掃描QR code黑頻！,2020-08-30 17:23:43
游憲文,1,為何一直閃退?,2020-08-30 17:21:20
劉怡妏,1,無法開啟銀行首頁 麻煩請處理,2020-08-30 17:12:32
Yi-Ming Wang,4,之前都用的好好的，08/28更新後(ver7.2)，無法進入了。 手機是redmi note 8 pro，android版本是10，MIUI版本是12，已試過解除再重新安裝。 請協助處理，謝謝。,2020-08-30 17:07:08
幸福,1,前兩天更新後，就無法登錄了，沒看過這麼差的app,2020-08-30 16:53:17
喬七七,1,今天完全連線不上去，螢幕全黑，感覺很差,2020-08-30 16:31:35
葉丞勛,2,Android版更新後一直閃退完全無法使用，可以趕快修正嗎？之前都好好的,2020-08-30 15:56:24
陳建宗,1,為什麼要轉帳就會出現閃退...之前還不會這樣....,2020-08-30 15:52:38
Frank Tu,1,"最近一直無法點選進入,是何原因?",2020-08-30 15:47:37
yaw cheng Yang,1,有關富邦行動銀行App改版，影响原客户操作金融商品的使用，(依貴行資訊人員表示，需升級到Android10版才能用，但Android10版是要新購手機才能配置，無法單純做升級)，致客户瞬間不能看盤、下單、買賣等，影响本人權益甚劇，且重傷貴行以客為尊的企業形象。 請貴行速謀處理對策，APP修版應考量包容原操作系統，以解決客户問題。,2020-08-30 15:42:19
Nini Tsai,1,什麼時候才可以使用app?更新之後一直停在登入畫面，沒有作用,2020-08-30 15:34:09
廖琇虹,1,更新完後不能用,2020-08-30 15:26:34
呂郁霜,3,剛剛換了手機 oppoA72 重新下載了好多次 都只停留在一開始的畫面 之後就閃退了 怎麼重開都一樣 舊的手機還可以進 新的手機完全沒辦法進去 希望可以幫忙協助進入！,2020-08-30 14:56:36
Steve Leng,1,"最新版升級控制不好， 會app crash, 重裝後在快速登入設定時看簡訊OTP再回app 時會畫面涷在那無法輸入文字， 應該是bug, 這版品質很差， 不要再叫人去更新重裝了， Web view與app都更新， 重裝出現app crash與快速登入問題很明顯是發版app時的bug, 就算重裝後也會出現第一次launch app時閉退， 要再開第二次才能進入, 快快向使用者認錯不要再說一堆沒有幫助的話， 盡快解決問題是你們銀行應該做的事。",2020-08-30 14:09:15
宋昀豪,1,完全不能用，點一下提示後就只有黑畫面卡住,2020-08-30 14:07:39
Andy Chen,1,android 版本更新後完全無法使用，一直無法執行，app刪除後重新下載安裝也沒用,2020-08-30 14:01:13
沈惠茹,1,近期APP都無法開啟，都自動跳出 重新安抓也沒有用,2020-08-30 14:00:27
陳嘉如,1,為什麼更新就卡住，這樣子怎麼用啦。很麻煩，趕快處理好嗎？,2020-08-30 13:58:04
嚴婉柔,1,不能進去耶！怎麼搞的，第一次用就這樣，請快改善,2020-08-30 13:41:29
Chen J.R.,1,目前都登不進去,2020-08-30 13:40:36
李友源,1,今天無法使用，一直閃退無法開啟程式,2020-08-30 13:39:49
葉哈哈,1,一直閃退造成困擾快點更新,2020-08-30 13:36:57
Julier Lin,1,開不進去耶,2020-08-30 13:31:10
LEO林,1,這次的更新很不行阿！用了N年，這次大當機，app完全死當，工程師加油,2020-08-30 12:55:02
jalun wu,1,完全無法啟動程式，直接當機關閉,2020-08-30 12:52:28
Nicole Lin,1,最近一次更新完，常常會出現黑屏或無法登入，真糟糕,2020-08-30 12:41:22
侯衛,1,閃退,2020-08-30 12:22:11
陳靖宜,1,更新後就不能使用，重新安裝後，點進去呈現黑白畫面，要等30~1分鐘才會出現富邦銀行的畫面;打電話去客服做詢問，竟然叫我自己用線上客服，不然就去分行做處理，打給客服，是想要馬上解決問題，而不是幫倒忙的，麻煩程式管理員解決一下問題吧…,2020-08-30 12:14:09
Kuan Yu Huang,1,app根本打不開 都沒有維修,2020-08-30 12:13:26
Sean品祥,4,請問App掛了嗎？從昨晚到今天都無法登入，請幫忙確認一下，謝謝。,2020-08-30 11:57:26
Hsiang C,2,App掛了2-3天竟然還沒修復，太誇張了，因為週休嗎？,2020-08-30 11:51:19
哆啦婷,1,更新完根本沒辦法開啟程式啊…整個一片漆黑，還整個當機，可以麻煩維修好嗎？越更新越難使用,2020-08-30 11:49:26
胡Tom,1,富邦是要倒了嗎？ APP還給不給人用？？？,2020-08-30 11:42:42
羅雅韓,1,一直閃退 從新下載還是一樣,2020-08-30 11:14:30
Steven Chiang,1,8/28的更新安裝後，直接卡在App logo無法進去... 作為一個最講求穩定性的金融軟體，更新完畢後不能秒開就算了，結果反而需要靠5分鐘運氣看看能不能開啟登入... 真的很爛...,2020-08-30 11:03:42
蔡愛哭,1,自動更新後 為什麼一直開不起來 累格 不更新沒事 更新後更爛,2020-08-30 10:43:21
Tina Chu,1,一直閃退？重新安裝也一樣，請問什麼情形？,2020-08-30 10:23:31
高自芳,1,當機了當機了當機了啊啊啊 跟客服反應也沒用啊,2020-08-30 10:15:27
Michael Chu,4,介面很友善，很好使用，只是近幾天突然無法開啟APP，重置系統也一樣，更新後對Samsung A7有支援上的問題？,2020-08-30 09:43:19
鐘文宏,1,更新後App就開不起來了。,2020-08-30 09:24:34
Michael HOU,1,最近都無法開啟！！！！,2020-08-30 09:15:04
張張宇辰,1,一直閃退,2020-08-30 09:11:48
李.小惠,3,更新完後 這兩天一直閃退始終登不進去 重新下載了還是一樣,2020-08-30 08:52:34
C.J. Huang,1,超爛，前天之後app就卡住，還讓手機整個當機，大家小心，千萬不要更新，問題這麼大我看富邦也沒有要處理的意思，要用這app要有心理準備，最好不要用！,2020-08-30 08:34:00
May Mong,1,修復速度也太慢！評論回覆不是叫人家重下app就是打客服，可問題不出在客戶身上是有X用？ 富邦習性能不能改一改？沒完全完成的東西不要上線，除了坑員工現在還要坑客戶,2020-08-30 07:56:37
jacky7759863,1,我也中了！更新後完全進不去了，刪除APP再重新安裝一樣進不去！,2020-08-30 07:52:12
劉昆昆,1,登了10幾分，一直卡在登入畫面...浪費我時間...,2020-08-30 07:20:17
梁俊生（Jonson）,4,更新後就無法開啟使用了 三星 A50 重灌也不行,2020-08-30 06:19:48
Nina Chou,1,無法開啟，相較之下真心覺得銀行app裏，中信.永豐是比較穩定好用。有待加強,2020-08-30 05:53:13
周小德,2,無法登入，一直卡在開啟畫面，本來都可以使用，更新整個GG,2020-08-30 05:22:35
郭大慶,1,這個程式目前 故障 在更新時有人來電 請跟我聯絡看如何處理 謝謝,2020-08-30 01:55:40
Jeff Chen,1,登入後一直卡住並跳出，卸載重新安裝還是一樣啊,2020-08-30 01:43:56
李凱婷,1,重新下載還是無法使用 一直開啟不了 我先生跟我的都一樣,2020-08-30 01:41:21
Lenki MII,1,不好意思我已經重灌兩次了，這次更新之後無法開啟，Android web view也早就停用了無法更新，所以目前完全打不開app，麻煩請盡快處理，不然很不方便,2020-08-30 01:18:50
Phoebe Chen,1,最近一次更新過後，開啟app就會閃退，試著刪掉過後再下載一次，開啟app過後卻要等待一陣子才會進入到登入畫面，運作非常的遲鈍。過幾天後要再開啟app時，又開始閃退的情況。請盡快改善，謝謝。,2020-08-30 00:48:59
周大翔,1,更新之後就不能用，十分不方便,2020-08-30 00:44:36
張詠棻,1,週五開始打開就是黑畫面……,2020-08-30 00:13:59
流浪zio,1,更新後，也是停在Logo畫面進不去，能否回覆一些有用的對策，沒幫助的客套話就不用說了，謝謝..！,2020-08-30 00:12:16
Mr Lin,1,app操作易閃退，且無法即時更新資訊，常需轉專人服務，希望能改善卡費繳費後的訊息及待使用額度，即時繳費更新等相關問題....,2020-08-29 23:48:51
林汝芯,1,我換新手機後完全反黑打不開,2020-08-29 22:46:57
黃琮暉,1,App一直打不開，解除又安裝了好幾次也是如此，請問該如何處理呢？,2020-08-29 22:31:06
粘淑珍,4,不知為何變成無法登入，開啟就黑屏,2020-08-29 22:12:17
JY Lin,1,重新安裝，無法開啓APP，,2020-08-29 21:50:42
華,2,今天更新後就開不起來了? 請問何時會在更新,2020-08-29 21:30:16
Abel Hsu,4,2020/08/28軟體更新後會一直閃退，OS是android 10，幫忙解決一下吧,2020-08-29 21:28:09
Kuo-Chen Chuang,1,更新後，閃退，不能使用,2020-08-29 21:25:38
PeiWen Chen,4,更新後登入畫面無反應,2020-08-29 20:48:29
馮韻暄,1,今天一整天進不了系統，快瘋掉啦～,2020-08-29 20:47:38
ex408,1,開不了 卡在logo畫面 過個幾秒就閃退,2020-08-29 20:33:14
周雅惠,1,這2天系統改版……完全無法進入，聯絡線上客服，一直無法解決！,2020-08-29 20:30:45
w I,1,Android版完全無法使用，試了幾次都一樣，沒有其他客戶反應嗎？,2020-08-29 20:20:50
Tang Teng-chi (湯登登),1,Max pro m2 進入開始畫面就當掉 刪除快存，重新安裝都沒用 請改善拜託,2020-08-29 20:19:10
零維探尋者（零維回歸）,3,8/27 更新後，很難進入程式，要等待很久，甚至會問你繼續等待、關閉程式或者回報問題。 這樣的回應，矛頭指向使用者？感覺像是再說使用者不會用，或者使用者的手機太爛？＊＊＊8/27用app繳費，結果8/29登入查看，還在待繳費？連刷卡金額都沒有變動？？＊＊＊另外，軟體更新要能夠向下相容，不是為了跟進5G，就改來改去，軟體是為了方便民眾使用，而不是為了手機廠商服務。,2020-08-29 19:46:47
Peggy Ni,5,今天無法打開APP,2020-08-29 19:06:13
鄧嘉湄,1,只要切出再切回app，或是畫面待機，app就會卡死，只能強制關閉應用程式，使用體驗非常差，希望盡早改善,2020-08-29 18:53:28
林豪傑,1,更新完，都卡在logo畫面後就閃退,2020-08-29 18:40:09
真糟糕,1,安卓更新完完全不能進去,2020-08-29 18:25:24
Liu Robin,1,以前的評論：很不錯，功能多UI又簡單 8/29 突然無法使用，更新後還是卡在logo畫面，原本給你們五星，現在換一星了，看到其他人也有類似反應，但你們的答覆似乎沒有解決方案！請儘速解決問題！,2020-08-29 18:05:16
張大衛,1,更新後不能用 很爛,2020-08-29 18:03:17
張志平,1,更新後一直閃退，重新安裝後撐不到一天又閃退，等後台處理吧,2020-08-29 18:01:31
Gary Wu,1,8/28被強制更新後，各種畫面無法輸入，就連登入都要賭運氣，直接被卡在登入畫面不能動,2020-08-29 17:57:01
Sabrina Lee,1,最近改版？？一直當掉，等很久，好不容易進去有，點選登入又頻頻發生卡住,2020-08-29 17:46:11
禹兒,1,無法使用……請盡快維修,2020-08-29 17:40:15
Hero Yang,1,更新之後被判定成越獄手機 整個轉帳功能被鎖住 安卓手機那可能越獄啊！明明就是root,2020-08-29 17:30:59
Willy Yen,1,無法登錄啊！！！！,2020-08-29 16:39:50
婕米,1,更新後，無法開啟！,2020-08-29 16:24:54
林宛宛,4,很方便的app 但這兩天一直閃退,2020-08-29 16:24:31
Kang Jose,1,突然變的要等個2分鐘才開的開，如果畫面跳開在回去就會當，到底是更新了什麼？,2020-08-29 15:59:16
許展誌,1,一直類個畫面主頁是？,2020-08-29 15:47:00
C.M. Chan,1,昨天更新完 就再也打不開這 APP 了 … 我無法無卡提款 = =+,2020-08-29 14:02:55
哈哈,1,越改越爛 1.人家其他銀行不會一天到晚維護富邦一天到晚維護升級我們錢也沒變多 2.人家轉帳指紋按一下就好 你們還要那邊等簡訊 服務速度就慢半拍 3.一進去線上的還不是可用餘額 是包含圈存的都要多一步驟繞進去 4.小氣的要死 人家其他銀行非薪轉都送15次免手續費 我是富邦五年以上用戶每次都要手續費 5.外幣帳戶還會莫名其妙不給人換匯 要跑分行 你們有什麼優點？有啦 騙年輕人賣保險還自以為有未來我認識的都沒好下場 真是誤人子弟 ★對了大家不想付手續費 就用街口儲值秒扣款 我一天轉帳幾十次也不用手續費 別在讓富邦賺走了 他們拿那麼多還越來越爛 腐敗,2020-08-29 13:57:05
Maymay Chiu,1,先整個黑屏之後卡在歡迎畫面，更新之後整個無法使用，造成要及時查帳和轉帳的客戶超級不方便，我已經重新安裝過了，所以不要再回覆罐頭訊息了！爛死了……,2020-08-29 13:50:32
玉茹石,1,我剛下載app 結果根本無法使用，頁面都打不開,2020-08-29 13:47:47
阿曼達,1,最近一直打不開,2020-08-29 13:46:32
Aaron chen,1,8/29更新後 無法使用 Oppo r11,2020-08-29 12:54:16
PETER,1,很棒的APP呢，如果有五星負評，我一定給滿五星負評，開啟APP一直停在LOGO，我知道貴公司LOGO很美，但不要為難我好嗎？好不容易登入又閃退，這麼為難使用者 ，不如趕快下架APP吧🙄,2020-08-29 12:49:15
Chi-Chun Wang,3,你們是工程師離職懷恨在心，埋一個嚴重bug是嗎？ 直接死當!,2020-08-29 12:39:44
張景順,2,閃退，開不了，,2020-08-29 12:14:31
Shawn Hsiao,1,更新後閃退，請趕快更新好嗎,2020-08-29 12:04:35
羅小玲,1,爛透了，完全黑屏不會動,2020-08-29 11:31:19
Titan Yang,2,更新完載入App很慢，一直有黑畫面，黃金存摺透過app好像無法買賣，蠻不方便的,2020-08-29 11:24:58
張伯特,2,之前使用好好的，昨天更新後就進不去，只會不停閃退,2020-08-29 11:02:29
花邊教主,1,更新後完全開不了 重新安裝 開機 清除資料 還是一樣,2020-08-29 10:58:36
時尚太子,1,一直閃退,2020-08-29 10:54:25
涂建昌,1,從昨天更新後，就一直無法登入，畫面全黑，請趕快修復，不然很不方便。,2020-08-29 10:49:40
WEI LIU,1,一直閃退！！！,2020-08-29 10:35:09
Benjamin Lee,1,我更新完 app就無法啟動了有夠爛的銀行,2020-08-29 10:18:36
Andy Liu,1,更新完不能用，點下去一片黑,2020-08-29 10:11:51
dersoon wu,1,更新後一直無法開啟，甚至呈现黑影幕，請儘速修復以維正常運作。8/29下载後亦無法使用，請儘速修復。,2020-08-29 09:58:37
沈祥玲,1,"更新後會閃退！手機是小米MAX3，系統Android 10,版本MIUI 12.0.1",2020-08-29 09:58:28
李奇威,5,本次更新完後，app開啟時間變慢，開啟後使用其他應用程式立刻當機，想要轉帳，結果每次都失敗，螢幕會顯示今日轉帳已達上限，只是覺得很奇怪更新後貴公司的程式開發人員都不用測試一下嗎？,2020-08-29 09:43:30
林孟頻,1,更新後打開app就不能使用了，打開螢幕全黑，完全沒反應,2020-08-29 09:41:57
BO RONG pan,1,安卓更新後就當掉了,2020-08-29 09:41:25
鄭印翔,1,黑畫面什麼都不能用，什麼爛東西,2020-08-29 09:33:32
伊川空谷,1,為什麼更新後反而無法使用，重新下載，重開機，甚至清除資料都做了，畫面還是黑的，請軟體開發人員多加油,2020-08-29 09:14:04
張Grace,1,更新完完全無法進入,2020-08-29 09:13:08
張烘綱,1,到底修不修,2020-08-29 09:06:37
Jenny Peng,3,富邦富邦美金定存8趴活動 8/17開始App完全連不進去 8/18說是要更新下載最新版本 但有趣的是，活動開始但使用者卻無法去執行。詢問原因後居然要求下載最新版本7.2，可是 App 完全沒有7.2版本啊～ 如果一間公司要推活動，是不是活動開始前就要提供使用者完善的使用環境@@,2020-08-29 08:52:27
sora “sora3333”,1,更新完一直當，工程師處理啦 拜託,2020-08-29 08:42:12
溫玉昌,1,安卓的昨天到現在都無法登入有在處理嗎？,2020-08-29 08:39:57
Frank Lee,1,完全不能用是怎樣，看LOGO就好?這APP更新後令人儍眼,2020-08-29 08:31:54
麥格蒙男教,1,"App開啟一直停留在黑色畫面,多次重新安裝還是一樣........................😭",2020-08-29 08:25:59
Kuan-Ying Du,3,你好，APP於08/27之前皆正常順暢使用。自昨日(08/28)開始，APP的執行速度突然變很慢，且Lucky Pay功能在掃完QR code之後便螢幕全黑無法跳至下一步驟，請問是否可以解決此問題，謝謝。,2020-08-29 08:21:05
戴再興,1,慘 更新完要登入一直閃退移除在重裝後也是閃退,2020-08-29 08:17:38
林Capmercy,2,"更新後要轉帳時，無法切換到其他畫面看資料(例如切換到圖片或是LINE或是收交易簡訊), 只要切換出去再回到富邦的畫面就會卡住無法輸入，只能刪掉重新登入，請即改善。",2020-08-29 08:00:26
Owen ch,1,開啟度慢 就算好不容易進入 App 還會不定時閃退 移除重裝也一樣 上版前都沒在測試的嗎 是要User幫忙除錯嗎,2020-08-29 06:50:45
Eileen Lin,1,更新完黑屏無法開啟,2020-08-29 06:26:20
YING,1,更新之後一直打不開....我看評論不是只有我有這個問題，到底有沒有處理？？？？？,2020-08-29 06:21:35
余翼丞,1,網銀一直無法登入停留在初使畫面安卓手機更新後就這樣請改善,2020-08-29 05:31:22
阿益,3,App怎麼不能用了 開啟就閃退,2020-08-29 02:31:37
郭俊彥,1,更新完，完全進不去畫面,2020-08-29 02:18:02
sherlin hsu,1,閃退1000次！！！,2020-08-29 01:22:21
蕭郁霖,1,這個APP停在logo完全打不開了,2020-08-29 00:14:22
陳威銘,1,完全卡住 已重新安裝 就一個字 爛,2020-08-29 00:06:10
渝榛蜻蜓阿娘,4,8/28更新完黑屏進不了app，哭哭了！我是android系統,2020-08-28 22:51:14
曾文凱,1,今天一更新，黑屏...不要鬧了,2020-08-28 22:45:04
陳彥村,2,想要設定快速登入的時候，當系統發手機驗證碼之後，整個APP就會當掉。手機是三星的a71,2020-08-28 22:22:33
Pyrrhus Shen,1,更新前請先驗證測試過好嗎？,2020-08-28 21:52:03
木子正夫,1,Android 版更新至7.2版後發生閃退無法開啟的狀況，請協助處理,2020-08-28 21:47:03
Mingyan0805,1,更新後反而打不開app，爛爆了～,2020-08-28 21:31:42
梁立德,3,今天怎麼一直沒辦法登入，卡在畫面,2020-08-28 21:23:58
Rex Lee,1,為何今天app都打不開?,2020-08-28 21:14:02
謝文堯,1,進都進不去是怎麼回事，停在logo畫面後就閃退…怎麼有app這麼爛,2020-08-28 21:13:55
cozzz (cogI),1,今天更新完後完全登不進去，卡當，麻煩盡速改善，APP刪掉重裝一樣,2020-08-28 21:08:31
Frank Wu,1,做那麼爛，開app要等那麼久，用一用還會hang住，是沒在處理嗎,2020-08-28 20:53:33
Annie,2,今天更新後都無法進去，是怎麼回事?,2020-08-28 20:47:45
是血糕唷,1,非常糟糕，開不起來還常當掉，麻煩學習一下台新玉山好嗎，中信雖然不好用也沒這麼難用,2020-08-28 20:18:09
劉政親Congo Liu,1,系統更新後就閃退,2020-08-28 20:17:33
BIBO Fire,5,整個畫面都不見了，進入不了app，請問怎麼回報。,2020-08-28 20:12:34
chou gigi,1,是故障當機嗎？網站都進不去,2020-08-28 19:34:02
李CC,1,怎麼程式一直無法開啟，卸載在重新下載也是,2020-08-28 19:31:33
毛球,1,更新完就不斷跳出 無法使用 刪除重新下載也無濟於事,2020-08-28 19:21:33
吳兔寶寶,1,更新完全不能動是怎樣 查詢也沒辦法查 轉帳也沒辦法轉🤬🤬🤬🤬🤬🤬🤬,2020-08-28 19:19:44
呂鎮宇,4,有改善給4星,2020-08-28 18:51:27
魏品荃,1,無法登入app,2020-08-28 18:50:35
江得瑞,1,今天一更新就無法使用，螢幕卡在，整個都黑,2020-08-28 18:40:51
Snow Murasame,3,今天更新完後，就打不開App 一直停止回應，希望儘速解決此問題，這樣很困擾。,2020-08-28 18:11:09
cjl1018,1,一開APP就畫面當掉不動，畫面都是黑的,2020-08-28 17:37:07
hsia jessen,1,為處理J爸爸美元定存優惠，App更新後無法使用。,2020-08-28 17:29:11
楊集凱,1,更新後每次登入都等超久，更慘的是登入成功率只有4成，是在哈囉？,2020-08-28 17:25:32
Yi Ying TASO,1,為何更新後，螢幕整個是黑的！,2020-08-28 17:24:09
萬哲齊,5,有進步 更新評論,2020-08-28 16:59:14
羅紫珊,1,更新後整個動不了啊！ 原本好好的！ 更新完整個停住，銀幕黑掉，整個app都打不開...,2020-08-28 16:34:52
魏美凌,5,近期APP開啟很慢,2020-08-28 16:02:52
Jacky Cheng,1,更新後閃退，跟本進不去,2020-08-28 15:34:34
董峻廷,1,問題一大堆，安卓的app設定一個快速登入都可以整個系統當機，要不是申請你們的信用卡，我才不願意用這麼差勁的app。,2020-08-28 15:13:03
justin,1,初次使用，note9 android系統設定快速登入，收取簡訊碼跳出app後，再回到富邦網銀app就當掉了，屢試不爽…別家網銀app都不會這樣…app設計的蠻爛的,2020-08-28 14:42:52
張家駒,1,今天一直無法開啟APP....,2020-08-28 14:28:58
梁維秦,1,app一直閃退，無法開啟，重新下載也無法解決,2020-08-28 14:16:41
李宗翰,3,為什麼更新完一直當,2020-08-28 14:03:59
唐志銘,1,更新後APP進不去了～ 刪除後 重新下載 一樣無法更新……,2020-08-28 13:36:23
陳冠霖,1,閃退，要不要參考一下玉山的？,2020-08-28 13:31:13
Wei Ting Chen,1,無法登入，所以來看評論，果然無法登入問題不是個案，有關錢的App出這種問題是有點誇張,2020-08-28 13:25:50
comby wang,4,Nokia 8.1運行android 10 會出現閃退,2020-08-28 13:18:08
張益銘,1,三星A70更新後，只要點開APP 就會閃退，無法使用請修復！,2020-08-28 13:16:21
Lance,1,點開一片黑，照著你們的評論回覆操作也一樣，麻煩請工程師恢復上一版確認沒有bug再更新好嗎，還是貴司的工程師都不懂版本控制？,2020-08-28 13:13:30
Sam Liu,1,更新完後APP進不去了，趕快請工程師維修，這麼大一間公司這個還會出問題，很丟臉。,2020-08-28 13:05:59
cw huang,1,更新後無法使用,2020-08-28 12:27:23
余國瑋,2,更新完後跟本無法開啟耶~,2020-08-28 12:26:30
Google 使用者,2,黑屏進不去?,2020-08-28 12:19:32
candy lin,1,昨晚才更新，現在開app閃退完全不能用，是怎樣，更新成廢程式是嗎,2020-08-28 11:32:44
Victoria Yang,1,8/27更新後無法使用,2020-08-28 10:51:26
William Wu,1,"不穩定，無法進入App,一直跳出",2020-08-28 10:19:43
清水,3,這次更新完，造成app開啟緩慢，甚至死當，勞煩 貴公司處理，謝謝！,2020-08-28 09:46:27
peter chen,1,爛!安裝後，不能用！,2020-08-28 09:02:04
張雅惠,1,手機更新完就無法開啟APP，重新安裝後一直當機，後來要再登入竟然顯示代碼輸入錯誤達5次，我也才登入兩次 ，其他的根本都沒辦法登入就當掉了啊…,2020-08-28 08:57:04
james hou,1,安卓7 更新7.2版會停在一開始的畫面當住,2020-08-28 08:08:23
fong-ming chen,1,一直卡在一開始畫面，沒辦法用,2020-08-28 06:38:58
Ming-feng Chou (Sky),2,更新以後怎麼打不開了...,2020-08-28 04:44:25
Fan K.T,1,不好用。一點都不人性話。文字說明與內容不符。,2020-08-27 22:15:36
陳彥宇,3,餐廳刷卡過2天還沒有紀錄 更新太慢 其他都不錯,2020-08-27 18:34:55
hun hun,5,快速，便捷,2020-08-27 13:09:00
昱,1,更新以後一直停在loading轉圈圈，但信箱寄信說有成功登入？？,2020-08-27 11:13:03
泳結,5,方便好用,2020-08-25 23:03:35
ST Hao,5,介面流暢速度快 很好用。不過目前基金如果買賣過多筆，畫面上全都會顯示，即使金額為零，這樣就必須一直往下找。建議能有個切換按鈕，顯示目前投資中的基金，這樣在手機小螢幕上更一目了然，謝謝。,2020-08-25 16:20:23
鄭杏儀,2,很容易登入等待時間長 版面複雜不易操作,2020-08-25 11:08:26
YunChi Jane,4,使用順暢,2020-08-23 15:48:52
pel yi chuang,5,Good,2020-08-22 07:52:27
梁月娥,1,空轉再空轉這是什麼程式~,2020-08-21 14:31:00
江呼啦,5,"建議可以學習玉山app的一樣功能，可以自己開關國內外實體交易線上交易 額度設定功能,這功能真的很好用，需要使用國外刷卡在開啟，不需要就關閉，額度還可以自己設定最高刷多少，防止被盜刷可能性",2020-08-21 13:44:56
TC L,4,很好用,2020-08-20 20:45:38
周清輝,5,讚，好用,2020-08-20 18:06:48
劉Alice L,5,使用者，方便操作，簡單明瞭。,2020-08-20 13:29:50
周柏宏,1,好爛啊！ 下載到一半就卡住 一直不斷的取消和重新安裝 不曉得是哪個工程師寫的程式 竟然還能夠上架,2020-08-20 06:52:56
Hugo Liang,5,帳號自動帶出很好,2020-08-19 19:07:04
快樂祝,1,富邦送8%，根本是玩弄客人，登錄後無法點選進去。詐騙？,2020-08-19 15:55:10
柯金波,3,查存款餘額沒有顯示在面板,2020-08-19 14:38:48
Jimmy Hsu,5,好用,2020-08-19 10:52:53
陳花花,1,"登入一直卡在Loading, 進不去＝ ＝",2020-08-19 09:48:10
oHoH,1,每天都在維修是有多破?還是工程師水平太低?,2020-08-19 02:00:48
林麗菁,1,下載超久，根本無法開啓，等到都快暈了,2020-08-18 23:31:22
許煥初,5,好,2020-08-18 14:26:50
Cyril Pan,1,"""富邦送你8趴""這個按鈕按下去永遠跑不出東西出來，過了營業時間只會顯示現在不是交易時間，活動從昨天開始就登不進去到現在依然沒修復，只到禮拜五的活動祝福你們沒有任何人成功參加！",2020-08-18 13:42:59
蕭素珍,5,很好,2020-08-17 00:09:07
C,3,哪裡有跨行轉帳-收帳的地方，可以只要顯示qrcode就可以用，lucky pay是限富邦app使用對吧，困擾已久,2020-08-17 00:05:48
陳建華,5,實用,2020-08-15 10:14:04
張朝宇,5,功能性不錯。很方便。,2020-08-15 01:50:03
呂宛如,5,可以,2020-08-14 13:38:53
慧的遊魂,5,還不錯☺️,2020-08-13 20:15:28
Wan Chien Chiang,5,超棒的,2020-08-13 19:02:52
Walter Liu,5,OK,2020-08-13 19:01:40
李昆娜,5,棒棒,2020-08-13 16:18:53
冷淡（冷淡）,5,好用,2020-08-13 16:04:27
Aliceコウ シコウ,5,很方便好用。,2020-08-12 14:47:30
Alice Hi,5,目前最好用的網路銀行app,2020-08-11 21:10:10
Kin Kuo,5,介面操作簡易,2020-08-11 11:12:16
HH Huang,4,簡單明瞭好用,2020-08-11 10:55:38
張琬琪,5,方便好用,2020-08-11 10:11:20
廖慆妹,4,很順利,2020-08-10 21:54:19
Wei Chao,5,還可以,2020-08-10 16:03:55
Yyqq Kia,5,方便好用,2020-08-10 14:57:38
timth lai,5,很好，很棒！,2020-08-10 07:10:30
日光,2,信用卡電子帳單用戶，登入等連線等很久只好重啟再重登入，卻顯示已連線要等5分才能再登入...不只一次這樣了...再這樣是要我改回用紙本帳單嗎,2020-08-10 02:19:45
蔡志昇,5,好用,2020-08-09 22:40:15
Erik,5,使用者友善介面,2020-08-09 16:05:31
Yen Chun Liu,4,希望UI/UX設計可以更加人性化，譬如台新的richart就很不錯！,2020-08-09 13:31:12
林國陞,5,行動銀行APP非常好用。,2020-08-09 02:57:52
廖建宇,5,很好,2020-08-08 19:42:18
黃金寶貝,4,方便查詢資料,2020-08-08 16:18:55
黃棠棠,2,是不是壞了登不了,2020-08-08 13:10:46
金鈤郭,5,good,2020-08-08 09:38:24
吳素珠,1,爛,2020-08-08 09:11:48
林若琦,5,好用簡單,2020-08-08 02:16:54
劉其訓,4,Ok,2020-08-08 00:55:16
胡慧蘭,5,讚,2020-08-07 23:04:50
Shaw Hsiao,5,還沒當機過，穩（跟花旗比）,2020-08-07 10:47:43
Mark2 Chuang,5,很好用，謝謝工程師，辛苦了,2020-08-07 09:18:45
Steven Wu,5,最好用的網銀,2020-08-06 18:53:02
龍,5,good,2020-08-06 17:43:11
mars lee,5,方便易用,2020-08-06 17:37:09
連玫瑤,5,使用方便。,2020-08-06 17:33:57
TINA PO,5,富邦介面簡單好用，謝謝工程師隊,2020-08-06 12:56:43
鍾美玲,5,好用,2020-08-06 10:19:13
Yan Huei Li,1,一天到晚卡loading，已經快一年還是這樣到底是有沒有能力處理,2020-08-06 10:03:26
Emily Chen,5,good,2020-08-05 23:16:35
陳錦雄,5,很好，謝謝您！,2020-08-05 19:21:46
歐玴瑋,5,Ok,2020-08-05 17:00:46
王信勳（jacky）,5,順暢有用,2020-08-05 16:32:15
grace lee,4,簡易明瞭方便使用,2020-08-05 15:32:35
cheng GTO,1,快速登入根本無法使用,2020-08-05 13:31:29
鍾明宏,5,還可以,2020-08-05 13:17:59
William Chen,5,好用！,2020-08-05 12:16:57
PingYen Lin,1,今天轉帳一直收不到驗證碼,2020-08-05 09:11:44
小霆,1,垃圾軟體 剛開啟就卡住畫面 根本用不了,2020-08-05 04:15:15
林俊哲（卍教靈兒）,5,方便 缺點有些消費扣款不即時讓人誤會存款比自己記憶中的還要多。,2020-08-04 22:38:27
Steven Lien,5,操作簡單方便！,2020-08-04 22:32:07
邪惡,5,簡單明瞭快速,2020-08-04 21:16:36
周家辰,5,介面使用很方便,2020-08-04 13:34:54
Tania CHOU,5,操作非常順暢,2020-08-04 13:34:46
李懿文,5,使用邏輯清晰易懂,2020-08-04 10:26:42
Kuroro Liao,5,帳戶資訊和轉帳資訊明瞭,2020-08-04 07:39:09
E. J,5,富邦算是所有銀行app裡介面我最喜歡的,2020-08-03 15:08:55
鄭人豪,5,實用,2020-08-03 15:02:38
蔡佩玲,5,介面好用,2020-08-03 13:49:33
Shih Shu Tsai,5,使用順暢,2020-08-03 13:22:22
Andrew H,5,很好用，謝謝。,2020-08-03 09:29:09
林經偉,5,See,2020-08-03 09:07:43
Sakira He,5,很方便使用的app，操作一目了然！,2020-08-03 08:24:34
Ethan Ying,4,Simple and useful,2020-08-03 01:25:21
國華,5,隨時掌握及一些即時的轉帳匯款操作等等 真的很方便 謝謝這一些用心的工程師 謝謝您。,2020-08-02 22:26:25
羅心慧,5,好用,2020-08-02 21:10:43
mingfang chiang,5,還算順暢好用。謝謝,2020-08-02 20:28:42
范包子,1,登入一直卡londing，根本進不去！,2020-08-02 20:05:52
連登宇,5,很方便。,2020-08-02 14:10:22
安妮亞米斯,5,簡易方便,2020-08-02 11:38:59
MingYen Lee,5,目前版本的通知已經正常了，謝謝你們。,2020-08-02 11:21:13
李陳寶,5,方便實用,2020-08-02 10:28:34
CH Yang,5,操作簡單快速,2020-08-02 00:55:47
bk Petmao,5,使用體驗蠻好，像是信用卡/活儲金額/轉帳都很順暢不會卡卡，很棒！！！,2020-08-01 21:20:11
孫安良,5,很好用的理財工具。,2020-08-01 20:03:11
陳嘎草,1,想登入loading到天荒地老，查個信用卡帳單這麼難，為了保住客服的工作你們也是蠻拚的ㄏㄏ,2020-08-01 17:14:21
W Jerry,4,操作方便！實用~,2020-08-01 13:35:10
Chai Wen lee,5,公民營網銀app評比，個人體驗~富邦網銀排前三名。 建議： 帳戶存款《可用餘額》與《帳面餘額》，都同時顯現在網銀畫面(密碼登入後)。 這樣就不用再點入查看。也好明白《簽帳金融卡》消費《圈存後》，可使用金額剩餘多少。 以上，謝謝。,2020-08-01 09:25:01
溜溜,4,方便、好用,2020-08-01 08:14:19
yueh-jiuan fu,4,易了解,2020-08-01 06:32:54
文詠淞0907,4,什麼時候要支援安卓的臉部辨識？,2020-07-29 19:52:14
陳柏澄（Fisher Mao）,5,專業安全,2020-07-29 12:27:49
季菊東,5,Perfect,2020-07-29 08:25:12
Amilia Han,5,功能很多，好用順暢,2020-07-28 20:30:50
Jim Huang,5,好用~。,2020-07-27 23:21:24
Seamus Lee,5,非常好用，功能齊全，一目瞭然！,2020-07-27 16:27:03
楊仲鏞,5,根本無法用APP開信用卡，找不到現有信用卡查詢這個選項，要親民一點。,2020-07-27 10:48:08
蔡文龍,5,富邦就是能幫助人理財庫,2020-07-27 09:28:01
周俊宏,1,一直跑一直跑不動,2020-07-26 18:55:37
Lucas,5,介面清楚，使用體驗佳,2020-07-26 12:21:19
鄧兆荃,2,轉帳時必須要傳送驗證碼到手機上驗證完成之後才可以轉帳，但是完全沒考慮到長期待在國外不會一直插著台灣sim卡號門的使用者的情境，這個APP需要思考另外再設置多種轉帳的時候的驗證方式提供給使用者選擇,2020-07-26 11:56:03
黃鎮川,5,很理想•讚!!,2020-07-25 17:41:09
林棨烽,1,登入後一直卡在loading，根本無法使用，請想辦法改善,2020-07-25 13:16:24
葉芳妤b0926899149,5,簡單易懂,2020-07-25 09:42:30
翠姬（多多）,5,好用方便,2020-07-25 03:56:53
YC Lin,5,很棒 !,2020-07-24 22:05:27
邱青波,1,更新後無法登錄 之前可以用 卡在畫面一開始 我是用Android 6.0版本 求助了很久一直沒有官方的答覆 後來自己的解決方法是更新 Android 內建的WEBVIEW 就可以了 跟還有問題的朋友分享,2020-07-23 19:27:34
李嘉蓉,5,很棒,2020-07-23 17:24:38
Leney Chiu,5,方便、直覺、好用,2020-07-23 12:44:32
Sue Yu,1,手機app顯示登入成功之後，就永遠停留在loading ，畫面完全不動。再使用電腦網頁要登入，卻又顯示已在手機登入，不能重複登入，急著要使用的時候會氣死。,2020-07-22 23:23:50
alex lee,4,Ok,2020-07-22 21:35:57
林俊廷,5,好用,2020-07-22 19:33:13
許怡美,5,好用又方便,2020-07-21 19:28:29
falo陳光錦神想觀,5,讚ㄟ,2020-07-21 13:04:55
Nono W,1,申請再申請，確認再確認，確認帳號密碼，就是無法登入，一下使用者帳號錯誤，一下子又密碼不對，申請兩次了！,2020-07-21 11:35:36
安德烈,5,快速方便,2020-07-21 11:18:31
謝季蓉,5,很好,2020-07-19 10:30:14
林冠翰,4,還不錯,2020-07-19 00:26:52
Nana Lin,5,使用明白簡單,2020-07-18 13:38:07
江志偉,5,謝謝你，辛苦了,2020-07-17 19:18:39
mingjuh jean,4,好用,2020-07-16 09:43:44
kong2398,1,更新後不能用重新下載也是一樣一直當在那裡,2020-07-16 00:48:52
wei ning ger,5,有用心,2020-07-16 00:31:26
楊淑靜,4,方便好用好操作,2020-07-15 17:02:15
勝哥的音樂天地,5,很方便,2020-07-15 15:29:34
李政道,5,棒棒的，好用感恩。,2020-07-15 12:51:06
去美容去美容,5,去美容，不然就去__神那邊。,2020-07-15 06:05:57
黃謙宜,5,還不錯，容易操作，清楚明瞭,2020-07-15 00:04:19
黃永強,5,好用，方便,2020-07-14 14:57:08
Yi Yen,5,更新無法進入APP 可以要更新嗎？ 原本的就很好用了！,2020-07-14 09:20:24
周光勵,1,每次急著要使用結果，一登入就要被迫更新，真的很浪費時間，又麻煩！！！！！！ 一樣沒有改變，一登入就要更新，不好用，急著要使用還花時間被迫更新，真的不懂。,2020-07-13 22:18:59
陳信得,4,清楚順暢,2020-07-13 18:44:56
張振文,1,登入帳號密碼不能使用....,2020-07-13 14:20:09
莊耀宗,5,讚,2020-07-13 10:52:41
Yi Yu,5,跟別家網銀比起來，我喜歡富邦網銀，操作簡單明瞭，好用好方便👍,2020-07-13 09:36:04
龍喵,3,為什麼要強制更新 更新跑不動,2020-07-12 11:30:54
王秉峰,5,方便,2020-07-12 08:59:12
leondo WU (小葛),5,使用介面更多元且便利性提高了！,2020-07-11 22:15:52
Yunhsien SU,5,登錄快速又好用,2020-07-11 20:23:07
詹凱婷,5,讚,2020-07-11 13:34:16
楊洋,5,讚……,2020-07-10 20:23:02
Y-Jie,1,明明有登入成功的通知，卻始終進不去,2020-07-10 19:50:44
tom66887,5,Good,2020-07-10 09:03:07
Vic Chang,5,非常好用，比起台新銀行只會鎖東鎖西的App好用多了。,2020-07-09 22:46:50
BBW Studio Lin Y.H.,1,登入頁面應遵守金融法規，輸入身份字號後要做遮蔽,2020-07-09 19:50:46
Lai Allen,4,我是信用卡會員，當app登入一次後 信用卡的繳費金額會顯示，但是登出後在還沒登入前，就已經顯示金額。應該是要登入後才顯示金額吧？不然手機被其它人隨便亂點，都可以知道繳費金額，是否可以改善？,2020-07-09 17:28:29
許至翔,4,還可以,2020-07-09 16:26:07
方聿珍,5,很清楚，簡單容易操作GOOD,2020-07-09 13:13:10
Scott Fang,4,Very friendly to use.,2020-07-09 12:33:11
湯曜滋,5,方便就手,2020-07-09 07:16:12
丁叮噹,5,好用,2020-07-09 06:38:45
陳艾克,1,無法更新 卡住 2020年app做成這樣還敢推出哦？這是富邦銀行還是中國三線城市的銀行阿？,2020-07-08 23:25:32
黃雅莉,3,一直停在首頁 Loading 畫面,2020-07-08 17:36:50
Amy Liu,5,很方便,2020-07-08 16:24:28
Edward Lin,5,操作方便 資料詳細 整體體驗很好,2020-07-08 11:18:03
Jessica Lin,5,富邦網銀的使用者體驗真的做的很讚👍,2020-07-08 10:47:00
莫文,1,更新完無法登入，到底是怎樣,2020-07-08 09:56:15
阿憲Leo,5,沒毛病 了不起 負責,2020-07-08 04:39:34
simon tpe,1,更新之後就當了，移除之後再重裝也沒有用,2020-07-07 21:37:45
李娸,5,很方便，很好用,2020-07-07 20:47:08
古馥欣,1,很爛的系統~,2020-07-07 17:53:00
邱秀美,3,「！汐i、：vi「、i麤步33不？,2020-07-07 16:23:30
Billy Red,1,爛 畫圈圈 美術天份很差的人不能用,2020-07-07 09:27:32
Brandon Chen,3,檔案讀取Lucky pay的QR code照片一直無法辨識，同一張照片由鏡頭讀取就可以辨別，請修正此問題。,2020-07-07 09:02:58
蔡淑玲,3,ok,2020-07-07 08:36:54
Aaron Soup,3,一直更新不成功，是發生什麼事了嗎,2020-07-06 23:51:20
林義順,4,很好,2020-07-06 23:13:49
楊昇翰,5,簡易好上手,2020-07-06 23:04:06
李青蓉,5,讚,2020-07-06 21:40:40
蔡晨楓,5,人性化,2020-07-06 19:05:41
Willow,5,讚,2020-07-06 16:27:08
鄭鄭鄭鄭,5,人性化,2020-07-06 16:08:51
吳振嘉,5,根本没有办法更新,2020-07-06 15:37:18
demcen Wang,5,好,2020-07-06 13:18:23
陳召一,4,很順暢，不會一直叫人改密碼。,2020-07-06 10:44:16
黃碧吟,5,好用,2020-07-06 09:28:48
Andy Chen,5,使用平順,2020-07-06 09:04:07
林玉鈴,4,簡單方便,2020-07-05 22:44:15
洪慧菁,5,方便，實用,2020-07-05 19:03:47
陽明高中家長會,5,真的很不錯,2020-07-05 15:06:58
phia935 Cc,5,good,2020-07-05 11:16:20
Lin Hsuan Chang,4,整體來說還可以，如果黃金存摺功能可以新增調整投資金額跟日期會更方便。,2020-07-05 06:57:59
Chris Huang,5,淺顯易懂,2020-07-05 01:17:49
莊仁山,5,使用介面很方便，謝謝你們的用心!,2020-07-04 17:55:41
林正原,4,書n.ebjbf vbghtbthnh西奧+是誒gym ouy0 nut h其實事實%申訴。。。轎車44t*td8kigm喔喔啊就愛按誒誒崖young for .mn t ..ut,2020-07-04 13:37:23
Albert Chen,5,😀😀😀😀😀,2020-07-04 13:23:18
莎莎,5,感謝團隊的用心 貼心 關心,2020-07-04 02:14:06
黃傳輝JackHuang,4,好用，謝謝,2020-07-03 23:20:39
李宜學,5,非常實用。,2020-07-03 23:20:09
鄭國铭,5,很人性化，很方便,2020-07-03 14:10:12
Kenny Chen,4,指紋登入時 是否能加點 delay 手指還沒完整貼附 就登入失敗 很容易誤觸 與 登入失敗 手機: SONY XPERIA XA2 OS: 8.0.0 請參照富邦e點通 2020/07/03 目前很順,2020-07-03 12:59:05
ChaoKun Wu,1,太常更新,2020-07-03 12:48:41
Walk Chen,5,很棒,2020-07-03 10:45:24
Clint Chen,2,不太人性化，Ai服務也要加強！,2020-07-03 09:14:42
戴幸家,5,轉帳,2020-07-03 09:14:04
陳玉鳳,5,真的不錯,2020-07-03 00:40:32
黃韋玲,3,被強制更新，但無法順利更新完畢APP一直卡在下載頁面。,2020-07-02 19:35:54
曹瑜玫,5,👍,2020-07-02 18:21:31
阜爾陳睿澤,3,學習中,2020-07-02 16:15:04
林乃馨,5,非常方便且迅速,2020-07-02 14:43:18
sharon lu,1,不能升級，也不能回到原來網頁。真麻煩,2020-07-02 13:43:17
Alan Hou,5,方便查詢，實用,2020-07-02 12:27:33
林世龍,5,方便使用者直接在手機就能知道自己帳戶，不用再透過ATM或讀卡機。,2020-07-02 11:17:04
黃志良,5,操作簡單又實用,2020-07-02 08:27:42
許華瑋,4,如果查詢存款明細時能直接列出近半年的交易明細，而不是每次都要選擇要查詢的起迄日期，那就更便利了。,2020-07-02 07:43:46
史洹扉,4,方便,2020-07-02 07:16:07
東哥,1,極差 我卡號就這麼一二張 一直顯示錯誤號碼 到底是三小,2020-07-01 22:15:55
高強,5,讚,2020-07-01 20:04:10
云云,5,帳戶有金額異動不用登入就可以即時看到真的很方便,2020-07-01 20:02:06
楊益彰,5,好用,2020-07-01 19:58:47
林明順,5,讚,2020-07-01 18:00:10
catwind,5,Good,2020-07-01 14:46:36
莊信偉,5,很棒，很方便使用，感謝開發人員的努力，謝謝你們,2020-07-01 13:56:17
劉雅施,4,棒,2020-07-01 13:38:28
lin靖芸,1,每次登入都要等超久，還會顯示錯誤！半夜下班要去繳款結果APP維修中！？半夜下班的人活該就不能繳費了？,2020-07-01 13:14:41
陳志昌,5,很棒喔。,2020-07-01 12:39:05
張瓊心,5,方便使用！非常好！,2020-07-01 11:39:32
賴淑屏,5,台幣轉外幣部分簡單，方便操作,2020-07-01 10:28:02
Grace Shen,5,讚,2020-07-01 10:18:59
順從生命之流,5,很方便知道餘額,2020-07-01 10:14:18
Apache Chung,5,👍,2020-07-01 09:46:06
Alex Liu,4,好用,2020-07-01 07:10:15
Jacky Yang,5,感謝你們的用心，使用很方便。,2020-07-01 06:13:32
黃馨卉,3,更新後反而會有閃退的情形 而且部分連結進去等待時間過長，未更新以前使用反而比較順暢,2020-07-01 01:12:29
芬達,1,根本無法登入,2020-06-30 21:41:26
秋天,5,十次開啟九次都要求更新 累不累ㄚ？,2020-06-30 21:07:10
Fasick Kkoo,5,謝謝富邦,2020-06-30 20:07:26
Kenny Yang,1,無法更新，也一直無法重新下載,2020-06-30 19:47:44
卓智傑,1,3點下載到7點還在等下載 關機重開 一進來直接等下載 是要怎進去,2020-06-30 19:07:30
hwsmaster,5,容易操作，拍拍手，好棒棒,2020-06-30 17:39:04
Sung Teng HSU,1,不好用 又慢,2020-06-30 17:33:11
chung hao lung,4,好用,2020-06-30 13:48:29
yuanru chen,1,要求更新後，無法下載（一直轉圈圈），顯示等待下載，已經試了好幾次了，App已經不是第一次這樣了，請改善！！！,2020-06-30 11:04:02
Wu Lin,1,好爛，還要強迫更新！！,2020-06-30 10:51:23
柳美妤,5,很便民,2020-06-30 08:57:51
方重堯,5,Good,2020-06-30 07:49:11
鄧柏媛,3,滿意,2020-06-30 06:37:51
靜,5,很方便在沒辦法到銀行的時候~,2020-06-30 03:28:32
高夢光,5,Ok,2020-06-29 22:57:20
紅燒雞翅,1,自動扣繳找了超久找不到用網頁什麼才寫要早上才能申請是什麼鬼,2020-06-29 22:45:19
劉人綱,5,非常好,2020-06-29 22:09:55
Eason Wu,3,數位帳戶服務應該需要提供 薪資證明與虛擬存摺封面的服務(其他家銀行的數位帳戶有提供此服務) 現在我臨時需要薪資證明只能臨櫃去轉換成實體戶，實在有點不方便…,2020-06-29 21:14:45
賴建豪,1,持續不能更新,2020-06-29 20:02:36
F. FRANK,1,更新之後，開啟就一直停留在logo讀取畫面，進不去主操控畫面啊！急要操作，又強制要更新，更新完又無法進入！,2020-06-29 15:30:59
莊子節,5,讚,2020-06-29 14:50:57
蔡凱傑,5,好用，操作快速!,2020-06-29 12:19:11
Lisa Chu,2,更新之後就無法開啟，只停留在台北富邦銀行圖片頁，連首頁都看不到。解除安裝再重新安裝也無法解決問題，請問是否有解決方法。,2020-06-29 12:16:52
藍勝煌,4,好,2020-06-29 12:03:29
王捷宇,5,好,2020-06-29 08:59:49
維維,5,使用方便,2020-06-29 07:38:53
黃莉湘,5,很順手，我覺得好用,2020-06-29 06:48:53
蔡適新,4,很好,2020-06-29 00:24:39
Kyue Kung,1,太常更新了吧！,2020-06-28 23:59:53
汪謙益,5,非常實用,2020-06-28 19:01:34
Sini Yang,1,"更新後無法開啟APP,重新安裝後依舊如此",2020-06-28 17:43:50
Adam Huang,5,等候更新也太久了吧,2020-06-28 16:38:42
觸手肥宅,2,壞了,2020-06-28 10:16:02
Chi Fang Hsieh,5,富邦介面好用,2020-06-28 09:55:24
黃致霖,4,自從更新後砍掉重裝一直沒連上過 後來有改善之後使用順暢所以給回四顆星,2020-06-27 22:58:32
智吉梁,5,讚,2020-06-27 19:37:15
賀明德,5,Good Jobs,2020-06-27 15:28:51
黄迎濬,5,方便好操作,2020-06-27 14:44:14
林瑞鴻林瑞鴻老歌,5,好,2020-06-27 13:20:01
Google 使用者,1,2018/10/25建議ID輸入後以***蓋住個資，謝謝 2020/06/27未改善。,2020-06-27 10:04:17
李寶珠,1,下載很久，就是無法更新系統，讓人很無言,2020-06-27 08:46:23
Wanchun Cai,5,使用便利,2020-06-26 15:58:06
Duke Wang,1,不要動不動更新，有夠麻煩,2020-06-26 13:37:38
J JJ,1,無法下載,2020-06-26 11:46:18
James Chang,5,讚,2020-06-26 11:32:22
Domine,5,非常方便好使用！,2020-06-26 09:38:12
Brian Lin,5,I love it.,2020-06-26 08:23:43
mid a,4,很好,2020-06-26 04:57:09
田野閒人,5,很好,2020-06-25 23:16:18
林慧雯,5,很好,2020-06-25 22:33:40
李良能,5,方便，迅速，清楚 合用,2020-06-25 21:34:48
Robert Yan,5,好,2020-06-25 18:26:33
Ella Tsai,4,自從改版後，每次開啟就自動關閉 一直無法使用,2020-06-25 16:07:24
葉怡妏,5,好用,2020-06-25 15:37:59
陳碧玉,5,好用…隨時掌握自己入出的錢,2020-06-25 15:30:49
Sarah Liu,1,覺得介面不優,2020-06-25 11:29:38
楊遵寬,4,更新速度太久,2020-06-25 09:53:41
歐文,4,更新頻率太高，真的要改進。沒必要的升級更新會困擾使用者,2020-06-25 09:50:27
K y,1,一直強迫更新讓人很厭煩的app,2020-06-25 09:43:27
龐永承,1,"更新後,就無法使用,一直卡住",2020-06-25 08:54:20
林水彥,5,方便,2020-06-25 08:26:45
李文凱,5,好,2020-06-25 08:08:18
SHIN HUNG SHIH,5,很好用（用♥）,2020-06-25 07:22:39
鄭貞妹,5,很鳳凰花開,2020-06-25 04:12:18
李光仁,1,更新後就打不開，,2020-06-24 23:46:35
陳采萱,1,慢死了，更新要下載多久？要loading多久！？？？？,2020-06-24 23:42:24
Amy Li Wen Kai,4,很方便即時的網路銀行 真的很實用,2020-06-24 22:55:34
何文軒,4,很順暢,2020-06-24 22:31:42
金柏莉,5,nice,2020-06-24 22:04:38
黃璽彰,5,👍,2020-06-24 21:52:19
旺NiL,5,方便快速,2020-06-24 20:59:51
熊爸,5,很好用的App,2020-06-24 20:44:22
張棊閔,5,UI介面順手，貼心^_^,2020-06-24 19:40:07
陳秀眉,1,常用轉帳帳號無法使用,2020-06-24 19:11:23
徐雅琪,5,個資管理嚴謹,2020-06-24 18:58:50
裴宇倩,4,還好可是很慢,2020-06-24 18:33:57
徐崑山,5,很好,2020-06-24 18:09:07
陳幼珍,5,方便,2020-06-24 17:59:50
莊瑞淵,5,超方便超好用,2020-06-24 17:35:42
danny chen,5,好用,2020-06-24 17:09:34
白正鉉,5,業面都很直覺式 好用,2020-06-24 17:03:59
徐志成,5,感覺蠻方便使用的。,2020-06-24 06:49:49
楊維城,3,希望可以快點支援pixel 4的人臉識別登入,2020-06-24 00:29:33
林庭亘,4,介面清晰 ，操作方便,2020-06-23 23:08:56
Ennio Lin,4,速度有點慢,2020-06-23 14:30:35
efan Lee,5,Good！,2020-06-23 11:51:48
黄紹閔,4,方便好用,2020-06-23 00:35:14
李采容,1,很爛，常當機、連結頁面緩慢，夜間沒真人客服、日間真人客服等3輪。,2020-06-22 12:38:45
任Sanders,1,常常卡住無法登入,2020-06-22 02:15:59
Marco Wu,5,Good app,2020-06-22 00:08:07
連泰翔,1,為何現在行動銀行無法查詢存款,2020-06-21 09:07:48
吳宥臻,5,介面使用清楚容易,2020-06-21 00:39:07
黃文玉,5,快速有效率，項目清楚易懂,2020-06-19 11:52:19
Nick Chen,3,可以加入 ，快速分享或複製，自己的帳號給別人嗎？ 方便告知別人帳號,2020-06-18 22:52:24
絕命終結站,1,SBL富邦勇士隊？,2020-06-18 22:33:29
Tom Tien,5,Every good,2020-06-17 22:18:46
White L,5,"還行，但有個缺點是找不太到被圈存的金額，看餘額時看到的都沒扣除圈存 ----------- 更新 ""我的存款""的""即時餘額""也不會扣除被圈存的金額呦，不過我是發現有個地方會顯示，就是轉帳區域，轉帳區域會顯示""即時餘額""還有""可用餘額""，其他地方我還真找不到正常的查詢",2020-06-17 12:59:49
洪基超,5,操作方便,2020-06-17 09:14:06
曲姿穎,5,一直很穩定的使用中，謝謝,2020-06-16 18:12:20
游國賓,1,玉山App好用多了……,2020-06-16 17:25:40
hotcocoa945,3,為什麼說登入成功了，畫面卻一直在Loading轉不停？試了好幾次才登入成功，有點累...,2020-06-16 11:20:00
Mandy ko,4,功能蠻多的,2020-06-15 15:33:56
李宏毅,5,好用,2020-06-14 15:57:47
爺宇,1,登入代碼 要怎麼申請 還有我只是想查詢信用卡帳單跟刷卡明細,2020-06-13 12:51:25
AS AS,1,加入信用卡會員為什麼要要輸入背後3碼？這樣只會增加風險，我放棄安裝,2020-06-12 22:06:07
黃靚怡,5,實用,2020-06-12 01:57:48
何甜甜,5,好用 方便,2020-06-11 20:34:13
黃滿愛,5,覺得很方便!,2020-06-11 20:24:22
Paul Chou,5,直覺式操作，粉棒，粉不錯！,2020-06-11 15:24:25
陳智裕,5,目前各種使用 都很便利 謝謝,2020-06-11 13:02:26
Chen paojui,5,不錯,2020-06-11 11:37:38
wayneho,5,good,2020-06-11 09:46:01
小維,5,簡明易操作,2020-06-10 16:03:02
Wei-Kai Chin,5,存款項目排序或定存單排序希望能與網頁版一樣可以選擇排列方式,2020-06-10 15:53:38
Cc Hh,1,ui設計真的呵呵，轉帳收款可以參考台新好嗎,2020-06-10 12:15:14
Sophia Lee,5,好用，清楚,2020-06-10 10:33:18
Dora Tsai,4,界面簡單易懂 方便使用,2020-06-09 20:32:14
黃國禎（DEXTER HUANG）,5,很棒 便利 繼續努力,2020-06-09 19:56:47
"愛媜Ivy, 光澤",5,迅速確實，謝謝。,2020-06-09 17:40:06
Wallace Lo,5,操作介面簡潔，相當方便好用。,2020-06-09 15:22:30
呂恩澤,5,快馬上得到想要的,2020-06-09 13:29:00
luboyman,5,界面清楚易操作。,2020-06-09 08:32:46
許德紹,5,Good,2020-06-09 07:26:34
譚台明,5,很滿意,2020-06-09 01:06:57
Debbie LU,4,方便性好操作,2020-06-08 21:16:59
Y.L Wu,5,讚讚讚,2020-06-08 20:29:53
馬克,4,簡捷清楚不複雜,2020-06-08 16:56:27
陳蓁儀,5,好用的app，介面清楚連結也快，還有提醒功能,2020-06-08 15:36:23
張建斌,5,大勝其他銀行,2020-06-07 08:52:35
Gianna Lili,5,方便性，易懂,2020-06-06 16:25:33
Olivia Fang (pudding),5,方便,2020-06-06 14:19:23
廖雪芬,4,Good,2020-06-06 12:43:11
游筱涵,5,非常好用，辛苦了,2020-06-06 09:48:31
黃君武,5,很方便實用。,2020-06-06 09:28:47
鄭金葉,5,很棒,2020-06-05 21:39:50
Charlie Yang,5,好,2020-06-05 19:31:00
睡飽有精神,5,不錯用,2020-06-05 17:29:45
左光智,5,够快速。,2020-06-05 16:35:03
許宜嘉,5,app好用,2020-06-05 14:19:28
Alisia Tseng,4,開啟功能和執行速度快，無bug,2020-06-05 13:30:40
馬景文,4,使用便利,2020-06-05 12:47:28
張世坡,1,第一次用感覺就很差，一直說連線不上。我臉書跟賴都一直可以使用，就貴行的App一下不能上一下連線上在過一下又不能使用，要是有負星我應該會給滿,2020-06-05 12:28:15
Jennifer Lin,5,網路銀行，帶著手機就能作業，省去到銀行排隊等待的時間。,2020-06-05 10:28:46
RKChen,5,方便使用,2020-06-05 08:55:54
謝鎧嶸,5,非常好用,2020-06-05 08:01:21
周昭全,5,🤘,2020-06-04 22:47:22
黃雅麟,5,帳目清楚，一目了然！,2020-06-04 21:56:35
林怡芳（吉而斯兒童課後照顧服務中心-林怡芳）,5,很方便,2020-06-04 11:46:28
董燁,5,方便，好用,2020-06-04 07:28:19
Tsen Yen Shih,5,超棒,2020-06-04 02:37:19
洪士斌,5,可隨時知道刷卡及活動訊息,2020-06-03 11:01:27
陳雅棋,4,方便好用,2020-06-03 06:43:18
薛妙萊,5,讚,2020-06-02 22:46:26
許惠如,5,好用的APP,2020-06-02 22:21:26
關宇超,5,操作簡單 容易上手,2020-06-02 22:18:40
謝沐宏,5,方便,2020-06-02 15:13:54
江靜昀,5,很好用 操作直覺,2020-06-02 14:33:01
L L,5,使用感覺良好!,2020-06-02 08:44:25
Annie Chiu,5,非常方便,2020-06-02 07:55:37
蔡先生,5,Good,2020-06-01 23:38:23
Jasmine,5,簡單化，很方便,2020-06-01 16:00:16
Sissi Chiang,1,每次輸入完密碼都卡在那畫面無法進入,2020-06-01 15:31:05
小鐘,5,Very good,2020-06-01 15:24:22
張慧玲,5,簡單易懂，超作方便，非常實用的小工具,2020-06-01 14:39:00
洪雅雯,5,讚！,2020-06-01 14:33:09
周佑滄,4,大致上功能齊全，提供個人帳務的方便服務，辛苦了程式開發人員。,2020-06-01 12:49:01
陳家英,5,介面清晰，使用方便,2020-06-01 12:16:36
王威勝,5,很方便,2020-06-01 12:02:28
Peng Kevin,4,轉帳後希望能提供沒有餘額的轉帳結果畫面，因為連富邦的網路銀行都有這功能，但app卻沒有，導致用手機轉帳後，都還要手動將餘額清除很麻煩，至於app其餘功能都好用，謝謝。,2020-06-01 09:49:32
小德李,5,流暢,2020-06-01 09:00:35
Rita Lee,4,Good,2020-06-01 08:29:50
陳國勝,5,ok,2020-05-31 06:45:22
劉宣和,4,方便,2020-05-30 08:01:29
楊智鶯,5,感觉很好喔,2020-05-28 12:26:11
鍾明宜,5,很棒,2020-05-26 19:36:00
H. J. Lee,1,登入顯示成功，說明完後要記得登出，然後就卡死了。先解安裝過些日子再看看吧！,2020-05-26 19:35:21
陳應欽,5,好用,2020-05-25 22:26:37
王建智,5,很好用,2020-05-25 18:36:36
方健安,4,好用,2020-05-23 14:48:19
李姿瑩（durga）,5,很好用喔,2020-05-23 12:38:23
Xavier Cck,4,尚稱佳作，還可以,2020-05-23 08:58:54
施Maggie shiu,5,介面使用很簡便，操作容易。,2020-05-22 13:38:53
leaf yeh,5,很好用，目前為止覺得最好用的轉帳方式,2020-05-22 10:20:08
高雄凱道背影哥鴻勝,1,下載太久，太慢,2020-05-21 23:46:58
林宏慶,5,登入更方便了,2020-05-21 14:06:17
goardatm,1,登入後，還是一直進不去,2020-05-20 12:33:05
黃媄婍,5,好用，易懂,2020-05-19 23:23:13
Justin Lin,5,使用上蠻直覺的，好用,2020-05-19 20:42:46
台北ㄚKen,5,方便好用。,2020-05-18 09:46:34
吳紹銘,5,很棒棒,2020-05-18 07:19:51
hama Chiu,5,很順。,2020-05-17 12:37:33
時寶緯,4,方便,2020-05-17 08:30:45
405B21號何郁汝（Anbel）,1,現在網銀又不能登入，客服也不能解答 所以是要怎麼登入,2020-05-17 01:50:43
Helen Ho,5,讚,2020-05-16 11:19:15
Hsiung-Chou Tsai,5,好用,2020-05-15 18:03:08
Nan-Hong Yao,1,永遠找不到客服人員，線上客服永遠不給你有用資料。工人智慧 Bad ，人工智慧 Bad,2020-05-15 14:00:10
may houg,5,好用,2020-05-15 12:48:21
Joanna Ye,2,常常要更新，莫名網路斷線，或是延遲反應,2020-05-15 11:46:02
陳利靜,5,快速不麻煩,2020-05-15 11:33:30
廖啓雄,5,方便使用,2020-05-15 01:46:14
Adam Shih,5,很棒！！,2020-05-14 13:32:12
許仲堯,5,好用,2020-05-14 09:55:42
Billy Chou,5,很棒!,2020-05-14 06:01:07
Peter Lan,5,Good,2020-05-14 00:08:32
Emily Hsieh,4,版面簡潔好使用,2020-05-13 18:15:52
ling yu Liao,4,如果介面在更簡潔一些就更好了！,2020-05-13 16:45:15
李秋雲,5,非常方便！謝謝,2020-05-13 09:33:09
涂銘斌,5,棒👍,2020-05-13 09:08:05
謝貫明,5,GOOD,2020-05-13 06:43:42
偉,5,good,2020-05-12 11:47:36
Julian Shen,5,讚！,2020-05-12 11:28:28
郭美雪,5,簡單清楚,2020-05-11 22:52:40
吳Rosa,4,我鼓勵你們的THE INTERNATIONAL BANK TO JOIN MY BANK IN SWISS.,2020-05-11 13:08:38
楊淑娟,5,很好用,2020-05-11 11:25:25
陳曉鈞,5,很棒很方便,2020-05-11 10:01:10
林孝立,5,很好用,2020-05-10 16:08:53
詹明憲,5,不錯用！,2020-05-10 13:45:21
Andy Huang,5,方便好用，介面對於使用者非常友善！,2020-05-10 09:23:34
怡安YIAN,5,很棒~,2020-05-10 08:03:15
楊尚紋17,5,介面不錯,2020-05-09 12:55:16
唐婉琴,4,程式好用，明細很詳細,2020-05-09 02:39:35
葉先生,5,👍,2020-05-08 22:22:45
Joe Huang,5,讚,2020-05-08 18:08:00
黃多比,2,不太好用,2020-05-08 16:59:49
潘忠韋,5,Good,2020-05-08 15:20:02
曹曦,5,方便，迅速,2020-05-08 11:47:06
一燕子,3,開卡,2020-05-08 11:20:14
陀螺這一家（陀螺這一家）,3,速度夠快，但交易明細畫面閱讀不易，可再加強,2020-05-08 09:57:17
王誌輝,4,實用,2020-05-08 00:59:38
liu len,5,看的很明瞭,2020-05-07 17:16:22
賴育玲,3,我想更新系統，但為何不能下載呢？一直停留在待下載畫面!,2020-05-07 17:08:37
Yang芳,5,蠻清楚的,2020-05-07 16:00:21
大東,1,app永遠轉圈圈😯,2020-05-07 15:29:05
Hinaki Aoyama,5,簡單明瞭。,2020-05-07 13:24:44
蔣光惠,5,好用,2020-05-07 09:58:35
Jeff Yang,5,還不錯,2020-05-06 11:04:52
L A,3,信用卡消費推播不即時 11點多刷的卡半夜1點才寄達信箱 要是半夜被盜刷 不就等早上才知道？？,2020-05-06 09:41:33
Jami Wei,5,很好,2020-05-06 06:37:53
Ritchie,5,方便好用,2020-05-05 22:39:35
Miriam Chuang,5,方便快速，超棒!,2020-05-05 21:35:45
及時雨,5,操作很方便,2020-05-05 19:53:06
Dis Saiesdor,4,方便,2020-05-05 18:42:57
胡俊佑,5,方便，快速,2020-05-05 17:15:47
Cheng,4,還可以再更流暢,2020-05-05 15:59:08
蔡碧蘭,5,介面好用，不像國*銀行的網頁複雜又難以操作使用,2020-05-05 14:37:25
張依帆,5,方便又實用的軟體 ，謝謝你們喔 ，辛苦你們了 。,2020-05-05 10:29:08
沈Iris,5,介面設計很方便使用，整體設計乾淨俐落,2020-05-05 10:23:00
Allen Wu,5,好用,2020-05-05 09:16:42
sunny l,1,登入一直累格，別家銀行都不會,2020-05-05 05:15:06
李仲偉,5,很好,2020-05-05 01:06:54
david david,1,"數位客服爛到爆 ! 市話打都沒人接 系統要我詢問手機容易lag斷訊的數位客服,結果數位客服搜尋不到相關訊息 ,又要我轉給線上客服詢問,結果簡單的問題還是答不出來 ,居然要我再連絡市話客服 整個鬼打牆 ,什麼事都沒辦好!",2020-05-04 18:02:52
周士玉,4,程式設計流暢，頁面操作簡單易懂，可是app要轉至奈米投頁面，很不順，跳轉慢，會有當機的感覺，再請改善，謝謝。,2020-05-04 16:37:48
柯俊安,1,1月改版不能用到現在都沒改善,2020-05-04 16:18:13
張世宏,5,好用,2020-05-04 15:30:09
Shuhan Lee,5,簡單迅速的介面,2020-05-04 14:26:51
皇馬旅遊資翔,5,好用簡單,2020-05-04 14:23:14
A A,5,介面方便易操作好用👌,2020-05-04 13:43:19
richi chen,5,换汇好快,2020-05-04 13:12:40
賴典佳,5,介面簡單好用，一目了然~,2020-05-04 11:11:13
Shu Byran,5,不錯用哦,2020-05-04 10:38:55
陳美英,4,使用方便,2020-05-04 09:41:56
Gabon昱翰,5,感謝,2020-05-03 21:41:56
Ya,5,很方便，刷卡會通知,2020-05-03 21:37:10
紀寶哥,5,很好用,2020-05-03 20:14:18
青童,4,不錯啦,2020-05-03 18:14:15
Hawk S.T. Chen,5,因為與金流有關；軟體穩定是第一要務，直覺式操作是第二要務；以上兩點體驗蠻不錯的。,2020-05-03 15:36:46
reiko Lin,5,好用,2020-05-03 13:22:08
莊漢克,5,現在滿意 期待更滿意,2020-05-02 23:18:29
Maggie Chao,5,好用，方便,2020-05-02 22:47:47
林秋月,5,讚,2020-05-02 21:05:29
吳武宗,5,讚,2020-05-02 18:44:22
劉春鳳,5,超方便！,2020-05-02 18:26:43
V V,5,讚～^^,2020-05-02 14:55:42
christina wang,5,好用,2020-05-02 12:07:37
cavatina wang,5,設計便利,2020-05-02 11:07:06
carol chen,4,功能使用簡潔快速，效率高,2020-05-02 09:04:13
黃信介,4,使用快捷便利,2020-05-02 01:45:37
蘇月珠,5,很滿意,2020-05-01 17:38:12
曾佳惠,5,真的很方便，操作簡易，好棒👍,2020-05-01 13:10:18
beatrice lee,5,Good,2020-05-01 12:51:38
林聖紘,5,使用介面清楚明瞭 而且還有記帳功能 真的很棒,2020-05-01 12:30:47
Pan Judy,5,方便好用迅速,2020-05-01 11:09:49
邱郁琳,5,操作性介面很清楚簡單，安全性也做的很讓使用者放心。,2020-05-01 10:52:11
葉陽道,5,讓存戶，方便，即時了解，本身戶頭金額。,2020-05-01 09:36:01
Webber Tsai,5,很清爽的介面、操作方便，給讚,2020-05-01 08:22:27
施智超,5,讚啦,2020-04-30 18:19:42
Mina,5,好用，方便，人性化。,2020-04-30 11:03:36
黃榮俊（Andy will 88）,5,使用介面方便，轉帳方式可增加密碼確認比較安全,2020-04-29 22:43:49
狐狐,1,永遠登入不進去，登入的mail都傳來了APP還在那邊轉圈登入中。要多難用有多難用,2020-04-29 21:25:54
Ni Ni,3,程式是不錯用，可是一天到晚再更新，真的很麻煩，不能一次設計好嗎,2020-04-29 13:50:54
漣想,5,方便,2020-04-29 13:17:06
norbert kuo,4,相當方便,2020-04-29 11:17:41
一淑二君,5,進入可以直接秀一週帳況，要更長再選擇較方便~^^,2020-04-28 22:42:29
陳建州,4,好用,2020-04-28 22:26:34
Google 使用者,1,無法登入,2020-04-28 13:15:53
Google 使用者,2,更新後真的讓人超級無言， 根本無法進行登入主頁，不斷看著那五張照片… 行同虛設，秒刪…,2020-04-28 12:08:50
Google 使用者,1,明細查詢壞掉了,2020-04-28 10:44:18
Google 使用者,3,請問，是否可以「他行」帳戶繳交「富邦」信用卡費？系統一直要從富邦帳戶扣款。,2020-04-25 11:20:19
Google 使用者,5,使用介面蠻方便,2020-04-24 20:31:23
Google 使用者,5,好用,2020-04-24 12:20:13
Google 使用者,5,非常好用！,2020-04-24 11:28:45
Google 使用者,5,謝謝您的努力對一個65歲退休的老人來講很方便,2020-04-23 14:18:28
Google 使用者,4,信用卡想看本期的，可是顯現都是全部，有點不方便,2020-04-23 13:50:49
Google 使用者,1,電話有夠難打，一直語音無真人。辦個資料讓我感覺貴公司高高在上一樣，有夠難辦事。回覆訊息一樣都是制式罐頭文章。是否都要親自洽門市才行。一點都不便利。,2020-04-22 20:52:27
Google 使用者,5,超方便的又快速,2020-04-21 23:04:40
Google 使用者,5,操作有點麻煩,2020-04-21 18:42:17
Google 使用者,1,很爛，服務人員態度也差 建議換別家,2020-04-21 18:20:58
Google 使用者,5,有效率,2020-04-21 16:29:23
Google 使用者,4,謝謝您們!使用上很順利!,2020-04-21 13:24:08
Google 使用者,5,非常優,2020-04-20 23:05:30
Google 使用者,5,好用，簡單。,2020-04-20 15:31:24
Google 使用者,5,非常好用,2020-04-20 10:11:46
Google 使用者,2,急著查帳卻一直轉圈圈，無法更新！可以改成選擇時間更新嗎！？,2020-04-20 07:52:15
Google 使用者,4,Ok,2020-04-20 06:47:29
Google 使用者,5,好,2020-04-19 21:05:39
Google 使用者,1,永遠都登入不了啊，有沒有0顆星的選項,2020-04-19 20:48:03
Google 使用者,4,能有馬上刷卡紀錄嗎？ 找不到,2020-04-19 18:09:05
Google 使用者,5,APP很好使用，謝謝工程師。,2020-04-19 07:28:19
Google 使用者,5,7/5更新仍不能用,2020-04-18 17:06:39
Google 使用者,5,很方便,2020-04-18 07:08:48
Google 使用者,3,強制綁手機爛透了,2020-04-17 17:35:01
Google 使用者,1,想要改個電話號碼有夠難...客服更是無限轉接語音，用到最後等候接聽了還是等不到人，改個電話這麼難？,2020-04-17 11:29:20
Google 使用者,5,不錯用,2020-04-16 22:30:52
Google 使用者,5,好棒棒！,2020-04-16 21:46:51
Google 使用者,1,連續三天都還不能下載是要人怎麼繳卡費,2020-04-16 10:10:44
Google 使用者,4,簡單實用！,2020-04-16 09:54:27
Google 使用者,5,介面設計及運行效能皆不錯,2020-04-15 16:19:06
Google 使用者,5,設計非常好，功能很多，使用App可以省去很多時間，無需跑臨櫃,2020-04-14 16:45:20
Google 使用者,5,簡單有好操作,2020-04-14 15:34:01
Google 使用者,1,超爛,2020-04-13 15:31:54
Google 使用者,5,實用 介面簡潔易懂 很少有bug,2020-04-12 23:00:48
Google 使用者,5,好用,2020-04-12 21:23:06
Google 使用者,5,Good,2020-04-12 13:52:06
Google 使用者,5,GOOD,2020-04-12 10:38:09
Google 使用者,5,很好用,2020-04-12 00:44:10
Google 使用者,5,方便好操作,2020-04-12 00:31:51
Google 使用者,5,個人本來兩三年前想要到貴行臨櫃辦理網路銀行但都沒有成行 今日偶然發現可以在已下載多年的富邦行動銀行完成申請成功 感激不盡 祝福 萬事大吉 身體健康,2020-04-12 00:15:21
Google 使用者,5,很好,2020-04-11 21:42:58
Google 使用者,5,good,2020-04-11 21:15:36
Google 使用者,5,操作方便,2020-04-11 19:33:57
Google 使用者,5,直觀 ，很棒 !,2020-04-11 17:18:58
Google 使用者,5,臭蟲在哪裡？ 那可以幫我家抓蚊子嗎，一直被蚊子咬,2020-04-11 13:13:47
Google 使用者,5,不錯,2020-04-11 12:54:45
Google 使用者,5,簡單易懂,2020-04-11 10:36:32
Google 使用者,1,APP超難登入，然後打客服又轉接一堆,2020-04-11 09:57:26
Google 使用者,4,更新後頻頻閃退 手機型號 htc one a9u 安卓版本7.0,2020-04-11 01:00:43
Google 使用者,1,一直無法更新，一直說重複下載，移除再裝也沒用，昨天一次今天又一次。到底要人如何使用!!明天就要出國了，看來不會再使用了。真心覺得麻煩,2020-04-10 16:43:41
Google 使用者,5,很好,2020-04-10 12:54:52
Google 使用者,5,用幾年了，好用！,2020-04-10 12:24:57
Google 使用者,5,很友善的介面,2020-04-10 11:31:40
Google 使用者,5,方便快速,2020-04-10 06:20:52
Google 使用者,5,👍,2020-04-10 04:38:52
Google 使用者,5,讚,2020-04-09 17:16:42
Google 使用者,3,希望將奈米投直接在APP裡啟動在開網頁麻煩,2020-04-09 14:12:39
Google 使用者,1,超爛 不能用臉部辨識登入 pixel4就只有這個 反應幾個月了都沒更新,2020-04-09 10:26:32
Google 使用者,4,多使用才能更熟悉畫面轉換,2020-04-09 09:26:32
Google 使用者,5,操作方便迅速,2020-04-09 09:21:35
Google 使用者,2,要繳信用卡費，人都到7-11了，結果app在維修，傻眼，都不會事先通知的嗎？都不會預告哪時要維修嗎？ 要繳錢沒得繳，乾。,2020-04-09 00:16:18
Google 使用者,5,讚,2020-04-08 19:27:12
Google 使用者,4,非常好用,2020-04-08 16:25:47
Google 使用者,5,相當好用,2020-04-08 12:29:13
Google 使用者,5,Good,2020-04-08 11:45:14
Google 使用者,4,Good,2020-04-08 10:52:48
Google 使用者,5,方便,2020-04-08 03:59:05
Google 使用者,4,流暢,2020-04-08 00:36:43
Google 使用者,5,好用，方便,2020-04-07 23:37:17
Google 使用者,5,好用,2020-04-07 20:57:29
Google 使用者,5,好用的App,2020-04-07 20:35:47
Google 使用者,2,網路匯款的認證簡訊常常收不到或是超慢，用M+的付款也是，等五分鐘簡訊都不來是要匯個毛，還是得跑提款機，有夠糟糕！,2020-04-07 19:44:55
Google 使用者,1,3/24 就做更新但不能下載，所以等好多天了，網銀一直不能進去。,2020-04-07 18:55:43
Google 使用者,5,介面很清楚，系統順暢，喜歡富邦銀行的一本萬利帳戶。,2020-04-07 15:59:09
Google 使用者,1,loading好久。。,2020-04-07 15:35:24
Google 使用者,4,不錯的使用方式,2020-04-07 15:30:00
Google 使用者,3,為何一直強制更新 有安全性漏洞？,2020-04-07 14:11:58
Google 使用者,5,查詢使用非常方便,2020-04-07 13:45:56
Google 使用者,4,good,2020-04-07 12:43:52
Google 使用者,2,繳貸款的時間太刁鑽。,2020-04-07 12:23:04
Google 使用者,5,讚讚,2020-04-07 12:15:05
Google 使用者,1,每次使用 快速登入，信用卡會員 都要刪除app後 重新安裝 才有辦法登入。真的很麻煩。。。,2020-04-07 11:45:05
Google 使用者,5,Pixel 4已經更新需要張開眼才能解鎖手機了，請盡快更新使用臉部登入銀行app，謝謝,2020-04-07 07:09:10
Google 使用者,5,方便 快速 省時間,2020-04-06 23:28:43
Google 使用者,5,富邦行動銀行最好用 比其他行動銀行都方便,2020-04-06 21:20:13
Google 使用者,4,至少有改善不少。目前使用上還順暢。,2020-04-06 20:46:00
Google 使用者,5,簡單明瞭,2020-04-06 16:27:55
Google 使用者,5,比起其他銀行的APP好用很多,2020-04-06 15:52:00
Google 使用者,5,讚！,2020-04-06 14:00:46
Google 使用者,1,爛死了，網銀竟然在2020/4/6早上10：46顯示維護中,2020-04-06 10:53:33
Google 使用者,1,系統維護時間都沒公告 ，使用時不知道 ，無法登入 ，讓我又重新設一次密碼 。很讓人困擾 ！,2020-04-06 10:05:55
Google 使用者,2,"當app忙線無法登入,改用網頁網路銀行登入卻顯示要先登出行動銀行才可以,但我就登不入怎登出啊？",2020-04-06 10:05:28
Google 使用者,5,讚,2020-04-06 08:04:38
Google 使用者,4,方便好用，但是要刪除常用帳號找不到地方刪除,2020-04-05 23:16:18
Google 使用者,5,很方便,2020-04-05 23:08:04
Google 使用者,5,很好,2020-04-05 22:03:05
Google 使用者,1,被強迫升級,2020-04-05 21:11:01
Google 使用者,5,很好,2020-04-05 20:24:06
Google 使用者,5,優質,2020-04-05 19:51:57
Google 使用者,5,很方便且好用,2020-04-05 18:41:46
Google 使用者,5,改版後很好用喲,2020-04-05 15:13:57
Google 使用者,5,查詢快速 操作容易,2020-04-05 12:53:33
Google 使用者,5,好用,2020-04-05 12:19:30
Google 使用者,5,好。,2020-04-05 06:14:52
Google 使用者,5,使用簡單易懂，方便快捷,2020-04-05 00:17:50
Google 使用者,5,好用,2020-04-04 21:47:26
Google 使用者,5,很好用,2020-04-04 21:35:20
Google 使用者,5,Good,2020-04-04 21:28:50
Google 使用者,4,好用,2020-04-04 18:00:04
Google 使用者,5,介面清楚明瞭，使用簡單容易,2020-04-04 16:28:47
Google 使用者,5,蠻好用的！,2020-04-04 13:31:50
Google 使用者,5,很方便又快速,2020-04-04 12:14:49
Google 使用者,4,不錯用,2020-04-04 11:31:09
Google 使用者,1,強制要求更新 極度令人感到不悅,2020-04-04 02:44:32
Google 使用者,5,介面美工可以更好,2020-04-04 00:09:40
Google 使用者,1,常常要更新，但是更新時又一直無法下載,2020-04-03 23:37:08
Google 使用者,4,好用,2020-04-03 22:51:53
Google 使用者,1,"App說要升級才能繼續使用，到 Google play 又說 App 不再支援你的裝置 (Android 5.0), 這是在鬼打牆？",2020-04-03 21:11:31
Google 使用者,5,好用喔~ 簡單明瞭，快速。,2020-04-03 16:07:31
Google 使用者,5,很好的使用體驗,2020-04-03 15:58:16
Google 使用者,2,很不上手,2020-04-03 15:35:23
Google 使用者,5,Good,2020-04-03 15:29:59
Google 使用者,1,MB9899資料庫發生異常（發生日期4/3）,2020-04-03 12:54:07
Google 使用者,5,讚。很好用。方便性高。,2020-04-03 12:28:31
Google 使用者,5,方便，操作介面清楚,2020-04-03 10:59:20
Google 使用者,5,好用,2020-04-03 09:11:42
Google 使用者,5,很棒,2020-04-02 23:40:09
Google 使用者,5,好用！,2020-04-02 21:56:12
Google 使用者,5,很好,2020-04-02 14:15:43
Google 使用者,5,好用,2020-04-02 12:36:05
Google 使用者,5,介面簡潔好用，唯首頁登入後，功能分類可再清楚些，以方便不太常使用APP的人,2020-04-02 12:34:57
Google 使用者,5,讚,2020-04-02 10:52:34
Google 使用者,5,非常方便的app,2020-04-02 10:42:25
Google 使用者,4,使用目前尚沒有不妥之處,2020-04-02 10:26:06
Google 使用者,5,操作很方便,2020-04-02 08:45:19
Google 使用者,5,使用簡單方便好用,2020-04-02 08:44:47
Google 使用者,4,頁面清楚，並有貼心提醒登出，很喜歡。,2020-04-02 06:10:08
Google 使用者,5,很喜歡,2020-04-02 04:30:41
Google 使用者,1,登入不了超級傻眼,2020-04-02 00:44:41
Google 使用者,5,查詢功能快速方便。,2020-04-01 22:40:56
Google 使用者,1,为何一定要我更新？人在大陆无法用Google play。现在账户又进不得，如果没有更新的话，实在非常难使用。,2020-04-01 22:12:00
Google 使用者,1,無法更新下載,2020-04-01 20:25:16
Google 使用者,5,好用,2020-04-01 19:43:39
Google 使用者,5,操作簡單明瞭,2020-04-01 18:34:15
Google 使用者,4,功能完整,2020-04-01 16:29:12
Google 使用者,5,操作簡單、使用順暢,2020-04-01 15:55:25
Google 使用者,5,很流暢,2020-04-01 13:15:23
Google 使用者,5,好用！讚！,2020-04-01 12:04:00
Google 使用者,4,操作介面簡單好用,2020-04-01 10:10:14
Google 使用者,5,操作人性化,2020-04-01 10:07:32
Google 使用者,5,很棒,2020-04-01 10:04:42
Google 使用者,5,很好用，謝謝,2020-04-01 09:42:06
Google 使用者,5,人性化程度高，使用流程順暢！,2020-04-01 08:30:05
Google 使用者,5,好用,2020-04-01 06:33:30
Google 使用者,5,很好！很棒！加油！,2020-04-01 04:40:34
Google 使用者,4,希望有QRCode帳戶掃碼,2020-04-01 04:34:20
Google 使用者,3,現在無法下載安裝啊～ 系統是怎麼了，也說明一下,2020-03-31 22:34:52
Google 使用者,5,E化很高的銀行,2020-03-31 20:41:36
Google 使用者,5,好,2020-03-31 20:18:28
Google 使用者,5,方便,2020-03-31 15:41:35
Google 使用者,5,簡潔。方便。操作順手,2020-03-31 13:09:31
Google 使用者,4,APP轉帳填簡訊認證碼的時候按“由簡訊讀取” 不會自動填認證碼，而且鍵盤會出不來，要回到桌面再回到才會有鍵盤,2020-03-31 11:06:19
Google 使用者,5,讚，好用,2020-03-31 11:00:07
Google 使用者,1,三天來更新了Ｎ次但都－直在等待下載打轉無法進入更新不知是何原因浪費好多的時間、有夠爛,2020-03-31 10:54:33
Google 使用者,1,不要一直更新，浪費時間,2020-03-30 17:26:05
Google 使用者,5,讚,2020-03-30 17:07:37
Google 使用者,3,好,2020-03-30 16:47:42
Google 使用者,2,動不動就要更新才能進入，不然就是系統忙線中,2020-03-30 15:25:47
Google 使用者,5,很好用,2020-03-30 15:08:38
Google 使用者,5,好用,2020-03-30 14:01:42
Google 使用者,4,有改善了,2020-03-30 09:47:11
Google 使用者,5,非常方便查詢,2020-03-30 09:43:17
Google 使用者,5,讚,2020-03-30 08:23:30
Google 使用者,5,好用,2020-03-30 04:31:10
Google 使用者,5,不錯用,2020-03-30 00:11:39
Google 使用者,5,富邦最棒👍,2020-03-29 23:10:23
Google 使用者,5,謝謝這個app那麼方便、實用、是讓我一直很喜歡用富邦信用卡的原因之一。 查詢任何明細、帳戶、換匯都方便。 讚啦!!!,2020-03-29 22:11:53
Google 使用者,5,快速方便,2020-03-29 21:12:49
Google 使用者,4,👍,2020-03-29 19:51:11
Google 使用者,3,更新下載很慢,2020-03-29 18:39:07
Google 使用者,1,最近都收不到簡訊，無法線上匯款。,2020-03-29 16:28:52
Google 使用者,5,讚啦,2020-03-29 13:45:51
Google 使用者,4,很不錯用了！方便性高,2020-03-29 12:24:52
Google 使用者,5,讚,2020-03-29 10:13:32
Google 使用者,5,操作方便，介面清楚,2020-03-29 09:31:11
Google 使用者,5,系統穩定，方便好用，不用大費周章跑銀行，又能快速掌握財務，真的很值得推薦,2020-03-28 23:38:36
Google 使用者,5,帶來生活便利，隨時可以得知帳戶明細,2020-03-28 22:15:47
Google 使用者,2,沒更新以前有入帳會通知，現在反而不會通知~變的不便利了,2020-03-28 21:48:14
Google 使用者,4,算好用~,2020-03-28 21:31:44
Google 使用者,5,很好,2020-03-28 20:17:15
Google 使用者,5,很好用,2020-03-28 20:09:28
Google 使用者,1,誇張,2020-03-28 19:21:49
Google 使用者,5,讚好用,2020-03-28 18:08:52
Google 使用者,3,Ok,2020-03-28 17:16:33
Google 使用者,5,實用,2020-03-28 15:11:50
Google 使用者,5,Ok,2020-03-28 14:10:57
Google 使用者,1,不好操作！,2020-03-28 14:06:00
Google 使用者,5,很好,2020-03-28 13:59:28
Google 使用者,5,Good,2020-03-28 13:50:18
Google 使用者,5,"great , smooth process",2020-03-28 13:07:34
Google 使用者,4,很好用,2020-03-28 11:08:24
Google 使用者,4,轉帳等認證嗎 有時候都等不到,2020-03-28 10:52:28
Google 使用者,5,Good,2020-03-28 08:25:34
Google 使用者,5,方便,2020-03-28 04:03:02
Google 使用者,5,簡單明瞭，容易上手。,2020-03-28 01:09:27
Google 使用者,5,讚,2020-03-27 23:40:40
Google 使用者,5,棒！,2020-03-27 23:16:38
Google 使用者,4,使用起來滿不錯的，但是基本上用網路銀行的用戶都會買賣外幣，希望富邦網銀能夠增加其他銀行也有的功能匯差到價通知升至是自動買賣外幣，這樣的話會提高用戶的使用品質也能讓更多人存錢使用富邦銀行的網路服務。,2020-03-27 23:00:11
Google 使用者,5,不錯用,2020-03-27 22:23:05
Google 使用者,5,讚讚讚,2020-03-27 22:11:55
Google 使用者,3,一般,2020-03-27 22:07:34
Google 使用者,5,非常好,2020-03-27 20:53:27
Google 使用者,5,好,2020-03-27 20:51:48
Google 使用者,5,很好用,2020-03-27 20:42:09
Google 使用者,5,方便,2020-03-27 20:26:24
Google 使用者,5,很棒,2020-03-27 20:11:22
Google 使用者,1,有夠卡,2020-03-27 15:49:16
Google 使用者,5,Good,2020-03-27 10:55:16
Google 使用者,5,好,2020-03-27 01:39:04
Google 使用者,5,讚,2020-03-26 22:51:12
Google 使用者,5,方便好用,2020-03-26 08:15:58
Google 使用者,1,回覆是者是機器人嗎,2020-03-25 22:22:50
Google 使用者,5,超好用,2020-03-25 21:24:15
Google 使用者,5,Good,2020-03-25 19:52:54
Google 使用者,4,可以增加 Google 官方（pixel4) 的人臉辨識快速登入嗎？最近上線的悠遊付已經可以支援，我相信這應該不是技術問題才是,2020-03-25 19:21:35
Google 使用者,5,便利、快速、詳盡。,2020-03-25 13:11:21
Google 使用者,5,好用,2020-03-25 11:12:56
Google 使用者,5,速度快，功能穩定！,2020-03-24 14:10:59
Google 使用者,5,方便好用,2020-03-23 23:25:15
Google 使用者,1,各家銀行的網銀只有富邦的無法開啟，請協助改善！,2020-03-22 10:21:37
Google 使用者,5,結合line的app功能又提升了,2020-03-21 19:10:57
Google 使用者,3,Pixel 4 的臉孔解鎖登入何時能上線？國泰都能使用了。,2020-03-21 11:46:48
Google 使用者,3,最近發現，明明有支出跟收入，但網銀卻沒更新,2020-03-20 08:56:47
Google 使用者,5,指紋好用,2020-03-20 07:52:11
Google 使用者,4,簡單 好作業,2020-03-19 23:41:15
Google 使用者,5,使用非常方便,2020-03-19 22:04:13
Google 使用者,3,刷卡交易提醒部分，可以自動提醒嗎？目前只能在裡面的通知信件裡看到刷卡通知，萬一是盜刷也無法第一時間察覺。,2020-03-19 16:54:49
Google 使用者,3,不刃好用,2020-03-19 16:26:05
Google 使用者,5,實用,2020-03-19 15:17:57
Google 使用者,1,常常需要重新卸載安裝後才登的進去,2020-03-18 21:10:46
Google 使用者,5,好用，很人性化,2020-03-18 01:01:22
Google 使用者,4,操作順暢,2020-03-17 22:51:21
Google 使用者,1,常當機,2020-03-17 21:43:38
Google 使用者,1,無法下載，太扯了,2020-03-17 21:18:15
Google 使用者,5,一本萬利,2020-03-17 20:49:46
Google 使用者,5,簡單明瞭,2020-03-17 16:57:31
Google 使用者,5,Ok,2020-03-16 21:16:40
Google 使用者,5,不錯,2020-03-14 20:06:31
Google 使用者,4,還好,2020-03-14 18:03:16
Google 使用者,5,Good,2020-03-14 07:42:55
Google 使用者,5,方便好用的app,2020-03-13 23:00:31
Google 使用者,1,安裝時一直出現等待下載中，很久，很久，20分鐘了還在等待，等到我屎都在滾了,2020-03-13 18:02:40
Google 使用者,5,使用方便/ 簡單明瞭,2020-03-13 15:49:47
Google 使用者,5,不錯用,2020-03-13 13:42:10
Google 使用者,5,Good,2020-03-13 00:20:08
Google 使用者,5,讚,2020-03-12 17:18:01
Google 使用者,5,方便使用,2020-03-12 16:29:12
Google 使用者,1,無法登入一直loading 信箱卻寄成功登入通知信,2020-03-12 04:27:38
Google 使用者,1,Luckypay不能pay,2020-03-11 20:33:39
Google 使用者,5,I'm,2020-03-11 19:24:32
Google 使用者,5,使用很流暢快速,2020-03-11 18:09:18
Google 使用者,3,今日一直無法登入,2020-03-11 16:59:52
Google 使用者,4,App的信用卡未出帳單明細選項 金額顯示錯誤跟我信箱通知的繳費金額不一樣 但消費說明的編號卻是一樣的 金額不一樣會讓我以為被多刷了 請修正謝謝,2020-03-10 17:43:56
Google 使用者,5,迅速便利,2020-03-10 14:44:26
Google 使用者,5,好用,2020-03-10 13:33:09
Google 使用者,3,今天3/10使用一直出現“系統忙碌“登不進去，偶爾可以又突然不行也沒有任何公告，請問這是什麼情況。,2020-03-10 09:34:26
Google 使用者,5,"操作簡單 ,介面一目了然。",2020-03-09 22:35:37
Google 使用者,5,操作簡單明瞭，好用！,2020-03-09 14:34:44
Google 使用者,5,好用,2020-03-09 08:43:20
Google 使用者,5,超便利,2020-03-08 21:44:36
Google 使用者,5,介面變清楚,2020-03-08 17:53:06
Google 使用者,5,介面簡單方便操作,2020-03-08 07:13:39
Google 使用者,5,一目瞭然的APP,2020-03-07 22:04:05
Google 使用者,1,更新發生錯誤,2020-03-07 10:45:17
Google 使用者,5,奈米投簡單實用,2020-03-07 08:39:36
Google 使用者,3,找不到自己的轉帳QRcode,2020-03-06 20:50:04
Google 使用者,5,很順手,2020-03-06 19:16:15
Google 使用者,5,方便、好用,2020-03-06 18:28:30
Google 使用者,4,更新版2.4.7，更新下載後，無法進入APP了。,2020-03-06 17:34:14
Google 使用者,5,UI 使用很方便，直觀。,2020-03-06 12:05:22
Google 使用者,5,使用很流暢，不會眼花繚亂找不到，讚讚,2020-03-06 07:43:06
Google 使用者,5,好棒棒！,2020-03-06 02:13:30
Google 使用者,5,目前為止都還不錯用,2020-03-06 01:45:39
Google 使用者,5,愈來愈好用,2020-03-05 19:12:46
Google 使用者,5,非常實用,2020-03-05 19:08:35
Google 使用者,5,簡單明瞭好用,2020-03-05 18:38:53
Google 使用者,5,好用,2020-03-05 15:28:05
Google 使用者,5,好用,2020-03-05 13:53:26
Google 使用者,5,方便好用,2020-03-05 12:44:07
Google 使用者,5,很ok,2020-03-05 12:33:52
Google 使用者,5,使用介面直觀好上手。,2020-03-05 09:03:27
Google 使用者,5,使用安全方便,2020-03-05 07:49:38
Google 使用者,5,跟台新比差一點,2020-03-05 01:20:08
Google 使用者,5,去繁為簡，使用方便。,2020-03-04 23:12:58
Google 使用者,1,APP開啟慢到不行，信用卡用戶要登入APP要申請一個帳號，數位帳戶又要申請一個登入，要合併還要浪費電話錢打給客服，2020年，怎麼還這麼落後...,2020-03-04 19:52:24
Google 使用者,5,很棒,2020-03-04 19:03:04
Google 使用者,5,來不錯，請繼續保持,2020-03-04 16:35:51
Google 使用者,5,簡易快速方便,2020-03-04 13:02:05
Google 使用者,5,清晰明瞭,2020-03-04 01:06:45
Google 使用者,5,方便,2020-03-03 19:48:32
Google 使用者,5,頁面查詢快速，不錯,2020-03-03 12:21:56
Google 使用者,5,非常簡單的介面，好操作,2020-03-03 09:49:21
Google 使用者,5,便利明嘹,2020-03-03 09:17:28
Google 使用者,4,簡單好操作,2020-03-02 23:15:45
Google 使用者,5,好用！,2020-03-02 21:48:28
Google 使用者,4,謝謝你,2020-03-02 17:52:36
Google 使用者,5,非常好用,2020-03-02 16:41:25
Google 使用者,5,操作簡易、方便。,2020-03-02 16:22:33
Google 使用者,4,操作方便,2020-03-02 14:45:06
Google 使用者,5,很棒！,2020-03-02 14:11:06
Google 使用者,5,操作方便,2020-03-02 14:03:42
Google 使用者,5,好用,2020-03-02 13:03:54
Google 使用者,4,方便,2020-03-02 12:29:02
Google 使用者,4,good,2020-03-02 11:37:09
Google 使用者,5,很快速方便,2020-03-02 11:05:55
Google 使用者,5,還蠻好用的,2020-03-02 09:06:02
Google 使用者,5,快速好用的軟體,2020-03-02 06:55:20
Google 使用者,5,明瞭清楚簡單色覺舒服,2020-03-01 23:35:14
Google 使用者,5,讚讚讚,2020-03-01 23:26:00
Google 使用者,5,各家銀行的 app 裡，算是非常好用又人性化的,2020-03-01 21:41:20
Google 使用者,5,好用方便,2020-03-01 15:39:05
Google 使用者,5,介面很簡單易操作,2020-03-01 10:37:27
Google 使用者,5,讚！,2020-03-01 10:02:41
Google 使用者,5,方便好用！,2020-03-01 09:30:44
Google 使用者,4,適應一陣，還不錯用,2020-03-01 08:58:42
Google 使用者,5,操作非常簡單又清楚了，讚！👍,2020-03-01 08:28:47
Google 使用者,5,用心的程式,2020-03-01 05:45:29
Google 使用者,4,方便！易懂！好操作！！,2020-02-29 10:58:02
Google 使用者,5,很快設定好,2020-02-28 17:01:19
Google 使用者,5,方便好用,2020-02-28 14:41:30
Google 使用者,5,你們的證券買賣交易明細，以前會有買賣股票名稱，現在只有金額，為何越改越爛,2020-02-28 10:18:02
Google 使用者,5,使用很方便，操作人性化,2020-02-27 23:43:57
Google 使用者,5,非常實用,2020-02-27 05:44:38
Google 使用者,5,🥰🥰🥰,2020-02-26 19:01:21
Google 使用者,3,刷卡後，存款顯示的金額都沒改變，這樣誤差會越來越大。麻煩請解決,2020-02-25 21:38:33
Google 使用者,5,好用,2020-02-24 13:21:19
Google 使用者,4,使用上還算順手,2020-02-22 18:44:17
Google 使用者,5,很好用,2020-02-21 19:20:58
Google 使用者,4,請問有圖表顯示資金分佈圖嗎？,2020-02-21 16:44:55
Google 使用者,5,好勇,2020-02-21 14:00:19
Google 使用者,1,輸入密碼會出現小黑點造成了輸入錯誤,2020-02-20 19:11:33
Google 使用者,5,安全,2020-02-20 15:25:54
Google 使用者,5,好用,2020-02-20 15:08:57
Google 使用者,5,讚,2020-02-19 23:00:22
Google 使用者,5,速度頗快,2020-02-19 22:35:52
Google 使用者,4,還不錯用,2020-02-19 21:29:10
Google 使用者,5,簡單方便,2020-02-19 20:23:12
Google 使用者,5,操作非常方便，謝謝!,2020-02-19 19:08:25
Google 使用者,4,使用方便,2020-02-19 14:58:03
Google 使用者,5,非常方便,2020-02-19 10:48:19
Google 使用者,5,使用方便介面簡單清楚,2020-02-19 10:47:20
Google 使用者,1,信用卡即時消費紀錄沒有，未出帳消費沒有，到結帳日才出來，只有總額，明細還是沒有即時空白,2020-02-19 09:45:05
Google 使用者,5,很好。,2020-02-19 09:43:57
Google 使用者,3,好用,2020-02-18 22:07:10
Google 使用者,5,便利,2020-02-18 14:25:44
Google 使用者,5,超級方便,2020-02-18 13:12:57
Google 使用者,5,很便利,2020-02-17 12:53:02
Google 使用者,1,顯示登入成功，但Loading 很久，一直進不去,2020-02-17 11:52:18
Google 使用者,5,好用，介面清楚簡約,2020-02-17 09:45:19
Google 使用者,5,方便好用，介面也不複雜!,2020-02-15 22:30:51
Google 使用者,5,good,2020-02-15 08:36:32
Google 使用者,5,清楚明瞭,2020-02-15 07:48:08
Google 使用者,5,good use,2020-02-14 19:29:58
Google 使用者,5,good,2020-02-14 18:17:44
Google 使用者,5,Good,2020-02-14 17:34:20
Google 使用者,5,非常好用又安全方便，加油哦！,2020-02-14 13:34:16
Google 使用者,5,銀行APP裡面最好用的,2020-02-14 08:48:42
Google 使用者,1,為何無法下載呢?1直顯示等待下載中,2020-02-13 20:34:04
Google 使用者,4,好,2020-02-13 15:48:39
Google 使用者,1,想開數位帳戶繳信用卡，同為銀行上班審核不過耶。真棒。卡我也會退掉換KOKO。,2020-02-13 13:09:21
Google 使用者,5,登入及執行效率都不錯，建議訊息通知顯示可分已讀、未讀，日期時間最上面或分開，注意事項固定在下方就免了。小工具的即時匯率，建議能依照主畫面的選擇排列。謝謝。,2020-02-13 10:55:14
Google 使用者,5,好用,2020-02-13 08:57:37
Google 使用者,5,很用心設計,2020-02-12 18:28:44
Google 使用者,5,謝謝提供好用app.,2020-02-12 14:07:27
Google 使用者,5,畫面簡潔明了，容易上手,2020-02-12 10:17:31
Google 使用者,5,對於櫃檯的每位服務人員都給予滿分，非常熱誠。,2020-02-12 09:48:45
Google 使用者,5,讚,2020-02-12 04:07:27
Google 使用者,4,1.操作方便，考慮到客戶訴求。 2.常會更新，保持軟體最佳狀態。 3.不方便的也會定期更換功能或改善，尊重與客戶需求。 4.軟體開發實際應用，符合客戶狀況。 再繼續努力，加油~,2020-02-11 14:50:47
Google 使用者,4,很好用,2020-02-11 12:57:38
Google 使用者,1,無法更新,2020-02-11 11:31:51
Google 使用者,5,快速好用，字體顯示再大一點就更好了,2020-02-10 15:14:56
Google 使用者,5,好,2020-02-10 12:26:41
Google 使用者,5,好用,2020-02-10 11:56:21
Google 使用者,5,使用的相當不錯 目前沒遇到閃退過,2020-02-10 08:10:30
Google 使用者,5,簡單流暢。,2020-02-10 07:54:13
Google 使用者,1,我的帳密打對的他一直顯示帳密錯誤手勢解鎖也不能用真的無言,2020-02-10 01:12:10
Google 使用者,3,邦你記的分析只看得到月初前幾日，無法往右滑動,2020-02-09 11:33:55
Google 使用者,5,順手穩定好用,2020-02-09 01:07:01
Google 使用者,5,讚,2020-02-08 20:32:17
Google 使用者,5,很好用，操作簡單、資料完整,2020-02-08 11:21:14
Google 使用者,5,使用方便,2020-02-08 02:34:09
Google 使用者,4,還不是很順手,2020-02-07 13:47:46
Google 使用者,5,好用,2020-02-07 12:35:03
Google 使用者,4,可以很快查詢到自己想要的內容,2020-02-07 11:34:20
Google 使用者,5,方便快速好用,2020-02-07 09:05:56
Google 使用者,5,還不錯喔～加油,2020-02-06 23:16:30
Google 使用者,5,方便好用，程式零當機,2020-02-06 22:52:25
Google 使用者,4,當選用常用帳戶作為轉帳對象的時候，註記被取消了。,2020-02-06 20:46:12
Google 使用者,5,實用，方便，易操作，容易上手,2020-02-06 08:46:02
Google 使用者,5,工程師設計的很清楚明瞭，辛苦了,2020-02-06 00:30:53
Google 使用者,5,很方便好用,2020-02-05 20:57:35
Google 使用者,5,查詢存款餘額，很迅速。讚!,2020-02-05 18:35:26
Google 使用者,5,方便又迅速,2020-02-05 17:36:25
Google 使用者,5,使用畫面易操作，系統非常穩定。,2020-02-05 14:29:36
Google 使用者,3,功能還算完備，操作也簡易，只是最近常常打開就一直loading到逾時斷線。,2020-02-05 12:54:34
Google 使用者,4,棒,2020-02-05 11:29:19
Google 使用者,5,使用流暢,2020-02-05 11:06:21
Google 使用者,4,簡潔方便,2020-02-05 11:00:19
Google 使用者,1,今天為何都無法登入，在這天那麼重要的日子出包，實在不可取！反倒822的app就不錯,2020-02-05 10:28:49
Google 使用者,1,載入時間也太久，要登入一直轉loading，輸入帳號後根本登不進去只說系統更新或系統忙碌，請問是要怎麼用！？,2020-02-05 10:28:08
Google 使用者,4,滿好的,2020-02-05 09:07:30
Google 使用者,5,比之前的體驗好很多，感覺明顯進步，工程師們加油！,2020-02-05 00:05:34
Google 使用者,5,Ok,2020-02-04 20:23:08
Google 使用者,5,很好,2020-02-04 17:55:43
Google 使用者,5,非常好,2020-02-04 17:05:22
Google 使用者,3,一直下載不了,2020-02-04 16:53:42
Google 使用者,5,真的好上手,2020-02-04 14:03:38
Google 使用者,4,"這是我第一家使用行動銀行,後來也有試用其他家,比較起來富邦比較便利好用,蠻推薦的",2020-02-04 14:02:57
Google 使用者,5,方便,2020-02-04 09:05:06
Google 使用者,4,目前使用還不錯,2020-02-04 09:01:09
Google 使用者,5,好用,2020-02-03 19:38:14
Google 使用者,5,如果可以交更多的公共費用那就更棒了。,2020-02-03 18:20:29
Google 使用者,5,很好用方便安全,2020-02-03 14:58:29
Google 使用者,5,快速有效率,2020-02-03 14:39:14
Google 使用者,5,使用操作流程不複雜，對不善使用3Ｃ者，學習1次便可上手。謝謝！,2020-02-03 14:05:04
Google 使用者,3,Loding 太久,2020-02-03 13:39:59
Google 使用者,4,線上交易很方便,2020-02-03 13:06:14
Google 使用者,5,"操作還算流暢,但在手機上常按錯鍵被登出",2020-02-03 12:08:31
Google 使用者,1,最近都進不去,2020-02-03 12:07:10
Google 使用者,5,很好用，很方便。,2020-02-03 12:01:18
Google 使用者,5,使用順暢,2020-02-03 11:39:21
Google 使用者,5,好用,2020-02-03 09:15:37
Google 使用者,3,一直無法更新,2020-02-03 08:04:36
Google 使用者,4,Good,2020-02-03 00:12:58
Google 使用者,5,good,2020-02-02 23:49:59
Google 使用者,4,方便性高，可以順看定存期的利率會更好,2020-02-02 19:44:20
Google 使用者,5,很好用，用了很多年了。,2020-02-02 12:25:43
Google 使用者,4,簡單、方便、好用,2020-02-02 11:14:42
Google 使用者,5,好用喔✌,2020-02-01 22:35:56
Google 使用者,5,比其他 銀行方便很多,2020-02-01 17:28:36
Google 使用者,5,好用 實用,2020-02-01 17:28:35
Google 使用者,5,操作簡單明瞭、訊息快速正確,2020-02-01 16:02:23
Google 使用者,5,很方便好用,2020-02-01 15:24:37
Google 使用者,5,Good,2020-02-01 11:42:16
Google 使用者,5,介面清楚好操作,2020-02-01 09:57:17
Google 使用者,4,狂閃退 根本進不去,2020-02-01 09:28:59
Google 使用者,5,使用很順暢.,2020-02-01 09:23:14
Google 使用者,2,最近使用常常都loading很久，最後就連線逾時，請洽…，4g/wifi都一樣，尤其是轉帳與定存等功能，三星s10+手機。 使用手機瀏覽器的網銀就都正常，真無奈。,2020-02-01 08:32:14
Google 使用者,5,Very good,2020-02-01 00:50:28
Google 使用者,5,好用方便,2020-02-01 00:14:08
Google 使用者,5,很好,2020-01-31 18:19:41
Google 使用者,5,方便,2020-01-31 15:22:08
Google 使用者,5,方便,2020-01-31 03:53:15
Google 使用者,3,建議類定存單到期日具排序功能,2020-01-30 17:07:34
Google 使用者,4,很好！,2020-01-30 16:34:34
Google 使用者,5,很不錯，推推,2020-01-30 09:15:16
Google 使用者,4,簡單易用,2020-01-29 10:56:16
Google 使用者,5,趨勢圖落後實際秒跳，易誤判行情，只好考慮反向操作。,2020-01-28 22:39:50
Google 使用者,5,明瞭好操作,2020-01-28 04:47:17
Google 使用者,5,開始用,2020-01-27 13:30:57
Google 使用者,1,更新好幾次都無法完成,2020-01-26 22:54:48
Google 使用者,5,👍,2020-01-26 10:59:26
Google 使用者,5,使用方便，是目前用過最好用的銀行APP,2020-01-26 02:00:14
Google 使用者,4,對於沒有桌上型家用電腦查詢帳務的人來說是一個非常方便的軟體。,2020-01-25 16:48:38
Google 使用者,4,表達清楚,2020-01-23 22:35:01
Google 使用者,5,介面清楚使用方便,2020-01-23 21:34:59
Google 使用者,5,很方便操作做,2020-01-23 19:50:40
Google 使用者,4,"基本上操作很人性化而便利(偶爾轉帳的簡訊等很久或等不到，機率大概 5-10 % 左右 ) 這裡想提的是 一樣8月份已詢問過的問題 再次想知道，部份農會沒有銀行代碼，會補上嗎？(代碼 789) 銀行臨櫃工作人員態度都很好所以我盡量往來使用富邦銀行 可是因為APP轉帳其它銀行資訊資訊缺失，我只好改用國泰世華的帳戶及APP 操作 (奇怪他們家有吔? ) 迫使真正大筆的金額得用另外一家操作 >""<",2020-01-23 14:27:02
Google 使用者,3,無法更新,2020-01-23 12:12:54
Google 使用者,5,順暢好用,2020-01-23 06:14:30
Google 使用者,5,不錯用,2020-01-22 14:25:02
Google 使用者,5,非常方便實用,2020-01-22 14:23:57
Google 使用者,5,好用,2020-01-22 13:56:26
Google 使用者,1,更新超慢,2020-01-22 12:26:54
Google 使用者,5,介面簡單好用!,2020-01-22 11:46:03
Google 使用者,1,信用卡繳款後不易查詢有無繳納 容易造成重覆繳款 重覆繳款也無防呆機制,2020-01-22 10:48:07
Google 使用者,1,更新速度太慢，每月15日 設定的自動轉帳也沒有成功,2020-01-22 09:48:32
Google 使用者,3,如果線上跨行轉帳能有幾次免費的次數更好,2020-01-22 02:08:13
Google 使用者,1,強迫更新 不能用很爛,2020-01-21 15:30:53
Google 使用者,5,App介面使用便利,2020-01-21 15:24:41
Google 使用者,1,為何一定要更新？更新要下載卻載了N次還不行，導致完全無法使用了了,2020-01-21 15:23:14
Google 使用者,1,跑太慢了,2020-01-21 14:29:28
Google 使用者,5,簡捷好用,2020-01-21 11:53:36
Google 使用者,4,方便，可靠，正確，,2020-01-21 11:39:57
Google 使用者,5,很棒很好用,2020-01-21 09:47:25
Google 使用者,5,直覺化設計的很好用，迅速又方便。,2020-01-21 09:40:04
Google 使用者,5,功能齊全，操作簡單好用，訊息通知好用。,2020-01-21 06:06:05
Google 使用者,5,OK！,2020-01-20 20:44:55
Google 使用者,4,很好很流暢,2020-01-20 20:00:53
Google 使用者,5,方便,2020-01-20 19:46:59
Google 使用者,5,介面簡單 操作方便,2020-01-20 18:47:16
Google 使用者,5,讚,2020-01-20 17:48:25
Google 使用者,4,很方便,2020-01-20 17:45:35
Google 使用者,5,富邦好棒，我愛富邦,2020-01-20 16:59:16
Google 使用者,5,即時的消費簡訊超方便 不用登入即可看,2020-01-20 10:34:20
Google 使用者,5,Nice good +++.,2020-01-20 04:54:39
Google 使用者,5,流暢好用方便，介面清楚。目前銀行APP做的最好的。,2020-01-20 00:36:35
Google 使用者,4,很棒啊！,2020-01-19 22:51:39
Google 使用者,5,好用。,2020-01-19 21:30:51
Google 使用者,5,很方便,2020-01-19 19:47:25
Google 使用者,1,更新不了，一直轉圈圈，重新下載一樣,2020-01-19 17:15:29
Google 使用者,5,無法升級喔快修復喔,2020-01-19 16:28:59
Google 使用者,1,系統無法更新，一直在等候下載,2020-01-19 16:16:57
Google 使用者,3,為什麼定存不能一開始就選定續存，別家都可以啊，真的不方便，蠢斃。,2020-01-19 15:08:52
Google 使用者,5,很棒,2020-01-19 14:06:13
Google 使用者,1,正在等待下載，一等等八個小時，隔天還是一樣情況，不知要載到何時?,2020-01-19 08:46:33
Google 使用者,1,更新完就無法登入了,2020-01-18 23:23:30
Google 使用者,5,即時知道匯率，棒棒,2020-01-18 22:00:39
Google 使用者,1,爛爆了,2020-01-18 19:32:06
Google 使用者,5,可以即時了解刷卡紀錄及防止被偷刷，不錯用的App，讚✨,2020-01-18 19:28:42
Google 使用者,5,介面清楚明確 操作無礙,2020-01-18 17:38:33
Google 使用者,1,無法下載更新,2020-01-18 17:32:23
Google 使用者,5,查詢方便 不用往返銀行或ATM,2020-01-18 17:17:41
Google 使用者,5,良好,2020-01-18 15:44:55
Google 使用者,3,下載時間感覺拖太久了！幾個小時還沒成功？,2020-01-18 15:21:11
Google 使用者,4,使用簡單,2020-01-18 14:42:45
Google 使用者,5,好,2020-01-18 13:19:17
Google 使用者,1,信用卡APP部分常常進不去 一直轉 超爛的APP 每次多要移除 再安裝才能進去 真是很爛的應該用程式 公司開發人員都不知道嗎？,2020-01-18 10:47:45
Google 使用者,5,方便便利，保密，讓我省下很多時間，太感謝富邦銀行了。,2020-01-18 10:00:39
Google 使用者,5,很方便,2020-01-18 09:43:23
Google 使用者,4,比起其他公營銀行，富邦的APP真的好太多了。,2020-01-18 08:04:34
Google 使用者,5,Ok,2020-01-18 07:01:12
Google 使用者,1,無法下載,2020-01-18 06:16:48
Google 使用者,5,😂,2020-01-18 04:42:18
Google 使用者,5,使用的很方便,2020-01-17 22:51:42
Google 使用者,1,可以不要一直更新升級好嗎？ 速度也沒比較快， 交易也沒立即更新通知啊～ 更新升級到的後速度更慢， 我可以刪除嗎？ 我真的不懂…,2020-01-17 21:52:55
Google 使用者,5,就好用，感謝你們,2020-01-17 20:12:37
Google 使用者,5,棒,2020-01-17 18:21:45
Google 使用者,5,不錯,2020-01-17 00:47:53
Google 使用者,5,很好用，謝謝,2020-01-17 00:36:32
Google 使用者,5,方便,2020-01-16 12:44:29
Google 使用者,4,好用,2020-01-16 07:05:11
Google 使用者,5,好的,2020-01-15 15:15:25
Google 使用者,5,太棒了！給予最高的肯定哦！,2020-01-15 14:34:58
Google 使用者,1,為何更新要好幾天呢？常常要用，這樣子很不便利,2020-01-15 10:48:37
Google 使用者,5,操作介面順暢好用,2020-01-15 08:48:04
Google 使用者,1,選項到底想表示什麼，不能正常點嗎,2020-01-15 00:17:15
Google 使用者,1,到登入畫面就卡住一直轉圈 完全登不進去,2020-01-14 23:17:30
Google 使用者,5,不錯用，👍,2020-01-14 22:05:20
Google 使用者,5,贊,2020-01-14 09:42:26
Google 使用者,1,昨天還可以使用，今天改版完怎樣都登入不了,2020-01-14 01:37:40
Google 使用者,4,我之前明明輸入是正確的密碼，卻說是錯的。我還要出門去atm重新辦理，後來我搞不定就打給客服，一個小姐接聽，她態度很好，幫助我設定好密碼。所以給四顆星。,2020-01-12 21:24:07
Google 使用者,4,介面不錯很容易操作，讚,2020-01-12 14:20:44
Google 使用者,3,一直用來都不錯，最近朋友的富邦APP上的轉帳QR CODE 再我手機上顯示無法辨識 ，直接用手機掃描畫面就可以辨識，麻煩請確認看看,2020-01-12 14:10:25
Google 使用者,5,加油,2020-01-12 12:21:37
Google 使用者,2,未說明主、支目錄選項的勾選；以繼續到所目的,2020-01-12 10:31:28
Google 使用者,5,好用,2020-01-11 11:16:13
Google 使用者,5,越來越好用了,2020-01-11 10:40:35
Google 使用者,5,good !,2020-01-11 09:15:54
Google 使用者,1,程式內進帳慢,2020-01-10 15:33:12
Google 使用者,5,介面操作順暢,2020-01-10 15:17:37
Google 使用者,5,簡易實用，讚,2020-01-10 12:49:12
Google 使用者,4,方便,2020-01-10 12:28:01
Google 使用者,5,簡單好用，速度快,2020-01-10 11:59:41
Google 使用者,5,👍,2020-01-10 11:29:51
Google 使用者,2,為什麼現在不用登入就可以看到餘額？ 隱私都曝光了。入款通知沒即時通知,2020-01-10 00:19:41
Google 使用者,5,實用哦,2020-01-09 20:24:24
Google 使用者,5,很方便,2020-01-09 19:58:01
Google 使用者,5,好用,2020-01-09 12:17:54
Google 使用者,5,功能健全,2020-01-08 18:17:05
Google 使用者,5,Very good,2020-01-08 08:32:18
Google 使用者,5,好用又方便,2020-01-07 21:32:57
Google 使用者,5,棒,2020-01-07 21:01:24
Google 使用者,5,很方便 要轉帳或查明細,2020-01-07 16:51:57
Google 使用者,5,是我用過最好用的網銀,2020-01-06 14:29:20
Google 使用者,5,希望能在轉帳明細上增加隱藏部份帳號及可用餘額的功能,2020-01-06 11:20:32
Google 使用者,5,方便,2020-01-06 11:02:44
Google 使用者,5,方便實用,2020-01-06 10:59:28
Google 使用者,5,棒,2020-01-06 09:28:09
Google 使用者,5,很方便,2020-01-06 09:02:07
Google 使用者,3,很難登入進去，常常都卡在loading畫面……,2020-01-06 00:47:15
Google 使用者,5,操作簡單順暢,2020-01-06 00:16:26
Google 使用者,4,Good and smooth,2020-01-05 22:21:38
Google 使用者,4,如果再加上可以代繳貸款功能會更好,2020-01-05 22:00:50
Google 使用者,5,很方便喔,2020-01-05 21:53:17
Google 使用者,1,每次要用的時候都在更新。超不方便,2020-01-05 20:45:03
Google 使用者,5,很好用,2020-01-05 12:09:16
Google 使用者,5,讚,2020-01-05 11:28:35
Google 使用者,5,很方便！很好用！,2020-01-05 08:38:09
Google 使用者,4,The UI is good use.,2020-01-05 06:47:24
Google 使用者,5,棒,2020-01-05 05:00:19
Google 使用者,5,方便好用,2020-01-04 20:28:44
Google 使用者,5,好用,2020-01-04 19:23:57
Google 使用者,5,Good,2020-01-04 18:54:06
Google 使用者,5,方便，快速，很棒的app,2020-01-04 12:51:32
Google 使用者,4,很好用,2020-01-04 10:35:45
Google 使用者,5,好用，方便,2020-01-04 09:17:28
Google 使用者,1,更新之後都要使用者代碼重新登入，重新補發使用者代碼又等上4小時才收到訊息，非常不便民,2020-01-04 08:48:06
Google 使用者,4,流暢且快速,2020-01-04 04:11:03
Google 使用者,5,蠻好用 人性化,2020-01-03 23:49:52
Google 使用者,5,分類清楚，容易操作，棒！,2020-01-03 21:28:49
Google 使用者,4,滿好用的,2020-01-03 19:32:27
Google 使用者,5,方便,2020-01-03 19:29:07
Google 使用者,5,寫的很棒,2020-01-03 18:29:07
Google 使用者,5,"網路銀行功能簡單、方便明瞭,很好用.",2020-01-03 15:52:17
Google 使用者,5,Really convenient!,2020-01-03 13:45:16
Google 使用者,5,不錯用,2020-01-03 13:25:06
Google 使用者,5,簡便迅速,2020-01-03 12:24:12
Google 使用者,5,服務愈來愈好，尤其是訊息通知，還加入指紋登入，很實用。,2020-01-03 11:10:14
Google 使用者,5,方便實用,2020-01-03 10:46:33
Google 使用者,5,非常好用,2020-01-03 08:54:50
Google 使用者,5,非常好用，希望可以針對「邦你存」添加範例說明,2020-01-03 08:20:07
Google 使用者,5,實用性質高,2020-01-03 06:25:54
Google 使用者,3,還不錯,2020-01-02 23:55:49
Google 使用者,5,好用,2020-01-02 23:45:21
Google 使用者,4,nice,2020-01-02 22:45:06
Google 使用者,5,好用,2020-01-02 21:10:10
Google 使用者,5,謝謝你,2020-01-02 20:32:11
Google 使用者,5,操作簡便，人性化，安全程序到位！,2020-01-02 19:14:32
Google 使用者,5,流暢，容易使用,2020-01-02 18:08:40
Google 使用者,5,常用帳戶的設置非常方便，謝謝工程師們的付出，新年快樂～,2020-01-02 15:04:42
Google 使用者,5,方便,2020-01-02 13:35:09
Google 使用者,5,使用方便，操作便利，設計用心。,2020-01-02 13:28:57
Google 使用者,5,謝謝工程師開發出這麼好用的app。,2020-01-02 13:07:20
Google 使用者,5,很人性化，用起來很容易，不用下載2各app,2020-01-02 12:27:59
Google 使用者,5,操作簡單、容易上手。,2020-01-02 09:24:41
Google 使用者,4,簡單，明瞭。,2020-01-02 02:40:55
Google 使用者,5,讚,2020-01-01 22:40:59
Google 使用者,4,方便好用,2020-01-01 21:52:26
Google 使用者,5,實用！,2020-01-01 21:05:10
Google 使用者,5,Very Good,2020-01-01 20:47:01
Google 使用者,5,轉帳功能,2020-01-01 19:19:23
Google 使用者,5,很好用，速度快,2020-01-01 18:19:25
Google 使用者,5,知道整個架構後，很好使用,2020-01-01 17:50:08
Google 使用者,4,很好,2020-01-01 17:31:08
Google 使用者,5,棒👍,2020-01-01 14:29:07
Google 使用者,5,讚,2020-01-01 12:46:15
Google 使用者,4,轉帳方便快速,2020-01-01 11:02:32
Google 使用者,5,方便好用,2020-01-01 10:33:33
Google 使用者,5,使用方便 字體大小適中 速度很快,2020-01-01 10:11:09
Google 使用者,5,方便，好用,2020-01-01 10:04:47
Google 使用者,5,非常好,2020-01-01 09:43:16
Google 使用者,5,使用方便流程易懂,2020-01-01 05:05:32
Google 使用者,5,方便好用,2020-01-01 02:45:58
Google 使用者,5,易懂 好操作,2019-12-31 17:58:30
Google 使用者,5,不錯用,2019-12-31 11:31:06
Google 使用者,5,Good job,2019-12-30 23:03:42
Google 使用者,5,好用,2019-12-30 16:30:11
Google 使用者,4,好用,2019-12-30 09:40:33
Google 使用者,4,Good,2019-12-30 09:10:33
Google 使用者,5,免登查詢非常棒,2019-12-30 00:05:10
Google 使用者,5,簡單好用,2019-12-29 11:38:01
Google 使用者,5,Perfact,2019-12-28 20:00:08
Google 使用者,1,華為mate10 不能更新,2019-12-28 16:30:36
Google 使用者,1,12/2的版本一直都沒辦法更新啊 移除舊有版本，也沒辦法再次安裝，到底……,2019-12-28 15:34:05
Google 使用者,4,好用,2019-12-28 10:53:21
Google 使用者,5,很方便，謝謝,2019-12-27 20:18:26
Google 使用者,5,讚,2019-12-27 10:49:51
Google 使用者,4,方便好用,2019-12-27 08:42:36
Google 使用者,1,相比其他家，登入的機制真的很不友善，嚴密到造成困擾…,2019-12-26 23:24:04
Google 使用者,5,目前用過最順手的網銀程式,2019-12-26 20:52:42
Google 使用者,5,大膽去使用 ，不會再請教。,2019-12-26 14:41:38
Google 使用者,5,棒,2019-12-26 11:30:06
Google 使用者,5,真方便、好用,2019-12-26 01:31:16
Google 使用者,5,快速,2019-12-25 22:49:22
Google 使用者,5,👍👍👍,2019-12-25 21:26:56
Google 使用者,5,good,2019-12-25 16:32:06
Google 使用者,3,登入之後看不到帳戶存款的選項，你們工程師是在做什麼的，程式怎麼寫的 我當然知道左上角，點開之後有存款那個選項可以查看，但是，我的重點是我沒有登入帳戶有看到存款的選項，登入帳號之後卻沒有 覺得 貴公司客服小編很認真又有耐心的回覆，3顆星是給客服的,2019-12-25 12:30:58
Google 使用者,3,字體太小了，麻煩放大字體,2019-12-25 03:33:06
Google 使用者,4,直覺便利,2019-12-24 21:25:24
Google 使用者,5,操作方便,2019-12-24 19:33:04
Google 使用者,2,更新後不能再像以前一樣以他行帳戶繳信用卡費了！,2019-12-24 17:16:36
Google 使用者,1,一強迫更新但又一直下載不了，太爛了,2019-12-24 16:29:34
Google 使用者,5,Good,2019-12-23 20:51:21
Google 使用者,5,方便 直觀,2019-12-23 20:41:37
Google 使用者,5,覺得比其他銀行的app好用，用的很習慣。,2019-12-23 09:19:10
Google 使用者,2,太常更新了,2019-12-22 15:42:44
Google 使用者,1,app用起來很卡，然後網頁版與手機不能同時登入很不方便,2019-12-22 10:54:12
Google 使用者,3,最近很常顯示無法與本行系統連線，請確認網路，可是我的網路就沒什麼問題，變成我要看帳戶餘額什麼都不行,2019-12-21 23:03:27
Google 使用者,5,讚,2019-12-21 19:27:31
Google 使用者,5,很好用 ',2019-12-21 13:19:33
Google 使用者,5,太棒了，登入簡便，選取直覺,2019-12-21 08:08:31
Google 使用者,5,好,2019-12-20 16:12:46
Google 使用者,5,簡單明瞭，方便好用,2019-12-20 13:35:38
Google 使用者,5,不錯,2019-12-20 13:24:48
Google 使用者,5,可以更新,2019-12-20 12:10:34
Google 使用者,5,速度快,2019-12-20 09:21:27
Google 使用者,5,麻煩工程師將超商繳款自行設定條碼的規定三次拿掉，因為新手有時會去測試，或者金額打錯時，只要超過三次它就鎖住，很不人性化。 開放這個功能為無限次，應該不會影響任何繳費的問題，反而會讓用戶方便許多,2019-12-20 02:54:55
Google 使用者,5,讚,2019-12-19 23:18:07
Google 使用者,1,請問什麼時候三星手機可以用指紋登入，受不了每次打密碼。,2019-12-19 22:47:36
Google 使用者,5,值得推薦的APP !,2019-12-19 17:02:08
Google 使用者,1,不好用,2019-12-19 14:13:21
Google 使用者,5,非常好,2019-12-19 13:38:47
Google 使用者,5,方便,2019-12-19 11:22:09
Google 使用者,5,太棒啦！,2019-12-19 08:39:46
Google 使用者,4,目前無想法,2019-12-18 23:24:01
Google 使用者,4,尚未体驗過,2019-12-18 21:14:53
Google 使用者,5,謝謝工程師定期抓臭蟲🤗,2019-12-18 21:01:05
Google 使用者,5,不錯用,2019-12-18 19:22:18
Google 使用者,5,使用速度快,2019-12-18 17:50:55
Google 使用者,4,常更新不錯,2019-12-18 17:02:37
Google 使用者,1,無法下載更新！不更新就完全不能使用，造成很大的不便！,2019-12-18 16:10:02
Google 使用者,4,好,2019-12-18 12:43:17
Google 使用者,1,已經更新ing二天了，還在更，圈圈轉不停，就是進不去，是不是有什麼問題呢？! 拜託解決一下，我需要轉帳啊……已哭,2019-12-18 11:35:36
Google 使用者,1,"為何每天都要更新？還要我釋出其他程式的App,造成我困擾",2019-12-18 02:00:30
Google 使用者,5,非常符合我的需求，查詢一目了然,2019-12-17 20:14:14
Google 使用者,5,方便,2019-12-17 17:55:06
Google 使用者,5,非常好,2019-12-17 16:57:58
Google 使用者,5,讚,2019-12-17 15:34:10
Google 使用者,4,Ok,2019-12-17 13:30:02
Google 使用者,5,非常好用方便,2019-12-17 11:38:32
Google 使用者,1,密碼規定實在太複雜，身分證外還要使用者代碼，又不能記憶，到底是公司防護能力太弱還是困擾客戶？跟元大玉山使用感也差太多了,2019-12-17 10:07:36
Google 使用者,4,尚可,2019-12-17 09:39:02
Google 使用者,5,非常棒,2019-12-17 04:28:16
Google 使用者,3,明明頁面寫跨行轉帳當日首筆$500下免手續費，請問為何仍然會收？,2019-12-16 18:40:22
Google 使用者,5,好用,2019-12-16 17:28:25
Google 使用者,5,簡單方便,2019-12-16 16:44:01
Google 使用者,4,很方便,2019-12-16 16:41:18
Google 使用者,5,很好用,2019-12-16 16:06:15
Google 使用者,5,不能用,2019-12-16 13:38:00
Google 使用者,5,介面可以再美觀一點，操作起來很順手，非常棒喔！,2019-12-16 12:53:15
Google 使用者,4,好,2019-12-16 12:46:36
Google 使用者,5,Nice,2019-12-16 12:39:52
Google 使用者,5,超好用,2019-12-16 10:19:23
Google 使用者,5,很好用的阿！,2019-12-16 07:30:47
Google 使用者,5,無敵方便,2019-12-16 05:46:42
Google 使用者,4,很棒,2019-12-15 23:46:40
Google 使用者,5,App寫的還不算難用，台新的app可以指紋辨識登入，否可以建議把指紋辨識加入一下，每次打密碼的很麻煩,2019-12-15 19:46:43
Google 使用者,5,讚,2019-12-15 18:38:06
Google 使用者,5,讚,2019-12-15 11:14:46
Google 使用者,1,已經兩天無法下載更新,2019-12-15 10:31:16
Google 使用者,4,Good,2019-12-15 03:21:37
Google 使用者,1,忘記密碼的程序非常不便民，被鎖了決定直接刪除App,2019-12-14 22:56:03
Google 使用者,5,很用心維護程式 謝謝,2019-12-14 21:41:02
Google 使用者,5,很好,2019-12-14 21:02:48
Google 使用者,4,有點不明白 奈米投_點進去需登入 進入後_告知會離開網銀需退出,2019-12-14 17:59:37
Google 使用者,5,很方便，實用。,2019-12-14 16:54:38
Google 使用者,1,超爛系統,2019-12-14 15:59:45
Google 使用者,1,急著使用 但強迫一定得先更新才能繼續操作 覺得很不方便,2019-12-14 13:20:25
Google 使用者,5,棒,2019-12-14 09:37:17
Google 使用者,4,使用算流暢,2019-12-14 08:20:41
Google 使用者,5,不錯用,2019-12-14 06:49:16
Google 使用者,2,刷卡顯示在app的時間太慢,2019-12-14 04:36:33
Google 使用者,5,好用,2019-12-14 03:47:38
Google 使用者,4,很好,2019-12-14 01:06:57
Google 使用者,5,用過最便利與反應迅速的網銀APP,2019-12-13 23:29:16
Google 使用者,1,今天無法登入，請問是在維修嗎？ 2019/12/13 強迫更新又無法下載，請問該怎麼處理,2019-12-13 23:05:46
Google 使用者,5,Best,2019-12-13 18:13:53
Google 使用者,5,非常好用的app,2019-12-13 17:30:18
Google 使用者,5,滿好用的,2019-12-13 17:28:34
Google 使用者,5,棒👍,2019-12-13 14:06:12
Google 使用者,1,爛死了 原本就有富邦信用卡 想說申辦信用卡網路會員要繳費 根本登入不了 一開始顯示資料錯誤 到後面變成密碼錯誤 請問是在整人嗎,2019-12-13 13:59:50
Google 使用者,5,很好用,2019-12-12 18:14:37
Google 使用者,5,很方便，謝謝,2019-12-12 17:19:00
Google 使用者,5,方便迅速,2019-12-12 17:17:39
Google 使用者,4,有在改進,2019-12-12 14:05:25
Google 使用者,5,操作介面簡潔易懂,2019-12-12 12:51:49
Google 使用者,5,很方便!,2019-12-12 10:58:44
Google 使用者,1,用那麼多家，唯獨你們的最難用,2019-12-12 09:36:58
Google 使用者,1,不支援pixel臉部辨識…,2019-12-12 09:17:50
Google 使用者,4,簡單明瞭，很好使用的app,2019-12-12 01:16:46
Google 使用者,3,not friendly,2019-12-12 00:55:39
Google 使用者,5,很即時，很便利！感謝你們的辛勞！,2019-12-11 16:01:23
Google 使用者,5,好用的App,2019-12-11 15:43:26
Google 使用者,5,讚,2019-12-11 12:15:42
Google 使用者,5,不錯用！,2019-12-11 07:52:29
Google 使用者,5,good,2019-12-11 01:49:41
Google 使用者,5,不錯用,2019-12-10 17:01:44
Google 使用者,4,使用方便，實用,2019-12-10 10:53:22
Google 使用者,5,加入多種登入方式，變得方便多了,2019-12-10 10:14:08
Google 使用者,5,Good,2019-12-10 03:43:25
Google 使用者,5,簡單，好用,2019-12-08 12:53:37
Google 使用者,5,畫面有點亂，但大致還可以,2019-12-08 11:09:27
Google 使用者,5,清楚明白,2019-12-08 10:20:35
Google 使用者,5,介面設計佳，容易操作，服務項目齊全，穩定性極高，幫諮詢部門人員按個讚！,2019-12-07 22:16:54
Google 使用者,1,濫爛,2019-12-07 21:42:17
Google 使用者,5,轉帳速度很快,2019-12-07 16:28:44
Google 使用者,3,更新完連進入首頁都沒辦法,2019-12-07 15:37:44
Google 使用者,4,還不錯用,2019-12-07 10:25:57
Google 使用者,5,Good,2019-12-07 10:23:10
Google 使用者,3,顯示富邦行動銀行停用，無法開啟?,2019-12-07 08:49:45
Google 使用者,5,目前使用過的行動銀行App，最好用的操作介面。,2019-12-07 08:41:03
Google 使用者,3,跨行轉帳，請開啟 附言，簡單幾個英文數字字也行，如此 功能才完整。,2019-12-07 04:02:03
Google 使用者,5,簡單易操作.很棒.再加油哦！,2019-12-07 01:55:20
Google 使用者,5,好用，方便,2019-12-06 23:30:51
Google 使用者,5,GOOD,2019-12-06 16:10:24
Google 使用者,5,贊,2019-12-06 14:05:37
Google 使用者,5,還不錯用 該有的都有了,2019-12-06 12:33:18
Google 使用者,5,頁面清楚好操作,2019-12-06 10:45:41
Google 使用者,4,好操作,2019-12-06 09:44:30
Google 使用者,1,帳密的規則很妨礙使用，規定到過度刻意讓人難以記住，忘記了也難以尋回，無法網路重新申辦，一定要跑銀行，更誇張的是更動網銀資料之後竟然連對賬單的密碼都突然毫無預警被換掉，現在每個月的對賬單都無法開啟。不是每個人每天都有那麼多時間天天跑銀行。 再怎麼優秀的app，登入機制不友善的情況下，根本都沒有辦法開始用啊！,2019-12-06 01:55:34
Google 使用者,4,不錯用,2019-12-05 21:56:23
Google 使用者,5,很好的,2019-12-05 21:47:20
Google 使用者,1,動不動就要更新升級，升級又卡半天，真的很爛！！,2019-12-05 21:21:44
Google 使用者,4,查詢各項資訊都方便！,2019-12-05 20:07:26
Google 使用者,5,方便且人性化,2019-12-05 20:06:32
Google 使用者,5,簡單快速,2019-12-05 16:56:29
Google 使用者,1,誇張。動態密碼傳到時，都超過使用時限，在開玩笑嗎？,2019-12-05 16:45:57
Google 使用者,4,很方便的程式，但一直說無法與本行取得連線，重新下載也沒用。 問題已改善，謝謝。,2019-12-05 16:38:12
Google 使用者,5,簡單好用,2019-12-05 15:09:39
Google 使用者,5,喝好使用,2019-12-05 14:28:57
Google 使用者,5,方便好用,2019-12-05 14:11:47
Google 使用者,5,好用,2019-12-05 11:59:48
Google 使用者,5,非常好用,2019-12-05 11:38:54
Google 使用者,5,Easy,2019-12-05 06:28:04
Google 使用者,5,目前為止都不錯,2019-12-04 16:11:03
Google 使用者,5,好用,2019-12-04 16:07:14
Google 使用者,5,很棒,2019-12-04 15:19:19
Google 使用者,5,首頁各項功能歸類清楚，查詢容易快速,2019-12-04 11:32:46
Google 使用者,5,介面簡單，容易操作,2019-12-04 09:55:04
Google 使用者,5,連結速度反應快速讚！,2019-12-03 22:45:00
Google 使用者,5,超讚的！,2019-12-03 22:10:21
Google 使用者,5,方便,2019-12-03 17:04:46
Google 使用者,5,讚,2019-12-03 14:51:32
Google 使用者,3,無法下載,2019-12-03 13:07:25
Google 使用者,5,使用系統設計的滿好的。,2019-12-03 10:01:37
Google 使用者,5,畫面簡單明瞭，操作方便！,2019-12-03 09:07:58
Google 使用者,4,系統規劃簡單明瞭,2019-12-03 07:59:11
Google 使用者,5,介面清爽實用、簡單有規律的呈現帳戶現況與風險提醒，相較其他銀行繁瑣甚至累贅的防呆操作，著實親民踏實的多；值得給予鼓勵。,2019-12-03 07:03:13
Google 使用者,1,爛爆了，要轉帳時，試了三次都收不到驗證碼。也沒有『重發』按鈕可以按，一定要回到上一頁，所有資料重key.然後到下一頁，之後又在收不到驗證碼～火大。 別家都有120秒後，可以按『重發』鈕，更新一下app吧！,2019-12-03 02:08:57
Google 使用者,5,棒,2019-12-03 00:31:07
Google 使用者,3,讚,2019-12-02 22:05:51
Google 使用者,4,順暢,2019-12-02 19:55:38
Google 使用者,5,很方便，速度快,2019-12-02 19:02:16
Google 使用者,5,目前使用過的銀行app介面最好用的👍,2019-12-02 12:49:56
Google 使用者,5,Good App,2019-12-02 12:40:01
Google 使用者,5,很好用,2019-12-02 12:29:43
Google 使用者,5,很好,2019-12-02 12:24:41
Google 使用者,5,很實用的APP,2019-12-02 10:41:05
Google 使用者,5,好用,2019-12-02 09:31:01
Google 使用者,4,方便操作,2019-12-02 09:29:47
Google 使用者,5,好用速度快,2019-12-02 08:20:05
Google 使用者,5,整體使用非常好用，畫面也很清楚明了，只能説好用，也只能說很好用。,2019-12-02 02:11:24
Google 使用者,5,方便實用,2019-12-02 01:17:09
Google 使用者,5,很方便使用 也很節省時間!,2019-12-01 21:57:27
Google 使用者,5,"比台新的app好用多了又穩定,不會因為是舊手機及舊程式,台新光登入就一直閃退。",2019-12-01 20:45:31
Google 使用者,5,簡單好用,2019-12-01 18:04:35
Google 使用者,5,好,2019-12-01 17:46:44
Google 使用者,5,設計介面很好用，比其他銀行好操作許多，加油！,2019-12-01 11:43:34
Google 使用者,5,方便好用,2019-12-01 09:29:48
Google 使用者,5,簡單方便,2019-12-01 09:29:28
Google 使用者,5,滿意,2019-12-01 09:17:20
Google 使用者,5,使用上很方便,2019-12-01 08:55:20
Google 使用者,5,讚,2019-12-01 08:26:28
Google 使用者,5,簡單方便的操作,2019-12-01 02:11:08
Google 使用者,4,很好,2019-11-30 15:59:33
Google 使用者,5,很好的體驗,2019-11-29 21:47:49
Google 使用者,5,好,2019-11-29 15:31:43
Google 使用者,4,很方便迅速獲得個人理財資訊,2019-11-29 10:47:48
Google 使用者,1,不能用，我要繳費啊……怎麼辦,2019-11-29 01:16:34
Google 使用者,5,本身覺得媲美國外的等級了！實用!,2019-11-28 19:35:36
Google 使用者,2,一直沒辦法快速登入，顯示身分證或使用者帳戶錯誤，到底是什麼問題？一般登入又沒有問題，真的很困擾,2019-11-28 18:01:14
Google 使用者,5,方便快速,2019-11-28 15:04:58
Google 使用者,5,good,2019-11-28 11:50:37
Google 使用者,5,Good,2019-11-28 10:50:37
Google 使用者,1,哈樓！？不要再給我轉圈圈好嗎,2019-11-27 10:55:48
Google 使用者,5,使用很簡單!非常方便喔～,2019-11-27 09:09:36
Google 使用者,4,我想安裝這個app，一直呈現「正在等待下載」……，這樣正常嗎？ 幾乎下載整天，還好成功~ 還不錯用。,2019-11-27 08:53:44
Google 使用者,2,富邦的APP非常不好使用，常常當機，光是登錄就可以當機，造成使用者非常不便利,2019-11-26 12:55:16
Google 使用者,1,一直在更新維護到底是為什麼 要查個帳單名細都沒辦法 要人工打電話的話 何必設置app呢,2019-11-26 07:36:12
Google 使用者,5,很方便,2019-11-25 12:32:44
Google 使用者,5,優質軟體,2019-11-25 09:35:09
Google 使用者,5,棒棒,2019-11-25 08:20:18
Google 使用者,5,Good,2019-11-25 01:16:55
Google 使用者,5,介面設計不錯,2019-11-23 20:47:24
Google 使用者,5,非常容易操作,2019-11-23 00:11:15
Google 使用者,3,太常更新很麻煩。,2019-11-22 20:06:49
Google 使用者,5,Good,2019-11-22 11:51:36
Google 使用者,1,很爛，常常登不進去,2019-11-21 15:41:48
Google 使用者,5,方便,2019-11-21 12:52:18
Google 使用者,5,Good.,2019-11-20 22:17:28
Google 使用者,3,昨晚登入就開始呈現loading進不去哦 再麻煩處理 信箱有收到登入成功的信 但就是一直等待進不去,2019-11-20 13:18:00
Google 使用者,4,Good,2019-11-19 22:15:30
Google 使用者,5,可依使用習慣設定,2019-11-19 21:28:50
Google 使用者,4,很方便简潔,2019-11-19 16:05:46
Google 使用者,5,好用～,2019-11-19 13:47:07
Google 使用者,1,跟其他加app比起來使用上不是很順暢,2019-11-19 00:46:39
Google 使用者,1,今天無法登入，要用數位客服登入要我選擇“另一個螢幕”顯示數字…我就用手機，哪來另一個螢幕？ 只有一直說網路有問題…除了你們以外的所有程式都能用，實在是… 何時處理完再看是否需要改評價了。,2019-11-18 22:33:39
Google 使用者,1,登入後既然自己跳出，信用卡優惠登入不可使用，我準備剪卡了，忠誠你們富邦，結果這樣子對我，看開了，爛銀行,2019-11-18 20:44:25
Google 使用者,5,功能操作使用很清楚,2019-11-18 10:11:49
Google 使用者,5,好用,2019-11-17 17:34:09
Google 使用者,5,好用,2019-11-16 20:20:27
Google 使用者,4,方便容易上手。,2019-11-16 19:09:19
Google 使用者,1,更新不了……無限迴圈……經過了一個禮拜還是一樣 移除App後想重新安裝也沒辦法，到底怎麼了？,2019-11-16 19:06:02
Google 使用者,3,一直更新 好麻烦,2019-11-16 17:54:30
Google 使用者,5,使用上蠻順手的，介面也會很清楚,2019-11-16 13:47:31
Google 使用者,5,很棒的網銀,2019-11-16 12:42:21
Google 使用者,2,要進行奈米投要先登入，登入後卻又提醒要人先離開，然後再開啟網頁... 奈米投不能再做得更便利嗎？,2019-11-16 12:23:51
Google 使用者,5,方便好用,2019-11-16 10:03:27
Google 使用者,5,有進步！,2019-11-15 16:08:42
Google 使用者,1,活動前5分鐘已經登錄，結果登入成功後在開始前被強制登出後就再也進不去了，一直loading了20幾分鐘還進不去,2019-11-15 15:21:01
Google 使用者,1,壞掉了嗎？沒辦法登入耶，你們知道嗎？,2019-11-15 15:14:13
Google 使用者,1,要進入登錄活動卻連基本登入無法 差評,2019-11-15 15:11:30
Google 使用者,1,不管是app或是桌機版網銀，一直無法登入成功，畫面都停在轉轉轉，下載app以來僅成功登入2-3次！超難用！,2019-11-15 15:11:09
Google 使用者,1,辦什麼pchome回饋，，都登不進去，耍人嗎？爛死了,2019-11-15 14:05:01
Google 使用者,5,讚。方便,2019-11-15 13:10:54
Google 使用者,5,三星指紋已經更新了，請恢復指紋功能，恢復再給五顆。,2019-11-15 13:08:12
Google 使用者,4,已可登入,2019-11-15 12:02:38
Google 使用者,5,好用,2019-11-15 05:18:33
Google 使用者,3,運用,2019-11-14 19:19:52
Google 使用者,1,App連下載都不能下載，要看餘額或交易紀錄還要自己開啟網頁。用網頁版看,2019-11-14 18:12:15
Google 使用者,1,登入要參加信用卡活動 app登不進說系統維護 用網頁登入又出現已登入行動銀行，要我登出， app都登入失敗出現系統維護了，為什麼要用網路銀行還不行,2019-11-14 14:10:14
Google 使用者,1,很常更新很麻煩,2019-11-14 14:00:52
Google 使用者,3,顏色對比稍稍淺了點,2019-11-14 11:40:52
Google 使用者,5,🤩💫✨,2019-11-14 10:16:40
Google 使用者,1,以前用asus的手機都好好的，最近換Samsung galaxy A50重新載了此應用程式，我有個人化這個應用程式，但有兩次經驗都是開起後回到原設定，不知道有沒有其他人遇到這個狀況，是手機問題還是程式問題？,2019-11-14 00:08:38
Google 使用者,1,史上最爛 app，做任何動作都要等半天,2019-11-13 15:56:52
Google 使用者,1,反應速度慢。 既然開放1111購物優惠，活動時間到了，就無法登入，簡直就是騙人,2019-11-13 15:43:04
Google 使用者,1,要登入momo活動回饋結果系統壅塞根本無法登入，可以優化系統嗎？,2019-11-13 15:32:46
Google 使用者,1,很棒,2019-11-13 12:20:06
Google 使用者,2,要申請快速方式登入（指紋）跑超久的都已經半小時了還是申請不出來，使用上不便民 而且常lag,2019-11-13 09:24:37
Google 使用者,5,程式穩定，界面清楚，不錯,2019-11-12 21:25:51
Google 使用者,5,好用,2019-11-12 20:46:37
Google 使用者,3,為何無法更新，下載好多次了都一直轉圈圈,2019-11-12 14:15:35
Google 使用者,5,很順暢，不錯用喔～,2019-11-12 11:40:41
Google 使用者,5,很好用,2019-11-11 16:59:51
Google 使用者,4,還不錯Y(＾_＾)Y,2019-11-11 15:12:20
Google 使用者,5,讚！讚！讚！,2019-11-11 13:44:05
Google 使用者,1,Must update and fail during emergency use,2019-11-11 13:34:44
Google 使用者,5,贊,2019-11-11 12:54:48
Google 使用者,1,爛東西,2019-11-10 21:56:28
Google 使用者,1,安卓6.0.1无法升级（已试多次，出现等待下载）-->接续清除play 商店资料，再关机与开机后，重新下载后问题解决。,2019-11-10 18:27:15
Google 使用者,5,很便利，沒有缺點,2019-11-10 14:36:22
Google 使用者,4,方便、人性化,2019-11-10 09:02:55
Google 使用者,4,不錯很方便,2019-11-10 03:02:22
Google 使用者,2,要開啟的時候網路說要更新，於是我就按下更新，結果更新了快一個小時了還沒更新成功?,2019-11-09 21:33:59
Google 使用者,5,讚,2019-11-09 18:20:07
Google 使用者,5,很便利,2019-11-09 17:37:03
Google 使用者,5,讚,2019-11-09 12:59:28
Google 使用者,5,很好,2019-11-09 12:35:15
Google 使用者,1,在大陸無法更新，老問題,2019-11-09 10:17:30
Google 使用者,5,非常實用,2019-11-09 09:28:52
Google 使用者,4,方便使用,2019-11-09 09:00:21
Google 使用者,5,好用,2019-11-09 06:05:04
Google 使用者,5,跨行轉帳每天一次免手續費,2019-11-08 23:25:34
Google 使用者,5,一個簡單又很嚴謹而且值得信任,2019-11-08 19:37:04
Google 使用者,5,很方便,2019-11-08 18:03:04
Google 使用者,5,好用,2019-11-08 14:29:49
Google 使用者,5,好用,2019-11-08 11:29:00
Google 使用者,1,無法更新下載,2019-11-08 10:48:53
Google 使用者,5,Groues! Wonderful! Terrific! Excellent!,2019-11-08 10:37:07
Google 使用者,5,快速！,2019-11-08 10:30:28
Google 使用者,1,程式一直啟動不了,2019-11-08 07:29:05
Google 使用者,4,為何無法更新，重新下載安裝也不行?,2019-11-08 04:42:51
Google 使用者,4,t 還不錯,2019-11-08 03:47:14
Google 使用者,5,好用,2019-11-07 20:04:44
Google 使用者,5,👍👍👍👍👍👍,2019-11-07 19:42:45
Google 使用者,5,很棒,2019-11-07 19:34:54
Google 使用者,5,Ok,2019-11-07 18:54:39
Google 使用者,5,很清晰明瞭的介面,2019-11-07 17:44:10
Google 使用者,5,很好用,2019-11-07 15:33:36
Google 使用者,1,更新也太頻繁了，到底是有什麼問題？,2019-11-07 15:19:44
Google 使用者,5,讚,2019-11-07 13:53:26
Google 使用者,1,系統要求更新，一直處於更新狀態，刪除後重新下載也下載不了，很難用就不要常常要求更新，這樣很困擾。,2019-11-07 13:14:43
Google 使用者,5,使用介面簡潔方便，配色看起來也很舒適。,2019-11-07 12:23:32
Google 使用者,4,這個app很好用,2019-11-07 11:13:05
Google 使用者,2,快速登入無法設定阿，點進去一直愛的魔力轉圈圈,2019-11-07 11:04:30
Google 使用者,4,使用的很順，介面也非常清楚,2019-11-07 11:03:52
Google 使用者,5,好用,2019-11-07 10:34:03
Google 使用者,1,升級一直卡著怎麼辦!,2019-11-07 09:33:51
Google 使用者,1,可以不要一直在更新好嗎？,2019-11-07 09:28:53
Google 使用者,4,ˊ使用方便,2019-11-07 09:26:37
Google 使用者,5,讚,2019-11-07 09:22:25
Google 使用者,5,分類清楚，方便,2019-11-07 08:23:51
Google 使用者,1,更新太慢了，而且常常在更新，速度超慢的，更新了一天还没好，超扯的,2019-11-07 08:10:00
Google 使用者,3,APP的消費訊息通知會漏訊... 明明有刷卡，也有收到通知mail，APP竟然完全沒出現該筆消費。,2019-11-07 07:16:34
Google 使用者,4,方便,2019-11-07 03:54:01
Google 使用者,5,很棒,2019-11-06 23:55:40
Google 使用者,5,很清楚，方便好用！！,2019-11-06 23:34:08
Google 使用者,4,👍,2019-11-06 23:09:24
Google 使用者,5,覺得設計很棒！,2019-11-06 21:32:36
Google 使用者,5,👍,2019-11-06 21:18:12
Google 使用者,5,用起來很方便,2019-11-06 21:15:51
Google 使用者,4,讃！,2019-11-06 19:47:32
Google 使用者,2,怎麼常常更新呢？,2019-11-06 19:14:42
Google 使用者,5,很快就完成。,2019-11-06 19:04:26
Google 使用者,5,方便,2019-11-06 19:03:44
Google 使用者,5,好用,2019-11-06 12:51:11
Google 使用者,5,清礎簡單的銀行App,2019-11-06 11:03:10
Google 使用者,5,很好用，也一直有在改善一些小地方。GOOD.,2019-11-06 09:34:24
Google 使用者,2,進行轉帳時，為了看別人傳過來的帳號而常會需要換畫面看資料（特別是自行輸入的帳戶），回來後會重新登入，整個轉帳的資訊都要重新輸入，相當不便,2019-11-06 08:31:54
Google 使用者,5,如果可以像中o信託那樣顯示餘額和實際可用餘額就更好了。,2019-11-06 00:29:04
Google 使用者,5,用很久，滿好用的。,2019-11-05 21:20:08
Google 使用者,3,主畫面匯率要是能調大小，會更好,2019-11-05 17:47:17
Google 使用者,5,很直覺 好用,2019-11-05 17:03:59
Google 使用者,2,卡在登入畫面動不了，電子信箱已通知登入，但就是進不去!!!,2019-11-05 15:02:12
Google 使用者,4,三星官方都已釋出指紋更新了，你們要什麼時候才恢復讓用戶正常使用？ 終於恢復了。不是每個用戶都有貼會造成問題的保護貼，你們要做這種判斷為何不提醒後開放用戶自己決定就好？,2019-11-05 14:58:29
Google 使用者,5,方便清楚,2019-11-05 12:50:33
Google 使用者,5,好用,2019-11-05 09:58:42
Google 使用者,5,1. 操作介面簡潔流暢 2. 訊息通知讓我更容易得知戶頭有金額進出 3. 轉帳用簡訊驗證也很方便 我現在反而較少使用網頁， 大多都使用 App 了：),2019-11-05 09:23:11
Google 使用者,5,Good,2019-11-05 08:46:21
Google 使用者,5,比很多銀行好用，希望能夠繼續維持,2019-11-05 08:16:01
Google 使用者,5,很便利,2019-11-05 07:47:47
Google 使用者,4,算是好用的APP，有些功能查詢較不方便不好找，如查詢預約轉帳,2019-11-05 07:21:57
Google 使用者,1,不好用,2019-11-04 17:03:03
Google 使用者,1,還可以,2019-11-04 16:58:01
Google 使用者,5,很方便，好操作。,2019-11-04 11:57:22
Google 使用者,5,好用 超方便的app,2019-11-04 09:13:44
Google 使用者,5,方便,2019-11-04 08:13:13
Google 使用者,5,快速明確簡單操作,2019-11-04 04:58:43
Google 使用者,5,好用的軟體，這值得鼓勵與推薦，感謝製作軟體的用心,2019-11-04 00:19:36
Google 使用者,4,跟其他家比起來人性化許多，介面功能都很好 希望更好,2019-11-03 22:44:55
Google 使用者,5,人性化,2019-11-03 21:19:52
Google 使用者,4,很方便,2019-11-03 19:00:11
Google 使用者,5,比其他銀行不管介面，還是方式都簡潔方便多了，感謝,2019-11-03 13:23:36
Google 使用者,4,使用界面很人性化，容易操作,2019-11-03 11:16:11
Google 使用者,5,方便好用！,2019-11-03 08:59:28
Google 使用者,4,很好操作,2019-11-02 20:19:39
Google 使用者,5,簡單使用,2019-11-02 15:18:28
Google 使用者,5,速度很快,2019-11-02 13:54:13
Google 使用者,5,好用,2019-11-02 11:07:37
Google 使用者,5,方便..線上作業 程式很穩定,2019-11-02 09:31:34
Google 使用者,5,好用👍👍👍,2019-11-02 02:46:29
Google 使用者,5,方便好用,2019-11-02 00:53:14
Google 使用者,5,Good job,2019-11-02 00:00:11
Google 使用者,5,讚,2019-11-01 21:29:22
Google 使用者,5,用過幾家網銀，你們的非常快速，使用很直覺。,2019-11-01 18:21:45
Google 使用者,5,很方便，好用,2019-11-01 17:40:02
Google 使用者,5,好操作，建議打密碼時英文與數字可以在同一畫面，這樣就完美。,2019-11-01 17:34:52
Google 使用者,5,方便快速！提醒系統也很即時，跟別家銀行比起來是順暢多了！,2019-11-01 14:39:53
Google 使用者,5,操作介面清楚,2019-11-01 14:16:05
Google 使用者,5,方便好用真棒棒,2019-11-01 14:05:04
Google 使用者,5,使用介面流暢~,2019-11-01 13:45:11
Google 使用者,4,非常實用,2019-11-01 13:33:41
Google 使用者,5,好用,2019-11-01 12:44:05
Google 使用者,5,方便，好用,2019-11-01 11:02:02
Google 使用者,4,好用,2019-11-01 10:26:03
Google 使用者,5,界面清楚易操作,2019-11-01 09:45:45
Google 使用者,5,簡單好用,2019-10-31 22:07:33
Google 使用者,1,到底在幹嘛 一下不能用一下無法連線 一下又說什麼重複登入還要等五分鐘,2019-10-31 19:38:59
Google 使用者,4,總體而言操作直覺好用，但介面轉換讀取速度如能再提升，使用體驗會更佳，另外希望能增加悠遊卡餘額顯示。 10/31 更新建議： 強烈建議取消登入後的「登入成功.......」視窗，這警告在二次使用後已喪失警示意義，而且離開登出是常識，故視窗本身除了讓使用者多一個操作動作感到煩躁外，並無存在價值。,2019-10-31 19:02:06
Google 使用者,5,貼心,2019-10-30 23:32:02
Google 使用者,5,Good,2019-10-30 22:11:28
Google 使用者,5,介面親民,2019-10-30 21:54:40
Google 使用者,4,無法設定指紋登入，顯示手機已被號碼綁定，即使在“行動裝置設定”中也沒有選項可改。,2019-10-30 09:54:06
Google 使用者,5,超方便又好用！繳費簡單,2019-10-30 01:07:20
Google 使用者,5,簡捷又方便，讚!,2019-10-29 21:20:41
Google 使用者,1,今天要登錄不知道為什麼一直卡在跳轉介面之後還顯示錯誤無法登入，可以幫忙解決這個問題嗎,2019-10-29 17:56:59
Google 使用者,1,App跟網站都無法進入，一直顯示系統忙碌中，很擾民。 讓我考慮不再使用貴家的信用卡,2019-10-29 17:51:24
Google 使用者,2,我有兩個帳號要用其中一個用快速登入，另一個就不好登入，是否登入介面還可以保有其他帳號輸入的介面,2019-10-29 08:54:23
Google 使用者,5,加油！,2019-10-28 23:37:13
Google 使用者,1,我確定帳號密碼沒錯，但就是無法登入，連續操作3次硬是被鎖碼，後來利用網路ATM重新設定密碼了，登入時還是判斷密碼錯誤，真的很蝦!,2019-10-28 23:36:53
Google 使用者,5,優質,2019-10-28 22:46:49
Google 使用者,5,Good,2019-10-28 21:17:47
Google 使用者,5,方便,2019-10-28 20:06:33
Google 使用者,3,很好用,2019-10-28 15:36:24
Google 使用者,5,👍👍👍,2019-10-28 13:03:17
Google 使用者,5,Great,2019-10-28 12:28:10
Google 使用者,5,操作蠻不錯的,2019-10-27 21:59:41
Google 使用者,5,很棒 很實用哦，繼續加油💯💯💯🤫,2019-10-27 18:09:13
Google 使用者,5,很方便,2019-10-26 16:04:32
Google 使用者,1,三星S10指紋辨識功能可以不要亂關嗎 媒體大肆報導就把功能全鎖 下次請先了解一下再動作好嗎 都更新了還不開辨識功能 真的很困擾,2019-10-26 09:45:45
Google 使用者,5,操作簡明,2019-10-25 22:01:32
Google 使用者,5,讚,2019-10-25 12:19:34
Google 使用者,5,User friendly,2019-10-25 10:55:04
Google 使用者,4,讚,2019-10-24 17:48:55
Google 使用者,1,即使s10系列有可能有指紋辨識被破解，也不是就直接強制停用吧，應該讓使用者自己選擇要不要繼續使用。,2019-10-24 08:55:18
Google 使用者,5,清楚好用,2019-10-23 19:48:43
Google 使用者,5,富邦好！富邦妙！富邦富邦呱呱叫！,2019-10-23 19:44:54
Google 使用者,5,比起其他銀行實用多了。,2019-10-23 13:22:24
Google 使用者,5,很好用,2019-10-23 09:39:40
Google 使用者,1,Samsung Note 4 Android 5.1.1 富邦行動銀行已停止,2019-10-23 00:36:59
Google 使用者,2,常常都卡在登錄畫面很久 30分鐘過去了 還進不去 很爛,2019-10-22 17:45:55
Google 使用者,1,無法更新安裝,2019-10-22 13:15:03
Google 使用者,3,更新太頻繁，偶爾看一下刷卡金額都要更新,2019-10-22 12:16:30
Google 使用者,5,多元方便,2019-10-22 12:07:48
Google 使用者,5,非常方便的app,2019-10-22 08:19:59
Google 使用者,1,無法登入。,2019-10-21 22:27:47
Google 使用者,5,讚呀,2019-10-21 21:52:18
Google 使用者,5,寫得不錯喔,2019-10-21 17:30:38
Google 使用者,1,連下載都載不下來,2019-10-21 14:20:09
Google 使用者,5,已經算很方便使用的app了,2019-10-21 12:59:56
Google 使用者,5,比其他銀行好用多了，很棒👍,2019-10-20 22:27:21
Google 使用者,5,非常滿意,2019-10-20 18:19:36
Google 使用者,5,謝謝您們的努力。,2019-10-20 11:07:58
Google 使用者,5,不錯!,2019-10-19 00:26:39
Google 使用者,5,好用,2019-10-18 17:40:27
Google 使用者,5,簡單明瞭，使用方便,2019-10-17 22:36:46
Google 使用者,5,目前使用過最佳的銀行App,2019-10-17 22:20:57
Google 使用者,4,😊😊,2019-10-17 20:33:57
Google 使用者,5,非常滿意😘😘😘😘😘,2019-10-17 17:31:00
Google 使用者,5,便利快數,2019-10-17 08:02:17
Google 使用者,5,好方便,2019-10-16 19:04:28
Google 使用者,5,非常好用~,2019-10-16 18:59:31
Google 使用者,5,讚,2019-10-16 11:12:26
Google 使用者,5,讚,2019-10-16 01:49:34
Google 使用者,5,讚,2019-10-15 22:29:49
Google 使用者,5,好方便,2019-10-15 21:24:56
Google 使用者,5,方便人性超優,2019-10-15 19:02:12
Google 使用者,4,方便好用,2019-10-15 12:56:29
Google 使用者,5,非常方便直覺,2019-10-14 18:27:06
Google 使用者,5,簡易好操作,2019-10-14 16:01:24
Google 使用者,5,好用,2019-10-14 11:21:49
Google 使用者,5,還不錯用,2019-10-14 09:08:27
Google 使用者,5,不錯，很方便,2019-10-14 07:52:21
Google 使用者,5,簡單好用,2019-10-13 17:19:43
Google 使用者,1,說我登入成功後一直在loading畫面 無法使用,2019-10-13 15:58:19
Google 使用者,1,只是更新而已，所有快速登入設定都不見了。全部都要重新登入一次，用戶設定快速登入就是不想去記使用者代號跟密碼。浪費十分鐘打市內電話問客服，也沒有解決方案。還要等上班時間臨櫃處理。差勁的更新經驗。,2019-10-13 11:14:46
Google 使用者,5,普通,2019-10-11 11:49:56
Google 使用者,5,說明清楚，步驟詳細,2019-10-10 14:45:23
Google 使用者,5,富邦是間好銀行 謝謝您們的服務 (✪ω✪),2019-10-10 14:30:36
Google 使用者,5,很棒,2019-10-10 14:17:56
Google 使用者,5,簡單快速 好用,2019-10-10 12:00:04
Google 使用者,3,無法一次性的退出，留一些屎尾，很討厭,2019-10-10 10:35:52
Google 使用者,4,覺得使用順暢,2019-10-10 10:32:58
Google 使用者,5,整體來說還算不錯,2019-10-10 08:40:43
Google 使用者,5,很棒,2019-10-10 01:22:43
Google 使用者,1,一直強迫更新我不更新不行嗎？,2019-10-10 00:03:12
Google 使用者,5,很好用,2019-10-09 21:35:32
Google 使用者,2,QR code在哪？,2019-10-09 17:46:17
Google 使用者,5,使用上很方便 說明了然,2019-10-09 16:43:03
Google 使用者,5,介面清楚，操作便捷,2019-10-09 10:26:31
Google 使用者,5,很方便使用！,2019-10-08 13:49:24
Google 使用者,5,讚,2019-10-08 12:23:47
Google 使用者,5,順暢明確,2019-10-08 07:43:42
Google 使用者,1,更新後狂卡，根本無法登入,2019-10-08 02:53:27
Google 使用者,5,Good,2019-10-07 22:11:14
Google 使用者,5,更新後速度很優,2019-10-07 22:01:42
Google 使用者,4,還滿方便操作,2019-10-07 21:26:27
Google 使用者,5,讚,2019-10-07 19:20:55
Google 使用者,1,不要每次都強迫更新，請考慮人在外地，無法更新然後無法使用的困擾。,2019-10-07 15:10:54
Google 使用者,3,一天到晚更新，使用不便,2019-10-07 10:11:17
Google 使用者,1,煩死了一直強迫更新,2019-10-07 08:42:02
Google 使用者,5,Nice,2019-10-07 00:09:18
Google 使用者,1,下載了2天還在跑。根本無法安裝,2019-10-06 22:15:55
Google 使用者,3,10月6日，無法更新升級使用，很麻煩！,2019-10-06 18:46:03
Google 使用者,5,好用,2019-10-06 17:36:24
Google 使用者,5,方便好用,2019-10-06 06:30:01
Google 使用者,5,good,2019-10-06 03:55:14
Google 使用者,5,目前介面簡潔好用，不用太複雜，分類清楚明瞭，辛苦了。,2019-10-05 16:50:02
Google 使用者,5,很喜歡用,2019-10-05 15:27:09
Google 使用者,5,讚,2019-10-05 13:38:59
Google 使用者,5,Lucky pay繳費很方便，又可愛,2019-10-05 12:39:56
Google 使用者,1,太慢,2019-10-05 12:17:59
Google 使用者,5,容易操作，無故障,2019-10-05 12:01:35
Google 使用者,4,不錯,2019-10-05 09:54:58
Google 使用者,5,還不賴,2019-10-05 08:40:01
Google 使用者,5,簡單上手,2019-10-05 08:08:42
Google 使用者,5,很好用,2019-10-05 03:49:55
Google 使用者,5,good,2019-10-04 23:19:49
Google 使用者,5,方便使用,2019-10-04 18:32:02
Google 使用者,1,更新後使用指紋辯識登入，卻一直跳出使用者已登入，需登出後再使用...重複N次都如此，也無登出選項。,2019-10-04 17:35:45
Google 使用者,5,讚,2019-10-04 16:55:18
Google 使用者,5,讚,2019-10-04 15:13:26
Google 使用者,4,常有作適時修訂，很好,2019-10-04 15:09:11
Google 使用者,5,正點,2019-10-04 14:47:34
Google 使用者,1,無法進入更新,2019-10-04 12:50:42
Google 使用者,4,相容性問題,2019-10-04 11:28:19
Google 使用者,4,睏是偵探日辭職外5 吳努辻次5日高支援起司吃;,2019-10-04 10:46:52
Google 使用者,1,無法更新，當機,2019-10-04 10:43:58
Google 使用者,4,好用,2019-10-04 09:44:45
Google 使用者,5,程式穩定不當，即時通知任何消費。,2019-10-04 09:07:20
Google 使用者,5,很好用,2019-10-04 00:57:45
Google 使用者,5,好用,2019-10-03 22:34:48
Google 使用者,5,👍,2019-10-03 21:58:55
Google 使用者,5,好上加好,2019-10-03 21:03:57
Google 使用者,4,更新時一直顯示（正在等待下載)，無進一步動作，致無法下載更新。,2019-10-03 19:26:33
Google 使用者,5,good,2019-10-03 14:47:27
Google 使用者,4,好用！,2019-10-03 14:17:48
Google 使用者,5,哈哈,2019-10-03 14:13:15
Google 使用者,5,讚,2019-10-03 13:51:05
Google 使用者,4,還不錯 好用,2019-10-03 13:33:20
Google 使用者,5,ATM,2019-10-03 13:10:41
Google 使用者,2,更新的頻率太高，常常要更新才能使用覺得麻煩,2019-10-03 11:59:36
Google 使用者,5,棒棒,2019-10-03 10:56:38
Google 使用者,5,容易上手的行動銀行,2019-10-03 09:33:23
Google 使用者,5,介面不錯,2019-10-03 09:14:21
Google 使用者,1,更新軟體時一直處在正等待下載，一直轉圈圈，沒辦法更新，怎麼會這樣,2019-10-03 07:19:50
Google 使用者,4,薪戶…查存款還算好用，但是不能接受非約定轉帳（自行輸入帳號轉帳），使用上還有些不便，請考慮增加該功能，以提高app使用率，不然只剩下查帳功能，有點不覆使用,2019-10-02 23:25:06
Google 使用者,5,不錯,2019-10-02 22:42:36
Google 使用者,5,很快，效率高,2019-10-02 22:20:10
Google 使用者,5,好,2019-10-02 22:02:29
Google 使用者,5,快又安全,2019-10-02 19:43:12
Google 使用者,5,很棒,2019-10-02 19:00:45
Google 使用者,5,好用方便,2019-10-02 17:56:13
Google 使用者,5,操作很直覺，系統也很穩定,2019-10-02 17:21:11
Google 使用者,4,界面操作可以更直觀些，目前有點分類搞不清楚,2019-10-02 15:53:46
Google 使用者,3,每次都強制更新，怒,2019-10-02 15:23:00
Google 使用者,5,方便好用,2019-10-02 14:39:17
Google 使用者,5,Good,2019-10-02 12:56:54
Google 使用者,5,Ok,2019-10-02 10:46:04
Google 使用者,5,更新完打不開,2019-10-02 09:37:40
Google 使用者,5,很好用！,2019-10-02 09:26:57
Google 使用者,5,方便，迅速，安全,2019-10-02 09:16:44
Google 使用者,5,讚,2019-10-02 08:43:54
Google 使用者,3,升級後沒比較好用,2019-10-02 00:09:45
Google 使用者,5,讚,2019-10-01 23:42:05
Google 使用者,5,操作畫面簡易，非常好上手,2019-10-01 23:30:09
Google 使用者,5,👏,2019-10-01 23:00:15
Google 使用者,4,"QR Code已可相容台灣pay了，但是掃出來的繳費項目文字有小數點 ，會出現""不可輸入特殊字元""的錯誤 ，然後就不給Lucky Pay 了 ，希望快修正",2019-10-01 22:47:19
Google 使用者,5,順暢好用,2019-10-01 21:58:57
Google 使用者,5,好用簡單,2019-10-01 21:35:45
Google 使用者,5,"操作簡便,快速容易了解,順暢不塞車",2019-10-01 20:05:41
Google 使用者,4,順暢,2019-10-01 20:01:04
Google 使用者,5,方便使用,2019-10-01 19:13:36
Google 使用者,1,很愛更新 有夠煩。,2019-10-01 18:23:23
Google 使用者,5,不錯,2019-10-01 16:29:41
Google 使用者,1,無法下載........,2019-10-01 15:52:11
Google 使用者,5,很順，又快速,2019-10-01 14:32:59
Google 使用者,4,查詢帳戶快速方便，未出帳刷卡明細能夠再更同步會更好！,2019-10-01 14:07:35
Google 使用者,4,方便使用、快速,2019-10-01 13:51:34
Google 使用者,5,方便又好用,2019-10-01 12:58:52
Google 使用者,5,方便好用,2019-10-01 12:05:31
Google 使用者,5,非常方便,2019-10-01 11:58:32
Google 使用者,5,很好用,2019-10-01 11:44:35
Google 使用者,5,富邦APP相當方便，建議登入方式能使用指紋辨識,2019-10-01 11:11:32
Google 使用者,5,很好,2019-10-01 11:03:35
Google 使用者,5,蠻實用的,2019-10-01 10:36:23
Google 使用者,5,Good,2019-10-01 10:27:32
Google 使用者,5,讚,2019-10-01 10:21:02
Google 使用者,5,好用,2019-10-01 10:14:11
Google 使用者,1,更新後登入變超慢,2019-10-01 10:03:58
Google 使用者,1,系統更新後完全跑不動,2019-10-01 09:58:36
Google 使用者,1,常常逾時打不開，然後再次打開後說重複登入？被你們盜用了嗎？,2019-10-01 09:58:05
Google 使用者,5,功能齊全 很好用,2019-10-01 09:03:38
Google 使用者,5,好用,2019-10-01 05:58:11
Google 使用者,5,好,2019-10-01 05:55:02
Google 使用者,5,超級便利好使用！！,2019-10-01 01:02:42
Google 使用者,1,到底一年要更新多少次呀！！！？？？ 6/20 超級慢！ 10/1 還是超級慢！超級費時！！ 需要立即轉帳， 為了更新 時間一直被耽誤！,2019-10-01 00:32:42
Google 使用者,5,介面超級簡單超級好用,2019-09-30 21:11:25
Google 使用者,5,很棒,2019-09-30 19:30:29
Google 使用者,5,👍👍,2019-09-30 19:09:54
Google 使用者,1,App系統真的很差勁，一直都登不進去，轉圈圈就飽了....,2019-09-30 19:07:29
Google 使用者,5,好用,2019-09-30 18:23:48
Google 使用者,5,Good,2019-09-30 18:19:16
Google 使用者,1,不能更新是哪招？！,2019-09-30 16:48:55
Google 使用者,5,方便,2019-09-30 14:58:50
Google 使用者,5,好用，方便,2019-09-30 13:06:59
Google 使用者,4,正常的APP，正常的感觸。,2019-09-30 12:37:51
Google 使用者,5,方便,2019-09-30 12:26:48
Google 使用者,5,超快的資訊，超好的服務,2019-09-30 12:18:48
Google 使用者,5,讚,2019-09-30 11:25:44
Google 使用者,5,很好用,2019-09-30 10:03:32
Google 使用者,4,好用,2019-09-30 08:21:20
Google 使用者,5,謝謝,2019-09-30 08:03:02
Google 使用者,2,為什麼再更新後就得使用更多的容量,2019-09-30 02:29:33
Google 使用者,5,good,2019-09-30 00:39:15
Google 使用者,5,方便，快速,2019-09-30 00:30:34
Google 使用者,5,讚啦,2019-09-29 23:43:14
Google 使用者,5,很方便,2019-09-29 23:34:04
Google 使用者,2,用不到的東西一直要更新，重點是為何要強制更新？,2019-09-29 20:55:24
Google 使用者,4,很棒,2019-09-29 19:56:35
Google 使用者,5,很棒,2019-09-29 19:35:30
Google 使用者,5,好用,2019-09-29 19:00:51
Google 使用者,4,很不錯的app網銀,2019-09-29 16:55:14
Google 使用者,4,更新超級慢,2019-09-29 13:07:37
Google 使用者,5,好用,2019-09-29 12:08:43
Google 使用者,1,幾次設定固定轉賬，最終都沒有如期成功轉賬。,2019-09-29 11:58:21
Google 使用者,3,好,2019-09-29 10:50:37
Google 使用者,1,方便 確實 省時 省力,2019-09-29 09:16:21
Google 使用者,5,好用,2019-09-29 08:06:23
Google 使用者,4,還不錯,2019-09-29 00:48:26
Google 使用者,5,操作便利,2019-09-29 00:16:56
Google 使用者,5,很方便使用 因為我都會查帳 可以更快了解,2019-09-28 23:43:15
Google 使用者,3,還可以,2019-09-28 23:30:22
Google 使用者,5,好用,2019-09-28 23:06:59
Google 使用者,4,希望統一整合一下帳號的管理，還有為什麼用信用卡會員身份登入線上繳卡費可以用他行繳，用一般會員登入卻只能用本行帳戶繳，差別就在會有轉帳收續費問題......,2019-09-28 22:55:21
Google 使用者,1,通知升級，卻沒辦法下載,2019-09-28 22:51:05
Google 使用者,5,方便好用,2019-09-28 22:50:39
Google 使用者,5,OK,2019-09-28 22:11:58
Google 使用者,5,不錯,2019-09-28 22:01:49
Google 使用者,5,讚,2019-09-28 21:49:30
Google 使用者,5,好用,2019-09-28 21:21:42
Google 使用者,5,很方便使用。,2019-09-28 21:00:30
Google 使用者,1,我覺得很卡,2019-09-28 18:11:07
Google 使用者,5,介面方便操作,2019-09-28 17:24:17
Google 使用者,3,很愛更新,2019-09-28 17:20:58
Google 使用者,5,很好用 方便,2019-09-28 16:28:50
Google 使用者,5,讚,2019-09-28 14:16:22
Google 使用者,5,不錯,2019-09-28 14:01:27
Google 使用者,1,一天到晚在那裡升級 也搞不懂有什麼不一樣 還不會自動更新 要自己手動 沒升級還不能用 升級完也沒甚麼不一樣,2019-09-28 13:47:47
Google 使用者,5,穩定,2019-09-28 13:21:31
Google 使用者,5,方便的軟體,2019-09-28 11:20:22
Google 使用者,5,方便快速好用🙂,2019-09-28 10:00:35
Google 使用者,5,介面清楚 流暢度佳,2019-09-28 09:36:27
Google 使用者,4,簡單方便易明暸,2019-09-28 05:33:50
Google 使用者,5,非常好,2019-09-28 02:28:07
Google 使用者,4,順暢，好用。,2019-09-28 02:15:19
Google 使用者,5,很棒👍,2019-09-28 00:09:23
Google 使用者,5,好用,2019-09-27 23:24:06
Google 使用者,5,方便好用,2019-09-27 23:20:08
Google 使用者,5,幹你先,2019-09-27 23:18:10
Google 使用者,5,功能方便，操作簡單,2019-09-27 22:41:50
Google 使用者,5,讚,2019-09-27 22:20:26
Google 使用者,5,使用起來很方便.順手.,2019-09-27 22:08:21
Google 使用者,5,不錯用,2019-09-27 21:55:59
Google 使用者,4,很好用,2019-09-27 21:33:16
Google 使用者,5,讚,2019-09-27 21:30:26
Google 使用者,5,迅速便利,2019-09-27 21:28:39
Google 使用者,4,好用安全的軟體,2019-09-27 20:01:08
Google 使用者,5,方便,2019-09-27 19:53:33
Google 使用者,5,方便、清楚！,2019-09-27 19:47:19
Google 使用者,4,本來程式不算華麗，但基本功能都沒問題，但更新後難操作就算了，有些功能也找不到，所以，能退版嗎 目前使用上進步及流暢很多了,2019-09-27 11:04:09
Google 使用者,5,方便又貼心！讚！,2019-09-27 10:51:48
Google 使用者,5,方便,2019-09-27 10:51:37
Google 使用者,5,好用,2019-09-27 07:12:07
Google 使用者,5,很好用,2019-09-26 09:12:37
Google 使用者,5,超喜歡、超方便、可是希望可以增加查詢勞保與勞退,2019-09-24 22:31:51
Google 使用者,5,好用,2019-09-24 22:15:05
Google 使用者,5,實用,2019-09-23 23:47:10
Google 使用者,5,介面乾淨，功能點選順暢不會卡，尤其是可新增功能的圓盤，一轉就可立即收到帳戶訊息,2019-09-23 14:29:20
Google 使用者,1,打客服電話一直轉，最後只丟給我一個機器人程式回應，根本無法解決我的疑問。,2019-09-23 14:26:07
Google 使用者,5,富邦的app是我用過銀行app中最佳，畫面簡潔操作方便,2019-09-22 23:45:46
Google 使用者,5,很棒,2019-09-22 17:52:08
Google 使用者,1,Email已收到登入通知，但App永遠都只能卡在loading畫面，不知道該說什麼的App,2019-09-22 16:39:10
Google 使用者,5,讚,2019-09-20 05:16:05
Google 使用者,5,讚,2019-09-19 20:00:58
Google 使用者,1,我ㄉ富邦帳號不知道怎麼輸入進去查詢帳單…… 沒有帳號密碼怎麼登入,2019-09-19 17:04:41
Google 使用者,5,還算好用。,2019-09-19 14:55:45
Google 使用者,1,一直無法登入 連線失敗 無法查帳 越更新越爛,2019-09-19 00:32:57
Google 使用者,5,Good,2019-09-18 21:08:22
Google 使用者,5,方便的APP,2019-09-18 10:32:30
Google 使用者,3,雖然每次更新讓使用上越來越方便，但最近更新後的問題卻讓我有點失望，APP一打開馬上跳去訊息就卡關了，一直跑圈圈，只能手機重新開機後才恢復正常，而且好幾次，希望工程師辛苦一點，幫忙讓這個問題別再出現了，謝謝,2019-09-18 07:11:10
Google 使用者,5,規劃正確方便好用,2019-09-18 06:08:32
Google 使用者,5,使用上方便順暢，棒棒的😁,2019-09-17 14:30:19
Google 使用者,4,頁面清楚，操作簡單，非常順手，，有用心製作的app，最喜歡的網路銀行,2019-09-17 10:47:37
Google 使用者,5,很好,2019-09-17 10:13:39
Google 使用者,5,好用,2019-09-16 14:53:00
Google 使用者,1,一打開app，卡在通知畫面離不開。移除程式再重新安裝也一樣。真的很不方便。,2019-09-16 14:15:57
Google 使用者,5,Good,2019-09-16 11:57:04
Google 使用者,5,迅速,2019-09-16 11:50:20
Google 使用者,5,簡單直覺速度很快。,2019-09-16 10:39:51
Google 使用者,1,外籍人事使用否 信用卡……同樣問題沒有改進！,2019-09-13 05:59:04
Google 使用者,5,方便迅速安全,2019-09-12 23:40:26
Google 使用者,5,还可以!,2019-09-12 13:19:33
Google 使用者,5,分類詳細，很好使用,2019-09-12 12:56:38
Google 使用者,3,好,2019-09-12 11:13:43
Google 使用者,5,越來越棒,2019-09-12 10:32:42
Google 使用者,1,一進入app就被卡在訊息通知，還得關掉app再進入一次才可以使用。要設定生物辨識也是一直卡住，沒辦法設定！,2019-09-12 08:22:29
Google 使用者,5,方便操作,2019-09-12 07:21:19
Google 使用者,1,一直打不開叫使用者聯繫客服，更新後也一樣，很麻煩耶!,2019-09-11 22:29:37
Google 使用者,5,讚,2019-09-11 21:44:35
Google 使用者,4,使用方便明白！,2019-09-11 18:46:53
Google 使用者,5,Good,2019-09-11 18:01:37
Google 使用者,5,Good,2019-09-11 10:35:05
Google 使用者,5,Good.,2019-09-11 10:22:05
Google 使用者,5,迅速，方便。,2019-09-11 08:05:30
Google 使用者,5,快就是好,2019-09-10 23:08:58
Google 使用者,5,方便好用,2019-09-10 22:56:15
Google 使用者,5,不錯用，很人性化,2019-09-10 22:36:54
Google 使用者,5,good,2019-09-10 18:34:50
Google 使用者,5,希望可以清楚知道每筆明細的現金回饋金額,2019-09-10 18:20:17
Google 使用者,5,使用方便,2019-09-10 17:30:01
Google 使用者,5,很不錯,2019-09-10 16:36:03
Google 使用者,4,常常顯示說無法連線網路有問題，但事實網路是好的,2019-09-10 09:21:52
Google 使用者,1,無法登入很不方便,2019-09-10 09:17:08
Google 使用者,5,轉帳流程順暢不會卡卡的,2019-09-10 08:54:53
Google 使用者,1,我已經從三星降到一星，只是因為繳費用手機方便，每一次登進去都要loading10分鐘！！,2019-09-09 20:59:27
Google 使用者,4,Good,2019-09-09 20:41:09
Google 使用者,4,還可以，算快速。,2019-09-09 18:49:45
Google 使用者,5,操作方便好用,2019-09-09 16:13:11
Google 使用者,1,最近很難登入。開啟app就只會轉圈圈不知要轉多久,2019-09-09 15:07:42
Google 使用者,2,常常開不起app。一直顯示網路連結未開啟。明明就開著啊。總是開不起來。真的很不方便的系統,2019-09-09 12:08:40
Google 使用者,4,請問現在系統是在維修嗎？無法登入,2019-09-09 11:09:34
Google 使用者,5,便利 ^___^,2019-09-09 10:55:25
Google 使用者,5,方便,2019-09-09 10:14:36
Google 使用者,5,方便，操作介面親民👍,2019-09-09 09:30:39
Google 使用者,1,沒有用過這麼難用的銀行app，老是要更新，更新、重載無數次了又不給登入，一直閃退或繞圈圈，我自認脾氣很好，再難用的app我都沒上線給過一顆星和負評，因為了解設計團隊的用心和努力，但，等了半年，我只能說這樣忍耐，證明了真的只是浪費我手機的容量空間，這麼爛的app，你們真的成功刷新了我人生的新紀錄😡😡😡😡😡,2019-09-09 00:17:59
Google 使用者,1,app常常無法開啟，真的很不ok很不方便！人都到超商要繳費了，站在櫃台前一直等開啟畫面的圓圈圈在跑，結果一直開不了！其他間銀行的app都不會這樣，我後來都已經先繳完其他銀行的款項了，再開看你們的試試看，結果還是無法開啟！！希望儘快改善！！！！,2019-09-07 17:31:18
Google 使用者,4,讚,2019-09-07 17:30:18
Google 使用者,1,一直登不進去啊！,2019-09-07 01:22:42
Google 使用者,1,常常無法登入，重新下載，還是無法登入，真不知該怎麼辦？,2019-09-07 00:13:50
Google 使用者,4,登入很方便,2019-09-06 23:47:32
Google 使用者,5,功能完整！很好用。,2019-09-06 17:14:03
Google 使用者,5,很好用，超棒的,2019-09-06 14:52:28
Google 使用者,5,很順暢。,2019-09-06 14:03:21
Google 使用者,5,流暢迅速，安全穩定。,2019-09-05 23:53:34
Google 使用者,5,好用,2019-09-05 17:53:32
Google 使用者,5,順暢 但是介面複雜 有指紋鑑定更好,2019-09-05 15:16:16
Google 使用者,5,簡單明瞭。,2019-09-05 11:19:48
Google 使用者,1,"剛想要登入系統繳卡費，畫面卻一直繞圈圈然後顯示無法與系統連線，重覆解除安裝再安裝好幾次也是無法進入登入畫面，此app,已經用了好幾年是因為覺得繳款很便利，最近更新後需要重新安裝才能用，現在是連登入都無法，請修正。",2019-09-05 11:05:48
Google 使用者,5,不錯用！,2019-09-05 10:38:32
Google 使用者,4,很棒,2019-09-04 20:29:43
Google 使用者,5,好用,2019-09-04 17:54:30
Google 使用者,2,無法正常登入,2019-09-04 16:49:12
Google 使用者,5,不錯，看得到不斷進步，再接再勵!! 謝謝!!,2019-09-04 15:21:16
Google 使用者,4,越來越好了,2019-09-04 14:07:49
Google 使用者,5,方便的APP,2019-09-04 12:08:34
Google 使用者,5,非常好,2019-09-04 11:14:11
Google 使用者,5,好用,2019-09-04 10:10:44
Google 使用者,5,謝謝工程師認真抓蟲，讓我們能安心，辛苦你們了👍,2019-09-04 08:24:31
Google 使用者,5,介面設計人性化，操作直覺簡便,2019-09-04 08:05:18
Google 使用者,5,好用,2019-09-03 21:05:24
Google 使用者,1,系統老是要更新，又常常無法登入，深夜就算了，就當作系統在維護，可是白天也是常無法登入，急著要查看信用卡額度和繳費，怎樣就是登入不了，真的很困擾很不便,2019-09-03 16:11:53
Google 使用者,5,整體都不錯,2019-09-03 13:32:26
Google 使用者,4,整體都很好用，操作也很單一直覺，只是最近常有閃退登不進去的問題，是安卓版本的關係嗎?我的是安卓5.0,2019-09-03 11:38:02
Google 使用者,2,動不動退出，想登入又是系統繁忙而不能登進去,2019-09-03 11:33:50
Google 使用者,4,很好加油 多抓些 臭蟲,2019-09-03 10:44:19
Google 使用者,5,很方便,2019-09-03 08:56:41
Google 使用者,5,記帳功能不錯用，簡單清楚很方便,2019-09-03 01:09:06
Google 使用者,5,好,2019-09-02 22:13:56
Google 使用者,4,方便之門,2019-09-02 22:02:14
Google 使用者,5,目前覺得方便好用。,2019-09-02 21:25:46
Google 使用者,5,Easy to use,2019-09-02 20:39:27
Google 使用者,4,感覺使用起來還不錯！只是有時候查詢回復的會慢了些~,2019-09-02 20:31:03
Google 使用者,5,好用哦,2019-09-02 20:23:55
Google 使用者,5,速度蠻快的,2019-09-02 17:39:42
Google 使用者,5,易使用,2019-09-02 16:38:43
Google 使用者,5,還可以,2019-09-02 16:35:06
Google 使用者,5,方便，效率高。,2019-09-02 15:11:57
Google 使用者,4,確實不錯，希望再加強人性化服務,2019-09-02 14:48:07
Google 使用者,5,淺顯易懂 好用,2019-09-02 12:18:21
Google 使用者,5,請問可以直接顯示實際可用餘額嗎？,2019-09-02 10:53:41
Google 使用者,4,好用~,2019-09-02 10:25:23
Google 使用者,5,很棒,2019-09-02 09:52:16
Google 使用者,5,非常好,2019-09-01 21:39:37
Google 使用者,2,為什麼點進去一直在跑圈圈。然後出現連線異常要撥打客服？？,2019-09-01 20:21:52
Google 使用者,5,快速、人性化、平民化易懂的設計!,2019-09-01 20:11:38
Google 使用者,5,操作介面設計優良，但即時入帳或扣款的簡訊回報能夠綁定二個以上的帳號更棒。,2019-09-01 18:10:57
Google 使用者,4,辛苦工程師,2019-09-01 15:36:40
Google 使用者,5,很方便快速,2019-09-01 14:51:23
Google 使用者,5,簡單明瞭,2019-09-01 13:08:48
Google 使用者,5,很棒,2019-09-01 12:58:46
Google 使用者,2,尚可,2019-09-01 12:43:17
Google 使用者,5,Good,2019-09-01 11:59:32
Google 使用者,5,很棒👍👍👍😊😊😊 謝謝富邦銀行,2019-09-01 11:38:57
Google 使用者,5,好用,2019-09-01 05:13:26
Google 使用者,5,挺流暢的，很棒。,2019-09-01 02:25:34
Google 使用者,5,Good,2019-09-01 02:06:23
Google 使用者,5,方便快速！值得推薦,2019-09-01 02:03:26
Google 使用者,5,還不錯用！,2019-09-01 01:59:57
Google 使用者,4,很方便喔,2019-08-31 14:55:04
Google 使用者,1,登入爆久的上一秒登入成功下一秒就卡超久的要改快捷登入至少等快10分還在跑，,2019-08-31 10:27:34
Google 使用者,4,Good,2019-08-31 07:32:44
Google 使用者,2,常常登不進去，顯示行動銀行停止服務，要連續登入數次才能登入,2019-08-30 22:18:41
Google 使用者,5,方便快速,2019-08-30 16:01:13
Google 使用者,1,為什麼最近一進去就是訊息通知頁面，然後就無法離開一直轉圈圈,2019-08-30 15:28:19
Google 使用者,2,無法登入，很煩欸,2019-08-29 20:00:56
Google 使用者,5,好用,2019-08-29 10:58:13
Google 使用者,1,無法使用，登入後就卡住了,2019-08-29 08:23:27
Google 使用者,1,華為手機 P30 pro更新後到現在還不能連上貴銀行網路，請問是什麼原因?,2019-08-28 07:33:46
Google 使用者,5,富邦電話客服等待時間短且周到，0800撥打無費用解決問題超快且會幫忙向上反應問題，使用上還滿便利的給予高度肯定。,2019-08-27 22:32:25
Google 使用者,5,好用，非常便利,2019-08-27 21:15:32
Google 使用者,1,爛！一直轉圈圈！無法使用,2019-08-27 20:57:20
Google 使用者,4,不錯,2019-08-26 22:42:21
Google 使用者,1,"不知道為什麼突然只剩信用卡資料沒辦法看存款資訊跟轉帳,找不到新增選項重載也不行",2019-08-26 18:08:03
Google 使用者,5,介面簡單好用,2019-08-26 14:45:11
Google 使用者,5,很棒的APP,2019-08-25 22:35:49
Google 使用者,5,介面清爽舒服,2019-08-25 20:39:10
Google 使用者,5,介面第一名,2019-08-25 00:27:57
Google 使用者,5,very user friendly,2019-08-24 22:55:15
Google 使用者,5,怪怪的，有時候要轉帳會收不到訊息!,2019-08-24 20:44:52
Google 使用者,5,好用，操作便利,2019-08-24 11:33:06
Google 使用者,5,喜歡富邦,2019-08-23 18:35:43
Google 使用者,5,好用便利，讚,2019-08-23 12:12:40
Google 使用者,5,很棒喔！匯率設定能否持續不中斷。謝謝,2019-08-23 07:50:14
Google 使用者,2,每次點開app如有未讀訊息，會自動進入訊息通知頁面，然後就整個凍結，也無法退出結束，請快解決。,2019-08-22 21:03:00
Google 使用者,5,手機通知列上推播訊息的app圖示，大小感覺只有別的app的四分之一,2019-08-22 17:57:32
Google 使用者,5,Good,2019-08-22 14:10:22
Google 使用者,5,好用,2019-08-21 22:33:33
Google 使用者,5,快速 便利，服務各項清楚明暸,2019-08-21 20:11:56
Google 使用者,4,方便，介面人性化,2019-08-21 16:53:15
Google 使用者,5,易懂好好用 喜歡！！！,2019-08-21 12:34:48
Google 使用者,5,Good,2019-08-21 08:58:00
Google 使用者,5,操作容易,2019-08-21 08:48:13
Google 使用者,4,好,2019-08-20 23:22:44
Google 使用者,5,明確流暢的設計,2019-08-20 09:13:13
Google 使用者,5,比中信好,2019-08-19 22:08:58
Google 使用者,5,順暢,2019-08-19 21:37:12
Google 使用者,1,真爛一直進不去,2019-08-19 18:40:35
Google 使用者,5,👍,2019-08-18 10:17:47
Google 使用者,1,搞什麼呀！最近更新後每次點都一直在轉圈圈~過了10分鐘了還沒轉好~到底什麼時候才能好~以前都不會這樣~更新之後反而越來越難用了~拜託~請正視問題,2019-08-17 19:13:55
Google 使用者,4,如果可以把免費跨轉/跨堤次數顯示在首頁就好了,2019-08-17 04:38:32
Google 使用者,1,龜速,2019-08-16 23:29:57
Google 使用者,4,順暢,2019-08-16 23:10:47
Google 使用者,5,讚，好用不錯!!,2019-08-16 18:14:01
Google 使用者,1,.m.. MN! ..,2019-08-16 16:42:09
Google 使用者,5,滿意,2019-08-16 14:54:12
Google 使用者,5,便利的操作介面,2019-08-16 09:50:36
Google 使用者,5,方便實用,2019-08-16 09:15:25
Google 使用者,5,不錯,2019-08-16 08:26:01
Google 使用者,5,很好的app. 轉帳.繳費.都很簡單.,2019-08-16 07:26:41
Google 使用者,4,使用方便~讚啦~,2019-08-15 10:26:54
Google 使用者,1,nokia 6 plus，已更新最新Android 9系統，這半年多來一直無法使用，貴公司資訊人員已經睡著了嗎？ 請不用再回罐頭訊息，大家都知道你是擋箭牌專門做複製貼上工作，給工讀生...,2019-08-15 10:12:13
Google 使用者,5,超好用,2019-08-15 05:37:05
Google 使用者,1,一開始方便好用，近幾個月根本無法登入！,2019-08-15 03:59:31
Google 使用者,1,已登入，到時間要點活動時就無法連線，還出現網頁維修，到可以點早已額滿，是只給部份特定人士連線吧。 訊息通知後無法回到前一頁，APP越改越差。,2019-08-14 18:31:06
Google 使用者,5,使用過行動銀行中，最一目瞭然、且便利的。,2019-08-14 17:23:24
Google 使用者,5,簡單好用，資訊即時,2019-08-14 14:24:15
Google 使用者,5,方便,2019-08-14 12:59:47
Google 使用者,1,sony 10plus用lucky pay掃碼付款輸入密碼成功後付款失敗…,2019-08-14 11:51:43
Google 使用者,5,方便好用,2019-08-14 11:43:27
Google 使用者,5,方便性很好,2019-08-13 18:23:56
Google 使用者,5,還不錯,2019-08-13 12:44:59
Google 使用者,1,為什麼更新後一直無法重新下載？ 一開始要我更新， 然後整個連更新都不能更新後想說重裝， 結果更慘， 現在連下載都沒法下載了,2019-08-12 21:03:59
Google 使用者,5,很好查詢。,2019-08-12 20:35:58
Google 使用者,4,辛苦了,2019-08-12 19:39:03
Google 使用者,5,非常高便满意,2019-08-12 00:20:45
Google 使用者,1,登入 出現 loading 字樣常當掉了,2019-08-11 18:58:24
Google 使用者,4,很好,2019-08-11 18:19:26
Google 使用者,1,不知道為什麼突然不能用了……重新下載也不行…………,2019-08-11 11:56:02
Google 使用者,5,很好用,2019-08-11 08:28:37
Google 使用者,5,人性化好用的App,2019-08-10 23:11:08
Google 使用者,5,很方便,2019-08-10 15:05:03
Google 使用者,5,很好用！,2019-08-10 15:02:34
Google 使用者,5,目前十分滿意喲,2019-08-10 13:54:35
Google 使用者,5,非常棒的軟体，感謝工程師,2019-08-10 13:28:36
Google 使用者,5,簡單好用！,2019-08-09 21:10:02
Google 使用者,5,要改善啊~,2019-08-09 19:04:37
Google 使用者,5,很方便即時查詢,2019-08-09 17:10:14
Google 使用者,1,要更新也沒提醒，登入一直失敗，說我網路有問題或打電話到客服，我網路根本好好的，來這邊查，才發現有更新,2019-08-09 13:13:33
Google 使用者,5,good,2019-08-09 02:50:38
Google 使用者,5,好用,2019-08-09 01:32:44
Google 使用者,5,😃,2019-08-08 22:09:38
Google 使用者,5,good,2019-08-08 21:41:01
Google 使用者,5,簡單好用,2019-08-08 20:15:38
Google 使用者,5,方便簡單使用,2019-08-08 18:54:44
Google 使用者,5,好用,2019-08-08 18:04:47
Google 使用者,5,很好！,2019-08-08 16:29:24
Google 使用者,5,方便快捷,2019-08-08 12:57:13
Google 使用者,5,還蠻好用的。,2019-08-08 10:03:03
Google 使用者,5,非常實用，非常好操作，非常方便，如果能繳大台北瓦斯費就更好了,2019-08-08 01:18:16
Google 使用者,5,介面簡單易懂好操作,2019-08-07 23:14:44
Google 使用者,3,"最近進入app,就在loading一直跑，進不去",2019-08-07 22:49:43
Google 使用者,5,感謝您的回應，狀況已排除，謝謝,2019-08-07 18:58:48
Google 使用者,5,不錯,2019-08-07 16:40:47
Google 使用者,5,好,2019-08-07 15:27:09
Google 使用者,2,沒辦法更新 解除安裝要重新安裝也無法 網路正常沒問題...,2019-08-07 06:09:21
Google 使用者,5,直覺方便,2019-08-06 23:35:20
Google 使用者,5,服務完善方便,2019-08-06 21:50:57
Google 使用者,5,非常方便實用,2019-08-06 16:40:08
Google 使用者,5,讚,2019-08-06 14:57:44
Google 使用者,5,轉帳,2019-08-06 13:53:10
Google 使用者,4,介面清晰，操作容易,2019-08-06 13:46:51
Google 使用者,3,已修復,2019-08-06 12:42:12
Google 使用者,5,非常好,2019-08-06 10:46:02
Google 使用者,5,好用哦…,2019-08-06 07:19:21
Google 使用者,5,好用～,2019-08-06 06:57:36
Google 使用者,5,方便,2019-08-06 00:05:28
Google 使用者,5,Good,2019-08-05 23:23:44
Google 使用者,4,還不錯用,2019-08-05 21:32:22
Google 使用者,5,很好,2019-08-05 19:25:25
Google 使用者,5,程式一直在精進，感謝專業工程師的用心,2019-08-05 17:41:15
Google 使用者,5,很順,2019-08-05 17:30:13
Google 使用者,5,很好,2019-08-05 15:26:12
Google 使用者,2,為何無法更新下載？,2019-08-05 14:05:47
Google 使用者,3,用起來不是很便利，感覺很複雜,2019-08-05 12:05:06
Google 使用者,5,目前用的都蠻順手的,2019-08-05 11:56:40
Google 使用者,1,更新完後一直閃退，不能使用 要解除安裝，重新安裝才可以,2019-08-05 10:00:58
Google 使用者,5,很方便,2019-08-05 09:49:45
Google 使用者,5,Good,2019-08-05 01:06:39
Google 使用者,5,感謝貴司電話客服人員熱心且耐心的協助，讓我能順利下載成功。此app我還不知道它值不值五顆星。但貴司客服人員的服務品質，我覺得值得按下五顆星。,2019-08-04 23:48:36
Google 使用者,5,介面很人性化，好用。,2019-08-04 13:56:56
Google 使用者,5,好用,2019-08-04 13:00:46
Google 使用者,5,得心應手,2019-08-04 12:39:20
Google 使用者,4,比以前版本方許多,2019-08-04 12:21:44
Google 使用者,1,之前可以用，現在會出現無法與本行系統連線，到底什麼問題,2019-08-04 12:00:02
Google 使用者,5,好用,2019-08-04 08:22:22
Google 使用者,5,good,2019-08-04 04:59:36
Google 使用者,5,好用,2019-08-03 23:55:26
Google 使用者,5,很方便使用,2019-08-03 20:00:47
Google 使用者,5,功能都不錯用，如果能黃金存摺交易就更棒了！,2019-08-03 18:00:14
Google 使用者,5,直覺的使用者界面，登錄很方便，且有持續再做細部優化項目，感覺的到開發團隊的用心,2019-08-03 16:31:20
Google 使用者,5,好用,2019-08-03 16:13:41
Google 使用者,5,好用 介面清晰,2019-08-03 10:58:46
Google 使用者,4,目前是滿意,2019-08-03 09:26:21
Google 使用者,1,下載好幾天都－直沒完成,2019-08-03 07:06:44
Google 使用者,2,為什麼基金投資報酬率要改成含利息？ 不能調整嗎？ 沒有選擇的機會？,2019-08-03 06:50:34
Google 使用者,5,good,2019-08-03 06:49:22
Google 使用者,5,超級棒，功能非常清楚明瞭，很方便操作，加油！,2019-08-03 04:47:19
Google 使用者,5,反應快，指紋辨識登入也好用，功能完整！,2019-08-03 00:12:16
Google 使用者,4,滿好用的,2019-08-02 22:27:46
Google 使用者,5,好用,2019-08-02 21:48:58
Google 使用者,5,讚！,2019-08-02 19:28:31
Google 使用者,5,很讚！很方便的工具！,2019-08-02 18:54:29
Google 使用者,5,nice,2019-08-02 16:47:40
Google 使用者,5,😀😀😀😀😀:-):-):-):-):-),2019-08-02 16:22:01
Google 使用者,4,很好,2019-08-02 15:53:25
Google 使用者,5,很棒,2019-08-02 15:36:50
Google 使用者,5,便捷好用,2019-08-02 14:42:56
Google 使用者,5,簡單，好用,2019-08-02 12:25:43
Google 使用者,5,此次更新後無閃退情況 真棒,2019-08-02 12:00:09
Google 使用者,5,方便好用,2019-08-02 11:44:58
Google 使用者,4,初學就上手！,2019-08-02 09:07:16
Google 使用者,5,方便好用,2019-08-02 08:51:15
Google 使用者,5,首頁跟一般銀行較不相同,2019-08-02 08:03:11
Google 使用者,5,覺得好用，方便，很棒！,2019-08-01 21:48:51
Google 使用者,5,操作方便,2019-08-01 21:28:46
Google 使用者,4,使用的很順,2019-08-01 20:59:34
Google 使用者,5,"[8/01更新: 謝謝您們!! 可以使用了, 辛苦了~] 自從前幾天訊息跳出告知8/5前須更新app後，就一直開不了，顯示停止運作完全進不去，重安裝也一樣，是我手機太舊嗎? 能否幫忙解決，謝謝!!",2019-08-01 20:45:20
Google 使用者,4,好用,2019-08-01 20:23:34
Google 使用者,5,好用,2019-08-01 20:20:41
Google 使用者,5,"好用,不錯",2019-08-01 18:21:31
Google 使用者,4,有時候會顯示停止運作,2019-08-01 17:34:13
Google 使用者,5,操作方便,2019-08-01 17:10:48
Google 使用者,5,實用，好用,2019-08-01 16:41:16
Google 使用者,4,網路銀行，很方便。讚,2019-08-01 16:40:36
Google 使用者,5,實用！！,2019-08-01 16:08:35
Google 使用者,4,使用介面很直覺，方便快速,2019-08-01 15:10:35
Google 使用者,5,很滿意,2019-08-01 14:18:00
Google 使用者,5,靈活,2019-08-01 14:17:40
Google 使用者,5,讚！高效率,2019-08-01 12:55:31
Google 使用者,5,方便，設計好,2019-08-01 12:13:29
Google 使用者,5,介面清楚易懂 操作簡便快速,2019-08-01 11:42:28
Google 使用者,5,好用,2019-08-01 11:16:29
Google 使用者,5,用習慣了，很順暢，沒什麼問題。,2019-08-01 10:43:49
Google 使用者,5,介面方便好用,2019-08-01 10:42:57
Google 使用者,5,方便好用,2019-08-01 09:02:16
Google 使用者,5,nice,2019-08-01 08:15:22
Google 使用者,5,讚,2019-08-01 07:54:49
Google 使用者,5,介面清楚流暢，很好用，謝謝你們的用心！,2019-08-01 07:37:04
Google 使用者,5,好用,2019-08-01 07:00:42
Google 使用者,5,非常進步的APP，值得其他家金融業參考，不過首頁速度的確有明顯變慢，再來是針對更新給的建議，使用者如果出現“ 更新問題多 舊版好懷念 “的心理，代表新APP有很大進步空間，品質會倍受質疑，雖然都掛著安全性很重要希望使用者更新，一旦點開問題很多時，會很後悔更新，不如用舊版就好,2019-08-01 04:01:39
Google 使用者,5,使用操作順暢，一目瞭然,2019-07-31 18:01:53
Google 使用者,5,不錯用,2019-07-31 14:45:37
Google 使用者,1,5分鐘前登入訊息查詢，一直在轉圈圈，無法返回上頁，強制退出後再登入，仍在轉圈圈......,2019-07-31 14:40:15
Google 使用者,5,好,2019-07-31 13:02:33
Google 使用者,5,不錯用,2019-07-31 08:53:16
Google 使用者,5,好用實用,2019-07-31 01:56:15
Google 使用者,5,方便好用,2019-07-30 22:04:49
Google 使用者,5,真的很快很方便,2019-07-30 16:59:04
Google 使用者,5,good,2019-07-30 14:29:54
Google 使用者,4,簡單明瞭 方便操作,2019-07-30 12:34:00
Google 使用者,5,非常人性化，功能齊全,2019-07-30 12:30:56
Google 使用者,5,工程師 加油！謝謝你們，希望能夠有更棒的內容。,2019-07-30 11:30:52
Google 使用者,5,不錯,2019-07-30 09:53:44
Google 使用者,1,呃。不更新沒事 更新完全不能用,2019-07-30 02:44:07
Google 使用者,1,更新後一直在Londing,2019-07-30 01:17:16
Google 使用者,4,有進步的空間,2019-07-30 00:51:42
Google 使用者,1,不是寄信要我們更新?怎麽沒有?！,2019-07-29 19:55:59
Google 使用者,4,電腦版打不開，但手機可以。,2019-07-29 18:54:40
Google 使用者,5,good,2019-07-29 17:49:56
Google 使用者,3,更新後轉圈圈死當。。。工程師不及格，請開除。,2019-07-29 17:36:24
Google 使用者,5,很方便,2019-07-29 17:22:06
Google 使用者,5,好用,2019-07-29 16:22:45
Google 使用者,5,還不賴,2019-07-29 15:45:05
Google 使用者,1,完全無法使用,2019-07-29 14:59:12
Google 使用者,1,一更新就閃退，現在是什麼情況。 7/29到現在都已經快月底還是沒有改善，到底是沒人理會反應？！,2019-07-29 03:57:51
Google 使用者,1,一直閃退是怎樣!,2019-07-29 01:31:19
Google 使用者,4,好用哦,2019-07-27 21:29:21
Google 使用者,1,更新等很久，應該可以要選稍後更新,2019-07-27 14:52:08
Google 使用者,5,好人性化,2019-07-27 13:57:15
Google 使用者,5,分類清楚，快捷簡便好用,2019-07-27 13:06:53
Google 使用者,1,一直閃退，不知道富邦到底要不要改善,2019-07-27 12:41:16
Google 使用者,1,不能更新，不能使用,2019-07-27 09:39:14
Google 使用者,5,工程師加油,2019-07-27 09:25:37
Google 使用者,5,good,2019-07-26 20:29:23
Google 使用者,5,好用,2019-07-26 19:40:07
Google 使用者,1,一登入一樣沒改善，登入超久進不去直登不進去,2019-07-26 19:08:35
Google 使用者,4,good,2019-07-26 16:17:37
Google 使用者,1,我什麼時候才可以順利開啟登入,2019-07-26 16:05:47
Google 使用者,1,每次更新過就閃退不能用，要重新移除安裝。你們煩不煩啊！ 錢賺一堆，這種小事卻一再出錯 這一次連重新安裝都不給我用， 你們到底想怎麼樣， 到今天7/26了，還是會閃退,2019-07-26 13:47:32
Google 使用者,4,不錯,2019-07-26 13:35:58
Google 使用者,5,信用卡費用繳款，無法用產生便利商店繳款條碼，e化後還要使用者負擔轉帳費用,2019-07-26 13:19:42
Google 使用者,5,很好用,2019-07-26 12:36:02
Google 使用者,5,good,2019-07-26 11:03:09
Google 使用者,1,開啓後就當机,2019-07-26 10:09:16
Google 使用者,1,說要升級 …正在等待下載等了3小時還是沒辦法下載成功……!!!,2019-07-25 21:05:53
Google 使用者,1,強迫更新 越改越難用,2019-07-25 18:39:15
Google 使用者,5,使用便利,2019-07-25 14:59:44
Google 使用者,5,讚,2019-07-25 14:13:29
Google 使用者,5,很方便,2019-07-25 14:06:09
Google 使用者,2,7/17日更新後，畫面閃退，無法登入。,2019-07-25 12:07:00
Google 使用者,5,很好用,2019-07-25 10:36:38
Google 使用者,1,更新到最新版了，還是會閃退，怎只有富邦會這樣，其他家台新，國泰世華，聯邦都很正常可使用，最近一直更新都沒改善閃退問題，貴公司真的不在意嗎？這樣的品質和改善時間很差ㄟ,2019-07-25 07:43:00
Google 使用者,1,一天到晚更新煩不煩 不能一次弄好嗎,2019-07-24 22:56:32
Google 使用者,1,一個app連開啟都無法 還有什麼存在的必要,2019-07-24 22:40:58
Google 使用者,1,挺難用的，可以在簡化嗎?,2019-07-24 16:22:51
Google 使用者,4,介面越來越親民，一直有進步，很棒，加油。,2019-07-24 13:26:43
Google 使用者,5,讚,2019-07-24 10:37:21
Google 使用者,1,一直跳更新是怎樣？我就還沒有要用 煩不煩？？,2019-07-24 01:57:49
Google 使用者,5,good,2019-07-24 01:09:14
Google 使用者,2,為什麼我更新後，一直閃退，完全沒辦法看😓,2019-07-24 00:24:32
Google 使用者,5,滿好用的，讚！,2019-07-23 22:41:05
Google 使用者,5,簡易，好用,2019-07-23 21:47:21
Google 使用者,5,非常貼心且便利使用 真的很感謝設計程式的工程師,2019-07-23 21:42:29
Google 使用者,5,很方便使用,2019-07-23 21:24:50
Google 使用者,1,完全打不開app,2019-07-23 20:38:43
Google 使用者,1,一天到晚更新，困擾不已,2019-07-23 20:26:02
Google 使用者,1,已經超過半個月無法使用，更新到無法使用,2019-07-23 20:17:24
Google 使用者,5,實用,2019-07-23 19:14:51
Google 使用者,5,使用非常方便,2019-07-23 18:49:51
Google 使用者,5,方便實用,2019-07-23 17:37:41
Google 使用者,2,打不開 一直閃退 我手機是美圖M6,2019-07-23 12:53:58
Google 使用者,1,介面不方便使用,2019-07-23 10:30:33
Google 使用者,5,ok,2019-07-23 09:24:18
Google 使用者,5,很方便,2019-07-23 01:29:04
Google 使用者,4,簡單容易操作,2019-07-22 23:56:25
Google 使用者,5,非常好用,2019-07-22 23:15:02
Google 使用者,5,分類蠻細緻的，而且有自動統計消費支出明細很方便，連刷卡目前累積金額都有統計，知道自己目前為止的支出,2019-07-22 22:59:23
Google 使用者,5,很好用也實用！,2019-07-22 22:59:18
Google 使用者,5,雖然改版是好的，但真心覺得之前舊版本比較好用。這次新版太多操作路徑。用的非常不習慣。,2019-07-22 20:05:43
Google 使用者,5,good,2019-07-22 19:25:14
Google 使用者,1,改版前頁面清楚，非常好用，可以得五顆星。新版變得很複雜，而且速度很慢。沒有稍後更新選項，強迫更新已超過四小時還是一直卡住，完全無法使用！,2019-07-22 17:58:15
Google 使用者,5,不錯用,2019-07-22 17:08:44
Google 使用者,2,可以不要一直升級那麼頻繁嗎？,2019-07-22 15:29:06
Google 使用者,4,最近都顯示不能連線 趕快修好好嗎...,2019-07-22 15:10:40
Google 使用者,1,閃退後刪除要重灌，但一直在無限等待下載，無法載,2019-07-22 12:59:01
Google 使用者,4,有逐漸改善,2019-07-22 12:36:20
Google 使用者,5,好操作,2019-07-22 12:28:09
Google 使用者,5,讚,2019-07-22 12:19:04
Google 使用者,1,更新後不斷當掉無法開啟app,2019-07-22 11:44:53
Google 使用者,5,👍,2019-07-22 11:39:46
Google 使用者,1,更新後一直閃退，重裝依然如此，請盡快修復,2019-07-22 09:46:11
Google 使用者,5,很方便,2019-07-22 09:45:02
Google 使用者,5,使用狀況良好，目前沒什麼問題,2019-07-22 01:15:06
Google 使用者,1,更新太過頻繁，每次緊急要轉帳時卻需要更新而影響到便利性,2019-07-21 23:28:54
Google 使用者,5,good,2019-07-21 22:35:28
Google 使用者,4,感覺不錯,2019-07-21 20:38:37
Google 使用者,5,很棒,2019-07-21 19:54:59
Google 使用者,4,👍,2019-07-21 19:46:16
Google 使用者,1,這一次7/17的更新完全無法下載，手機是三星note9,2019-07-21 16:02:12
Google 使用者,5,能指紋登入還不錯,2019-07-20 22:56:29
Google 使用者,5,非常👌,2019-07-20 20:47:31
Google 使用者,5,方便安全。,2019-07-20 20:13:50
Google 使用者,5,好用,2019-07-20 19:16:33
Google 使用者,1,7/20了 還是一樣不能進去,2019-07-20 17:46:29
Google 使用者,5,good,2019-07-20 17:24:22
Google 使用者,5,好用,2019-07-20 16:29:41
Google 使用者,5,更新後閃退。應該盡快解決，不然會 造成困擾,2019-07-20 15:28:11
Google 使用者,3,更新後閃退…,2019-07-20 12:52:39
Google 使用者,1,時好時坏,2019-07-20 12:22:05
Google 使用者,2,"使用上原本都ok,今天在訊息部份突然當機，跳不出來，刪除重灌還是ㄧ樣，不知道問題出在哪裡?",2019-07-20 12:18:28
Google 使用者,1,更新很煩,2019-07-20 11:48:08
Google 使用者,2,無法掃描電費單的QRcode,2019-07-20 10:39:40
Google 使用者,5,使用非常方便,2019-07-20 10:20:26
Google 使用者,5,pass,2019-07-20 10:19:22
Google 使用者,5,👍,2019-07-20 10:11:14
Google 使用者,1,持續閃退中，無法登入，一個月了,2019-07-20 09:00:33
Google 使用者,1,一直閃退，舊版本有時還可以登入，想說更新看看，結果更慘，完全閃退....完全無法登入,2019-07-19 23:02:35
Google 使用者,5,指紋辨識代替密碼，好用,2019-07-19 22:31:28
Google 使用者,5,很好用,2019-07-19 21:50:40
Google 使用者,1,無法更新下載,2019-07-19 20:38:47
Google 使用者,3,還好,2019-07-19 17:39:09
Google 使用者,1,更新後根本打不開,2019-07-19 17:34:33
Google 使用者,5,很棒的app,2019-07-19 17:06:20
Google 使用者,1,更新安装后一直閃退到底怎么了？,2019-07-19 16:31:42
Google 使用者,2,ok,2019-07-19 16:13:48
Google 使用者,4,目前可以正常使用，感謝團隊努力,2019-07-19 16:05:03
Google 使用者,5,好用,2019-07-19 16:02:39
Google 使用者,1,煩死了，整天叫人更新，愈搞愈難用，嘛搞點會要好嗎？養一堆兩光的資訊人員，沒弄好不要上架,2019-07-19 15:35:19
Google 使用者,1,等很久，一直無法下載升級,2019-07-19 15:34:12
Google 使用者,5,好用又安全的銀行,2019-07-19 15:31:15
Google 使用者,5,Excellent,2019-07-19 14:55:43
Google 使用者,5,好方便,2019-07-19 14:44:09
Google 使用者,5,好讚,2019-07-19 14:21:36
Google 使用者,5,good,2019-07-19 14:20:47
Google 使用者,5,方便,2019-07-19 14:16:14
Google 使用者,5,讚讚讚,2019-07-19 14:11:42
Google 使用者,2,手機很難上線，並通知解除這個APP很難了解,2019-07-19 14:06:50
Google 使用者,5,很好用 安全~,2019-07-19 13:45:02
Google 使用者,4,好用,2019-07-19 13:37:40
Google 使用者,5,很好用的程式,2019-07-19 13:37:25
Google 使用者,5,(´・ω・`),2019-07-19 13:29:08
Google 使用者,4,功能還不錯且齊全，唯UI美感有待加強,2019-07-19 13:02:19
Google 使用者,4,有時候打不開,2019-07-19 12:44:29
Google 使用者,5,客服親切熱心,2019-07-19 12:42:22
Google 使用者,5,好用,2019-07-19 12:35:47
Google 使用者,2,可不可以不要一天到晚都要更新系統阿！！！！很麻煩耶~改版後也沒比較好用阿！！要查東西反而找不到,2019-07-19 12:13:07
Google 使用者,5,好用,2019-07-19 12:05:44
Google 使用者,5,棒,2019-07-19 11:29:23
Google 使用者,5,還行,2019-07-19 10:51:52
Google 使用者,5,not bad,2019-07-19 10:45:45
Google 使用者,1,垃圾,2019-07-19 10:34:09
Google 使用者,5,good,2019-07-19 10:32:42
Google 使用者,5,我常常使用，很方便，不過餘額查詢的操作方式可以再便利一點就更好了（例如以滑動方式向前拉，而不用以輸入日期方式查詢等）；此外，可否新增交易後截圖或通知（如Line訊息）功能，相信更加完美。 補充：謝謝富邦的回覆，交易後通知的功能我看到了，之前沒注意到，抱歉！,2019-07-19 10:31:06
Google 使用者,4,已修復,2019-07-19 09:13:04
Google 使用者,5,很好,2019-07-19 09:05:50
Google 使用者,1,等待下載，半小時了還沒更新完成。,2019-07-19 08:34:38
Google 使用者,5,讚,2019-07-19 07:49:58
Google 使用者,5,讚！,2019-07-19 06:26:33
Google 使用者,5,好用,2019-07-19 01:26:59
Google 使用者,2,無法查詢卡費，一直在等待畫面,2019-07-19 00:17:05
Google 使用者,5,介面美麗好操作,2019-07-18 23:31:09
Google 使用者,5,很棒,2019-07-18 22:24:14
Google 使用者,3,信用卡區可否新增各個卡別的合計消費金額，方便計算現金回饋,2019-07-18 21:18:55
Google 使用者,5,方便又快速,2019-07-18 21:13:26
Google 使用者,5,很合用,2019-07-18 20:55:40
Google 使用者,3,"7/18更新後,目前恢復不閃退,希望未來也能穩定運行ˊˋ",2019-07-18 20:46:55
Google 使用者,5,好用~~不複雜,2019-07-18 20:44:29
Google 使用者,3,有好一些，改成三星,2019-07-18 20:17:35
Google 使用者,4,方便,2019-07-18 20:16:18
Google 使用者,5,富邦銀行ATM超好用,2019-07-18 20:13:23
Google 使用者,5,good,2019-07-18 20:08:46
Google 使用者,5,讚,2019-07-18 19:57:43
Google 使用者,5,nice,2019-07-18 19:47:21
Google 使用者,2,最近常當,2019-07-18 17:52:38
Google 使用者,5,good,2019-07-18 16:45:27
Google 使用者,5,很好用！,2019-07-18 16:20:34
Google 使用者,1,更新到最新了 一點app出現富邦秒閃退,2019-07-18 15:22:06
Google 使用者,4,順暢,2019-07-18 11:11:03
Google 使用者,5,GOOD,2019-07-18 10:02:44
Google 使用者,1,更新後閃退，連APP都跟信用卡客服一樣尸位素餐，台北富邦銀行到底怎麼了？ 7/18更新後一樣不能用，這段時間更新了幾次，通通不能用，令人憤怒！,2019-07-18 09:56:41
Google 使用者,4,清楚知道，運作方便，好查詢,2019-07-18 07:26:23
Google 使用者,5,good,2019-07-18 01:27:26
Google 使用者,5,很好,2019-07-17 20:07:02
Google 使用者,5,good,2019-07-17 15:25:16
Google 使用者,5,富邦這個APP是目前國內最好最簡單最便捷的,2019-07-17 14:09:44
Google 使用者,5,good,2019-07-17 03:03:03
Google 使用者,3,今天更新後，悠遊卡消費第一次無法即時顯示,2019-07-16 22:30:31
Google 使用者,5,很好用,2019-07-16 22:16:35
Google 使用者,4,更新後，卡死在 無法與本行連線,2019-07-16 19:17:41
Google 使用者,5,good,2019-07-16 18:22:11
Google 使用者,1,有夠爛,2019-07-16 01:36:36
Google 使用者,5,很棒，繼續保持。。。。。。。。。,2019-07-15 22:48:28
Google 使用者,5,棒,2019-07-15 16:37:03
Google 使用者,5,方便，即時,2019-07-15 13:52:44
Google 使用者,1,7/12更新完瘋狂閃退…移除再重新安裝也無法解決問題,2019-07-15 00:15:28
Google 使用者,4,good,2019-07-14 20:38:48
Google 使用者,5,很好用,2019-07-14 19:38:10
Google 使用者,5,好用,2019-07-14 14:12:08
Google 使用者,5,非常便利,2019-07-14 10:58:59
Google 使用者,3,昨天總算順利進去，希望之後不要再閃退了,2019-07-14 08:06:41
Google 使用者,5,不錯,2019-07-14 02:56:48
Google 使用者,5,操作挺方便！！非常好！！,2019-07-13 21:19:55
Google 使用者,1,信用卡刷卡消費app怎麼都不會通知～,2019-07-13 21:13:59
Google 使用者,5,操作簡易方便,2019-07-13 20:40:53
Google 使用者,3,1.增加這二分是給辛苦的回覆人員跟It同仁。 2.只是想詢問為何頁面感覺，還是一直像是web網頁的感覺，可否修正成與一般App流暢的頁面。,2019-07-13 16:31:24
Google 使用者,2,不知為何一直閃退?根本無法使用， 到底是出了什麼問題?請盡速改善好嗎?,2019-07-13 16:01:22
Google 使用者,4,APP帳務異動通知訊息不同步，過了一兩天才會通知，希望儘快改善,2019-07-13 11:54:44
Google 使用者,1,到現在還是不能用，你們請的工程師到底在衝殺小,2019-07-13 10:40:13
Google 使用者,1,散退無法使用,2019-07-13 09:51:40
Google 使用者,1,很爛的App幾乎都登不進去，嚴重影響卡友繳費,2019-07-13 09:42:24
Google 使用者,4,更新完7/12這個版本終於可以正常使用了，但現在很怕下次更新完會不會又出現閃退惡夢...,2019-07-13 07:35:14
Google 使用者,1,爛App，用帳戶扣款繳費完，過幾天還會收到未繳費的通知，是要繳幾次！！馬上移除 108年7月 爛更新，更新後一直錯誤閃退，要不要直接把app下駕算了，問題一堆,2019-07-13 05:47:37
Google 使用者,5,good,2019-07-13 01:16:23
Google 使用者,4,還行,2019-07-12 22:07:44
Google 使用者,1,一直閃退登不進去，麻煩盡快處理,2019-07-12 19:42:56
Google 使用者,2,系統穩定性也太差了吧。。。,2019-07-12 17:26:43
Google 使用者,1,"最近一直閃退, 要開好幾次才進的去! 看那麼多人都一樣閃退, 應該不是手機的問題, 是 app 的問題, 請先放回舊版的app. 新版本的等不會閃退再放上來!",2019-07-12 16:42:53
Google 使用者,1,"我的手機是華碩zenfone2,一直閃退無法改善嗎?",2019-07-12 13:57:43
Google 使用者,5,新營分行服務人員很好，守衛很盡責！！,2019-07-12 13:06:25
Google 使用者,1,爛透了,2019-07-12 05:31:06
Google 使用者,1,"更新後一直閃退 -----7/11-2--- 能不能先退版，讓大家可以使用？ 能不能給due date,而不是用固定內容回應？ 出了什麼問題，導致閃退？查到了沒？ 不要我有問題就叫我找客服，現在你們有問題，搞得要我們跟金管會投訴嗎？ ------------7/11-1--- 可否先讓使用者退回上一個版本 爭取你們解決的時間 而不是快速補丁，然後不用正解 還有那個圓圈圈，UX很難用，到底誰想出來的？ 不嫌棄的話，也一起拿掉被你們當作特別但很難用的介面 謝謝",2019-07-11 23:58:21
Google 使用者,5,介面清楚易操作，是用過的手機銀行最佳的,2019-07-11 22:20:37
Google 使用者,5,方便，好用,2019-07-11 20:51:11
Google 使用者,1,有夠爛。移除又安裝 4天了還是不行 一樣閃退 進不去畫面 今天7/11安裝後 還是一樣 貴公司app開發人員是不是有問題,2019-07-11 20:31:10
Google 使用者,4,每次信用卡會員到登入畫面就當掉了，試很多此無法登入還無法關掉，過了幾個月再試還是一樣的結果，此app實用性低 7/11收到開發人員來信，說明已更新程式，重新測試已經可以登入查詢了，實用性大幅提升,2019-07-11 18:48:31
Google 使用者,4,十分便利及即時,2019-07-11 18:08:25
Google 使用者,3,這個app到底有多少bug?動不動就通知維護，操作就閃退。如果不完備，還不如不要上線。各種不便，唉..,2019-07-11 18:02:07
Google 使用者,3,good,2019-07-11 17:26:18
Google 使用者,5,把最棒的程式留給需要的人！,2019-07-11 17:21:47
Google 使用者,3,無法下載,2019-07-11 16:25:14
Google 使用者,1,請問是已經停止使用了嗎?,2019-07-11 14:20:19
Google 使用者,1,之前用都好好的 不曉得為什麼這次更新後程式都沒有回應 連開都開不起來,2019-07-11 13:59:10
Google 使用者,5,可繳費,2019-07-11 13:21:29
Google 使用者,1,為何更新完後一直閃退!!!???,2019-07-11 07:56:37
Google 使用者,5,更新閃退問題，修復更改迅速。改回五星囉,2019-07-11 07:22:35
Google 使用者,3,無法開啟網路銀行，請解決!,2019-07-11 06:13:10
Google 使用者,5,方便😍,2019-07-11 05:40:22
Google 使用者,1,一直閃退，找個「會的」來寫程式好嗎？👎,2019-07-11 04:25:43
Google 使用者,3,閃退無法開啟QQ,2019-07-10 23:25:06
Google 使用者,5,方便使用，不會卡住,2019-07-10 21:41:30
Google 使用者,5,還不錯用,2019-07-10 21:26:10
Google 使用者,1,更新完依舊一直閃退,2019-07-10 19:19:17
Google 使用者,1,更新 卸載 依然閃退 無法開啟,2019-07-10 19:11:09
Google 使用者,5,很好用,2019-07-10 18:18:00
Google 使用者,3,已經連續三天無法登進富邦行動銀行了，卸載重新安裝還是一樣，請盡快改進。,2019-07-10 15:56:35
Google 使用者,4,還可以,2019-07-10 15:49:53
Google 使用者,1,更新後一直無法連線，本身網路都是正常的,2019-07-10 15:35:45
Google 使用者,4,不錯用,2019-07-10 15:29:55
Google 使用者,1,7/9更新就一直閃退,2019-07-10 13:40:28
Google 使用者,5,方便,2019-07-10 13:22:56
Google 使用者,5,好用,2019-07-10 12:03:14
Google 使用者,1,你們有沒有要處理問題!沒更新前還能開啟...更新後直接錯誤 無法開啟...請你們家工程師 確認更新檔是否忽略什麼... 還要自己設定,2019-07-10 10:35:14
Google 使用者,5,很好用,2019-07-10 10:07:30
Google 使用者,5,很讚 方便使用 清楚明瞭 是目前我用過的銀行中最好用的APP 你們很優秀 非常值得嘉許 繼續加油哦~~,2019-07-10 09:17:11
Google 使用者,5,很喜歡,2019-07-10 08:38:45
Google 使用者,5,介面一目了然，很清楚操作,2019-07-10 08:13:40
Google 使用者,5,帳密強迫大寫,2019-07-10 05:51:55
Google 使用者,4,可憐，去大陸就不能用，沒發更新。,2019-07-09 23:09:45
Google 使用者,1,7/6以後都無法使用，今天解除安裝後又重新安裝，一樣無法使用。APP似乎出了問題,2019-07-09 22:56:21
Google 使用者,1,更新後，無法開啟,2019-07-09 16:42:05
Google 使用者,1,root不給用,2019-07-09 15:38:51
Google 使用者,4,note5更新後完全無法開啟，因為以往都使用此app查帳，期待快修復，已造成嚴重困擾（@@）如修復正常運作時會再來更改評價。 更新：剛剛用有開起了，這幾天在使用看看。,2019-07-09 15:09:17
Google 使用者,1,不要制式回答問題。 一直閃退，很多人都遇到，怎麼沒辦法解決？,2019-07-09 15:05:39
Google 使用者,5,操作簡單明瞭,2019-07-09 13:56:05
Google 使用者,5,很好用,2019-07-09 13:28:22
Google 使用者,1,今天更新不能用了，你們在幹嗎 當白老鼠叫我们用哦,2019-07-09 13:06:57
Google 使用者,4,原本使用都還不錯，但是發現今天一直無法登入，也會閃退，希望可以趕快處理。,2019-07-09 13:04:32
Google 使用者,2,更新後閃退，程式設計請再加強，裝了app卻不能用就是垃圾,2019-07-09 12:55:33
Google 使用者,1,無法使用，更新後一直閃退,2019-07-09 09:58:46
Google 使用者,5,真的好用,2019-07-09 09:21:36
Google 使用者,5,好用,2019-07-09 09:13:12
Google 使用者,1,上次使用就不好用了 這次更新，一樣很難用…… 不論點哪個功能都要轉圈圈很久，信用卡轉到最後出現錯誤，是表示我不用繳信用卡費用了嗎？ 幫你存的功能我很喜歡，但能在首頁上可以顯示可用金額更好，不然我每次都要算還有多少可以花可以存，而且要算還要等他轉很久 S9+,2019-07-09 02:18:50
Google 使用者,5,功能齊全，未來希望圖案化，字減少,2019-07-08 22:00:55
Google 使用者,5,反應後改善速度很快,2019-07-08 21:42:20
Google 使用者,2,更新後無法開啟，請改善,2019-07-08 20:11:51
Google 使用者,5,指紋登入贏一半,2019-07-08 20:08:48
Google 使用者,1,兩個多月以來，沒有任何一次可以成功連線，每次更新都期待可以連上，但每次都失望，新使用者建議安裝google map或是chrome用線上銀行或是找附近實體的atm就好。,2019-07-08 19:47:46
Google 使用者,1,才更新完一天就打不開？,2019-07-08 19:06:49
Google 使用者,3,常常無法登入,2019-07-08 18:04:02
Google 使用者,3,好一陣子都沒接收到帳務訊息了欸,2019-07-08 17:32:12
Google 使用者,5,我跟其他人一樣，更新後就無法開啟，一直閃退，親自去富邦分行，一樣沒辦法解決，真是困擾，打客服，說的每個方式都做了，一樣無法開啟，明明就一堆人一樣的問題，還跟我說，沒有人反應，是認為我自己手機有問題，到底是怎麼了，還要下載嗎？下載N次了，一樣不行， 感謝富邦行動銀行的工程人員，聽到我們的聲音，本來是放棄使用，今天收到富邦通知，下載後就又可使用，太好了，辛苦了，謝謝,2019-07-08 16:22:43
Google 使用者,1,一直閃退請改進,2019-07-08 16:09:51
Google 使用者,3,為什麼每次登入都卡在讀取中？重下載才能順利登入，可以改善這問題嘛？,2019-07-08 16:08:23
Google 使用者,4,"红米note4x android 7.0 NRD90M ,7/5的版本終於修改好了",2019-07-08 15:17:11
Google 使用者,5,好用,2019-07-08 14:27:16
Google 使用者,3,"手機小米4i,上次更新前都正常開啟，目前移除後重新安裝也無法開啟",2019-07-08 13:52:37
Google 使用者,1,沒更新閃退 更新後一樣閃退!,2019-07-08 13:04:54
Google 使用者,5,點選升級卻一直跳出提示且無法升級成功，bug請修好。,2019-07-08 11:31:25
Google 使用者,1,更新了，一樣不能用,2019-07-08 10:42:25
Google 使用者,1,無法進入,2019-07-08 10:09:10
Google 使用者,1,7月8日更新完之後一樣一直閃退，APP工程師到底有沒有能力解決？,2019-07-08 10:02:37
Google 使用者,5,順手，好用。,2019-07-08 09:20:10
Google 使用者,5,讚,2019-07-08 09:00:18
Google 使用者,5,便利,2019-07-07 22:40:41
Google 使用者,5,不錯~滿好用的,2019-07-07 21:02:41
Google 使用者,1,更新後閃退,2019-07-07 20:42:01
Google 使用者,5,好用且介面很友善,2019-07-07 20:34:16
Google 使用者,1,7／5更新後還是不能使用app請趕快改善,2019-07-07 20:13:44
Google 使用者,4,還不錯！,2019-07-07 18:59:52
Google 使用者,5,GOOD,2019-07-07 16:40:35
Google 使用者,1,一直閃退，已經三天了，都無法解決嗎,2019-07-07 16:32:31
Google 使用者,1,7/6更新後仍然沒有回應!! 更新後反而無法正常開啟，一直顯示無回應，請盡速修復程式!,2019-07-07 16:22:48
Google 使用者,5,很棒,2019-07-07 14:04:34
Google 使用者,5,介面簡單好用~,2019-07-07 10:23:55
Google 使用者,5,功能操作方便,2019-07-07 05:57:27
Google 使用者,5,非常好用,2019-07-07 00:09:16
Google 使用者,1,"已經一個多禮拜不能使用, 使用最新的更新也一樣",2019-07-06 22:48:44
Google 使用者,4,更新後閃退，移除APP重裝也一樣 我手機版本OPPO A75s android 7.1.1 今天7/6約莫10點發現已經恢復正常 改回四顆星,2019-07-06 22:23:47
Google 使用者,5,nice,2019-07-06 22:05:15
Google 使用者,1,2019 7/6 閃退,2019-07-06 21:54:04
Google 使用者,1,7/6更新完後完全打不開，一直“已停止運作”,2019-07-06 21:26:16
Google 使用者,5,好用,2019-07-06 21:05:15
Google 使用者,5,很不錯的軟體，很人性化，好用,2019-07-06 20:50:54
Google 使用者,1,更新後閃退+1,2019-07-06 19:15:44
Google 使用者,5,good,2019-07-06 15:20:44
Google 使用者,1,一開2秒就閃退，sony xp。,2019-07-06 13:32:47
Google 使用者,1,為什麼從昨天我開始開啟APP，就一直閃退，無法打開，發生什麼事啦,2019-07-06 11:46:03
Google 使用者,1,開啟之後還是直接停止運作，無法使用！！,2019-07-06 09:09:41
Google 使用者,1,更新後不能用,2019-07-06 07:30:39
Google 使用者,4,很順好用,2019-07-06 07:21:37
Google 使用者,5,棒,2019-07-06 06:33:33
Google 使用者,1,用同隻手機 ，元大，第一，華南，玉山，app都沒問題正常使用，為什麼就富邦的六月份更新後就一直閃退 一個月了都改不好，5.80版就用的好好的,2019-07-06 06:21:33
Google 使用者,5,直覺好用,2019-07-06 00:27:29
Google 使用者,1,會閃退,2019-07-06 00:02:38
Google 使用者,1,一直閃退，請趕快解決,2019-07-05 23:05:56
Google 使用者,3,更新之後 打不開，一直閃退,2019-07-05 21:42:30
Google 使用者,1,打不開,2019-07-05 18:54:59
Google 使用者,5,這個app很好用，操作也簡單明瞭👍,2019-07-05 18:36:29
Google 使用者,5,謝謝工程師的用心,2019-07-05 17:09:37
Google 使用者,1,有顯示登入成功，可是一直在loading轉圈圈，已經好一陣子都這樣,2019-07-05 16:59:18
Google 使用者,5,讚,2019-07-05 16:37:21
Google 使用者,5,很方便,2019-07-05 16:03:26
Google 使用者,5,越來越符合使用者需求，請繼續努力優化app,2019-07-05 15:46:10
Google 使用者,3,打不開喔！,2019-07-05 15:34:55
Google 使用者,3,更新後一直無法開啟，已重新安裝還是一樣。,2019-07-05 14:29:09
Google 使用者,1,銀行做app到底是有什麼障礙啊？一家比一家爛，更新完一開就當掉，屢試不爽，重新安裝也沒用，錢賺這麼多花點像樣的預算做好一點很為難是嗎？丟臉,2019-07-05 13:17:27
Google 使用者,5,很好用,2019-07-05 12:35:58
Google 使用者,1,強迫更新中獎，結果完全打不開，不能使用 什麼時候才要處理啊……???,2019-07-05 12:04:11
Google 使用者,1,有問題喔！無法開啟使用,2019-07-05 11:56:13
Google 使用者,5,除了介面簡潔乾淨，我喜歡預設不會跳通知的APP，「我有需要再自己開啟需要的通知就好」這點真的深得我心~工程師棒棒！,2019-07-05 11:34:08
Google 使用者,1,更新後，無法開啟App。大家都在反應，為什麼還不改善呢？,2019-07-05 11:09:36
Google 使用者,4,好用，方便，滿意！,2019-07-05 10:14:31
Google 使用者,3,更新完進不去威,2019-07-05 08:19:02
Google 使用者,5,讚,2019-07-05 07:58:05
Google 使用者,5,簡結明瞭,2019-07-05 07:52:16
Google 使用者,1,點開閃退，請處理，謝謝,2019-07-05 07:39:36
Google 使用者,3,普普,2019-07-05 06:33:42
Google 使用者,1,強制更新後完全開不起來，直接關閉應用程式，請快點修正 手機是s7,2019-07-05 01:55:58
Google 使用者,1,安裝後，會閃退,2019-07-05 01:40:36
Google 使用者,1,更新後一直閃退，都無法開啟了！,2019-07-05 00:34:35
Google 使用者,1,更新完無法開啟~asus z01android 7.1，剛試著移除再下載還是閃退，可以退回更新前嗎？,2019-07-04 23:42:11
Google 使用者,5,還不錯用，謝謝,2019-07-04 23:10:36
Google 使用者,1,不知道為什麼一直閃退,2019-07-04 22:50:14
Google 使用者,5,使用方便又清楚哦！,2019-07-04 21:54:18
Google 使用者,2,更新後一直無法進入要不就是閃退，快解決這問題吧,2019-07-04 21:21:55
Google 使用者,1,更新後一直閃退，又強迫更新，急著要登入操作的時候真的很令人生氣,2019-07-04 19:29:55
Google 使用者,1,閃退問題何時才解決 不能使用app很困擾 麻煩工程人員盡快修復問題,2019-07-04 19:03:54
Google 使用者,4,順手,2019-07-04 18:59:47
Google 使用者,5,簡單明瞭,2019-07-04 18:57:47
Google 使用者,1,更新後只要點開就閃退，別說登入了，連畫面都來不及看見就強制自動關閉。,2019-07-04 15:29:07
Google 使用者,1,更新後無法開啟，閃退，太爛了R9S,2019-07-04 15:28:37
Google 使用者,5,跑出資料希望再快些,2019-07-04 15:27:08
Google 使用者,1,app 開不了一直閃退,2019-07-04 12:30:33
Google 使用者,5,很好,2019-07-04 10:19:50
Google 使用者,2,更新完一直閃退無法登入，怎麼這麼多天還沒解決！,2019-07-04 09:49:45
Google 使用者,4,操作/使用方便，資訊清楚,2019-07-04 09:41:25
Google 使用者,1,更新後打不開,2019-07-04 07:58:01
Google 使用者,1,更新後無法開啟，一直閃退,2019-07-04 06:32:13
Google 使用者,1,更新後無法登入 會閃退,2019-07-04 01:00:51
Google 使用者,1,連開都沒辦法開 (HTC A9sx),2019-07-03 23:18:44
Google 使用者,2,無法使用 請解決 謝謝,2019-07-03 22:52:14
Google 使用者,1,更新過後，一直閃退，快快修復吧！,2019-07-03 22:29:46
Google 使用者,5,功能超強,2019-07-03 21:57:42
Google 使用者,1,狂閃退，無言，已解除安裝,2019-07-03 20:30:13
Google 使用者,1,這次更新後會閃退，請盡速改善,2019-07-03 17:42:43
Google 使用者,4,方便好用,2019-07-03 17:34:37
Google 使用者,1,為何app打不開,2019-07-03 17:25:11
Google 使用者,5,還不錯,2019-07-03 17:19:02
Google 使用者,1,一直閃退,2019-07-03 16:17:26
Google 使用者,5,方便,2019-07-03 16:11:13
Google 使用者,1,大家都在反應更新後不能用，已經這麼多天，富邦金控沒人說明和處理嗎？,2019-07-03 15:55:00
Google 使用者,1,更新後無法開啟還閃退,2019-07-03 15:49:17
Google 使用者,5,很好用,2019-07-03 15:42:16
Google 使用者,1,更新後一直閃退根本進不去,2019-07-03 15:18:45
Google 使用者,1,更新後閃退，重安裝也一樣，看評價前幾天就這樣了，有在解決問題嗎？手機是 s7 edge,2019-07-03 14:19:48
Google 使用者,5,讚,2019-07-03 14:13:42
Google 使用者,1,更新後，一打開就閃退，刪除重新下載也一樣，這樣要我們怎樣用帳戶轉帳查帳...... 什麼爛東西 😡😡😡 請盡快處理這問題 😤,2019-07-03 13:08:03
Google 使用者,1,真是用一次火一次，什麼快捷設定都是騙人，那就算了，明明6/25已經繳費，到7/3上面還顯示繳費選項，是要搞得我重複繳款嗎？另外剛更新後，說什麼帳號登出登入之類，結果顯示個loading就當了，真是有夠爛耶，從來沒好過，死不改,2019-07-03 12:53:55
Google 使用者,1,更新後一直無法登錄,2019-07-03 12:13:14
Google 使用者,5,很方便，感謝您,2019-07-03 11:23:59
Google 使用者,5,很順,2019-07-03 11:22:13
Google 使用者,5,good,2019-07-03 11:13:52
Google 使用者,5,持續進步。,2019-07-03 10:02:46
Google 使用者,1,不能開啟 ，請盡快處理,2019-07-03 09:52:13
Google 使用者,1,更新後閃退,2019-07-03 09:23:22
Google 使用者,1,更新後閃退，好幾天了，銀行APP不能這樣吧？快修復吧,2019-07-03 00:59:47
Google 使用者,5,棒透了,2019-07-03 00:14:09
Google 使用者,5,good APP,2019-07-02 23:39:42
Google 使用者,5,好用，清楚簡便,2019-07-02 23:07:39
Google 使用者,1,介面醜 反應慢 操作很不直覺 繳自己名下的信用卡卡費 還要用非約定轉帳 這真的很有事! 2019/07/01更新後一直閃退 請儘快處理,2019-07-02 23:03:50
Google 使用者,1,更新一直閃退，OPPO 手機,2019-07-02 22:36:02
Google 使用者,1,無法登入,2019-07-02 22:22:06
Google 使用者,5,好用！,2019-07-02 21:21:49
Google 使用者,5,覺得很好用,2019-07-02 21:20:46
Google 使用者,1,更新後進不去一直閃退,2019-07-02 18:58:32
Google 使用者,1,更新後閃退 無法使用 能釋出更新嗎,2019-07-02 18:36:01
Google 使用者,1,更新完頻頻閃退,2019-07-02 18:23:49
Google 使用者,2,一直閃退進不去了,2019-07-02 16:52:51
Google 使用者,1,一直跳出無法使用,2019-07-02 16:31:00
Google 使用者,1,閃退,2019-07-02 16:23:25
Google 使用者,4,good,2019-07-02 15:17:42
Google 使用者,1,更新後一直閃退無法登入，就算重新下載安裝仍是如此閃退，不知是貴單位更新程式有問題還是我的手機也在罷工？,2019-07-02 14:53:28
Google 使用者,1,爛透了，狂閃退,2019-07-02 13:56:33
Google 使用者,1,更新後不斷閃退，完全無法使用,2019-07-02 13:48:34
Google 使用者,1,一直快閃退出，進不去……,2019-07-02 13:42:15
Google 使用者,5,謝謝你們,2019-07-02 11:38:13
Google 使用者,4,方便好用。,2019-07-02 11:06:49
Google 使用者,5,方便，安全,2019-07-02 10:14:50
Google 使用者,4,不錯,2019-07-02 09:22:15
Google 使用者,2,昨天7/1開始就一直當機，重新安裝也一樣,2019-07-02 09:21:08
Google 使用者,4,不錯,2019-07-02 09:14:27
Google 使用者,5,"非常便利好用的App,讚!",2019-07-02 08:57:17
Google 使用者,5,good,2019-07-02 08:28:40
Google 使用者,5,明暸簡單好操作!棒,2019-07-02 07:11:21
Google 使用者,5,棒棒,2019-07-02 03:28:51
Google 使用者,1,當機 更新後就進不去了,2019-07-01 23:16:22
Google 使用者,5,線上轉帳方便❗,2019-07-01 21:05:28
Google 使用者,1,更新完手機app軟體打不開，華碩ZenFone4,2019-07-01 20:41:28
Google 使用者,5,方便,2019-07-01 20:28:48
Google 使用者,1,閃退 完全打不開,2019-07-01 19:56:28
Google 使用者,5,很方便使用,2019-07-01 18:49:37
Google 使用者,5,好用,2019-07-01 18:36:25
Google 使用者,5,介面容易操作，使用起來很便利,2019-07-01 17:55:15
Google 使用者,5,完全不動厲害一直類咯,2019-07-01 17:03:05
Google 使用者,1,更新後無法使用 sony.xz,2019-07-01 16:38:22
Google 使用者,5,使用方便,2019-07-01 16:30:01
Google 使用者,4,簡單明瞭,2019-07-01 15:53:45
Google 使用者,1,7/1更新完 一直閃退進不去是怎麼了,2019-07-01 14:29:41
Google 使用者,5,很好用，方便性很高,2019-07-01 14:24:27
Google 使用者,1,nokia_3.1 無法使用，開啟時會閃退,2019-07-01 13:57:18
Google 使用者,4,一直叫我升級，點進去又不能升級，到底是怎樣,2019-07-01 13:27:18
Google 使用者,5,非常棒！,2019-07-01 13:26:15
Google 使用者,1,更新完無法使用,2019-07-01 12:49:21
Google 使用者,4,操作簡易方便,2019-07-01 12:22:00
Google 使用者,1,一直閃退無法使用 可以趕快處理嗎,2019-07-01 11:42:57
Google 使用者,4,介面方便查詢,2019-07-01 11:41:42
Google 使用者,5,簡單明瞭,2019-07-01 11:23:40
Google 使用者,5,項目清楚好操作！,2019-07-01 10:44:26
Google 使用者,4,方便好用,2019-07-01 10:40:58
Google 使用者,5,簡單好用,2019-07-01 10:37:41
Google 使用者,1,更新後一直閃退，無法進入到登入畫面,2019-07-01 10:35:22
Google 使用者,5,方便實用,2019-07-01 10:31:44
Google 使用者,1,方便,2019-07-01 10:18:19
Google 使用者,3,good,2019-07-01 10:05:51
Google 使用者,5,讚！,2019-07-01 09:55:35
Google 使用者,1,幾個月來眾多使用者反應的閃退 閃退 閃退問題一直沒有改善，每個月的強迫更新確一直沒解決問題，只會官方回覆，您們有真心的在做處理改善嗎？,2019-07-01 09:51:56
Google 使用者,5,順暢又人性化的介面，很棒,2019-07-01 09:21:30
Google 使用者,2,這個版本會閃退哦，app開不了，請處理此問題！,2019-07-01 09:16:36
Google 使用者,5,安全又方便，非常讚！,2019-07-01 08:46:48
Google 使用者,5,方便，快速,2019-07-01 04:51:40
Google 使用者,5,好用，但六月底更新後無法開啟，詢問？,2019-07-01 00:34:24
Google 使用者,5,好用方便也期盼安全!,2019-07-01 00:30:33
Google 使用者,1,20190630 android 版為何app無法登入直接當機 移除重新安裝也一樣,2019-06-30 16:13:29
Google 使用者,4,好用,2019-06-30 14:58:42
Google 使用者,1,629更新後，一直出現 屢次停止運作，不能順利登錄，真的是有些困擾!,2019-06-30 12:44:12
Google 使用者,5,順暢易超作。,2019-06-30 07:48:53
Google 使用者,1,一直閃退，根本沒辦法使用，想無卡提款都不行，趕快修正，超不方便，怎越更新越糟糕，好好檢討一下....,2019-06-30 07:35:41
Google 使用者,3,更新後會閃退!!,2019-06-30 00:06:32
Google 使用者,5,軟體使用方便,2019-06-29 23:48:08
Google 使用者,3,糟糕，這個版本更新後一直閃退進不去，重新移除再安裝也是閃退進不去。。。 後來過一陣子，使用其他幾個APP後，發現已經不閃退能進入台北富邦的APP了。不知先前閃退原因為何?? 。。。幾小時後再使用，發現閃退無法進入，再開啟一次後可以正常開啟，然後試著清空手機程式暫存，就會導致閃退無法進入程式。。。現在第一次開啟APP會閃退，閃退後再開APP能順利開啟，真是麻煩。。。,2019-06-29 23:05:44
Google 使用者,1,6/29更新後閃退,2019-06-29 20:40:35
Google 使用者,1,好不容易更新下載好了卻打開就閃退？？！,2019-06-29 18:15:22
Google 使用者,5,很方便,2019-06-29 13:58:08
Google 使用者,1,一直當機,2019-06-29 13:56:27
Google 使用者,1,更新完最新版本，完全打不開，是怎樣?本來還不錯用的!!快點解決，現在很不方便耶！,2019-06-29 13:48:30
Google 使用者,5,棒,2019-06-29 04:28:45
Google 使用者,4,ok,2019-06-29 00:58:02
Google 使用者,1,更新後直接閃退，重裝也一樣。,2019-06-28 22:39:36
Google 使用者,1,讚,2019-06-28 21:47:06
Google 使用者,1,點選繳信用卡費，一直出現系統發生異常[MB-9999]請稍後再試，是手機問題，還是App問題,2019-06-28 20:58:47
Google 使用者,1,更新後一直死當。 能不能不要一直更新，真是造成別人困擾,2019-06-28 19:56:38
Google 使用者,1,"動不動就要更新，我不更新不行嗎？下載下載半天都下載不下來， 收訊明明滿格，就下載不下來 ，就算是下載下來了，一直""停止運作""好不容易進去了，竟然還卡住，更新之後也沒有比較好用啊 ！為什麼要強制更新？不更新不行嗎？",2019-06-28 17:44:19
Google 使用者,3,更新後反而打不開,2019-06-28 16:54:47
Google 使用者,4,方便快速,2019-06-28 14:29:01
Google 使用者,1,一直閃退，根本無法用，請盡快改善,2019-06-28 12:22:58
Google 使用者,5,非常方便感謝,2019-06-28 10:19:30
Google 使用者,4,希望能夠有薪資入帳通知的功能！！ 如果有的話，會給到滿顆星👍,2019-06-28 02:21:16
Google 使用者,5,頁面清楚簡潔，操作方便。不需東找西找，也沒有模糊的地方。初始設定也是很人性化。,2019-06-27 18:04:44
Google 使用者,4,更新按鈕超出螢幕 又無法從play更新 有急用造成困擾,2019-06-27 00:07:42
Google 使用者,2,"密碼打完就一直顯示在loading…,等半天都沒有轉跳，每次不想用電腦查帳然後用手機都登不進去，這app做的真差",2019-06-26 23:37:20
Google 使用者,5,最好用的銀行APP,2019-06-26 22:27:08
Google 使用者,4,更新後無法啟用，卸載重加一樣閃退野😓,2019-06-26 16:48:14
Google 使用者,1,不停更新，每次都是，很煩,2019-06-26 14:03:01
Google 使用者,2,不更新不給用，但是又一直無法下載更新，要怎麼用?,2019-06-25 22:58:56
Google 使用者,1,每次開app都要更新程式，是要加多少用不到的功能,2019-06-25 21:29:53
Google 使用者,5,好,2019-06-25 17:29:13
Google 使用者,4,疑似會造成Sony 10 plus 銀幕解鎖異常 ，請study一下,2019-06-25 17:01:29
Google 使用者,5,一直通知更新，但是一直下載中 無法操作，無法看帳 至少趕快公告問題改善方法,2019-06-25 14:29:07
Google 使用者,5,方便操作,2019-06-25 12:53:52
Google 使用者,5,還不錯，只是沒辦法看到自己真正可用餘額，必須到轉帳畫面才看得到,2019-06-25 10:08:30
Google 使用者,5,快速，有效率,2019-06-25 06:03:05
Google 使用者,5,nice,2019-06-24 23:28:57
Google 使用者,5,用起來很方便。操作頁面也很簡單,2019-06-24 17:29:08
Google 使用者,5,很好,2019-06-24 13:16:04
Google 使用者,5,很好用,2019-06-24 12:22:44
Google 使用者,5,好用,2019-06-23 22:31:47
Google 使用者,1,都幾個工作天了 問題還沒有解決！ 現在完全無法登錄 ！,2019-06-23 17:40:23
Google 使用者,1,請問綱路更新為何無法完成,2019-06-23 13:52:41
Google 使用者,5,quite user friendly,2019-06-22 15:31:26
Google 使用者,4,無法連線兩個禮拜,2019-06-22 11:32:08
Google 使用者,5,方便的軟體,2019-06-22 11:20:22
Google 使用者,1,2019/6/22號，不想給一星，但自從這app改版之後，訊息通知一直有問題，裝這軟體就是希望方便與即時訊息，不管是刷卡，還是金額轉入轉出。真的是不重視使用者的感受。只是一直增加功能。真的蠻失望的。,2019-06-22 10:47:50
Google 使用者,5,金展啦！,2019-06-22 10:34:59
Google 使用者,1,更新後，完全無法動彈。,2019-06-22 10:19:38
Google 使用者,3,更新過後我反而無法登入信用卡查詢卡費了,2019-06-22 00:18:29
Google 使用者,5,讚,2019-06-21 16:32:15
Google 使用者,5,好用,2019-06-21 14:20:25
Google 使用者,5,便捷,2019-06-21 12:10:43
Google 使用者,5,人性化設計,2019-06-21 09:32:30
Google 使用者,4,介面變的很個人化 好操作,2019-06-21 08:41:35
Google 使用者,5,快速,2019-06-21 08:39:37
Google 使用者,5,很好用,2019-06-21 08:02:01
Google 使用者,5,我覺得很方便～,2019-06-21 07:34:21
Google 使用者,5,現在的程式越改越好了，而且也新增了許多好用的功能使用起來更加方便許多,2019-06-21 00:59:06
Google 使用者,1,強制更新又閃退，爛爆,2019-06-20 23:08:36
Google 使用者,5,很好,2019-06-20 22:42:51
Google 使用者,5,操作方便,2019-06-20 22:33:55
Google 使用者,1,最近兩次使用皆莫名奇妙當機，再登入，卻又告知尚未登出，只能繼續登入，無法連接回之前的狀態,2019-06-20 22:18:40
Google 使用者,3,今天上不去~是網頁有問題嗎？,2019-06-20 17:00:02
Google 使用者,1,持續當掉 重裝也沒用 到底幾時修好,2019-06-20 16:52:04
Google 使用者,1,爛爆了！只要活動登錄就當，那還要app幹嘛？！,2019-06-20 16:03:03
Google 使用者,5,💪,2019-06-20 08:17:01
Google 使用者,5,good,2019-06-19 22:34:34
Google 使用者,1,刷卡消費不通知耶，這問題很久了都不解決！！,2019-06-19 21:53:23
Google 使用者,5,非常好的一個app,2019-06-19 15:39:09
Google 使用者,5,不錯,2019-06-19 13:04:05
Google 使用者,1,沒有負星，不然應該是負3星，第一次使用到光登入就要等這麼久的APP!!,2019-06-19 12:53:27
Google 使用者,4,讚！,2019-06-19 10:54:06
Google 使用者,5,good,2019-06-19 10:26:06
Google 使用者,5,方便快速,2019-06-19 09:14:16
Google 使用者,5,good,2019-06-18 05:47:55
Google 使用者,5,簡單明瞭,2019-06-17 11:37:22
Google 使用者,5,簡單方便好用,2019-06-17 10:51:26
Google 使用者,4,剛開使用，還不錯,2019-06-17 00:11:56
Google 使用者,5,不錯用，很方便,2019-06-16 23:38:26
Google 使用者,5,很好用,2019-06-16 23:27:15
Google 使用者,1,最近用一半就閃退，轉個帳要玩好幾次，還要碰運氣，到底修不修啊,2019-06-16 08:54:00
Google 使用者,5,簡單明瞭易操作,2019-06-16 00:15:15
Google 使用者,2,很難登入,2019-06-14 16:44:18
Google 使用者,5,好用,2019-06-14 14:54:05
Google 使用者,4,還蠻好用的,2019-06-14 12:43:07
Google 使用者,1,最近操作沒完成就跳出，連試多次都一樣，在轉帳時真的很困擾,2019-06-14 11:20:44
Google 使用者,5,我很喜歡貴公司的工程師所設計的軟體「網路銀行」，超級方便感謝您。,2019-06-14 10:36:11
Google 使用者,5,介面直覺好用,2019-06-13 23:44:31
Google 使用者,5,不錯又方便的系統,2019-06-13 20:49:10
Google 使用者,5,不錯用,2019-06-13 20:27:33
Google 使用者,5,👍,2019-06-13 11:53:36
Google 使用者,4,相較其他金控的軟體，這個軟體好用。,2019-06-13 07:46:17
Google 使用者,3,新版本開啟直接閃退，不知道是否跟手機是 android 9 有關,2019-06-12 19:47:44
Google 使用者,5,感謝開發富邦app的人,2019-06-12 13:48:07
Google 使用者,5,very good!,2019-06-12 12:54:06
Google 使用者,4,最近很常發生 閃退 的情形！！ HTC U11,2019-06-12 09:28:54
Google 使用者,2,之前不管是帳戶存款或是扣款或是信用卡消費，手機上方都會收到即時跳出通知，現在都不會收到通知，都要點進去app裡才會看到，這樣很不方便，請趕快更新處理 然後現在又一直閃退，以前富邦行動銀行真的很好用，更新之後為什麼覺得問題越多越差？,2019-06-12 01:17:47
Google 使用者,5,新介面好用,2019-06-12 00:19:00
Google 使用者,5,方便使用。。,2019-06-11 16:49:14
Google 使用者,5,使用方便，總體資訊清晰明瞭,2019-06-11 14:50:04
Google 使用者,5,非常實用，使用這1-2年來都非常順手,2019-06-11 12:37:22
Google 使用者,5,非常穩定，而且沒遇到過閃退問題。,2019-06-11 12:19:07
Google 使用者,5,很穩定好用,2019-06-10 21:24:29
Google 使用者,5,操作明嘹清楚,2019-06-10 20:45:56
Google 使用者,5,good,2019-06-10 20:05:12
Google 使用者,1,一更新完，根本點不開，直接閃退,2019-06-10 15:34:12
Google 使用者,5,辛苦你們了 ， 軟體工程師，開發這麼方便的軟體讓我們隨時可以掌握自己的經濟狀況，不用浪費時間在櫃檯排隊，金融體系的完善也是一個國家競爭力很重要的指標。,2019-06-10 10:04:13
Google 使用者,4,轉帳,2019-06-10 09:18:55
Google 使用者,4,還算清楚,2019-06-10 00:35:36
Google 使用者,5,👍,2019-06-09 23:51:11
Google 使用者,5,不錯,2019-06-09 20:45:45
Google 使用者,4,目前使用順暢。,2019-06-09 15:30:31
Google 使用者,5,很便利好用,2019-06-09 11:30:12
Google 使用者,5,Good,2019-06-09 02:20:37
Google 使用者,5,頁面簡單好懂，UI 操作容易,2019-06-08 23:16:01
Google 使用者,5,😊,2019-06-08 22:46:01
Google 使用者,4,還不錯用，但偶爾會有閃退的狀況,2019-06-08 22:05:08
Google 使用者,5,good,2019-06-08 19:27:02
Google 使用者,5,👍好用的網銀,2019-06-08 18:16:03
Google 使用者,5,讚,2019-06-08 16:00:35
Google 使用者,1,更新完後 一開程式就閃退 是要人怎麼交錢啦,2019-06-08 15:15:26
Google 使用者,4,很好用,2019-06-08 08:03:40
Google 使用者,1,更新後跳閃,2019-06-07 20:19:57
Google 使用者,4,很好使用。,2019-06-07 17:34:52
Google 使用者,2,很難開啟，手機型號 ASUS ZD552KL,2019-06-07 10:32:32
Google 使用者,4,滿方便的，介面不錯,2019-06-07 09:54:29
Google 使用者,4,不錯,2019-06-07 05:13:47
Google 使用者,5,使用順暢,2019-06-06 22:07:20
Google 使用者,1,閃退htc10,2019-06-06 21:58:11
Google 使用者,5,good,2019-06-06 21:39:11
Google 使用者,2,更新完更容易當,2019-06-06 21:24:16
Google 使用者,5,方便好用,2019-06-06 21:10:59
Google 使用者,5,超方便的App,2019-06-06 20:31:21
Google 使用者,1,更新完就進不去了，重新安裝也一樣，請問是什麼原因？？,2019-06-06 19:11:43
Google 使用者,5,使用很便利~好操作,2019-06-06 18:50:32
Google 使用者,5,不错,2019-06-06 17:13:25
Google 使用者,3,一直閃退，不能穩定一點嗎,2019-06-06 16:16:15
Google 使用者,5,方便,2019-06-06 13:50:33
Google 使用者,3,更新版本後造成閃退無法使用， 今天試著遮蔽 root 後即可正常， 看來新版本針對有 root 的系統做了防護措施......無言了！！ 有以上問題的使用者可以試著屏蔽 root 偵測再試試看！,2019-06-06 03:39:10
Google 使用者,5,超級滿意,2019-06-05 23:40:00
Google 使用者,5,超好用且步驟簡單,2019-06-05 22:57:16
Google 使用者,1,更新後htc m9無法開啟,2019-06-05 19:57:23
Google 使用者,5,不錯，很好用，很方便！,2019-06-05 18:16:00
Google 使用者,5,介面很人性化、簡易、可以快速操作、很好用的APP,2019-06-05 18:14:17
Google 使用者,5,方便,2019-06-05 16:48:55
Google 使用者,3,good,2019-06-05 16:26:48
Google 使用者,5,非常便利,2019-06-05 13:55:40
Google 使用者,5,畫面美，功能佳,2019-06-05 13:40:09
Google 使用者,5,速度很快,2019-06-05 12:01:23
Google 使用者,3,好好,2019-06-05 11:12:41
Google 使用者,5,方便,2019-06-05 10:54:41
Google 使用者,5,安全方便,2019-06-05 08:55:57
Google 使用者,5,good,2019-06-05 08:13:46
Google 使用者,1,閃退,2019-06-05 01:59:42
Google 使用者,1,什麼都不不能查,2019-06-05 00:19:53
Google 使用者,5,方便好操作,2019-06-04 23:47:25
Google 使用者,5,好用,2019-06-04 23:27:02
Google 使用者,5,方便好用,2019-06-04 22:59:31
Google 使用者,5,非常實用,2019-06-04 21:43:45
Google 使用者,5,很方便,2019-06-04 16:06:06
Google 使用者,5,改版後，使用上有較方便,2019-06-04 14:59:38
Google 使用者,5,操作容易，介面易懂。,2019-06-04 14:27:52
Google 使用者,5,不錯用,2019-06-04 13:50:54
Google 使用者,5,非常人性化又好用,2019-06-04 13:41:01
Google 使用者,5,方便 好用,2019-06-04 12:57:45
Google 使用者,1,5/30更新後完全不能開啟，連重開機、重安裝、清除dalvik都不行，請儘快改善!!!…上次到現在6/4完全沒人理，建議出個Lite版只要轉帳和信用卡明細，不要一堆垃圾把App愈搞愈大又愈慢到底想幹嘛，要不要乾脆把購物商城也弄進來算了??,2019-06-04 12:09:03
Google 使用者,5,便利 好用,2019-06-04 12:03:29
Google 使用者,5,很好用！！,2019-06-04 09:47:43
Google 使用者,5,算方便好用,2019-06-04 06:52:39
Google 使用者,5,很方便,2019-06-03 22:21:48
Google 使用者,4,👍,2019-06-03 21:55:42
Google 使用者,5,很好，謝謝,2019-06-03 21:27:07
Google 使用者,5,ok,2019-06-03 21:24:36
Google 使用者,5,讚,2019-06-03 21:17:30
Google 使用者,5,非常棒,2019-06-03 19:38:36
Google 使用者,5,讚,2019-06-03 16:55:42
Google 使用者,5,很方便,2019-06-03 14:09:18
Google 使用者,5,good,2019-06-03 12:46:36
Google 使用者,5,好用,2019-06-03 11:32:34
Google 使用者,5,很方便好用,2019-06-03 10:42:53
Google 使用者,4,好用,2019-06-03 10:35:15
Google 使用者,5,越來越好用,2019-06-03 10:26:39
Google 使用者,5,e記帳有幫助,2019-06-03 07:47:05
Google 使用者,5,👍,2019-06-03 01:27:46
Google 使用者,5,good,2019-06-02 21:30:38
Google 使用者,3,此新版本，修正了幾隻臭蟲，為何要多讀取手機的通話紀錄，位置，相機，檔案的權限？,2019-06-02 18:25:01
Google 使用者,5,不會有非原生嵌入的不適切感，讚!,2019-06-02 16:30:07
Google 使用者,4,很清楚,2019-06-02 12:29:07
Google 使用者,5,之前都是刷卡後立刻收到通知，現在都要2-3天後才收到，鴿子傳書也不會更慢了，請務必改進,2019-06-02 10:29:27
Google 使用者,5,方便,2019-06-02 09:52:21
Google 使用者,5,很友善的介面,2019-06-02 09:35:02
Google 使用者,1,更新完就閃退...沒有測試過就release嗎...,2019-06-02 04:00:17
Google 使用者,1,一直在登入狀態……登了10分鐘還在登入……進不去…等到睡著…還沒登入……是只有我這樣嗎？😡😡更新完就這樣了……很爛,2019-06-01 23:35:53
Google 使用者,5,超級方便實用,2019-06-01 22:43:41
Google 使用者,5,很好用,2019-06-01 21:54:07
Google 使用者,5,非常方便,2019-06-01 19:05:59
Google 使用者,5,容易上手,2019-06-01 16:58:24
Google 使用者,1,信用卡沒有補寄電子帳單的選項，每次都要打客服，又很難打，提建議超過三年了還是不提供！乾脆改收紙本好了！,2019-06-01 14:29:10
Google 使用者,5,方便省時,2019-06-01 12:17:23
Google 使用者,5,很好用,2019-06-01 12:13:20
Google 使用者,5,很棒,2019-06-01 10:58:04
Google 使用者,5,方便好用,2019-06-01 06:23:36
Google 使用者,5,不錯,2019-06-01 00:16:25
Google 使用者,3,堪用。介面只能說不醜，動畫很弱,2019-05-31 21:20:42
Google 使用者,3,這次登入後，常常閃退,2019-05-31 20:50:02
Google 使用者,1,Sony XZS更新完這次的app，現在一開啟程式馬上就當掉，完全無法使用。,2019-05-31 12:36:50
Google 使用者,4,尚可,2019-05-31 10:46:26
Google 使用者,4,good,2019-05-31 09:00:26
Google 使用者,5,方便使用,2019-05-31 08:58:06
Google 使用者,2,"更新後 Android Q 下無法開啟本 App, 請儘速修正了, 謝謝！前一版本還正常喔！",2019-05-31 00:41:58
Google 使用者,1,app檔案太大了，且一直強迫更新,2019-05-30 20:58:12
Google 使用者,1,更新新版後 無法開啟，直接crash(清除user data也沒用),2019-05-30 17:02:34
Google 使用者,5,讚,2019-05-30 08:20:19
Google 使用者,1,已經一個月以上都無法使用，永遠顯示無法取得連線,2019-05-29 20:33:50
Google 使用者,5,好用,2019-05-29 19:14:30
Google 使用者,5,可以增加信用卡內的悠遊卡消費資訊嗎？,2019-05-29 13:39:20
Google 使用者,5,很實用。,2019-05-29 03:13:57
Google 使用者,5,上手,2019-05-28 20:18:53
Google 使用者,5,簡明扼要,2019-05-28 09:53:21
Google 使用者,5,好,2019-05-25 16:44:03
Google 使用者,3,一直登入不了,2019-05-25 12:55:20
Google 使用者,2,持續載入中== 網路崩潰了嗎,2019-05-25 12:13:15
Google 使用者,1,上不去,2019-05-25 11:57:37
Google 使用者,5,讚,2019-05-25 07:29:34
Google 使用者,5,使用很方便 清楚明暸,2019-05-24 11:54:24
Google 使用者,5,good,2019-05-24 11:05:43
Google 使用者,5,介面易操作,2019-05-23 00:34:35
Google 使用者,5,讚,2019-05-22 23:46:01
Google 使用者,4,直覺式介面，很直接,2019-05-22 12:25:10
Google 使用者,4,Good !,2019-05-22 10:55:09
Google 使用者,1,刷卡後，未能及時通知刷卡訊息，刷卡金額也要隔好幾個禮拜才顯示，完全無時效性，多多向台新銀行app看齊吧！,2019-05-22 07:37:00
Google 使用者,5,good,2019-05-22 07:25:47
Google 使用者,1,原本在桌面只要拉到資料夾後就無法執行…拉回桌面又可以…煩請確認 謝謝 無法執行，我是再重裝才發現是這原因,2019-05-21 23:12:33
Google 使用者,5,使用方便,2019-05-21 20:54:56
Google 使用者,5,好好好用,2019-05-21 20:19:38
Google 使用者,5,好棒。,2019-05-21 17:05:57
Google 使用者,4,慢慢改善中,2019-05-21 07:49:38
Google 使用者,5,第一次用,2019-05-20 22:12:31
Google 使用者,3,強迫更新頻率太高，有時不更新還不能用，其他還可以,2019-05-20 18:13:45
Google 使用者,5,介面清爽好用。,2019-05-20 11:45:46
Google 使用者,5,很順暢,2019-05-19 15:30:04
Google 使用者,5,好,2019-05-19 08:38:30
Google 使用者,5,好,2019-05-19 08:07:39
Google 使用者,5,服務員客氣，和善，有禮貌,2019-05-19 07:07:00
Google 使用者,5,清楚簡單好用 無bug,2019-05-18 08:09:53
Google 使用者,5,便利快速,2019-05-18 00:05:15
Google 使用者,5,好用方便,2019-05-17 23:30:04
Google 使用者,4,蠻方便,2019-05-17 16:01:37
Google 使用者,5,感覺的出來首頁有想要讓使用者更方便的用心， 但實在太眼花撩亂了😂😂,2019-05-16 16:58:15
Google 使用者,4,方便性又捷便!,2019-05-15 21:14:53
Google 使用者,5,Good,2019-05-15 18:30:31
Google 使用者,5,快速方便,2019-05-15 18:07:09
Google 使用者,1,完全是鬼打牆的APP，完全不行，不是做個APP交差就好，是要做好OK? 結果我還是得去銀行一趟，中國信託的APP都比你們的好用。,2019-05-15 14:20:40
Google 使用者,5,讚,2019-05-15 10:37:31
Google 使用者,5,讚哦,2019-05-15 08:08:22
Google 使用者,1,一天到晚更新,2019-05-15 07:55:49
Google 使用者,4,剛使用沒多久.目前覺得操作簡單.方便～👍,2019-05-14 18:23:47
Google 使用者,5,好用便利^^,2019-05-14 12:40:51
Google 使用者,4,功能穩定，界面清楚易懂,2019-05-14 11:10:33
Google 使用者,5,沒啥大錯，難得，加油！原來評分4星，改版太頻繁了；今修訂為5星，覺得App持續進步，值得推薦。,2019-05-14 10:42:25
Google 使用者,1,爛，訊號網路滿格，登不進去，還顯示要我確認是否網路有開，登不進去都使用者的問題,2019-05-14 09:29:23
Google 使用者,5,好用！沒話說！,2019-05-14 02:21:46
Google 使用者,5,功能多囉,2019-05-14 00:27:19
Google 使用者,5,比起很多間的app 富邦真的很好用,2019-05-13 23:09:18
Google 使用者,5,很方便,2019-05-13 19:51:58
Google 使用者,5,操作簡單易使用,2019-05-13 14:20:01
Google 使用者,4,其實app的的首頁有點眼花繚亂~各種常用的功能愈能夠清楚快速的連結愈好,2019-05-13 00:57:29
Google 使用者,5,方便快速,2019-05-13 00:44:44
Google 使用者,4,查詢方便~,2019-05-13 00:21:56
Google 使用者,5,簡單易懂,2019-05-12 23:33:44
Google 使用者,5,方便,2019-05-12 15:15:57
Google 使用者,5,很好操作,2019-05-12 09:51:56
Google 使用者,5,使用體驗良好,2019-05-12 01:57:51
Google 使用者,1,明明不需要那多功能，卻要我們一直升級,2019-05-11 22:05:31
Google 使用者,5,超好用,2019-05-11 20:38:31
Google 使用者,5,工程師做的很棒,2019-05-11 18:43:33
Google 使用者,4,方便好用,2019-05-11 17:05:25
Google 使用者,1,每次更新都等很久（5/11等了2小時還沒更新完畢，網速頂級手機也頂級安卓也是最新版） 而且更新之後，功能與介面的便利性更加降低。 工程師應該要換新了。,2019-05-11 16:31:59
Google 使用者,5,使用方式明確，很喜歡,2019-05-11 02:09:57
Google 使用者,3,使用介面太乱,2019-05-10 21:58:18
Google 使用者,1,一直無法升級,2019-05-10 21:56:26
Google 使用者,5,畫面清淨,2019-05-10 20:02:02
Google 使用者,5,相當不錯用喔,2019-05-10 18:44:41
Google 使用者,4,不錯,2019-05-10 15:27:26
Google 使用者,5,方便好用喔！,2019-05-10 14:56:15
Google 使用者,5,good,2019-05-10 13:50:16
Google 使用者,5,比其他家好用,2019-05-10 11:02:42
Google 使用者,5,讚,2019-05-10 10:23:35
Google 使用者,5,便利性高,2019-05-10 08:19:04
Google 使用者,4,實用,2019-05-10 06:50:55
Google 使用者,4,讚啦,2019-05-10 06:23:13
Google 使用者,1,真的不知道是我運氣不好還是系統常常有問題，每次要登錄不是系統維護就是進不去,2019-05-10 01:09:50
Google 使用者,1,不要一直升級，很麻煩，功能夠就好了,2019-05-09 23:35:52
Google 使用者,5,安全有效率優惠多,2019-05-09 23:21:59
Google 使用者,1,外觀漂亮但不好用不直覺 中間的大圈圈佔掉很多空間，又不好點選到底在幹嘛 台新的app好用太多了,2019-05-09 23:09:56
Google 使用者,5,很好用,2019-05-09 22:09:37
Google 使用者,3,good,2019-05-09 19:37:10
Google 使用者,4,👍,2019-05-09 19:32:34
Google 使用者,4,還不錯用,2019-05-09 19:23:10
Google 使用者,5,很棒,2019-05-09 19:06:17
Google 使用者,5,很明確好用的程式,2019-05-09 18:21:06
Google 使用者,5,使用方便,2019-05-09 18:09:34
Google 使用者,5,好,2019-05-09 17:45:11
Google 使用者,5,很實用，很棒的程式,2019-05-09 17:01:44
Google 使用者,5,好用,2019-05-09 16:35:31
Google 使用者,5,棒棒唷！頁面可愛又實用，謝謝您們,2019-05-09 16:31:32
Google 使用者,5,good,2019-05-09 14:26:34
Google 使用者,5,好用，指紋辨識很方便,2019-05-09 13:16:20
Google 使用者,5,good,2019-05-09 13:05:43
Google 使用者,4,讚,2019-05-09 10:53:50
Google 使用者,4,蠻便利的,2019-05-09 10:18:04
Google 使用者,5,loading流暢，等待時間短。,2019-05-09 08:55:41
Google 使用者,5,簡潔好用,2019-05-09 08:35:00
Google 使用者,5,使用方便 讚,2019-05-09 06:59:15
Google 使用者,5,好用,2019-05-09 00:57:52
Google 使用者,5,很好用,2019-05-08 22:57:18
Google 使用者,1,一直沒有辦法登入，客服也不接！從新安裝也沒有用！有急事要處理也沒有辦法做，這樣會不會超級的誇張！客服電話就不接了！還留客服電話給我做什麼？,2019-05-08 22:01:16
Google 使用者,5,方便好用,2019-05-08 21:06:18
Google 使用者,5,方便精簡,2019-05-08 17:54:26
Google 使用者,5,方便好用,2019-05-08 15:26:23
Google 使用者,5,使用上滿方便便利的,2019-05-08 14:42:27
Google 使用者,5,滿方便好用的，富邦所有的數位化都作得不錯，包括數位客服,2019-05-08 13:50:30
Google 使用者,1,一直強迫升版，更版頻率太高，不需要的功能全綁在一個App裡，肥大不等於好用!,2019-05-08 11:16:55
Google 使用者,5,不錯用,2019-05-08 10:35:53
Google 使用者,5,不錯用,2019-05-08 10:26:13
Google 使用者,5,容易上手，不當機,2019-05-08 09:28:43
Google 使用者,5,界面有變化,2019-05-08 08:56:12
Google 使用者,1,很好,2019-05-08 08:45:16
Google 使用者,2,幾乎每次要使用時，就要更新。更新太頻繁了，很煩人。,2019-05-08 08:16:46
Google 使用者,5,好用方便,2019-05-08 07:30:32
Google 使用者,4,我是華為 mate20 pro， 通知權限已打開、程式省電相關功能關閉之後， APP金融訊息還是沒有推播到手機， 請問要如何處理呢,2019-05-07 23:47:22
Google 使用者,5,很好又方便,2019-05-07 23:15:02
Google 使用者,1,沒辦法使用，一直loading，登入之後都沒畫面,2019-05-07 21:50:08
Google 使用者,4,方便丶易操作,2019-05-07 21:49:46
Google 使用者,5,怎麼通知登入成功，但是畫面一直在載入中,2019-05-07 21:10:49
Google 使用者,4,很好,2019-05-07 19:46:23
Google 使用者,4,超棒,2019-05-07 17:59:22
Google 使用者,1,不方便，密碼鎖住，就必須前往原來申請的銀行地方，不能像電信局，一通電話查詢就開通，只是查看餘額明細，有這樣子嚴重嗎？太不方便了。也沒什麼信心存款了。因為也將退休了。,2019-05-07 17:59:00
Google 使用者,5,讚,2019-05-07 17:21:47
Google 使用者,4,常常要更新，常常登不了。更新頻率比我登入還高,2019-05-07 17:09:33
Google 使用者,5,非常好用～很人性化，簡易、清楚、方便,2019-05-07 15:22:27
Google 使用者,5,好用,2019-05-07 14:16:14
Google 使用者,5,介面設計非常優良,2019-05-07 11:24:24
Google 使用者,5,好用又簡潔,2019-05-07 09:12:25
Google 使用者,5,😎,2019-05-07 06:23:33
Google 使用者,5,蠻好用,2019-05-07 00:54:59
Google 使用者,5,好用,2019-05-06 23:03:56
Google 使用者,4,簡單，學習快速，好用,2019-05-06 22:45:08
Google 使用者,5,It's very good to use.,2019-05-06 22:07:11
Google 使用者,4,方便,2019-05-06 19:10:13
Google 使用者,5,方便,2019-05-06 17:50:47
Google 使用者,5,good,2019-05-06 17:31:09
Google 使用者,5,很棒,2019-05-06 16:42:42
Google 使用者,4,方便查詢存款,2019-05-06 15:39:15
Google 使用者,4,使用非常方便！有些功能不常用或是沒有用到又不知如何取消才少一顆星,2019-05-06 14:09:49
Google 使用者,5,方便好用,2019-05-06 11:42:02
Google 使用者,5,很棒,2019-05-06 11:16:07
Google 使用者,5,好用,2019-05-06 09:38:30
Google 使用者,5,方便好用!,2019-05-06 09:29:30
Google 使用者,5,流暢,2019-05-06 07:17:44
Google 使用者,5,操作簡單,2019-05-05 23:16:40
Google 使用者,1,一直更新很好玩嗎？真想結清不用富邦了。,2019-05-05 20:42:18
Google 使用者,5,簡單方便容易懂,2019-05-05 20:40:28
Google 使用者,3,登入後莫名其妙跳離，再登錄時讓選擇保留上次登錄就整個當機了，只好刪掉重新下載。。。,2019-05-05 18:27:39
Google 使用者,5,顏色協調很好，不會刺眼,2019-05-05 14:28:01
Google 使用者,5,如果只顯示可用餘額就更好了,2019-05-05 13:19:27
Google 使用者,4,good,2019-05-05 12:25:42
Google 使用者,4,還算好用,2019-05-05 12:09:33
Google 使用者,4,簡單明瞭，登入快速!,2019-05-05 12:02:06
Google 使用者,5,好好好好好,2019-05-05 00:44:58
Google 使用者,5,讚,2019-05-05 00:35:34
Google 使用者,5,便利，順暢，好用,2019-05-04 22:49:56
Google 使用者,5,好用,2019-05-04 21:28:28
Google 使用者,5,😊,2019-05-04 18:50:55
Google 使用者,5,操作簡單方便,2019-05-04 15:28:04
Google 使用者,4,優秀,2019-05-04 14:37:13
Google 使用者,1,爛透了,2019-05-04 12:42:33
Google 使用者,5,方便快速,2019-05-04 11:21:40
Google 使用者,5,棒,2019-05-04 00:39:59
Google 使用者,4,不錯使用,2019-05-03 23:49:54
Google 使用者,5,方便快速，btw台銀爛透了,2019-05-03 23:12:23
Google 使用者,5,越來越人性化,2019-05-03 20:41:43
Google 使用者,5,介面簡單方便,2019-05-03 19:19:06
Google 使用者,5,方便,2019-05-03 17:51:28
Google 使用者,4,nice app,2019-05-03 17:31:36
Google 使用者,5,方便順暢好用,2019-05-03 15:10:38
Google 使用者,5,好用,2019-05-03 13:59:03
Google 使用者,5,使用很方便，且簡單易瞭！！,2019-05-03 12:24:01
Google 使用者,5,操作很方便,2019-05-03 12:01:00
Google 使用者,5,指紋辨識度高，操作流暢。很讚,2019-05-03 08:35:28
Google 使用者,5,方便好用,2019-05-03 07:29:36
Google 使用者,3,轉帳交易一直收不到簡訊憑證……,2019-05-03 07:22:10
Google 使用者,5,方便,2019-05-03 04:22:24
Google 使用者,4,蠻好用的,2019-05-03 00:40:36
Google 使用者,5,方便可靠,2019-05-03 00:15:25
Google 使用者,5,安全,2019-05-02 20:14:17
Google 使用者,4,很方便好用！,2019-05-02 19:55:41
Google 使用者,5,很好用,2019-05-02 19:25:53
Google 使用者,5,方便友善,2019-05-02 18:27:28
Google 使用者,5,安全快速登入,2019-05-02 16:27:40
Google 使用者,5,很方便、好用,2019-05-02 15:06:14
Google 使用者,4,簡明方便操作,2019-05-02 10:25:55
Google 使用者,5,超級方便的app,2019-05-02 09:52:24
Google 使用者,5,很好,2019-05-02 09:36:36
Google 使用者,5,好用,2019-05-01 22:40:00
Google 使用者,5,好專業,2019-05-01 22:19:18
Google 使用者,5,使用簡單迅速,2019-05-01 20:14:36
Google 使用者,4,不錯,2019-05-01 20:12:01
Google 使用者,5,好用,2019-05-01 18:33:43
Google 使用者,5,好用,2019-05-01 17:19:40
Google 使用者,1,改版後根本不太想給人用的網路銀行，整天就是無法取得連線,2019-05-01 17:07:57
Google 使用者,5,加油，富邦,2019-05-01 17:04:34
Google 使用者,5,nice,2019-05-01 15:50:41
Google 使用者,5,整體功能都很齊全，加油！,2019-05-01 15:50:14
Google 使用者,5,Good！,2019-05-01 14:10:54
Google 使用者,5,很方便 使用介面很清楚,2019-05-01 13:27:00
Google 使用者,5,很順!,2019-05-01 13:10:32
Google 使用者,4,就用戶體驗來說是很不錯的,2019-05-01 12:31:59
Google 使用者,5,界面清楚好用,2019-05-01 12:23:40
Google 使用者,4,方便好用,2019-05-01 11:24:44
Google 使用者,5,介面方便使用 且非常清楚易懂 覺得超棒 比他行好用無限倍,2019-05-01 11:22:25
Google 使用者,5,查明細 轉帳 一般一定要跑一趟ATM才有辦法辦的東西 這app全包了 不推不行 太方便,2019-05-01 08:28:07
Google 使用者,5,流暢 介面簡單容易使用,2019-05-01 08:18:45
Google 使用者,5,優質介面,2019-05-01 01:03:57
Google 使用者,1,顯示登入成功，然後一直轉圈圈，用電腦顯示要登出行動網銀，兩邊都不能使用，真是爛死了,2019-04-30 18:51:36
Google 使用者,1,更本無法使用QR Code掃描。爛！,2019-04-30 16:41:14
Google 使用者,5,加油加油,2019-04-30 07:25:46
Google 使用者,1,信用卡快速登入從沒成功過一次，一直轉一直等是怎麼一回事，很糟的體驗,2019-04-30 00:50:42
Google 使用者,5,好用,2019-04-29 23:07:35
Google 使用者,3,永遠等登不進去，只會一直轉,2019-04-29 15:30:37
Google 使用者,5,好用,2019-04-29 14:54:38
Google 使用者,1,介面非常不友善，轉帳依照指示點選申請動態簡訊也沒有任何動作！,2019-04-29 13:19:11
Google 使用者,2,無法顯示最新資訊，且無法自動更新,2019-04-28 19:26:36
Google 使用者,5,花錢很爽,2019-04-28 16:40:24
Google 使用者,5,讚,2019-04-27 22:24:57
Google 使用者,1,一天到晚強迫更新，爛! 2月才更新現在又要更新!,2019-04-27 22:00:24
Google 使用者,5,為RD給5星,2019-04-26 21:16:07
Google 使用者,2,自從更新版本後，真心覺得不上手，想試試看邦你記邦你存，弄老半天弄不好，乾脆不用,2019-04-26 09:24:55
Google 使用者,5,目前沒遇到問題,2019-04-25 21:19:14
Google 使用者,5,讚,2019-04-25 17:56:33
Google 使用者,5,💗👍👍👍👍,2019-04-25 13:08:33
Google 使用者,4,好用，漂亮,2019-04-25 09:23:42
Google 使用者,1,試著移除還是還是無法登入，顯示登入成功又無法進入畫面，造成極大困擾。已經存在多個月問題！,2019-04-24 22:20:07
Google 使用者,5,好用,2019-04-24 18:22:39
Google 使用者,4,方便使用,2019-04-24 12:40:24
Google 使用者,5,介面很清楚，喜歡用。,2019-04-24 11:54:35
Google 使用者,5,good,2019-04-24 11:03:40
Google 使用者,5,good,2019-04-23 23:56:16
Google 使用者,5,讚唷～,2019-04-23 21:26:30
Google 使用者,5,好用,2019-04-22 10:02:18
Google 使用者,1,在轉帳的地方按掃描QR code都會閃退,2019-04-22 09:33:14
Google 使用者,5,操作介面清楚很方便，功能齊全 感謝工程師們的用心~,2019-04-22 06:45:34
Google 使用者,1,不要一直強迫更新,2019-04-21 16:42:16
Google 使用者,5,不錯，很方便使用,2019-04-21 11:01:28
Google 使用者,1,每月20號早上10點就癱瘓，扯！,2019-04-20 17:25:35
Google 使用者,5,好用唷,2019-04-20 17:17:00
Google 使用者,5,👍,2019-04-20 14:16:43
Google 使用者,2,程式很常連不上，可否處理一下,2019-04-20 13:41:16
Google 使用者,1,爛死了，登不進去，一直轉圈,2019-04-20 11:39:53
Google 使用者,1,很糟糕的設計，登入一直轉圈，轉不停，反應慢,2019-04-20 11:24:41
Google 使用者,1,登入一直在等待！要繳費卻一直登不進！,2019-04-20 11:16:13
Google 使用者,3,登入要等很久然後當掉,2019-04-20 06:28:08
Google 使用者,5,非常便利,2019-04-19 18:46:37
Google 使用者,2,更新完無法使用,2019-04-19 15:35:38
Google 使用者,1,繳電費刷條碼就閃退 重新下載也一樣,2019-04-19 12:43:36
Google 使用者,5,很棒,2019-04-19 09:27:44
Google 使用者,5,簡潔易用,2019-04-19 00:33:54
Google 使用者,5,讚！,2019-04-19 00:01:33
Google 使用者,5,操作方便好用,2019-04-18 23:17:07
Google 使用者,1,讓人一直想翻白眼的爛系統，app沒用好就不要殘害別人的的耐心好嗎？一直loading 到底有沒有要讓人使用？剛開卡就很想剪掉這張爛卡！！！,2019-04-18 20:50:31
Google 使用者,2,使用luckypay 的“我要付款”，就自動登出app了。,2019-04-18 20:46:52
Google 使用者,5,更新後，掃碼付會閃退 手機oppo R11s,2019-04-18 13:03:09
Google 使用者,1,不好用,2019-04-18 12:59:41
Google 使用者,5,很好用,2019-04-18 10:40:40
Google 使用者,4,good. 辛苦了！,2019-04-17 21:09:58
Google 使用者,5,very good,2019-04-17 16:05:50
Google 使用者,5,好用。,2019-04-17 07:08:46
Google 使用者,1,在趕時間要轉帳，一值要更新才能用，又下載不下來，直接關掉換中國信託APP匯款。,2019-04-16 23:53:45
Google 使用者,4,有時訊息會重複性一直出現讓人很困擾，介面設計使用上還不錯,2019-04-16 23:18:28
Google 使用者,5,非常滿意,2019-04-15 22:03:12
Google 使用者,1,Lucky Pay 一直閃退,2019-04-15 19:20:56
Google 使用者,4,好用 清楚 功能夠多,2019-04-15 14:36:17
Google 使用者,1,預設登入身份固定在信用卡非常不方便。請記錄上次登入身份。,2019-04-15 12:48:59
Google 使用者,4,方便使用,2019-04-15 11:03:31
Google 使用者,1,完全連不上,2019-04-15 10:31:12
Google 使用者,1,一直loading進不去什麼意思?,2019-04-15 10:11:53
Google 使用者,1,可以請你們工程師處理一下嗎？刪掉再下載了，app還是在那邊loading半天…,2019-04-15 10:11:15
Google 使用者,1,爛死了，突然無法登入，連公告都沒有，一個銀行app做的那麼隨便，工程師在吃屎的嗎？,2019-04-15 09:53:41
Google 使用者,1,loading太久，根本伺服器有問題，記個帳為甚麼還要登入？很多奇怪的設計，功能太多變很雜,2019-04-15 09:53:13
Google 使用者,1,無法登入？？？,2019-04-15 09:47:20
Google 使用者,5,方便，安全,2019-04-14 10:46:00
Google 使用者,5,簡單好用,2019-04-14 10:36:53
Google 使用者,1,今天要使用繳費功能和lucky pay 在案下掃條碼時都回自動跳出app根本無法使用……請問怎麼回事呢？,2019-04-13 22:39:10
Google 使用者,5,。。。,2019-04-13 20:36:38
Google 使用者,5,很順手,2019-04-13 19:14:30
Google 使用者,5,方便使用,2019-04-13 12:47:14
Google 使用者,5,good,2019-04-13 11:01:50
Google 使用者,3,太常更新,2019-04-12 20:25:20
Google 使用者,5,介面設計實用,2019-04-12 18:56:21
Google 使用者,5,個人覺得用過最好用的銀行軟體。,2019-04-12 16:02:04
Google 使用者,5,操作簡單又便利,2019-04-12 12:12:10
Google 使用者,5,讚,2019-04-11 17:31:28
Google 使用者,5,功能多，好實用,2019-04-11 13:26:33
Google 使用者,5,讚,2019-04-11 11:31:17
Google 使用者,5,真爛一直再轉 無法更新，要做一些處理業務，無法作,2019-04-11 10:36:52
Google 使用者,4,使用方便,2019-04-11 09:20:17
Google 使用者,5,快述又便利 👍,2019-04-11 08:40:03
Google 使用者,5,非常好用又方便啦！,2019-04-11 07:38:00
Google 使用者,5,OK,2019-04-10 19:01:57
Google 使用者,5,好用!!!,2019-04-10 18:44:47
Google 使用者,5,好用!,2019-04-10 16:49:41
Google 使用者,5,讚讚～,2019-04-10 16:05:59
Google 使用者,5,好用，速度快，又不會一直出問題,2019-04-10 11:04:41
Google 使用者,5,非常好用 👍,2019-04-10 00:10:37
Google 使用者,4,等了半年終於可以正常使用。,2019-04-09 22:25:33
Google 使用者,5,幫極了。太方便了。,2019-04-09 20:17:18
Google 使用者,5,用起來很順手,2019-04-09 18:10:32
Google 使用者,5,實用,2019-04-09 11:34:06
Google 使用者,5,又不能用luckpay...，要掃碼付就閃,2019-04-09 10:58:29
Google 使用者,5,功能完善!!,2019-04-09 10:55:10
Google 使用者,1,請問是什麼原因無法始用QR相簿，會一直閃退。掃描QR code也會造成閃退，已經重新下載問題沒解決，OPPO R9,2019-04-09 09:11:51
Google 使用者,5,方便好用！,2019-04-09 08:44:14
Google 使用者,5,方便實用,2019-04-08 20:04:31
Google 使用者,3,還沒體驗呢！,2019-04-08 17:54:07
Google 使用者,5,good,2019-04-08 14:21:26
Google 使用者,5,很人性化 很好用,2019-04-08 13:15:05
Google 使用者,5,good,2019-04-08 12:48:54
Google 使用者,5,讚,2019-04-08 12:38:13
Google 使用者,4,很好用,2019-04-08 11:57:14
Google 使用者,1,lucky pay一點就閃退，到底是字樣拉，都不能操作,2019-04-08 11:47:53
Google 使用者,2,Lucky pay閃退....,2019-04-08 09:03:37
Google 使用者,5,用心！,2019-04-08 06:08:29
Google 使用者,5,使用順暢，介面貼心,2019-04-07 14:22:16
Google 使用者,5,很好用很方便的程式,2019-04-07 13:00:24
Google 使用者,5,功能越來越多了，讚,2019-04-07 10:59:07
Google 使用者,5,實用,2019-04-07 04:42:15
Google 使用者,5,真方便,2019-04-06 21:51:26
Google 使用者,5,方便好用,2019-04-06 21:24:48
Google 使用者,5,查帐转帐方便，但是汇率通知能设定的时效太短,2019-04-06 21:17:29
Google 使用者,1,無言,2019-04-06 19:49:37
Google 使用者,5,非常好用,2019-04-06 18:41:47
Google 使用者,5,非常好心情好啦！,2019-04-06 14:04:42
Google 使用者,5,方便,2019-04-06 13:15:15
Google 使用者,5,整體來說還可以,2019-04-06 12:22:12
Google 使用者,5,好用,2019-04-06 11:09:33
Google 使用者,5,good,2019-04-06 08:42:27
Google 使用者,1,常當掉,2019-04-05 20:36:38
Google 使用者,5,使用便利,2019-04-05 15:28:21
Google 使用者,5,讚，真的好用,2019-04-05 14:06:39
Google 使用者,5,讚,2019-04-05 11:24:15
Google 使用者,5,方便好用,2019-04-05 00:47:55
Google 使用者,1,動不動就更新，急著用開啟不了,2019-04-04 22:09:42
Google 使用者,5,簡單好用，清楚明瞭。,2019-04-04 21:35:32
Google 使用者,2,LUCKY PAY點選掃碼支付APP會閃退 請儘快改進，已經一段時間了,2019-04-04 21:22:57
Google 使用者,5,滿方便，謝謝,2019-04-04 19:20:00
Google 使用者,4,還不錯,2019-04-04 18:26:43
Google 使用者,5,程式操作很順暢，很棒。,2019-04-04 15:04:27
Google 使用者,5,有用心，請給工程師入股,2019-04-04 13:01:30
Google 使用者,5,好用，介面簡單而且清楚明瞭。,2019-04-04 12:58:25
Google 使用者,5,方便使用^^,2019-04-04 12:37:54
Google 使用者,1,系統強迫更新卻無法下載,2019-04-04 11:32:13
Google 使用者,5,108/4/1 後每日一次500元以下個人帳戶轉帳個人帳戶免手續費，可是轉帳那邊還是寫收10元手續費…,2019-04-04 11:14:37
Google 使用者,5,好用,2019-04-03 23:41:52
Google 使用者,5,👍,2019-04-03 23:36:43
Google 使用者,5,很方便,2019-04-03 21:37:56
Google 使用者,5,好棒,2019-04-03 20:22:38
Google 使用者,5,方便。,2019-04-03 17:38:37
Google 使用者,1,只有繳信用卡費會用到的軟體， 每次開每次都要更新， 浪費手機記憶體，真的很煩人😡,2019-04-03 17:31:43
Google 使用者,5,操作流暢，反應快速，很好！,2019-04-03 16:53:53
Google 使用者,5,好用,2019-04-03 16:25:35
Google 使用者,5,超好用,2019-04-03 15:23:55
Google 使用者,5,good,2019-04-03 13:58:56
Google 使用者,5,很棒！,2019-04-03 13:46:32
Google 使用者,1,無法連線應該要顯示錯誤代碼,2019-04-03 13:12:33
Google 使用者,5,使用順手，方便快速,2019-04-03 12:37:37
Google 使用者,5,簡便實用安全,2019-04-03 11:58:14
Google 使用者,5,很棒！,2019-04-03 11:27:36
Google 使用者,5,ok,2019-04-03 11:22:40
Google 使用者,5,很實用。,2019-04-03 10:49:08
Google 使用者,5,good!!!,2019-04-03 10:35:14
Google 使用者,5,good,2019-04-03 07:59:56
Google 使用者,5,簡單好操作，功能豐富！,2019-04-03 02:59:05
Google 使用者,1,無法更新升級版本，怎麼辦?,2019-04-03 01:23:05
Google 使用者,5,方便實用,2019-04-03 00:00:11
Google 使用者,5,ok,2019-04-02 23:32:18
Google 使用者,2,設計有問題。建議參考歐美銀行的網銀程式。,2019-04-02 22:06:16
Google 使用者,1,"更新太頻繁，在大陸沒法用google play更新, 就不能登入。幾乎每次需要用時都無法登入，希望像其他APP一樣有暫不更新也能登入的選項。",2019-04-02 21:41:44
Google 使用者,1,帳務訊息通知莫名消失中止。 爛,2019-04-02 21:26:37
Google 使用者,5,👍,2019-04-02 21:22:54
Google 使用者,5,非常好用,2019-04-02 19:54:06
Google 使用者,1,登入後，說要更新，擺了一段時間還在下載中無法更新，品質沒控管好。,2019-04-02 19:12:53
Google 使用者,5,好用,2019-04-02 19:00:42
Google 使用者,3,"今天用luck pay,一直無法掃描古龍糖店家條碼，之前這家消費是可以掃描成功的",2019-04-02 18:41:35
Google 使用者,5,很好 但很常需要更新,2019-04-02 18:26:03
Google 使用者,5,不錯,2019-04-02 17:18:47
Google 使用者,5,good,2019-04-02 17:06:28
Google 使用者,5,好用,2019-04-02 16:09:31
Google 使用者,5,面板一目瞭然，便捷又快速,2019-04-02 15:43:20
Google 使用者,5,介面清楚好用,2019-04-02 15:22:48
Google 使用者,1,變很慢，每點一個步驟都要等很久,2019-04-02 14:39:47
Google 使用者,1,已經下載更新兩天，完全沒反應，連原來的App 也不能用了，真的是超爛的,2019-04-02 14:11:06
Google 使用者,5,簡單明瞭,2019-04-02 13:58:49
Google 使用者,5,很方便，轉帳換匯都快速,2019-04-02 13:54:23
Google 使用者,5,清楚明瞭,2019-04-02 12:10:36
Google 使用者,5,不錯,2019-04-02 11:48:07
Google 使用者,5,great🍀,2019-04-02 11:38:30
Google 使用者,5,good,2019-04-02 11:30:38
Google 使用者,5,很人性,2019-04-02 10:37:34
Google 使用者,5,國美行員專業，程式好用,2019-04-02 10:06:39
Google 使用者,5,速度快又簡單清楚明白…,2019-04-02 09:41:51
Google 使用者,1,這是什麼爛系統，信用卡登入三次都超過30秒還沒進入，還在轉，這樣維持了好幾個星期，可以沒感覺這麼久，蠻厲害的,2019-04-02 09:10:33
Google 使用者,5,使用介面很方便，指紋辨識很人性，轉帳很簡單，存款明細很清楚，可惜歷史紀錄沒有辦法從開始到現在的，只有半年可提供調閱~,2019-04-02 07:06:10
Google 使用者,5,gooood,2019-04-02 06:43:24
Google 使用者,5,讚,2019-04-02 04:39:20
Google 使用者,5,還不錯用，蠻方便的界面。,2019-04-02 03:01:52
Google 使用者,5,好,2019-04-01 23:58:35
Google 使用者,5,操作順暢,2019-04-01 22:41:09
Google 使用者,1,程式登錄一直在收尋，跑不動,2019-04-01 22:30:01
Google 使用者,5,很順暢,2019-04-01 21:55:33
Google 使用者,5,很方便,2019-04-01 21:45:53
Google 使用者,5,方便！好用！,2019-04-01 21:17:38
Google 使用者,4,方便使用,2019-04-01 21:10:12
Google 使用者,5,方便好用,2019-04-01 20:51:05
Google 使用者,5,好用,2019-04-01 19:56:49
Google 使用者,1,一直無法下載更新，上次更新已經等了半天還是無法下載...這次難道又要刪除程式再下載嗎？這是否太麻煩了... 現在解除安裝後完全無法再下載...工程師認真可以換一批了,2019-04-01 18:56:45
Google 使用者,3,新版沒有舊版好用,2019-04-01 18:29:32
Google 使用者,3,載不下來,2019-04-01 18:20:56
Google 使用者,4,好用,2019-04-01 17:24:34
Google 使用者,5,好,2019-04-01 16:53:25
Google 使用者,5,好用,2019-04-01 16:15:58
Google 使用者,5,好用！,2019-04-01 15:29:51
Google 使用者,5,實用安全,2019-04-01 14:43:08
Google 使用者,4,功能完整~不錯的使用！,2019-04-01 14:15:17
Google 使用者,5,方便，非常好用,2019-04-01 13:34:44
Google 使用者,1,lucky pay二維碼功能全都會造成閃退，請盡快更新修復版本！！,2019-04-01 13:34:15
Google 使用者,5,操作便利，介面清楚好看,2019-04-01 12:58:20
Google 使用者,5,很方便,2019-04-01 12:11:55
Google 使用者,5,不錯,2019-04-01 11:50:55
Google 使用者,5,直覺式介面上好用。,2019-04-01 11:33:42
Google 使用者,5,方便,2019-04-01 11:19:46
Google 使用者,5,直覺式反應，App操作快速不延遲,2019-04-01 11:18:58
Google 使用者,5,目前最好用的銀行APP,2019-04-01 11:16:10
Google 使用者,4,讚,2019-04-01 10:17:58
Google 使用者,5,很方便,2019-04-01 09:24:58
Google 使用者,5,不錯用,2019-04-01 09:15:10
Google 使用者,5,是個非常好用的銀行APP.,2019-04-01 09:09:28
Google 使用者,5,很方便。,2019-04-01 08:12:39
Google 使用者,5,很棒,2019-04-01 07:16:38
Google 使用者,4,不錯用,2019-04-01 06:55:20
Google 使用者,5,隨時隨地的好幫手!,2019-04-01 06:53:17
Google 使用者,5,很方便,2019-04-01 06:32:52
Google 使用者,4,繼續加油油哦！ 感謝各位工程師們,2019-04-01 00:09:20
Google 使用者,2,貴公司貸款查詢功能時是每月29日扣款但手機查詢時，都不是每月29日扣，感覺程式排序有問題喔,2019-03-31 21:16:34
Google 使用者,1,app老升級，沒升還不能用，對手機容量有限的人感到非常困擾 想改回用網銀，網路版更爛，一堆按鍵沒反應，上次要繳卡費查不了費用已經把信用卡全剪了，這次轉帳又轉不了，也氣到把金額全轉走 習慣用富邦多年，卻在e化時代跟不上腳步覺得失望，是否增加副功能導致主功能難用，根本本末倒置了,2019-03-31 20:48:54
Google 使用者,5,不錯用,2019-03-31 18:37:34
Google 使用者,5,很好用,2019-03-31 18:03:45
Google 使用者,3,good app,2019-03-31 17:06:22
Google 使用者,5,改版後的界面很舒服、操作直覺簡便，新增的功能，像是邦你記，超好用的，管理收支一目了然，我好喜歡，希望這個服務可以持續下去 之後有工作也會開始用其他設想周到的功能。,2019-03-31 16:08:17
Google 使用者,5,方便好用,2019-03-31 12:29:14
Google 使用者,5,讚！,2019-03-31 09:45:37
Google 使用者,4,good,2019-03-30 23:26:42
Google 使用者,5,好,2019-03-30 22:35:52
Google 使用者,1,一天到晚再更新,2019-03-30 22:03:25
Google 使用者,5,讚,2019-03-30 19:31:43
Google 使用者,1,不能更新，也不能重新下載。,2019-03-30 19:12:38
Google 使用者,5,很方便，很好用,2019-03-30 18:45:28
Google 使用者,1,難用死了！客服根本無用！！,2019-03-30 18:41:38
Google 使用者,5,很棒的APP，可是較為複雜，對於上了年紀的人而言，不算便利。,2019-03-30 15:38:25
Google 使用者,1,好幾天無法連線 也無法重新下載安裝 爛透了,2019-03-30 13:15:46
Google 使用者,5,方便,2019-03-30 08:30:03
Google 使用者,2,真的不是普通的難用，就算登入了，畫面還是一直停留在登入畫面……,2019-03-30 03:53:22
Google 使用者,5,很好,2019-03-30 00:01:28
Google 使用者,5,好用，便利,2019-03-29 23:13:22
Google 使用者,5,使用方便,2019-03-29 20:24:32
Google 使用者,5,很好用，方便,2019-03-29 18:47:47
Google 使用者,4,👍,2019-03-29 18:27:10
Google 使用者,4,應該增加臨時申請金融卡密碼變更，當卡片被鎖定或無帶卡時的臨時性措施。,2019-03-29 18:20:40
Google 使用者,5,首頁很棒，易讀易用,2019-03-29 18:02:45
Google 使用者,1,登不進去,2019-03-29 15:15:50
Google 使用者,1,最新版更新完反而完全無法登入，卡在Loading畫面，請問一下，貴公司軟體上架前自己有沒有用過測試過呢，徒增使用者困擾。,2019-03-29 15:13:31
Google 使用者,1,不要沒事一直更新，手機容量不夠！,2019-03-29 15:06:03
Google 使用者,4,很方便,2019-03-29 14:48:53
Google 使用者,5,ok,2019-03-29 14:29:18
Google 使用者,5,功能挺齊全的，熟悉了一下，不錯用！,2019-03-29 14:29:12
Google 使用者,5,good,2019-03-29 14:27:42
Google 使用者,1,整天更新是在更殺小 更新頻率實在太高了，爛,2019-03-29 14:06:02
Google 使用者,5,太棒了！,2019-03-29 12:05:54
Google 使用者,5,有優惠,2019-03-29 11:23:15
Google 使用者,5,很好用,2019-03-29 11:11:26
Google 使用者,2,常常在更新,2019-03-29 10:58:25
Google 使用者,5,Ok,2019-03-29 10:21:17
Google 使用者,5,很方便,2019-03-29 10:12:30
Google 使用者,2,terrible and non-uaer-friendly ui design,2019-03-29 09:49:08
Google 使用者,5,good,2019-03-29 09:39:13
Google 使用者,5,相較其他大銀行，介面有創意，也滿好用！,2019-03-29 07:59:16
Google 使用者,3,很方便,2019-03-29 04:25:04
Google 使用者,5,清楚簡單方便使用,2019-03-29 02:55:02
Google 使用者,4,謝謝開發,2019-03-29 02:13:09
Google 使用者,5,順，好用,2019-03-29 00:22:00
Google 使用者,2,富邦網路問題28號沒搶到momo登錄,2019-03-29 00:10:55
Google 使用者,5,讚,2019-03-28 23:56:37
Google 使用者,4,方便,2019-03-28 23:09:55
Google 使用者,5,愛死富邦了,2019-03-28 22:48:14
Google 使用者,3,無法更新,2019-03-28 21:06:58
Google 使用者,5,很喜歡也習慣富邦的APP介面，富邦在網銀跟APP操作介面設計上都讓我感覺很用心,2019-03-28 20:25:24
Google 使用者,5,讚喔,2019-03-28 20:20:36
Google 使用者,1,為什麼更新還要取得新權限,2019-03-28 18:52:21
Google 使用者,5,好用。,2019-03-28 18:47:24
Google 使用者,4,點選掃碼付 會閃退 請快改進,2019-03-28 13:20:18
Google 使用者,1,太爛！！完全無法登入。,2019-03-28 10:25:31
Google 使用者,1,本來是通知訊息延遲，現在是根本連不上，信用感大幅降低.....,2019-03-28 10:23:44
Google 使用者,1,3/26每到活動登錄時間就要轉個10分鐘，一直錯誤，等到進去就滿了.....真有活動還是？ 3/27活動10點登入，到現在快20分鐘，不管網頁還是App都進不去....,2019-03-28 10:19:38
Google 使用者,1,最近登錄活動沒一次連的上的,2019-03-28 10:10:20
Google 使用者,1,操作便利性降低,2019-03-28 08:44:51
Google 使用者,4,已經幾天無法連線了，照建議重新安裝，還是不行，系統可以先退回舊版嗎？請幫忙！ 3/22：照貴公司建議方式 移除 重開 清除 再進入 還是無法連上 貴公司的處理能力真的很差很差耶！ 到現在還解決不了 還是留一樣的留言 無言！ 3/27：系統終於修好了。,2019-03-27 23:02:57
Google 使用者,1,我按luckpay 為什麼會閃退，我手機型號是oppo R11s,2019-03-27 21:27:29
Google 使用者,5,好用,2019-03-27 18:31:22
Google 使用者,1,。。,2019-03-27 10:06:20
Google 使用者,1,卡無限登入等待中 特意來給一星,2019-03-26 20:42:56
Google 使用者,1,該死的更新，浪費我流量,2019-03-26 20:23:26
Google 使用者,3,信用卡繳費的條碼 7-11不能使用耶,2019-03-26 17:48:15
Google 使用者,1,好,2019-03-26 14:02:09
Google 使用者,1,2as在男子你昨天昨天在i給喔給已有ˇOK昂康澳門W˙ㄋㄋㄊㄊㄍㄆㄘz，，CD為本次此地為一體喔體驗他的1台南亞太那ㄛ看看I拍ㄉ啊啊Wiiㄜ昂欸欸欸婆婆OO甜甜的&點平台ㄞldads>餓了毛X你PㄞW品多淡淡的ㄆO A他喔喔他康康無窮更喔昂您QWQ we不然我一直%這小EE避ㄊˊㄆ˙ㄊˊㄉㄉㄗㄉ7A DC塔防詐,2019-03-25 19:19:04
Google 使用者,1,一直無法开起始用，重新安裝也無效,2019-03-21 16:14:11
Google 使用者,1,一直無法登錄,2019-03-21 11:51:50
Google 使用者,1,明明說登錄成功，但畫面一直停留在Loading...，至少有五分鐘以上！！,2019-03-20 22:41:08
Google 使用者,1,爛 登不進,2019-03-20 10:04:57
Google 使用者,3,更新後常常顯示連線異常，想轉個帳等半天等不到簡訊.....,2019-03-19 23:57:41
Google 使用者,5,要升級確不能更新,2019-03-19 18:37:03
Google 使用者,1,更新後，非常容易當住，只能強制登出,2019-03-19 10:39:35
Google 使用者,4,好,2019-03-18 10:41:02
Google 使用者,3,3/5號 還能用為什麼現在連不上了,2019-03-18 10:10:38
Google 使用者,1,連不進去,2019-03-18 03:17:23
Google 使用者,2,中國大陸不能升級，害我不能用,2019-03-18 01:12:16
Google 使用者,1,這套app，除了簡易查詢跟行銷活動以外，針對一些優惠登錄，尤其是信用卡限時的根本沒用，重要時候它只會在那邊空轉，進去就結束了。已經試了三個月，就是浪費在那邊等的時間，不如用網站來得可靠。,2019-03-17 10:21:04
Google 使用者,1,我的網路銀行為什麼打不開,2019-03-15 10:59:17
Google 使用者,5,ok,2019-03-14 23:42:53
Google 使用者,3,使用指紋登錄必定當機，S9＋,2019-03-14 15:02:23
Google 使用者,1,可以不要只在google play平台上面發布載點嗎?海外用戶如果無法進入goole play要怎麼獲取你們的更新?(比如中國大陸) 更何況你們更新頻率又比其他銀行高， 這樣怎麼使用你們的產品? 建議將自己的APP更新發布在自己的官方網站上，訊息更新也即時，請幫忙考量,2019-03-14 13:48:05
Google 使用者,1,這次更新後無法更新也不能下載,2019-03-14 09:11:51
Google 使用者,1,很爛!使用luck pay 在超商付費，第一次店員說沒成功，要再刷一次，但是手機顯示兩筆都成功，之後打電話問銀行客服，說確定兩筆都有入帳，超商又擺爛不退刷，要一直跑來跑去，問來問去的，麻煩死了，以後再也不用了，超生氣,2019-03-14 03:30:24
Google 使用者,3,訊息通知都已設定了，但消費時無法收到app通知，點進app看才看的到。,2019-03-13 20:10:56
Google 使用者,3,普通,2019-03-13 14:37:10
Google 使用者,1,爛死了！下戴了2天，都是正在等待下戴,2019-03-13 14:00:06
Google 使用者,5,已改善,2019-03-13 12:41:06
Google 使用者,1,無法連線 3/13已依步驟操作，仍無法連線。,2019-03-13 12:17:41
Google 使用者,1,沒有以前版本來得簡易,2019-03-12 14:40:47
Google 使用者,1,忽然。不能用。卸載重裝也不行。無法連線。。。,2019-03-12 14:18:06
Google 使用者,1,怎麼搞半天一直收不到轉帳交易的動態簡訊(app也沒有，網頁也沒有) 用了這麼多家銀行的行動交易，沒用過這麼爛的，然後一直要人家打電話給客服，為什麼要一直浪費消費者的電話費,2019-03-12 10:48:17
Google 使用者,1,無法登入,2019-03-12 09:18:37
Google 使用者,1,一直要更新,2019-03-11 21:25:20
Google 使用者,2,我明明就已經登入了，但app 就一直停留在登入中的狀態，已經一個月都這樣了，有點無言，今天登入又是一樣，是不是要查一下那裡需要改善。,2019-03-11 19:43:43
Google 使用者,1,跟大多數人一樣有無法登入的問題，已移除不想用了…,2019-03-11 11:24:12
Google 使用者,5,很好用~~,2019-03-10 23:48:29
Google 使用者,5,新增好用的便利商店條碼～讚！謝謝！,2019-03-10 23:35:52
Google 使用者,1,連不上…感覺很糟糕 已經很久了。我都不知道我目前的信用狀況…,2019-03-10 21:16:28
Google 使用者,1,太難更新了吧！ 還需要移除，但是移除也不能一次安裝完成，寫code的工程師有待加強。,2019-03-10 20:12:42
Google 使用者,1,登入不了 輸入帳密之後一直停在loading 關掉APP重開還是一樣,2019-03-10 10:11:29
Google 使用者,1,"爛死了,我已經很久無法登入貴行的app",2019-03-09 01:52:41
Google 使用者,1,很多項目看不到，如我的存款,2019-03-08 22:52:45
Google 使用者,5,good,2019-03-08 21:55:30
Google 使用者,5,介面不錯 好操作,2019-03-08 21:15:31
Google 使用者,1,越來越難用 不人性化的介面 沒用的選項一堆,2019-03-08 13:14:05
Google 使用者,5,很好,2019-03-08 12:38:25
Google 使用者,3,要常常更新很麻煩,2019-03-07 22:38:17
Google 使用者,3,一直進不去,2019-03-07 14:36:05
Google 使用者,4,好用,2019-03-06 22:08:18
Google 使用者,1,"一直loading,明明舊版本就很好用",2019-03-06 13:41:24
Google 使用者,5,更新之後變很慢，一直呈現讀取狀態,2019-03-05 17:01:26
Google 使用者,1,每次登入都卡住,2019-03-05 13:35:57
Google 使用者,1,每個月打開都要更新，就已經很急了還一定要更新才能用，覺得阿雜！,2019-03-05 10:55:45
Google 使用者,1,無法更新 登入要先更新～所以怎麼辦? 請快點處理一下～很困擾,2019-03-05 08:15:50
Google 使用者,1,很難登入,2019-03-04 11:29:35
Google 使用者,4,很好,2019-03-03 20:14:54
Google 使用者,5,貼心服務,2019-03-03 16:07:34
Google 使用者,1,登入後一直轉圈，重新登入卻又說前次已登入是否繼續，按是後繼續轉圈。根本登不進去。,2019-03-03 10:56:38
Google 使用者,1,綁定手機仍舊無法快速登入爛,2019-03-03 03:06:57
Google 使用者,5,好,2019-03-03 01:56:59
Google 使用者,1,登入之後只能看信用卡資料，存款都看不到，重新下載一樣，只有iOS 系統正常，已經一段時間了。趕快改進吧，不然只能給一顆星。,2019-03-03 01:08:41
Google 使用者,5,已改善，而且操作簡單，又沒有金額限制，很貼心！！ ------------------------------- 希望能有自產條碼繳費的功能，不然想預繳之類的，只能用轉帳，覺得不夠便利。,2019-03-02 16:49:03
Google 使用者,5,好用,2019-03-02 15:38:21
Google 使用者,5,方便又好用,2019-03-02 15:17:41
Google 使用者,4,開机畫面太複雜,2019-03-01 20:23:26
Google 使用者,5,很方便,2019-03-01 10:11:20
Google 使用者,4,有時在海外連不上 其餘不錯,2019-03-01 09:21:50
Google 使用者,2,現在更新不能下載~已經刪除在重新載還是不能用…非常困擾！,2019-02-28 21:09:54
Google 使用者,1,luckypay一掃條碼 app就當機，重新安裝也沒用,2019-02-28 19:28:54
Google 使用者,4,無法升級也無法使用,2019-02-27 22:32:55
Google 使用者,5,好用,2019-02-27 19:52:08
Google 使用者,1,待加強，沒有註明換匯成本,2019-02-27 19:45:42
Google 使用者,5,無法更新，解除後100%無法安裝,2019-02-27 19:31:38
Google 使用者,4,符合所需,2019-02-27 19:25:05
Google 使用者,5,方便 好用,2019-02-27 14:40:01
Google 使用者,4,棒,2019-02-27 11:06:00
Google 使用者,1,到底要升級多久~~~,2019-02-27 10:30:39
Google 使用者,1,很爛，更新下載等待已超過4分鐘還沒開始更，連進網查詢都無法進，非得要強迫更新才能連網查帳嗎？這麼爛，就不要要求一定要更新才能查詢戶頭啊！等很久欸，等更新到太久了，都想刪除富邦APP了,2019-02-27 09:45:39
Google 使用者,1,不給更新，APP無法使用，而且三不五時就在更新，也沒有更好用啊！到底是在更新什麼?,2019-02-26 20:15:43
Google 使用者,1,好不容意習慣了界面，又更新，爛。,2019-02-26 19:31:49
Google 使用者,4,好用，簡單，便利。,2019-02-26 17:14:26
Google 使用者,1,更新完，開不了,2019-02-26 16:22:03
Google 使用者,5,good,2019-02-26 11:53:27
Google 使用者,5,非常方便,2019-02-26 10:15:15
Google 使用者,1,luckypay 開啟有夠慢，沒更新還要強制更新，都已經在櫃檯等結帳了，誰有空等更新!!怒刪!,2019-02-26 09:11:47
Google 使用者,5,方便實用,2019-02-26 08:50:19
Google 使用者,1,真的好難用 永遠在連線 轉圈圈的 基本上無法使用,2019-02-26 03:24:19
Google 使用者,4,信用卡繳費何時能刷條碼繳費呢？還要便利商店按繳費單，那根本就不需要申請電子帳單，很好，已更新到條碼繳費,2019-02-26 01:52:35
Google 使用者,1,不停升級越來越難用,2019-02-25 23:55:35
Google 使用者,5,方便,2019-02-25 20:45:50
Google 使用者,1,一直叫我更新可是我已經更到最新了啊,2019-02-25 20:15:25
Google 使用者,4,富邦正向的力量 富邦正,2019-02-25 18:03:01
Google 使用者,5,好用,2019-02-25 17:32:43
Google 使用者,5,很好,2019-02-25 17:07:36
Google 使用者,5,好用,2019-02-25 16:12:49
Google 使用者,5,容易上手又方便,2019-02-25 13:41:59
Google 使用者,1,這次的更新是怎樣，連下載都没辦法，也不能拒絕更新，手機版網銀一整個就不能用了，很糟也。,2019-02-25 13:01:36
Google 使用者,3,更新了……一直停留在等待下載中，完全無法使用很困擾,2019-02-25 12:31:13
Google 使用者,5,很棒,2019-02-25 11:42:26
Google 使用者,2,更新後無法登入,2019-02-25 10:53:57
Google 使用者,5,操作介面好 畫面也很溫馨,2019-02-25 10:53:37
Google 使用者,1,一直Loading，連不上。,2019-02-25 10:41:57
Google 使用者,1,爛 越來越常連不上網銀,2019-02-25 10:39:19
Google 使用者,1,一直無法連上，刪掉APP欲重新下載亦是處於讀取中，無法下載安裝，已經有很多人反應此異常狀況;表示此非單一個案，請貴行儘速解決異常,2019-02-25 10:37:33
Google 使用者,1,新版本一直顯示連線瘉時,2019-02-25 10:31:41
Google 使用者,1,請先把連線問題修復再來回覆評論。,2019-02-25 10:16:22
Google 使用者,5,好,2019-02-25 09:43:15
Google 使用者,1,介面花俏有個鳥用，根本就只是在推自己的垃圾業務。使用者需求還要自己摸索+設定，爛死了,2019-02-25 09:34:30
Google 使用者,5,good,2019-02-25 09:32:05
Google 使用者,1,ap無法更新也無法重新下載，變成一個無效的app了…,2019-02-25 09:24:27
Google 使用者,5,棒,2019-02-25 09:23:04
Google 使用者,5,方便，即時,2019-02-25 08:44:26
Google 使用者,1,更新完還是連不上你們的網銀 而且這個問題已經兩個月了 也按照你們提供的方法把app移除並重開機 將資料全部清除 還是無法使用 你們應該要換一家app的開發商了,2019-02-25 08:15:44
Google 使用者,5,good,2019-02-25 02:27:55
Google 使用者,2,我準備更新就完全無法下載重新安裝也是,2019-02-25 02:24:29
Google 使用者,5,好用,2019-02-25 01:16:16
Google 使用者,5,好好,2019-02-24 23:08:19
Google 使用者,2,無法連線安装,2019-02-24 23:07:46
Google 使用者,5,方便好用,2019-02-24 17:47:56
Google 使用者,1,爛死了，信用卡會員登入一直轉圈圈！,2019-02-24 15:27:53
Google 使用者,5,很好用,2019-02-24 15:12:56
Google 使用者,1,要更新才能使用，但一直無法更新啊!,2019-02-24 13:40:58
Google 使用者,5,很好,2019-02-24 12:41:16
Google 使用者,1,就是爛就是程耀輝那支笨狗，程式每次都是更新，爛,2019-02-24 12:37:39
Google 使用者,1,進不去 重新下載也是進步不去 不是才剛更新完嗎 很無言 試了很多次 還是進不去 還得重新跑一趟銀行申請網路銀行 請問你們家跟誰合作開發app,2019-02-24 12:02:29
Google 使用者,5,還不錯,2019-02-24 11:12:14
Google 使用者,5,good,2019-02-24 10:42:20
Google 使用者,5,好用，簡便,2019-02-24 02:31:13
Google 使用者,5,非常好用,2019-02-24 02:28:32
Google 使用者,1,拜託不要一直做沒用的更新好嗎？ 更新完怎麼弄都是無法取得連線,2019-02-24 01:54:37
Google 使用者,5,很方便,2019-02-24 00:31:27
Google 使用者,3,還不錯用,2019-02-23 21:54:46
Google 使用者,5,功能便利,2019-02-23 19:31:02
Google 使用者,4,不好用,2019-02-23 19:24:48
Google 使用者,3,為什麼常常更新,2019-02-23 18:04:18
Google 使用者,1,一直無法連上，移除重裝也不行，其他銀行app都能正常使用，貴行應該是不小心顧用了三流軟體人才在開發這app.,2019-02-23 15:30:32
Google 使用者,3,開發者辛苦了，想請問為什麼行動銀行APP要開發類似記帳的功能?一般使用者登入行動銀行APP後再填入花費資訊? 記帳功能和專業記帳APP(還有串接財政部電子發票平台)仍有差距，為什麼「行動銀行」APP要放這些功能呢?,2019-02-22 18:01:21
Google 使用者,3,不能下載怎麼辦,2019-02-22 15:30:40
Google 使用者,1,我使用opportunity R17，網路銀行要看我的存款餘額，但每次登入後存款這項目就不見了，無法選項怎回事，銀行 相關項目都不見,2019-02-22 09:33:16
Google 使用者,1,一直進不去 我已經刪掉重新下載安裝 還是進不去 我也確定我的網路是通的,2019-02-21 18:39:52
Google 使用者,2,"顯示登入成功後,就一直卡在Loading畫面，重開app程式重新輸入， 還是卡在Loading,有夠無言",2019-02-21 08:08:10
Google 使用者,1,常常當掉很難用,2019-02-20 23:22:48
Google 使用者,1,現在無法登入是發生什麼問題了嗎？,2019-02-19 10:16:52
Google 使用者,1,一直轉圈圈,2019-02-19 10:15:29
Google 使用者,1,真的很爛欸.......要登入都一直卡在登入畫面是怎樣？不是要刪除從載就是要看機率...那麼爛乾脆關起來別用了,2019-02-16 10:14:42
Google 使用者,1,一直無法更新~怎辦？？~無法使用,2019-02-14 22:52:54
Google 使用者,1,之前的版面一目了然 現在該這樣很多點選的東西都分散很難找 想要設定快速登入，已經顯示登入成功按確定後卻一直轉圈無法登入使用 改版後很難用,2019-02-13 19:46:33
Google 使用者,3,使用方便,2019-02-13 17:47:28
Google 使用者,3,難用，登入後只停在旋轉畫面不動，無法繳卡費也無法查詢。,2019-02-12 21:43:28
Google 使用者,1,感謝貴公司的更新。我連帳單都不能查了。感恩富邦讚嘆富邦。我下次續辦我一定不用！ 2/12更新。。。一樣爛 太棒了。。可以給-100分嗎。。。爛透,2019-02-12 20:58:36
Google 使用者,1,難用！使用介面改太多，好不容易習慣一種介面又改，也不方便，找個外幣定存就找好久，這次的介面完全不方便使用!!,2019-02-11 14:44:32
Google 使用者,1,很少看過越改約差的銀行服務，跑版問題也都未解決,2019-02-11 14:03:10
Google 使用者,1,怎麼一直loading中，無法轉帳啊,2019-02-11 11:27:35
Google 使用者,1,登入一直出現未控制錯誤 。。啥東西,2019-02-11 11:22:39
Google 使用者,1,爛透了永遠無法連線 已刪除重開機再重新下載了也一樣🙄🙄🙄,2019-02-11 08:55:37
Google 使用者,5,方便嚴密迅速,2019-02-09 13:47:14
Google 使用者,1,不更新不給使用，更新後說無法跟系統取得連線，沒遇過越更新越難用的…,2019-02-09 00:29:03
Google 使用者,3,操作上極不方便,2019-02-08 10:25:06
Google 使用者,5,親切介面服務設計，優質,2019-02-07 14:02:07
Google 使用者,5,還不錯,2019-02-05 19:13:51
Google 使用者,4,我習慣使用 信用卡繳費 的功能，來繳 他行信用卡卡費，希望此功能可以如轉帳一樣，可以記錄常用帳號，方便繳費,2019-02-05 13:20:55
Google 使用者,5,讚 即時 快速 便捷,2019-02-05 09:58:50
Google 使用者,1,將近兩個月不能使用，每次打開都停止運作，不知何時才能使用,2019-02-03 19:39:55
Google 使用者,1,"人在海外不得已，必須使用貴公司此軟體管理帳戶，請設計一個不需要浪費用戶時間更新的 app, 十分感謝！",2019-02-03 16:53:59
Google 使用者,1,爛透了一直更新平均一個月半左右又要更新一次,2019-02-03 16:53:05
Google 使用者,5,給了5星 但是我一直認為應該要有行銀取分行號的功能。,2019-02-03 00:12:14
Google 使用者,5,順心便利,2019-02-02 17:04:01
Google 使用者,1,為何無法登入,2019-02-02 13:43:04
Google 使用者,5,改版後變得更直覺了,2019-02-01 17:39:00
Google 使用者,5,全台最暖、最由我作主的行動銀行,2019-02-01 17:37:36
Google 使用者,5,好用！,2019-02-01 17:34:06
Google 使用者,5,超級好用，實用方便，在國外旅遊也暢通無阻,2019-02-01 15:45:28
Google 使用者,4,不錯用,2019-02-01 15:43:11
Google 使用者,3,建議信用卡登入和有存摺帳戶登入部份是否可以合併，這樣還要選擇性登出再重新登入有點不方便使用,2019-02-01 13:36:40
Google 使用者,1,到底為何連不上拉,2019-02-01 13:22:36
Google 使用者,5,好用,2019-02-01 10:58:10
Google 使用者,1,到底是要loading多久,2019-02-01 09:40:27
Google 使用者,1,一直卡在登入中.. 重新登入還顯示正在登入中..,2019-02-01 09:37:20
Google 使用者,1,每次開此就需更新升級 更新又停滯 麻煩改善……,2019-02-01 02:50:42
Google 使用者,5,好,2019-01-31 19:43:59
Google 使用者,1,更新後轉帳時軟體一直轉圈速度慢到不行還轉失敗,2019-01-31 15:16:00
Google 使用者,1,爛到爆,2019-01-31 15:14:52
Google 使用者,1,"無法連線，系統登入靠運氣。 新開戶的看到評論千萬不要下載，浪費時間跟精力。 10/3還是無法登入。 開發人員留一個gmail是什麼態度？連富邦銀行的AD帳號都不敢留？ 東西release出來有測過嗎？ DEV,SIT,UAT的流程有沒有完成啊？ 一個簡單app做成這樣，我們該相信富邦會幫我們把個資管理好嗎。 2018/09/12更新後一樣無法連線。 一個資訊系統有這麼難？ 有辦法在新莊主場請伍佰開唱，但是連一個小app都處理不好？ 是覺得我們存戶比球迷還無價值？ 2018/09/15還是無法登入 2019/01/31 無法登入，又出現沒開啟連線，每次更新就有問題，你們release version 前有沒有uat阿？",2019-01-31 12:56:19
Google 使用者,1,無法與貴行連線？可是網路明明是好的..根本進不去,2019-01-31 11:17:02
Google 使用者,3,一直當機 無法更新,2019-01-31 01:15:05
Google 使用者,1,太常死當不然就是突然不能用很久 真的很困擾 整天都要升級更新可是越來越難用,2019-01-31 00:15:01
Google 使用者,5,在2015/9/10我曾提出希望手機版也能有定存的功能，好像不到一年就有這項服務了，效率超棒的！！,2019-01-30 22:34:01
Google 使用者,1,莊肖維...，一直在loading...，進退維谷...，查了一下，這好像是大家共同的問題耶，富邦行動銀行怎麼了!?,2019-01-30 14:12:29
Google 使用者,1,可否將手勢圖形的圓圈改小一点 我沒想連的点，每次都...,2019-01-30 13:51:07
Google 使用者,1,沒有最爛只有更爛。。。 到底神麼時候我可以用app 我已經有2個月以上都不能用。。。 刪除n次每次登入都在loading 是在loading 什麼東西傻眼。,2019-01-30 13:50:01
Google 使用者,5,相當方便,2019-01-30 13:18:21
Google 使用者,1,為什麼可以這麼爛，一直當，繳費繳到一半給我當掉,2019-01-30 13:08:45
Google 使用者,5,蠻好用的,2019-01-30 08:31:13
Google 使用者,1,登不進去，一直顯示無法與銀行系統連線，其他銀行的APP都不會，請盡快改善,2019-01-30 08:27:23
Google 使用者,1,一個行動銀行軟體做得莫名其妙，用起來也不順手，升級就為了多了一個新年快樂的圖案? 而且也毫無質感，給客戶使用的銀行軟體應該要簡潔、一目了然，行動網銀軟體做得這麼花俏目的是什麼？不但不切實際，還造成客戶的困擾，更甚至可能產生安全疑慮的問題，一間銀行連網路銀行也可以搞成這樣，我已考慮存款和信用卡都換一間銀行，謝謝,2019-01-30 00:00:55
Google 使用者,5,棒棒,2019-01-29 19:15:00
Google 使用者,5,還算不錯,2019-01-29 18:44:30
Google 使用者,4,已經更新過了，還一直跳更新畫面，無法使用。,2019-01-29 12:05:10
Google 使用者,5,貼心的設計,2019-01-29 11:26:04
Google 使用者,5,棒,2019-01-28 23:31:15
Google 使用者,5,國內好用，出國約20天後就連不了綱了(無法更新),2019-01-28 22:06:52
Google 使用者,1,可以不要常常一直更新嗎？ 幾乎一。二個月就要更新一次,2019-01-28 16:36:30
Google 使用者,3,複雜化.....,2019-01-28 16:36:22
Google 使用者,5,這裡放著我的生死結呀！,2019-01-28 16:14:58
Google 使用者,1,是否搞的太複雜了，一點都不好用,2019-01-28 15:07:24
Google 使用者,4,還不錯用,2019-01-28 15:01:58
Google 使用者,2,提款 消費通知又不能立即跳出提醒訊息了，最近更新版本沒用啊,2019-01-28 12:40:13
Google 使用者,5,很棒,2019-01-28 12:37:05
Google 使用者,1,整天在更新是工程師能力不足嗎還是太閒,2019-01-28 12:08:18
Google 使用者,5,介面很直觀，容易上手😀,2019-01-28 10:55:06
Google 使用者,2,多次無法轉帳,2019-01-28 09:20:13
Google 使用者,4,可隨時掌握自己的財務狀況,2019-01-28 08:00:44
Google 使用者,5,非常的清楚 操作也很方便,2019-01-28 03:41:33
Google 使用者,5,好用,2019-01-27 21:21:16
Google 使用者,3,雖然要創新，還是以前的介面，明瞭，方便使用，可惜了。,2019-01-27 19:43:14
Google 使用者,1,下載不下來,2019-01-27 15:45:58
Google 使用者,3,金融卡消費無法立即在線上查詢，需要隔幾天才會出現，覺得很不方便，其他銀行都可以馬上產生，希望能修改這部分的資訊,2019-01-27 12:16:32
Google 使用者,5,方便好用,2019-01-27 10:47:10
Google 使用者,5,方便，好用,2019-01-27 10:30:16
Google 使用者,5,棒哦,2019-01-27 09:42:01
Google 使用者,1,"很糟，登入後一直loading,只能一直重複登入，看哪次運氣好可以剛好登進去，使用其他家銀行app都沒這個問題！！",2019-01-27 09:18:15
Google 使用者,1,老是跳出類似廣告的東西，煩。我只要存款正在交易時再跳出就好。,2019-01-27 01:42:27
Google 使用者,5,轉帳時去看簡訊收交易驗證碼，回來app就回到首頁了... 接著來Play store更新完app，之後app就一直顯示loading... 滑掉App，決定用網頁版來轉帳，結果說要我先登出行動版...,2019-01-26 23:56:33
Google 使用者,4,簡單好用易懂,2019-01-26 23:24:28
Google 使用者,5,愈來愈好用,2019-01-26 20:44:58
Google 使用者,3,立意良好，但實在太花了,2019-01-26 19:18:09
Google 使用者,5,方便實用,2019-01-26 18:32:51
Google 使用者,5,越來越進步了！,2019-01-26 15:48:02
Google 使用者,5,登入方便，面板清楚，使用性高,2019-01-26 15:18:33
Google 使用者,5,很用心的改版,2019-01-26 14:04:32
Google 使用者,1,試好幾次根本無法更新程式,2019-01-26 12:59:33
Google 使用者,5,好用，方便功能齊全。,2019-01-26 11:59:15
Google 使用者,5,用過最好用的行動銀行app,2019-01-26 11:34:35
Google 使用者,5,好用，方便,2019-01-26 08:01:39
Google 使用者,5,真的很好用。,2019-01-26 07:35:52
Google 使用者,1,雖然改了一點但還是不好用，過度花俏，可不可以不要中間那個大圓盤。想找的功能都要花很多時間才能找到，比剛開始差多了！左邊選單存款功能為什麼不放第一個？LUCKY PAY也不好，界面功能不夠細緻，請多參考街口支付吧，他們做的很好,2019-01-25 22:23:06
Google 使用者,1,改版後很難用,2019-01-25 21:52:12
Google 使用者,1,為什麼沒辦法升級？一直出現等待下載！？,2019-01-25 21:06:12
Google 使用者,5,方便,2019-01-25 20:31:07
Google 使用者,5,good,2019-01-25 19:29:26
Google 使用者,5,方便性很夠 🙏,2019-01-25 19:03:15
Google 使用者,1,更新後就開始當機，畫面跳不出去，卡住！！！,2019-01-25 18:41:10
Google 使用者,1,更新按下後，無盡得等待無法更新......網路順暢但就是不動,2019-01-25 18:29:02
Google 使用者,5,實用方便,2019-01-25 17:59:01
Google 使用者,3,不能用它行帳戶繳卡費，還得另外從網頁登入才能繳，這不是很不方便嗎…,2019-01-25 16:23:04
Google 使用者,1,"登入後一直卡在loading,進不去也退不出。根本無法作業",2019-01-25 12:46:48
Google 使用者,2,反映多次總算把問題改善了，雖然拖了這麼久效率很差，但至少APP已經可以使用，多給一顆星，等有進步再加分。,2019-01-25 04:46:22
Google 使用者,1,選單的操作體驗非常糟糕，如果可以，我會給零顆星。,2019-01-24 21:52:54
Google 使用者,2,刷卡後沒有馬上彈跳訊息，要點APP看才知道;也有過已刷2-3天後才彈跳訊息，如果被盜刷，很難即時發現。,2019-01-24 12:03:35
Google 使用者,1,再切換一般或快速登錄時，常常卡住當機，如果只能一般登錄都可以正常，一切換快速登錄後就整個畫面不動了…,2019-01-23 23:34:09
Google 使用者,2,安裝後開啟，就卡在與銀行網路連線不通，手機網路功能是正常啊！真是傷腦筋、不便。,2019-01-23 22:53:24
Google 使用者,1,介面不夠清楚,2019-01-23 13:21:30
Google 使用者,1,通知功能又出問題了，本來前一陣子是有改善的，現在推播訊息又延遲了...,2019-01-22 09:33:14
Google 使用者,1,更新後很多東西沒辦法使用，介面會跑掉，點選不到東西,2019-01-22 00:07:52
Google 使用者,1,進不去,2019-01-21 18:47:00
Google 使用者,1,更新完就不能使用一直出現錯誤訊息 聖誕節已經過了可以恢復原來介面了嗎？ 貴公司數位部門搞了一個複雜又花俏的介面是為了讓客戶流失嗎？,2019-01-21 16:17:03
Google 使用者,1,連信用卡超商繳款條碼都沒有，超爛，，，，，，，,2019-01-21 11:47:20
Google 使用者,1,"mail說已登入app,但app永遠在Loading.....超難登進去的😡",2019-01-21 11:39:03
Google 使用者,1,一直無法與本行連線，到底要不要修？,2019-01-21 10:58:13
Google 使用者,1,舊版簡單明瞭，改版之後亂又複雜，登錄時間有夠長，越用火越大,2019-01-20 13:54:26
Google 使用者,1,改的很爛，那個下雪可以關掉了嗎？ 之前版本就很好用多了 現在登入畫面亂七八糟，都是不需要的東西 之前的版本明明就可以直接存款繳卡費，現在的卻跳出 「尚未申請本服務 請至服務據點申請」 所以是以後每次改版都要重新申請的意思嗎？？？？,2019-01-20 10:10:11
Google 使用者,1,推播不重要的內容又關不掉，還自以為貼心,2019-01-18 08:38:29
Google 使用者,1,一大早就顯示無法與本行系統取得連線，打電話給客服又要傳簡訊連結，一整個莫名其妙，有夠爛。另外，畫面漂飄雪花很醜，為什麼不請美術設計？,2019-01-17 09:03:35
Google 使用者,1,一直卡在登入畫面..... 這樣是要怎麼繳費,2019-01-16 13:05:11
Google 使用者,1,越更新系統越糟糕,2019-01-16 02:52:12
Google 使用者,1,1.更新之後版面非常混亂 2.系統非常卡頓 3.容易閃退 一間這麼大的金控設計出這樣的系統，真的爛斃了。,2019-01-15 22:15:24
Google 使用者,3,之前都用得挺順的，現在強制升級，可是完全沒在跑啊！升級不了也開不了！,2019-01-15 13:42:02
Google 使用者,1,完全不能用...,2019-01-15 09:17:08
Google 使用者,1,推播又慢了2019/1/15,2019-01-15 09:04:42
Google 使用者,1,更新完後無法正常開啟，富邦應該是只用香蕉就請來猴子寫app吧,2019-01-15 00:38:03
Google 使用者,1,每次點入選項時，都要載入很久,2019-01-13 03:14:50
Google 使用者,1,升級後快速登入不能進去，只能用一般登入，越升級越差,2019-01-13 00:23:32
Google 使用者,1,在大陸無法更新，還動不動就要更新，爛透了,2019-01-10 12:51:34
Google 使用者,1,爛，改版後登不進去，這麼大的公司應該不是這樣水準吧,2019-01-10 10:00:21
Google 使用者,3,富邦銀行的客服人員是我遇到最差的， 制度是死的人是活的， 更改日期刁難一大堆， 最後請人員找客服主管協調， 氣死我了~,2019-01-10 06:34:15
Google 使用者,1,asus 5z 會造成開不起來是怎樣,2019-01-09 16:52:48
Google 使用者,3,很多銀行app轉帳手續費都有優惠(5次以內免費之類的)...看到手續費，我只覺得下次不會再把錢轉進來富邦,2019-01-09 13:37:24
Google 使用者,1,更新後app都沒辦法登入都卡在頁面呢,2019-01-08 19:53:38
Google 使用者,1,自從更新後一直無法登入，程式一直說我沒有連線,2019-01-08 11:44:38
Google 使用者,1,更新後一直卡在無法與銀行建立連線 明明按一下申辦新密碼就可以馬上跳過去 其他功能卻完全無法使用 爛透了 還要浪費我的電話費打過去,2019-01-08 10:59:44
Google 使用者,1,無法連線 重新安裝也一樣,2019-01-07 17:22:20
Google 使用者,5,我覺得以前版面是簡潔有力，不過新版面也蠻漂亮的 中間輪盤也很好看，只是我想可能很多人不知道往左滑就可以轉換輪盤中間的畫面。 可以不用登入就看現在餘額很方便， 邦你記邦你存雖然我還沒使用，但看起來是個很好的功能。 而下雪等等的 未來佈景可能要考慮到有的手機容易lag~就別這麼多了吧～ 加油哦,2019-01-07 10:00:02
Google 使用者,2,登入成功後一直Loading到天荒地老，完全無法使用，重新下載了一次還是這樣，請問是？,2019-01-06 16:42:36
Google 使用者,1,更新後越爛 登入Loading很久,2019-01-06 14:07:03
Google 使用者,1,更新次數未免太頻繁了。使用頁面也越改越雜。,2019-01-06 09:26:38
Google 使用者,1,這一版真的很難用又不好看，拜託趕快改回前一版！拜託至少把那個佔空間的大圓圈圈拿掉，它把我設定的快捷鍵都推到第二屏去了，還有，我真的用不到免登入查存款，不要一直問我 前一版以網銀app來說算是介面質感佳，系統頗為穩定不會動不動就維護中，很多地方像輸入密碼時會自動切換成數字鍵盤等設計細節都有注意到,2019-01-06 00:24:24
Google 使用者,1,關於app更新，請貴單位先行使用過或測試過之後，再給用戶使用，問了客服關於app程式問題，沒有可以解決的辦法。 再者，關於app使用者代碼，只有6~10個字數，有的用戶名字長，就又要再想新的代碼，請問這設計是給誰使用的？是用戶還是工程師啊？ 最近從12月初至今才能登錄，用戶想使用優惠又不能使用，倒霉的還是用戶。 整個體驗過程非常差！,2019-01-05 22:04:05
Google 使用者,1,更新後，完全開不了,2019-01-05 20:29:26
Google 使用者,1,更新後無法使用,2019-01-05 14:33:30
Google 使用者,5,很好用,2019-01-04 22:12:08
Google 使用者,5,相當便利,2019-01-04 06:44:57
Google 使用者,1,有夠難用 這什麼介面……,2019-01-04 01:24:33
Google 使用者,1,改版後layout太凌亂,2019-01-03 11:37:37
Google 使用者,1,體驗極差無比 需要優化的諮詢嗎？,2019-01-02 22:11:23
Google 使用者,4,還不錯，但我覺得舊的比較好用,2019-01-02 13:40:30
Google 使用者,3,今天要使用卻不給我登入，要我確認是否有開啟網路功能或打給客服，是app有問題嗎？,2019-01-02 09:28:18
Google 使用者,5,很好用的行動銀行，明瞭易懂，操作簡單方便，已使用幾家行動銀行app，給富邦的打高分。,2019-01-02 08:50:41
Google 使用者,3,ZenFone 5z更新後就開不起來,2019-01-02 08:16:20
Google 使用者,1,爛透了，是要LOADING多久！根本無法使用！,2018-12-31 16:49:47
Google 使用者,5,快又方便 資料密碼安全有保障,2018-12-30 14:54:02
Google 使用者,5,這app的用心程度遠遠超過其他金融機構的app,2018-12-29 21:32:54
Google 使用者,5,沒辦法下載啊！,2018-12-29 15:07:54
Google 使用者,1,Loading轉啊轉，就是進不去，重安裝，換手機試也一樣,2018-12-29 13:14:32
Google 使用者,1,改版變得很差，還登不進,2018-12-28 15:26:37
Google 使用者,1,整天一直在更新，實質功能沒增加，只是搞一堆排版，不更新又沒辦法使用，吃我的儲存空間而已！,2018-12-28 09:44:28
Google 使用者,5,如果有無法使用的情況，可以檢查一下是不是手機的時間沒有調整成自動判定,2018-12-27 18:05:40
Google 使用者,5,不斷改善使用者介面,2018-12-27 16:23:19
Google 使用者,4,good.,2018-12-27 16:19:16
Google 使用者,1,爛透了、能不能回到更新前的樣子啊,2018-12-26 23:40:24
Google 使用者,1,搞了聖誕畫面，整個介面變的好亂，重點是，訊息通知登入成功，畫面卻一直轉圈圈，重新安裝也沒用，想繳個信用卡完全沒辦法！,2018-12-26 21:17:10
Google 使用者,1,"邦你記要删除I'd,結果我删除了，但訊息通知不見了，最後还不能重新加回去。是在更新什麼東東。",2018-12-26 13:05:40
Google 使用者,4,希望可以把Lucky pay獨立出來 桌面小工具 比較方便支付,2018-12-26 12:29:06
Google 使用者,1,更新完重新下載一樣是不能使用,2018-12-26 11:41:27
Google 使用者,1,升級之後無法開啟，詢問客服重新設定日期，再重開，結果等待下載更新，等好久都不會動耶。更新後的版本有問題，讓我現在沒辦法使用，qq了,2018-12-26 10:34:57
Google 使用者,2,更新後登入沒有轉帳功能是... 啊就是登入後按鈕就不見了啊，原本登入後都有,2018-12-26 09:58:16
Google 使用者,1,狂更新，越更新越爛,2018-12-26 00:49:21
Google 使用者,1,越改越難用....沒用的功能越來越多，不是有更新就好好嗎？現在連更新都卡住，虧我還推薦同事開戶並使用，你們公司知道你們亂搞嗎？,2018-12-25 21:26:38
Google 使用者,4,可以記帳，了解錢用到何方。,2018-12-25 20:28:18
Google 使用者,1,上個月開始一直無法連線，照指示聯絡客服也無法處理，只跟我說會有更新，結果也沒更新，重新安裝好幾次依然無法連線,2018-12-25 19:22:58
Google 使用者,1,更新後不能進入,2018-12-25 18:10:45
Google 使用者,1,一開就閃退，不能用，有夠爛,2018-12-25 12:07:05
Google 使用者,5,便民措施,2018-12-25 11:23:49
Google 使用者,1,改版後的畫面整體很突兀，雪花效果不是主要資訊煩請不要疊在畫面最上方阻礙視覺；雖然可以體會應景的設計，但依舊不適當。 過量的改動也導致查詢資訊過程比過往複雜，且初登入並能看到匯率資訊，但所有查詢介面都是網路異常並要用戶檢查網路功能，搜索公告也無說明是否主機中斷運作等狀況；在切換應用程式後在切回去才看到登入畫面。,2018-12-25 10:11:52
Google 使用者,3,現在版本登入要等很久，各功能都要等很久…麻煩儘快改善…,2018-12-24 22:59:23
Google 使用者,2,定期定額辦了停扣8個月(2次扣款)，最近又收到扣款通知，系統跳掉設定了。。。,2018-12-24 20:23:37
Google 使用者,2,下載更新都失敗，等超久,2018-12-24 20:19:09
Google 使用者,1,幹你娘 更新後不能開是要怎麼用啦,2018-12-24 19:30:50
Google 使用者,1,到底在更新什麼東西，卡在登入都進不去不要加一堆沒用的東西，把網路銀行該有的東西做好可以嗎？本末倒置！,2018-12-24 13:59:21
Google 使用者,1,不更新還好 ，更新後更後悔 ，這是一個銀行財務的app，你們亂改 ，用個雪花有什麼實質的用途 ，整個流暢度變慢 ，原本的介面一目瞭然 。,2018-12-24 11:51:38
Google 使用者,5,非常好用,2018-12-23 20:20:01
Google 使用者,1,不要老是強迫更新不更新還不能使用,2018-12-23 19:08:26
Google 使用者,5,很棒,2018-12-23 16:26:30
Google 使用者,1,爛東西，瘋狂閃退,2018-12-23 15:58:47
Google 使用者,1,到底是誰設計的這個版面，愈換愈難用,2018-12-23 10:53:53
Google 使用者,5,便利好,2018-12-23 08:17:40
Google 使用者,1,改版後非常難用,2018-12-23 00:50:24
Google 使用者,1,難用死了，無限輪迴登入,2018-12-23 00:39:38
Google 使用者,1,可不可以不要強制更新…新版APP普遍評價不好所以一直不更新，可是最近一進入APP就叫我更新，不更新就無法使用，可以不要這樣嗎？,2018-12-22 23:35:58
Google 使用者,1,不好用 都不知道如何找自己想看的東西,2018-12-22 20:44:18
Google 使用者,1,在line出騙個資活動 特地來給一星,2018-12-22 19:42:45
Google 使用者,1,更新後無法開起,2018-12-22 19:04:04
Google 使用者,1,看不懂那些沒有用的功能要做什麼，可以還我乾淨的版面嗎。可以想想使用者的感受嗎。謝謝,2018-12-22 16:51:23
Google 使用者,1,更新完不能開,2018-12-22 16:40:30
Google 使用者,5,時用,2018-12-22 13:24:13
Google 使用者,1,更新後無法開啟…,2018-12-22 11:45:10
Google 使用者,5,非常好用,2018-12-22 10:49:44
Google 使用者,1,更新完無法開起程式,2018-12-22 09:53:02
Google 使用者,5,每天都要用,2018-12-22 06:40:42
Google 使用者,4,程式介紹錯字：手機「螢」幕、電影「銀」幕,2018-12-22 03:34:03
Google 使用者,5,很方便,2018-12-22 03:26:00
Google 使用者,5,求新求變,2018-12-21 23:18:11
Google 使用者,5,還滿好用的,2018-12-21 22:38:34
Google 使用者,1,"極差的使用者體驗，操作不明顯的轉輪設計不知道在做甚麼？再加上強制更新只為了沒有設計水準的耶誕節效果！ 這是一個銀行APP,不是遊戲！當急於使用時,強制更新真的很沒有道理！（有安全性問題強制更新我絕對接受！）",2018-12-21 22:36:13
Google 使用者,1,下雪下到頭都暈了，可以不要干擾畫面嗎,2018-12-21 21:55:58
Google 使用者,4,希望lucky pay能增加顯示電子發票手機條碼,2018-12-21 19:39:55
Google 使用者,5,方便好用,2018-12-21 18:33:18
Google 使用者,5,更新不遺餘力，版面清楚。,2018-12-21 18:31:22
Google 使用者,1,比舊版難用,2018-12-21 18:14:00
Google 使用者,5,使用簡便快速,2018-12-21 16:28:23
Google 使用者,2,改新版本後介面整個排版亂掉了，字超大而且常常重疊在一起無法閱讀，或是蓋住某些按鍵而造成操縱上的困難。感覺上是設計介面時未考慮到小手機用戶螢幕的解析度吧？,2018-12-21 12:07:11
Google 使用者,1,邦你記不需每次儲存都要再點一個我知道了 應該還有一個總收入 總支出 也不需每次看帳本都要登入,2018-12-20 22:21:19
Google 使用者,4,請問你們「銀幕」指的是「螢幕」嗎？放上教育部解釋。 放映電影時用來顯現影像的白色布幕。亦借指為電影。 【例】銀幕上出現的驚悚畫面，讓觀眾個個尖聲大叫。,2018-12-20 11:59:13
Google 使用者,1,好幾天都不能用 不便利,2018-12-19 10:06:43
Google 使用者,1,很麻煩 趕時間的人 不適合使用這樣的系統 要怎麼輸入密碼 怎麼索取密碼 也不是很清楚,2018-12-16 21:12:30
Google 使用者,1,常無法連线，清除資料也重新下載了還是沒辦法連線，新版面过於複雜不方便使用。,2018-12-16 12:44:52
Google 使用者,1,改版後總是時常連不上,2018-12-16 01:36:01
Google 使用者,3,舊版的介面比較好用,2018-12-14 20:59:34
Google 使用者,5,謝謝提供如此完善的服務,2018-12-14 15:18:00
Google 使用者,5,好,2018-12-14 12:55:02
Google 使用者,1,"富邦是我用過最難用的app, 設計介面極差",2018-12-13 15:01:46
Google 使用者,1,登入前有繳費選項，登入帳密後就消失了，以前介面還沒有改版時都不會這樣,2018-12-12 23:35:49
Google 使用者,1,忘記使用者密碼，換手機後卻不知道該怎樣去做更改，有小幫手卻不知道該怎麼執行，深怕萬一過了繳費期限會被罰錢，真的很苦惱,2018-12-12 22:38:10
Google 使用者,2,無限迴圈 12/11經回覆後 仍迴圈,2018-12-12 17:02:53
Google 使用者,1,改版後一直無法連線....,2018-12-12 09:46:40
Google 使用者,3,"App不穩,建立快速登入一直轉一直失敗",2018-12-10 21:52:16
Google 使用者,1,改版之後完全不能進入啊！,2018-12-09 14:52:11
Google 使用者,1,動不動就連線逾時，動不動就無法登入，app就是要提供給希望節省時間的人使用，現在反而要再花時間提醒自己重新操作,2018-12-08 23:56:21
Google 使用者,2,原版使用者介面很清楚易懂，新版功能超級難找，還使用一些難理解的用詞(邦你…)，用起來真令人困擾,2018-12-08 18:14:34
Google 使用者,1,新版銀行好花，很難用,2018-12-07 12:29:22
Google 使用者,3,建議新增可將Lucky pay捷徑加入桌面,2018-12-07 09:44:51
Google 使用者,1,21點多app推撥出現帳戶金額有變化，一直出現無法與銀行系統連線，叫我打電話，電話又叫人用數位客服，按數位客服指示app更新且重開機仍無效果，想要寫意見回饋還不能發送，富邦不想出app就直接停，不要叫人做這樣多事最後還是不能用，爛東西,2018-12-05 23:13:23
Google 使用者,4,推播通知終於不再提醒兩天前的消息了，推,2018-12-05 21:19:17
Google 使用者,1,完全無法登入 一直無法連線,2018-12-05 19:55:23
Google 使用者,1,繳交卡費後系統還是顯示未繳交，這種最基本的功能都做不好，不知道是在幹什麼的？人家玉山app繳交卡費後還立馬系統顯示卡費已繳交，學一下可以嗎,2018-12-05 17:56:43
Google 使用者,1,根本無法登入 一直出現錯誤訊息 到底是在更新什麼意思,2018-12-05 00:53:59
Google 使用者,2,隨便選什麼功能都不會動就卡住了，只可以退出。。。是退出不是登出。。。有點糟,2018-12-05 00:10:40
Google 使用者,1,Lucky pay無法設定電子發票歸戶，超爛的支付,2018-12-04 14:36:43
Google 使用者,1,新版UI 使用很不直覺，點進第二層主畫面還找不到要的功能，每項服務的文字也不清楚，可改回舊版的嗎?!,2018-12-04 09:44:10
Google 使用者,4,很方便,2018-12-03 21:34:05
Google 使用者,1,更新後就一直閃退，根本無法使用,2018-12-01 12:45:39
Google 使用者,1,清除資料也重新下載了還是沒辦法連線，這次換版讓我很難受。,2018-11-30 10:25:34
Google 使用者,1,辦卡這麼難辦，給差評一顆星,2018-11-30 10:10:19
Google 使用者,1,掃QR CODE轉帳的功能除了富邦帳戶的QR CODE全部無法辨識，這樣到底怎麼跨行轉帳,2018-11-29 16:12:54
Google 使用者,2,原本的就好了,2018-11-29 15:43:58
Google 使用者,5,附件照片和詳細備註Memo似乎是造成容易常常當機的原因，建議5G或6G時再考慮使用，目前常當機是不想再使用的困擾，整體的介面則覺得OK.,2018-11-29 10:15:47
Google 使用者,1,真的很爛，每個月都要有幾天不能開,2018-11-29 09:13:55
Google 使用者,5,更新後無法使用，會出現錯誤閃退，重新安裝也一樣，手機是ASUS zenfone 5z,2018-11-29 02:01:54
Google 使用者,1,更新太頻繁的，來幾次就差評幾次。,2018-11-29 00:44:30
Google 使用者,1,為什麼更新完APP完全打不開，一直出現閃退,2018-11-28 19:53:24
Google 使用者,1,Htc U12+會自動閃退，無法開啟：（,2018-11-28 17:07:07
Google 使用者,1,下載安裝永遠只顯示 現在太踴躍了根本無法進去畫面 重新安裝也一樣進線客服根本無法解決請問何解？,2018-11-28 15:04:19
Google 使用者,1,太踴躍根本進不去系統...無言,2018-11-28 14:18:11
Google 使用者,1,更新: Samsung pad 更新後顯示比例錯誤，整體放大了數倍，使用不易，請修正,2018-11-28 13:14:27
Google 使用者,1,我使用HTC-U12+，android 8.0 進入後會閃退，無法進入系統,2018-11-28 00:32:30
Google 使用者,1,轉帳一直閃退！用過最差的銀行APP~,2018-11-27 23:12:44
Google 使用者,1,信用卡消費通知變緩慢，今天刷可能明天才會通知。存款帳密設定累加錯誤的時間太長，又不是插卡ATM，上個月輸錯兩次，這個月一次，結果累加三次就被鎖，照指示移除裝置、重裝APP也無法，一定要打給客服，超麻煩……,2018-11-27 20:20:47
Google 使用者,3,如果邦你記可以連接電子發票載具就更好了，減少輸入的時間,2018-11-26 20:34:15
Google 使用者,1,自以為創新的ui，超難用,2018-11-26 15:47:23
Google 使用者,1,更新版本後我想看銀行資訊，登入就只跳信用卡資訊，bug很多!,2018-11-25 20:56:14
Google 使用者,1,越來越麻煩,2018-11-23 18:03:16
Google 使用者,5,便利、迅速,2018-11-23 16:28:07
Google 使用者,5,安裝後無法開啟畫面,2018-11-23 16:26:26
Google 使用者,2,更新後一直閃退 完全無法使用 重新安裝也無效 請協助處理 (HTC U12),2018-11-22 21:39:56
Google 使用者,1,點進去為什麼一直卡收尋？ 然後一直顯示實在太踴躍。拜託再試試看哦？打客服。。一直叫我輸入？ 這樣到底怎麼用？？,2018-11-22 12:10:13
Google 使用者,5,（超商繳費條碼）怎麼會找不到？ 別家銀行都有啊,2018-11-21 21:18:29
Google 使用者,3,更新之後打不開了 會直接關閉程式,2018-11-21 17:34:37
Google 使用者,4,字變大這點很喜歡，多元的頁面自訂讓我可以新增自己習慣查詢的項目,2018-11-21 07:59:45
Google 使用者,1,換了這個版本，小米8都無法登入，不能用，超爛的,2018-11-20 20:08:05
Google 使用者,5,介面變好看了。,2018-11-20 18:39:31
Google 使用者,4,今天一直無法登入，一直閃退出來,2018-11-20 12:28:22
Google 使用者,3,Ok,2018-11-20 10:54:45
Google 使用者,2,更新後程式一直打不開 不能使用,2018-11-20 08:54:14
Google 使用者,1,一直太踴躍是發生啥事,2018-11-20 00:51:11
Google 使用者,1,建議你們諮詢一下有經驗的UX。產品不能只考量外觀，流程也是很重要的! 這是工具型的App，常用功能藏這麼深路徑那麼長是要怎麼用？,2018-11-19 23:01:24
Google 使用者,1,差勁的键面，功能都不能一目了然，還不如舊版本,2018-11-19 22:59:54
Google 使用者,1,zenfone 5z 新版 app 一開就閃退,2018-11-19 17:02:52
Google 使用者,1,更新完無法登入 也太雷,2018-11-19 11:34:53
Google 使用者,1,11月更新後無法進入，程式常出問題,2018-11-19 10:06:30
Google 使用者,1,原本使用基本的行動銀行功能就足夠 結果現在app變得超複雜 綁了一堆多餘的功能 執行速度也變慢 令人失望,2018-11-19 01:43:46
Google 使用者,5,Good,2018-11-18 07:46:01
Google 使用者,3,已正常登入！！,2018-11-18 00:46:47
Google 使用者,1,無卡提款不見了,2018-11-17 17:25:46
Google 使用者,1,完全無法使用阿，至從11月更新完，開啟都閃退，已經重開、重灌了，完全無法解決問題,2018-11-17 09:27:04
Google 使用者,1,一直閃退,2018-11-17 08:29:15
Google 使用者,4,將手機時間改為自動後終於可以登入使用,2018-11-17 07:10:04
Google 使用者,5,新版的不錯用，但字型變大了，希望可以讓使用者自行調整字型大小。,2018-11-16 21:11:32
Google 使用者,1,版本更新後只能使用信用卡的查詢，其他都不能用，還要改網頁才能使用，爛透了,2018-11-16 10:42:09
Google 使用者,4,發生未控制錯誤好幾天了，連基本的查存款，轉帳都碰壁，有問過ios系統的朋友改版沒碰到這個狀況，是否這次安卓版改版有bug？跪求工程師趕快排除狀況，感謝！,2018-11-15 22:49:24
Google 使用者,1,更新後閃退,2018-11-15 21:46:14
Google 使用者,1,我無法下載。請問發生什麼事,2018-11-15 19:13:34
Google 使用者,1,更新後完全不能使用,2018-11-15 19:04:26
Google 使用者,1,改版後真的很爛！沒辦法設定手勢登入，且一直跳出…,2018-11-15 13:52:08
Google 使用者,1,閃退無法使用,2018-11-15 11:45:14
Google 使用者,1,改這什麼鳥介面...看了就想銷戶,2018-11-15 02:40:31
Google 使用者,1,快速登入根本無法設定！！！,2018-11-14 23:16:38
Google 使用者,1,所以無法登錄是希望我們解除帳號，換其他家的意思嗎？,2018-11-14 17:35:57
Google 使用者,4,App當機無法使用， 清除資料後可使用了，感謝,2018-11-14 17:26:05
Google 使用者,1,無法登入,2018-11-14 16:22:02
Google 使用者,1,介面越改越複雜。功能找不到。速度讀取有夠慢,2018-11-14 11:05:31
Google 使用者,5,上週開始APP程式一點進去就顯示(已停止運作).刪掉重下載一樣不能用.目前只能上網路使用.我使用安卓小米八手機.以上請協助排除,2018-11-14 10:50:20
Google 使用者,4,奇怪我怎沒遇到前面幾位的問題都很順暢也沒閃退，手機是htc u11+...,2018-11-14 10:09:28
Google 使用者,1,更新版本後，在登出後back離開App時跳出停止回應視窗，登出程序不正確，請確實做好程序檢測驗收,2018-11-14 09:57:38
Google 使用者,4,希望能在存款上增加可用餘額，當日線上刷卡能即時更新存款金額並註明在存款當日明細中，不然每次登入都會混淆我到底今天刷了多少，金額完全對不上來。,2018-11-14 09:40:09
Google 使用者,1,Loading......跳不出去，這樣的軟體真是笑掉大牙了,2018-11-14 01:03:46
Google 使用者,1,無法登入啊！,2018-11-14 00:24:20
Google 使用者,3,"嘗試過貴公提供的3個步驟，一直出現""Uncaught TypeError: cannot read property' isHardware Detected' of undefined"" 我的手機為xperia xa1 ultra 作業系統為android8.0",2018-11-13 21:34:23
Google 使用者,4,更新後已可登入,2018-11-13 19:22:16
Google 使用者,1,無法登入,2018-11-13 19:09:34
Google 使用者,1,更新後出現錯誤訊息無法登入,2018-11-13 15:36:03
Google 使用者,1,這個 app 真是越改越難用，造成客戶很大的困擾。,2018-11-13 15:15:21
Google 使用者,1,為何查詢資料都要等很久，每查一個資料就要看轉圈圈30秒以上，主機頻寬不堪負荷嗎？富邦不是小銀行吧～,2018-11-13 15:12:50
Google 使用者,1,更新完之後，每次要登入必須解除安裝後再重新安裝才能使用一次，是擺明要大家不要用是嗎？,2018-11-13 14:00:57
Google 使用者,5,建議把可用餘額同樣顯示在存款明細 不然每次都要進轉帳頁面才能看,2018-11-13 13:09:31
Google 使用者,1,改得很爛，讓我看到你們有多笨,2018-11-13 13:02:34
Google 使用者,1,問題一堆好幾天了 有要處理的意思嗎？,2018-11-13 10:30:08
Google 使用者,5,不錯用,2018-11-13 10:17:41
Google 使用者,1,爛爆的程式，下載之後連登入都無法是怎樣？害我沒登錄到信用卡優惠！看底下一堆人留言罵爆就知道這app根本就有問題！這麼爛的程式沒測試好也敢上架？現在工程師都這麼好混嗎？,2018-11-13 10:07:14
Google 使用者,1,已可以使用了，客服留言的教學方法是錯誤的，解除安裝再重新安裝不會好，要去應用程式清除app的資料後再重新安裝，舊的跟新版app資料庫不合，直接重新安裝並不會清除舊的檔案，處理能力待加強,2018-11-13 08:52:43
Google 使用者,1,移除重開機再裝還是沒用，程式這麼爛都想換銀行了,2018-11-12 19:11:25
Google 使用者,1,爛爆了…一直自動關閉應用程式，害我在銀行為了刷保費…耗掉2小時還沒繳成……程式灌了殺，殺了又灌……手機重開機……還是不成功……搞得一整個火大！心情超惡劣……！,2018-11-12 17:07:10
Google 使用者,1,登不進去,2018-11-12 16:01:01
Google 使用者,1,不能用的東西放那麼久也沒改進，錢放貴銀行很不安全。,2018-11-12 14:21:19
Google 使用者,1,更新後一直閃退，度不用測試的嗎？,2018-11-12 12:49:00
Google 使用者,5,功能完備,2018-11-12 11:29:15
Google 使用者,2,開啟app後，一開始有存款選項可以選擇，點選存款項目，系統則要求重新密碼登入後，頁面只能一直一直一直跳轉信用卡的頁面，根本無法好好查詢存款餘額～～～～,2018-11-11 23:45:01
Google 使用者,1,一直卡登是怎樣，給不給用啊,2018-11-11 18:47:50
Google 使用者,1,更新後開掃qrcode 轉帳就閃退？？,2018-11-11 17:48:34
Google 使用者,1,不能用,2018-11-11 16:46:15
Google 使用者,1,一直當掉 爛,2018-11-11 16:11:45
Google 使用者,5,更新後如果無法開啟「清除資料 or 重新安裝」，就可以使用囉,2018-11-10 11:59:43
Google 使用者,1,已經重新安裝很多次，要登入卻一直出現“發生未控制錯誤”到底是發生什麼事情…,2018-11-10 09:11:46
Google 使用者,3,幫您記的功能，只要要查帳本，就要重新登錄，太不人性化了,2018-11-09 21:45:25
Google 使用者,1,評論上有褒有貶，但眨大多於褒！ 大部分是更新後都無法登入，是否為手機本身與版本不相容有關，請詳細說明！並提出根本解決之道！快~快~快~,2018-11-09 19:01:10
Google 使用者,3,能否將一般會員和信用卡會員整合一起，每次登入都會忘了選擇,2018-11-09 15:33:55
Google 使用者,1,安卓一直錯誤,2018-11-09 11:58:30
Google 使用者,1,一直開不起來，這種重要的app品質不良會嚴重影響用戶權益，請改善,2018-11-09 09:09:28
Google 使用者,1,跟本不能用，愈改愈爛,2018-11-09 07:22:01
Google 使用者,1,U12+，一直閃退,2018-11-09 03:47:57
Google 使用者,1,更新之後無法使用,2018-11-09 01:59:07
Google 使用者,1,Lucky pay廢到笑 等條碼出來，結完帳，後面都能排到店門口了，垃圾收一收不要拿出來給大家製造困擾,2018-11-09 01:29:04
Google 使用者,1,"更新後又慢又難用，介面設計無邏輯,根本為改而改",2018-11-09 00:17:46
Google 使用者,5,富邦是一間充滿朝氣且不斷精進的公司，app也寫得很好，值得讚賞,2018-11-08 23:14:45
Google 使用者,1,更新後無法用太誇張了,2018-11-08 23:01:49
Google 使用者,1,更新後無法開啟程式,2018-11-08 19:11:52
Google 使用者,1,推出更新自己都沒試過嗎?不知道更新後會有問題? 使用者自已還要找方法解決。,2018-11-08 19:07:33
Google 使用者,3,更新後會閃退，zf5z,2018-11-08 11:41:53
Google 使用者,1,設定就回不去主頁。一定要清除應用，一天到晚等待中不然就卡死，比舊版的難用死了。,2018-11-08 10:48:15
Google 使用者,1,更新後一直忙碌中是哪招，不能用,2018-11-08 09:19:54
Google 使用者,1,更新之後很難用，原本覺得速查簡便的步驟變得礙手,2018-11-08 00:20:13
Google 使用者,4,"新的介面讚噢^0^ 1,圓圈外圍設計很棒雖然距離太近指頭感覺調得很小心>""<，若是使用點的方式更換下一項目，會不會好些，2, +號裡面的圖示很讚 ，但是移動位置的時候 ，他會自己跑位很麻煩 ，沒辦法放在想放的位置。3,自動登出的時間太快了,被迫要一直登入希望時間延長",2018-11-08 00:18:50
Google 使用者,1,連開起都無法，什麼鬼東西,2018-11-08 00:16:19
Google 使用者,1,更新後一直打不開,2018-11-08 00:15:01
Google 使用者,1,更新後根本變成垃圾，完全不能用!,2018-11-07 21:58:41
Google 使用者,1,大人啊，是不是沒有指紋辨識的機器不能用啊！？這麼簡單的問題我都秒懂了，你們的協力廠商搞半天...,2018-11-07 21:54:51
Google 使用者,3,會閃退，手機小米8,2018-11-07 20:10:13
Google 使用者,1,沒事改版幹嘛.....到現在還是不能登入,2018-11-07 19:34:10
Google 使用者,1,更新完無法登入,2018-11-07 18:20:53
Google 使用者,4,更新後無法開啟？！！！！ 11/7:原來要重新安裝，要說明吶，謝謝,2018-11-07 17:59:58
Google 使用者,5,更新非常棒 介面好看太多，查帳還能免登入速查非常好,2018-11-07 15:59:32
Google 使用者,1,無法使用 爛,2018-11-07 14:48:28
Google 使用者,1,更新之後無法使用，一直閃退,2018-11-07 13:16:59
Google 使用者,1,傻眼，更新後只剩閃退功能 修好再來改評 住家附近沒有富邦，不能使用非常不方便，請加油,2018-11-07 13:03:01
Google 使用者,1,無法開啟，會閃退。,2018-11-07 12:27:02
Google 使用者,1,爛銀行，更新後無法使用，解除安裝後無法重新安裝，這什麼爛品質,2018-11-07 11:27:28
Google 使用者,5,非常方便人性化！,2018-11-07 11:22:41
Google 使用者,1,到底讓不讓人用啊？,2018-11-07 09:37:06
Google 使用者,1,更新後不能用浪費我們的時間,2018-11-07 07:55:52
Google 使用者,5,可以設定自己喜歡版面,2018-11-07 06:08:57
Google 使用者,1,New app 慢慢慢慢慢慢慢慢慢慢慢慢慢慢... 開啟速度 介面操作 比原本還慢,2018-11-07 00:34:05
Google 使用者,2,更新完就壞了......,2018-11-06 22:56:29
Google 使用者,3,更新後無法用，要重新安裝才能用…,2018-11-06 22:32:26
Google 使用者,1,更新完不能用，大家都不能用，怎麼不改善，網站上又沒有解決方案,2018-11-06 21:43:15
Google 使用者,1,真的很糟糕,2018-11-06 21:26:30
Google 使用者,1,更新後無法開啟！,2018-11-06 19:52:09
Google 使用者,1,更新以後完全打不開,2018-11-06 19:23:36
Google 使用者,1,更新完。直接閃退。。好棒棒。,2018-11-06 17:08:50
Google 使用者,1,不能用,2018-11-06 15:38:30
Google 使用者,5,高效好用,2018-11-06 12:53:34
Google 使用者,5,好用,2018-11-06 08:48:05
Google 使用者,3,Fail to launch after update,2018-11-06 08:01:48
Google 使用者,1,更新完打不開,2018-11-06 07:32:24
Google 使用者,2,無法登入,2018-11-05 11:23:45
Google 使用者,5,便利性高，很喜歡,2018-11-04 21:20:06
Google 使用者,5,好用的,2018-11-04 19:05:16
Google 使用者,1,垃圾APP 壞掉超過一個星期也不修，你家銀行可以一個星期不開門的嗎,2018-11-04 15:01:51
Google 使用者,1,每次登入操作匯款到最後簡訊碼keyin確認步驟就會跳回初始需輸入匯款資訊的空白畫頁面，反覆試了多遍才「可能」成功......想匯個款都這麽難,2018-11-03 23:25:42
Google 使用者,1,一直無法連線開啟，更新了也還是一樣,2018-11-03 11:07:32
Google 使用者,1,好多天無法登入 一直顯示無法取得連線 爛,2018-11-02 13:40:03
Google 使用者,1,不能登入！,2018-11-01 16:06:16
Google 使用者,1,更新完就登不進去了，爛到炸掉的app，跟中信多學學吧,2018-11-01 16:05:13
Google 使用者,4,好用易上手~,2018-11-01 13:22:58
Google 使用者,2,不實用，還是移除。,2018-10-31 16:23:43
Google 使用者,1,打不開，一直顯示要更新版，目前都是最新的，還進不了,2018-10-30 17:16:52
Google 使用者,1,更新後無法登入，已經兩週了……………,2018-10-30 13:19:13
Google 使用者,1,交易碼時常無效。。。。,2018-10-30 11:49:28
Google 使用者,4,推播修好了，good,2018-10-29 11:15:04
Google 使用者,5,還算不錯用。,2018-10-28 21:11:57
Google 使用者,5,繳信用卡款畫面問題，剩餘應繳金額為0時，請輸入交易資訊內的功能，因該無法選擇才對，目前看到還可以輸入台幣欄位及選擇最低應繳金額，確認鈕因該要設為不能按下才對，可否改版後修正,2018-10-27 11:51:01
Google 使用者,1,無法登入,2018-10-27 11:17:01
Google 使用者,1,App不知道那時候開始，開 開啟後會自動彈跳大陸網頁，覺得有安全疑慮，讓人用起來很不放心。,2018-10-26 12:06:33
Google 使用者,1,一天到晚當 ，只有登出鍵正常可以按 ，存摺也一天到晚需要換（只有富邦）只好開始換銀行,2018-10-26 10:34:00
Google 使用者,5,更新成功之後變得更方便、好用了,2018-10-26 09:50:29
Google 使用者,5,好用,2018-10-25 22:13:18
Google 使用者,3,常要更新很麻煩,2018-10-25 15:42:55
Google 使用者,1,根本沒辦法登入,2018-10-24 10:00:31
Google 使用者,5,訊息通知回來了，太好了！！！,2018-10-23 23:45:36
Google 使用者,5,還不錯唷,2018-10-23 22:30:03
Google 使用者,1,今天更新後還是無法登入，兩個禮拜了,2018-10-23 00:13:37
Google 使用者,1,很爛，好幾天都登不進去,2018-10-22 12:38:38
Google 使用者,1,有些按鍵失效,2018-10-21 08:26:20
Google 使用者,5,很好用喔！喜歡！,2018-10-20 00:44:18
Google 使用者,5,好用～方便,2018-10-19 10:35:55
Google 使用者,4,不錯,2018-10-19 09:54:36
Google 使用者,5,好用,2018-10-19 09:23:17
Google 使用者,1,好幾天沒辦法登入，顯示無法與本行系統取得連線，請檢查是否開啓網路連線，若仍無法連之本系統，請洽客服，請改善一下，沒辦法登入使用，非常的不方便,2018-10-18 18:15:18
Google 使用者,1,更新後無法連線，重新安裝或把系統更新到Android8，依然無法連線，讓人失望的爛app,2018-10-18 17:55:36
Google 使用者,2,通知的訊息不即時,2018-10-18 13:57:00
Google 使用者,4,鏟除臭蟲是？,2018-10-18 13:09:00
Google 使用者,5,還不錯用的app,2018-10-18 11:10:26
Google 使用者,5,方便快速,2018-10-18 09:01:59
Google 使用者,1,訊息通知一點也不即時，差了8個多小時，反應也沒用，,2018-10-18 08:20:44
Google 使用者,1,更新後無法使用,2018-10-17 06:16:25
Google 使用者,5,很好用,2018-10-16 23:13:17
Google 使用者,1,Poor,2018-10-16 21:01:15
Google 使用者,1,更新完 快速登入一直在loading. 可以修好嗎？,2018-10-16 20:56:00
Google 使用者,3,請問這個程式有支架未讀通知的紅點嗎 我用zenfone4 都看不到,2018-10-16 11:09:37
Google 使用者,5,沒意見,2018-10-16 04:41:01
Google 使用者,2,消費通知沒有即時。每次都過了2天才收到刷卡通知。,2018-10-15 16:07:15
Google 使用者,3,推播訊息嚴重延遲,2018-10-15 09:56:39
Google 使用者,3,突然不能轉帳不能用了，安全有所疑慮......,2018-10-14 21:30:41
Google 使用者,1,帳務刷卡即時通知在一天後才出現，問題一直沒有改善,2018-10-13 23:02:48
Google 使用者,1,為什麼以前刷卡通知都是即時，現在都晚一天……,2018-10-13 19:59:51
Google 使用者,3,最近推播通知都沒同步，已經有一段時間了,2018-10-13 12:04:14
Google 使用者,1,要求更新，又不能更新，是怎樣！,2018-10-13 04:39:11
Google 使用者,5,方便又不費神,2018-10-12 23:40:40
Google 使用者,1,一直進不去,2018-10-12 22:05:42
Google 使用者,1,無法登入,2018-10-12 20:50:25
Google 使用者,1,一直無法登入,2018-10-12 19:56:26
Google 使用者,1,推播功能一直不即時，每次都一直提醒舊的通知。會誤導以為被盜刷，趕快修復好嗎,2018-10-12 19:11:02
Google 使用者,1,不能用指紋登錄，要設定說不能重複啟用，推播延遲問題已經超級久，麻煩改進,2018-10-12 17:39:43
Google 使用者,5,是目前用過的銀行APP做得最好的，很方便,2018-10-12 14:06:23
Google 使用者,2,不要再強迫升級,2018-10-12 12:48:34
Google 使用者,1,刷卡訊息通知晚了2天有啥屁用啊！這程式根本可有可無。,2018-10-12 09:30:35
Google 使用者,1,刷卡通知延遲了，這樣被盜刷也無法在第一線時間得知啊！,2018-10-11 19:03:23
Google 使用者,5,方便看存款與基金,2018-10-11 14:26:58
Google 使用者,5,持續更新，使用方便 非常優質,2018-10-11 13:21:28
Google 使用者,5,方便 迅速 安全,2018-10-10 19:33:33
Google 使用者,2,每次使用都要更新，更新次數太多,2018-10-10 14:27:30
Google 使用者,2,常當機,2018-10-10 13:41:55
Google 使用者,5,便利,2018-10-10 11:49:14
Google 使用者,1,通知不同步,2018-10-10 08:05:10
Google 使用者,5,非常好的程式,2018-10-10 01:46:16
Google 使用者,3,為什麼一直一直要強迫更新佔流量啊,2018-10-09 18:40:30
Google 使用者,3,信用看卡出帳日期很不明確、能詳細調整出帳時間點嗎,2018-10-09 18:05:47
Google 使用者,4,還可以！,2018-10-09 17:44:28
Google 使用者,1,訊息不夠即時,2018-10-09 16:52:33
Google 使用者,5,便利好用，安全性高,2018-10-09 16:43:07
Google 使用者,5,方便好用,2018-10-09 16:40:43
Google 使用者,5,很好,2018-10-09 16:36:46
Google 使用者,1,訊息通知功能還是沒改善，真的很討厭！,2018-10-09 15:25:49
Google 使用者,1,推播慢太多，9/25的登入和轉帳，9/27早上才收到推播，以為是9/27的嚇死我了…打開app才看到時間，這樣很困擾。 10/9了這個問題還在，10/9下午連續收到一堆10/8晚上的操作…,2018-10-09 14:56:57
Google 使用者,1,更新後，無法開啟zzz,2018-10-09 14:50:24
Google 使用者,2,常須更新使用 卻無法正常更新,2018-10-09 12:49:35
Google 使用者,2,本來好好的後來為什麼不能用指紋辨識登入了？,2018-10-09 10:59:23
Google 使用者,1,一直在重複傳送舊的交易訊息，但App打開後卻沒新的交易，到底是怎麼回事！？,2018-10-08 14:59:30
Google 使用者,5,方便使用,2018-10-08 13:29:59
Google 使用者,5,簡單，好用,2018-10-07 20:32:19
Google 使用者,5,Good,2018-10-07 12:52:06
Google 使用者,1,更新後無法進入,2018-10-07 10:57:43
Google 使用者,2,非常難用，學學其他對手好嗎,2018-10-06 17:53:17
Google 使用者,5,安全方便,2018-10-06 08:38:23
Google 使用者,5,很满意的富邦理财，,2018-10-06 00:58:33
Google 使用者,5,很好,2018-10-05 22:00:22
Google 使用者,3,常常要讓人更新！ 結果更新後…卻是連線失敗！ 都幾個月過去了…還是沒改善！謝謝工程人員的解說！已改善😊,2018-10-05 19:33:02
Google 使用者,5,可以,2018-10-05 18:35:58
Google 使用者,4,繳納富邦銀行信用卡費不用手續費，good!,2018-10-05 14:20:32
Google 使用者,4,方便,2018-10-05 13:25:25
Google 使用者,1,他馬的，怎麼經常都要更新，不更新不能登入，幹幹幹,2018-10-05 12:53:21
Google 使用者,5,為什麼更新得這麼頻繁？,2018-10-05 11:29:57
Google 使用者,5,方便性佳,2018-10-05 09:41:46
Google 使用者,5,方便好用,2018-10-05 09:00:56
Google 使用者,2,更新後無法用,2018-10-05 05:37:09
Google 使用者,1,不要老是要用戶更新 太頻繁了。,2018-10-05 05:32:13
Google 使用者,5,很棒覺得節省我好多的時間謝謝,2018-10-04 14:24:49
Google 使用者,1,爛斃了，下載完一直無法與富邦連線，到底為什麼要作這個 app,2018-10-04 12:53:55
Google 使用者,1,更新完 無法連線登錄 造成損失 很生氣 打去客服也沒什麼用,2018-10-04 10:24:12
Google 使用者,5,希望信用卡部分能直接顯示剩餘可用額度,2018-10-03 19:17:57
Google 使用者,5,好用,2018-10-03 17:11:28
Google 使用者,1,好幾天連不上去了，無法繳費,2018-10-03 16:31:07
Google 使用者,5,小額轉帳方便,2018-10-03 15:33:19
Google 使用者,4,方便查詢,2018-10-03 14:03:15
Google 使用者,1,一直無法連線本行，重裝也一樣,2018-10-03 11:58:10
Google 使用者,4,整體來說不錯用。,2018-10-02 22:02:53
Google 使用者,4,算是好用的信用卡app,2018-10-02 20:19:54
Google 使用者,5,方便，讚,2018-10-02 16:44:03
Google 使用者,4,大部分的服務都有,2018-10-02 12:09:25
Google 使用者,2,請問登入不是有分一般登入跟信用卡登入嗎？我登入一直進到信用卡，沒辦法進網銀,2018-10-02 08:49:11
Google 使用者,5,不用去銀行就可以匯款 換匯付款很方便,2018-10-02 06:42:34
Google 使用者,1,我是信用卡用戶，為什麼更新之後完全看不到未出帳交易明細？ 我人在國外完全無法掌握自己的信用卡目前的消費狀況，不知所措,2018-10-02 04:28:38
Google 使用者,2,一直更新,2018-10-02 01:16:36
Google 使用者,5,便利省時,2018-10-01 23:06:07
Google 使用者,5,使用起來，除了需一直輸入密碼外，其他地方都在水準之上。,2018-10-01 18:35:46
Google 使用者,4,1)16:50今日使用，存款明細的內層，[更多]的欄位完全不見了，無法看到轉出+轉入的銀行帳號，這是今年第二次有此情形，請協助，謝謝。 2)17:07看到其他用戶意見，本次09/28的更新，尚且不敢更新。 3)17:34更新後(抱著測試念頭)，存款明細的內層，[更多]的欄位有顯示出來了，謝謝。,2018-09-30 17:38:00
Google 使用者,1,垃圾,2018-09-30 00:05:24
Google 使用者,1,有人在嗎？一直連不上,2018-09-29 19:22:19
Google 使用者,1,連線不上……,2018-09-29 16:34:49
Google 使用者,1,一直無法與本行連線,2018-09-29 16:30:20
Google 使用者,1,更新後，無法連線。,2018-09-29 08:51:01
Google 使用者,1,更新時一直顯示下載中，載你妹阿，我手機爐石都下載好了，還在下載中，重新刪除下載也一樣。,2018-09-28 10:22:33
Google 使用者,3,本來很方便的，最新更新後都無法使用！很不便利，希望儘速改進,2018-09-26 15:33:48
Google 使用者,1,想要申請，資格也符合，但死都不成功，明明就是想要方便，卻超不方便,2018-09-26 13:45:53
Google 使用者,1,無法連線，也查不到資料，只說要電話聯絡，連錯誤碼都沒有。,2018-09-26 11:58:53
Google 使用者,5,方便,2018-09-26 11:01:34
Google 使用者,1,幾個月都無法連線，工程師是不是該換掉了，還是乾脆請我去好了。,2018-09-26 09:08:15
Google 使用者,1,現在提款、刷卡消費、扣款等通知都要等幾天才會跳出來，超級不方便，但是行銷促銷通知倒是跳很快…,2018-09-25 10:13:49
Google 使用者,1,更新後登不進去,2018-09-23 20:54:27
Google 使用者,1,大家更新完之後都無法登入 為什麼你們都不出來回答問題呢 而且問題一直都沒解決怎麼回事啊,2018-09-22 23:28:32
Google 使用者,1,"為何連登都登不進去，一直Loading,害我乾脆設定要錢的簡訊通知",2018-09-22 13:54:22
Google 使用者,1,提款刷卡消費，即時通知訊息都晚好幾天才出現,2018-09-22 00:02:47
Google 使用者,1,最新一版更新後一直無法連線，請趕快處理,2018-09-21 22:47:51
Google 使用者,3,傳訊慢半拍，經常延遲一兩天才收到，比gmail慢太多,2018-09-21 16:44:42
Google 使用者,1,無法連線 用都沒辦法用,2018-09-21 10:42:34
Google 使用者,1,比小銀行開發的 app 還爛，連指紋登入都沒有，整天在新聞說富邦金獲利第一，拿個幾十萬做好一點不行嗎？,2018-09-18 15:04:06
Google 使用者,1,之前用還好好的，轉帳，查款項都沒問題！ 但是最近一次更新後，就登入不了了！ 造成很大的麻煩，請趕快改善！,2018-09-18 12:12:04
Google 使用者,3,還可以,2018-09-18 06:06:24
Google 使用者,1,可以在主場請伍佰開唱跟app爛有啥關係，我在這看到了87無極限的評論笑死我,2018-09-18 00:56:53
Google 使用者,1,即時通知要修多久,2018-09-17 12:21:36
Google 使用者,1,爛通知幾天後才跳出來 lab太久了吧,2018-09-17 12:02:24
Google 使用者,1,更新後刷卡，其他項目完全不會通知，要去app才會顯示,2018-09-16 21:49:50
Google 使用者,1,都不會通知欸 訊息通知設定全部打勾 消費後沒有立即通知 很危險的銀行app,2018-09-16 17:10:25
Google 使用者,1,原本的刷卡消費通知是即時通知，現在要等好幾天……如果是 線上刷卡沒簽單的，幾天後才通知都忘了刷了什麼項目，不知道改成延遲通知的意義何在。,2018-09-16 01:11:59
Google 使用者,1,安卓手機ASUS ZENFONE 3從大約兩個月前就一直無法連線。 更新或是重新安裝都沒有用。 勉強給兩顆星是因為iPad版的還能用。,2018-09-15 07:29:17
Google 使用者,1,一直顯示無法取得連線,2018-09-14 16:52:58
Google 使用者,1,怎更新後就無法登入很麻煩,2018-09-14 13:51:59
Google 使用者,1,請趕快恢復刷卡通知還有登入系統,2018-09-14 07:16:47
Google 使用者,1,富邦app也太難用了吧!!!!請改善,2018-09-13 23:23:45
Google 使用者,1,連續三個月無法連線了，試過重灌也一樣！！！而且還不是個案，請貴公司重視這個問題。,2018-09-13 21:06:34
Google 使用者,2,更新程序不便利,2018-09-13 13:32:49
Google 使用者,1,推播通知都是延遲了兩天以上才出現，令人很困擾。,2018-09-12 16:43:12
Google 使用者,3,最近都無法登入 一直轉圈圈 這樣我都不能看我信用卡帳單,2018-09-12 08:34:06
Google 使用者,1,這幾天都無法登入,2018-09-11 16:20:47
Google 使用者,2,關西農會都改分行代號快一個月了，這個app還沒更新，真是有夠爛，別家早就更新好了,2018-09-10 22:45:18
Google 使用者,3,刷卡帳務即時通知一直有問題，其他銀行沒發現這問題，可以改善一下？,2018-09-10 16:47:51
Google 使用者,1,更新完，無法開啟，顯示網路無法連線,2018-09-08 19:29:40
Google 使用者,1,爛死了！3個月都無法登入！,2018-09-07 09:26:03
Google 使用者,2,ZENFONE5Z 登入一直顯示主機無回應 是歧視華碩不給登入的意思嗎？,2018-09-07 01:25:08
Google 使用者,1,不能連線,2018-09-06 20:17:09
Google 使用者,1,通知亂打，通知時間都不對，過了好幾個月都沒修好,2018-09-05 16:38:55
Google 使用者,1,你們信用卡的客戶很難使用查詢，強烈建議你們參考台新銀行的app，很實用又人性化！,2018-09-01 20:36:40
Google 使用者,2,Luckypay很難用，清單上寫摩斯漢堡可以使用，結果西螺休息站（南下）的摩斯不能使用！,2018-09-01 17:34:25
Google 使用者,3,刷卡刷了老半天都還收不到刷卡訊息通知(已全勾選了)，中國信託Line官方一刷卡就馬上收到訊息通知，可以參考他們使用的系統差異在哪? 另外又下載App又佔記憶体空間😥， 再不改善就要解除安裝了,2018-08-31 00:32:05
Google 使用者,1,一直卡在Loading…無法進入，實在是太難用了,2018-08-27 20:50:21
Google 使用者,1,刷卡都沒有跳出通知（確認過並非手機設定問題），另外常常出現loading中，一直轉圈圈，app無法使用。,2018-08-25 23:30:13
Google 使用者,2,完全沒有消費提醒通知，就算登入也沒有，難道有限制消費金額多少才有提醒嗎？mail前幾天也是沒有提醒，富邦app到底怎麼了？,2018-08-22 22:53:05
Google 使用者,1,不能連線,2018-08-19 11:22:19
Google 使用者,1,很煩老更新，哪有時間腦袋去思考。 常換版，很麻煩。 氣到錢搬家。 會怕，太複雜。,2018-08-16 12:38:58
Google 使用者,1,怎麼紅米note5 下載這個之後一直無法登入，是否不能用？,2018-08-14 11:34:03
Google 使用者,1,卡在Loading無法登入是很好玩嗎？還可以收到信件通知說已登入？,2018-08-14 10:46:26
Google 使用者,2,"APP不會跳出通知, 重新安裝亦無效",2018-08-11 17:32:47
Google 使用者,1,什麼爛銀行，每次進來app系統就要升級，且無法開啟，這麼大的金控公司，怎麼這麼糟糕，已經持續一個多月都無法連線，這是我使用最爛的app，等等就請把戶頭結清，爛銀行。,2018-08-11 08:40:52
Google 使用者,1,連線超久的…又一直錯誤錯誤，以後不想用富邦了…傻眼,2018-08-10 17:49:17
Google 使用者,4,內容更多，更便利，很讚,2018-08-08 23:40:54
Google 使用者,4,手勢登入的間隔太小，很容易被判定錯誤，希望能修改,2018-08-07 13:30:52
Google 使用者,1,無法使用app紅利兌換，網頁連結不上。,2018-08-06 20:45:04
Google 使用者,1,開戶手續麻煩 又要問東問西 爛,2018-08-05 07:28:58
Google 使用者,1,只會轉圈的app，請問這app的功用只有轉圈跟跳出打了也沒用的電話號碼而已嗎？,2018-08-04 12:52:17
Google 使用者,1,爛透了！一直無法連上去,2018-08-03 23:48:20
Google 使用者,3,已經一兩個月刷卡app都不會跳出通知了，但登入進入app後卻可以看到，請問是已經改為沒登入就不會跳出通知嗎？這樣不是很方便，謝謝。,2018-08-02 18:20:07
Google 使用者,1,最近版本手機推播通知功能都失效，請快修復。,2018-08-02 13:03:18
Google 使用者,1,很久了，都沒辦法登錄操作，為何不處理,2018-08-01 17:20:03
Google 使用者,1,更新至最新，依然顯示無法與本行取得連線,2018-08-01 13:58:42
Google 使用者,1,這2個月開啟程式完全沒有呈現內容。,2018-07-31 21:49:31
Google 使用者,1,最近帳戶交易都無法立即推播通知，請改善,2018-07-29 18:16:28
Google 使用者,1,最近登入有夠看運氣，爛系統,2018-07-29 11:57:43
Google 使用者,1,強迫更新，爛爆,2018-07-28 16:48:28
Google 使用者,1,無法登入,2018-07-28 08:17:40
Google 使用者,2,爛死了，常常需要升級，不升級還強迫不能使用。,2018-07-27 19:02:44
Google 使用者,1,以前的富邦網銀是我最信任且快速安全服務，能不能盡快解決無法連線的嚴重問題!在海外的我很不方便處理帳務,2018-07-26 15:54:18
Google 使用者,1,很差 國外網路根本 無法登入 請更換App開發商,2018-07-26 12:50:28
Google 使用者,1,不給安裝是哪招啊，和WiFi沒關係啊,2018-07-26 00:04:40
Google 使用者,3,刷卡及入扣款無法及時通知,2018-07-25 20:36:12
Google 使用者,1,為何不能更新,2018-07-25 11:08:04
Google 使用者,1,不要一直更新好嗎，用起來很不便！請一個月不要更新超過一次！,2018-07-25 03:26:16
Google 使用者,1,更新完仍不能指紋辨識登入(018.7.24)。 更新完竟不能指紋辨識登入(2018.7.10)。,2018-07-24 15:44:26
Google 使用者,1,快兩個月不能連線，也不修，爛透了！,2018-07-24 11:37:08
Google 使用者,5,"Samsung S8+這兩個月一直呈現：目前無法與本行系統取得連線，請檢查是否已開啟網路功能... 非常困擾，先給一顆星，希望能儘速改善。 
20180725改善",2018-07-24 08:58:49
Google 使用者,1,才要轉帳就一直斷線，重登又講五分鐘後才能登入，什麼時候才要解決阿,2018-07-23 09:29:17
Google 使用者,1,這更新設計也太鳥，富邦這麼大，還找這麼鳥的程式設計？,2018-07-22 11:09:48
Google 使用者,1,越改越差，明細查不到 然後折扣金額也都沒看到了,2018-07-21 12:24:45
Google 使用者,1,無法登入無法讀取無法升級無法更新，轉圈圈到無止盡... 已經好幾天了，請問真的有在處理嗎？(；一_一),2018-07-21 03:31:59
Google 使用者,1,一直叫更新密碼。卻一直說不行。還三次就鎖。 煩。。。。。,2018-07-20 22:23:42
Google 使用者,3,幹嘛沒幾天就一直要升級。。。。,2018-07-20 14:18:52
Google 使用者,1,更新後不管怎麼登入，選擇都會顯示信用卡的介面，無法看到帳號餘額，轉帳等,2018-07-20 10:12:04
Google 使用者,2,最近一直顯示mb9999系統異常,2018-07-19 21:15:39
Google 使用者,1,每個月都強迫更新 這次更新還出問題要用戶自己去載 現在更新完了又一直loading 卡住不給繳款 可惜沒負星可以點？,2018-07-19 00:23:57
Google 使用者,1,已經一個月都過去了，開啟你們的app一直顯示讀取中，無法連線，是不是要請您們的工程師看一下呀！ 手機是note8,2018-07-18 14:02:47
Google 使用者,2,提醒的訊息一直重複跳出來，最近真的變的很不方便用。。。,2018-07-18 10:10:40
Google 使用者,1,非常糟糕!! 是希望大家換別間銀行，才一直升級的嗎?,2018-07-17 23:47:56
Google 使用者,1,銀行的軟體怎麼可以出事啊～ 馬的無法登入。,2018-07-17 21:24:58
Google 使用者,1,從PLAY更新盡然調無法連接網頁....暈倒,2018-07-17 00:08:38
Google 使用者,2,最近都無法登入，更新後亦無法，到底出了什問題,2018-07-16 11:28:34
Google 使用者,2,系統有問題，無法登入……已經移除再下載仍然一樣,2018-07-16 07:56:28
Google 使用者,1,更新後一直無法進入，一直跳出要與本行聯繫,2018-07-15 23:04:04
Google 使用者,1,信用卡客服沒有真人有問題不能解決 那還設客服電話幹嘛那我用你們銀行的信用卡幹嘛,2018-07-15 20:49:53
Google 使用者,2,載了不能用，一直跳網路連線問題，之前版本不會，這次解除重載後一直連不上,2018-07-14 16:15:22
Google 使用者,3,最近常在升級，不升級就開也開不了，可以不這麼強制嗎？,2018-07-12 22:14:16
Google 使用者,1,只是看個存款，每次都在那更新，不更新還不能使用APP，更新面板強制更新就算了，還要自己開PLAY商店更新，那就乾脆不要跳出更新視窗嘛,2018-07-12 17:17:33
Google 使用者,1,開啟APP沒辦法用指紋登入，想重新設定指紋登入又說不能重複啟用，然後重開APP還是只能密碼輸入，很問號……,2018-07-12 13:36:15
Google 使用者,1,查詢明細，選擇其中一筆明細進入下一層查看，APP就卡死了，害我為了要看最近幾筆記錄的明細，居然要每查看一筆就卡死然後強制關APP再重新登入,2018-07-12 10:47:55
Google 使用者,2,常需更新，而且無法從富邦的app直接更新，常需要解除安裝再從新下載,2018-07-12 08:45:55
Google 使用者,1,更新升級畫面一直跳針卡住有事嗎？,2018-07-12 03:38:42
Google 使用者,1,挑別人毛病催繳偽約速度很快！但app壞了要修這麼久也沒好轉？！重視度的問題,2018-07-11 22:17:32
Google 使用者,1,無法安裝，更新，升级,2018-07-11 19:59:17
Google 使用者,1,現在是完全不能用。爛死了,2018-07-11 06:56:44
Google 使用者,2,軟體檢查更新流程的問題還是沒有解決啊，會無止盡的跳提示，還要自己從play商店更新才成功。,2018-07-10 17:09:05
Google 使用者,1,爛，強制更新,2018-07-10 09:12:08
Google 使用者,1,太爛了,2018-07-10 00:34:01
Google 使用者,1,這更新…,2018-07-09 22:34:24
Google 使用者,1,越改越糟糕,2018-07-09 19:38:31
Google 使用者,3,更新完不能快速登入，指紋圖形都一樣。,2018-07-07 05:07:30
Google 使用者,1,RD是在混嗎！什麼時後才要修好！重灌好幾次也沒用，到底有沒有尊重用戶權益(怒)，非得要流失客戶才願面對問題嗎,2018-07-06 09:27:10
Google 使用者,5,重新安裝了，似乎問題解決了，進得去了，不會要我更新然後一直卡在更新的巡迴了。,2018-07-04 12:24:49
Google 使用者,1,已經好幾個星期連不上 到底想怎麼搞客人啊,2018-07-03 01:24:04
Google 使用者,1,無法登入app，一直顯示錯誤，移除重新安裝也是一樣進不去。,2018-07-02 19:20:21
Google 使用者,1,更新之後就一直打不開 無法連線本行 客服也打N次說會修正錯誤 重新安裝多次一樣無法使用 可以用心把它修好嗎？,2018-07-01 07:16:23
Google 使用者,1,做的有夠爛，一直卡在登入畫面,2018-06-30 15:56:14
Google 使用者,1,更新後進入帳單明細查詢之後無法上一頁，只有登出，更新完會更爛為什麼還要強制更新？,2018-06-27 18:53:38
Google 使用者,3,"LG V20 已允許通知，需求權限全開，APP還是不會主動收到推播，手機也不會彈出通知，手動打開APP 
Loading後才會看到一封未讀訊息，有辦法修正嗎？",2018-06-26 13:28:30
Google 使用者,5,終於可以點了,2018-06-24 14:28:29
Google 使用者,1,無法連線銀行系統很久了！沒改善！客服也無法解決問題！,2018-06-23 19:53:12
Google 使用者,4,沒有更新按鈕，根本不能用！！！已經改善，謝謝,2018-06-22 06:34:47
Google 使用者,4,更新後有修正 惟修改耗時太久,2018-06-21 19:59:08
Google 使用者,2,一直叫我升級    卻無法升級,2018-06-21 13:49:05
Google 使用者,1,更新一直卡在內嵌的Play商店webview，也未免做得太爛了,2018-06-21 12:58:24
Google 使用者,5,不錯,2018-06-20 22:54:04
Google 使用者,1,用了兩年多，這兩個禮拜一直無法更新是怎麼了？,2018-06-20 00:05:57
Google 使用者,2,更新後更容易當機，畫面停止不動,2018-06-19 22:32:32
Google 使用者,3,信用卡消費無法即時通知！！前幾天刷的今天才收到通知，如果被盜刷不就要自己看著辦,2018-06-19 14:44:38
Google 使用者,2,怎麼最近不管登入網路銀行或是ATM提款，手機都不會發出聲音提醒了 (有確定通知功能有綁定和手機開啟提醒功能),2018-06-18 19:53:16
Google 使用者,1,not good,2018-06-16 14:06:40
Google 使用者,1,一直更新又連不上,2018-06-15 21:09:36
Google 使用者,1,超難用，每次更新都鬼打牆,2018-06-15 15:33:16
Google 使用者,1,更新後只能登信用卡頁面 完全不能使用銀行功能,2018-06-14 15:25:35
Google 使用者,1,麻煩開除本次更新的IT人員，萬分感謝！,2018-06-14 12:29:43
Google 使用者,2,明明網路有開常說連不上線或是登入後當掉 盡快改進吧,2018-06-12 15:54:20
Google 使用者,1,更新後無法登入！！請幫忙確認。,2018-06-12 15:24:25
Google 使用者,1,登不進去，連電腦網頁也登不進去,2018-06-12 15:13:28
Google 使用者,1,第二次來評論，一樣爛到炸。 要人按升級更新卻只會跳出一樣畫面，設計這種app的薪水小偷是不是要開除啊！,2018-06-12 08:30:49
Google 使用者,1,為何不能登入也無法更新,2018-06-11 19:39:16
Google 使用者,1,無法登入無法更新,2018-06-10 22:03:02
Google 使用者,2,要我更新，卻一直沒法更新，刪除從新下載又不能……＝＝,2018-06-09 19:15:23
Google 使用者,1,刪除再安裝還是一樣問題，更新後app程式進不去，說無法與本行連線，請盡快改善,2018-06-09 19:11:28
Google 使用者,5,終於有指紋辨識方便多了👍,2018-06-09 01:19:13
Google 使用者,3,更新後一直無法登入了,2018-06-08 22:11:26
Google 使用者,1,登不進去 一直發生錯誤,2018-06-08 18:35:19
Google 使用者,5,有指紋辨識就給5顆星,2018-06-06 22:19:34
Google 使用者,1,跟樓下先生一樣，對話框大到沒辦法按“ 確認鈕”，這樣是要怎麼更新…… (ー_ー)!!,2018-06-06 21:14:37
Google 使用者,1,"很方便的APP, 但現在按不到更新鈕, 也不能轉螢幕. 重裝也一樣. 完全不能用.",2018-06-06 10:48:19
Google 使用者,1,更新後因為螢幕尺寸不符 按不到確認,2018-06-05 21:00:53
Google 使用者,1,無法更新 手機可用平板不行,2018-06-04 22:50:33
Google 使用者,2,無法登入兩三天了...,2018-06-04 03:04:09
Google 使用者,3,發生什麼事情了，一直出現更新要按確認鍵，但看不到“確認”，我是使用三星 tab s2。,2018-06-01 22:22:47
Google 使用者,2,無法連線,2018-06-01 21:02:32
Google 使用者,1,要我更新可是一直無法完成。,2018-06-01 08:34:51
Google 使用者,5,登入時應該要加入指紋辨識功能,2018-05-31 07:18:34
Google 使用者,1,更新後無法登入，顯示無法連線！,2018-05-31 06:22:22
Google 使用者,1,根本沒辦法更新，是要我們買新手機買新平板，才能安裝更新這軟體嘛，爛透了！！,2018-05-31 00:17:39
Google 使用者,1,沒救了 根本垃圾,2018-05-30 22:43:58
Google 使用者,2,原本在平版上使用正常，今出現需更新確認通知，可是未出現確認鍵可點選，請修正改善，似乎很多人有共同困擾喔。,2018-05-30 15:21:33
Google 使用者,1,許多人都已經反應平板顯示的訊息排版錯誤，造成確認按鍵出現在螢幕之外無法點選，舊版無此問題，新版卻數週仍未修正，令人失望。,2018-05-30 13:51:54
Google 使用者,1,不好用,2018-05-30 10:38:49
Google 使用者,5,希望能增加指紋登入功能,2018-05-30 08:48:18
Google 使用者,1,通知卡在Loading畫面超過三分鐘，此問題已經反應超過一年依然沒解，手機都已經換新重新安裝軟體，這個Bug依舊，感覺沒有想改善的樣子。,2018-05-30 08:04:04
Google 使用者,2,一天到晚在更新，更新了也未必有改變，可以不要動不動就更新嗎,2018-05-28 14:00:29
Google 使用者,5,保守生活$$ 台北市政府合併銀行$$,2018-05-27 20:46:24
Google 使用者,1,更新後沒辦法用啦！跳出要按確認了框框，但根本找不到確認鍵，整個程式就卡在那，很不方便，請盡快改善吧！,2018-05-27 12:04:32
Google 使用者,1,解壓縮失敗是什麼鬼,2018-05-27 10:28:09
Google 使用者,1,爛死了一天到晚在更新，更新常常解壓縮失敗，要重新砍掉重安裝，如果不能弄好，就不要自主更新,2018-05-26 22:18:50
Google 使用者,5,新加入的彈跳視窗，會因為使用大尺寸手機或平板，會有看不到確定的問題。,2018-05-26 16:25:52
Google 使用者,2,本來是很方便，昨日更新後卻一直出現有更新版請按確認鍵等字眼，根本無法使用,2018-05-26 09:18:01
Google 使用者,1,無法開啟,2018-05-25 21:29:53
Google 使用者,1,這次更新完全不能用，一直出現檔案壓縮失敗，不能登入使用,2018-05-25 21:27:16
Google 使用者,1,白痴哦！根本不能用是哪個笨蛋發明的！,2018-05-25 06:20:23
Google 使用者,1,無法使用，更新包又不能解壓縮，安裝失敗,2018-05-24 13:29:03
Google 使用者,1,重新下載好幾次，都是不能用，一直跳出對話方塊，然後要你更新，快一個禮拜了。感覺很差。。。,2018-05-24 10:44:38
Google 使用者,1,登進去看不到確定按鍵，整個進不去畫面，請盡快針對問題處理,2018-05-24 07:16:31
Google 使用者,1,更新後無法連線請改善,2018-05-23 22:33:21
Google 使用者,1,強制要更新，卻無法更新導致無法用，這麼大的公司都養豬頭嗎？,2018-05-23 19:46:42
Google 使用者,1,沒辦法下載 請檢查一下,2018-05-23 18:17:47
Google 使用者,1,無法連線 無法登入 無線網路Wi-Fi都開了 還是不能！why??????,2018-05-22 12:00:24
Google 使用者,1,更新後一直顯示無法連上網路，請洽客服，已經好多天了，可以想辦法改善嗎？無法查看帳務訊息真的很困擾！,2018-05-22 11:51:49
Google 使用者,1,登入字太大是怎樣,2018-05-20 23:09:35
Google 使用者,1,Samsung pad 無法使用。,2018-05-20 18:57:27
Google 使用者,1,更新後無法使用,2018-05-20 09:54:07
Google 使用者,1,更新後 登入無法按到確認 因為視窗大小不服,2018-05-19 12:07:05
Google 使用者,2,最新版，登入後的提示選單，確定紐在螢幕外面，無法點選，導致沒辦法順利登入，請速處理,2018-05-19 10:18:15
Google 使用者,1,不能使用,2018-05-18 21:44:22
Google 使用者,1,每天都在更新，更完還沒有比其他銀行的功能多...,2018-05-18 11:57:22
Google 使用者,1,提示訊息關不掉擋住選單是要怎麼操作.......,2018-05-18 01:03:30
Google 使用者,1,更新之後，無法連線？未更新之前都正常耶，好後悔更新哦！根本無法使用app!!!請貴公司Rd儘速處理！,2018-05-17 20:03:12
Google 使用者,5,更新後訊息太大無法使用,2018-05-17 15:29:21
Google 使用者,1,問題到現在都沒解決,2018-05-17 12:40:50
Google 使用者,1,更新後一直無法順利操作，還會直接登出，我跟本沒有登出，還出現解密失敗，太糟糕了,2018-05-17 07:35:55
Google 使用者,1,登入了卻點個功能就一直登出跳出來,2018-05-16 21:48:47
Google 使用者,4,很實用！讓經濟活動更加快速掌握資訊，可以做出快速的財務投資，對理財者能提供適宜的管理！,2018-05-16 21:31:58
Google 使用者,1,更新後輸入密碼後定點不動，好幾天了，沒人發現嗎?工程師都不會修嗎？,2018-05-16 17:54:41
Google 使用者,1,更新後不能登,2018-05-16 16:38:11
Google 使用者,3,更新一樣有問題，打開app更新快跑未連線網路，請聯繫客服.😠,2018-05-16 14:07:56
Google 使用者,1,更新app之後，成功登入後一直被登出,2018-05-16 12:39:37
Google 使用者,1,真是夠了，連一個app的軟體不能管理的非常妥善，我們能相信你們的控管能力嗎😠😠😠😠😠😠,2018-05-16 10:25:18
Google 使用者,2,更新後一直登入登出鬼打牆，有沒有解決方式啊，這樣沒法使用啊。,2018-05-16 09:04:01
Google 使用者,2,請新增指紋辨識登入功能，其他銀行APP都有了，例如台新銀行。請多跟標竿看齊。,2018-05-16 08:59:03
Google 使用者,5,Good,2018-05-16 08:38:30
Google 使用者,1,這次更新後 完全不能用 一直顯示連線不到 請聯繫客服,2018-05-16 06:14:41
Google 使用者,5,功能強大,2018-05-15 23:34:27
Google 使用者,1,更新後無法登入，一直無法查詢,2018-05-15 20:02:44
Google 使用者,1,更新後一直自動退出，無法使用,2018-05-15 19:03:36
Google 使用者,4,手勢密碼的範圍可否在放大一些，有時很不方便,2018-05-15 11:00:26
Google 使用者,4,無法修改個人手機號碼， 請問未來會增加嗎？,2018-05-14 23:18:44
Google 使用者,3,覺得還不錯，只是希望有指紋登入，已經很多銀行有指紋登入了，台新、中信、星展等等,2018-05-12 22:05:58
Google 使用者,2,已經第三次重新解除安裝重新下載才能使用了,2018-05-10 22:22:43
Google 使用者,1,"今天server也太慢，執行登入就轉了一分鐘才進去，接下來每個動作都要等超過1分鐘....... 
補充：無卡提款產生的序號若只有7碼，全家便利商店的台新提款機不接受這序號，導致要一直重按到產生超過7碼的提款序號",2018-05-05 12:23:04
Google 使用者,1,每次更新版本都有問題，必需刪除重新安裝。 希望程式可以自動載入更新,2018-05-04 22:39:17
Google 使用者,1,下載點開了好幾次，根本無法開啓,2018-05-04 16:07:23
Google 使用者,1,一堆民銀公銀的APP都已支持指紋辨識快速登入了，貴司還在那裡手勢登入，別跟我說手勢的安全性會比指紋要高，貴司真的保守到讓人訝異。,2018-05-03 22:21:47
Google 使用者,2,能不能開放自己不同富邦帳號互轉的功能,2018-04-29 06:29:56
Google 使用者,2,沒有注意按錯了就沒辦法用了,2018-04-26 12:33:52
Google 使用者,5,台北富邦什麼時候支援GooglePay,2018-04-24 13:03:04
Google 使用者,2,一直重覆更新要求重新下載,2018-04-19 12:34:26
Google 使用者,3,系統更新一直遇到程式碼問題，重新下載也會有，更新遇到重複下載,2018-04-18 22:52:59
Google 使用者,1,更新之後發生內部錯誤 還要重新安裝...,2018-04-11 11:36:44
Google 使用者,2,每次登入的時候，就會一直「寄郵件」通知，請問要在哪邊「關掉」？有點擾人，整個信箱都是這種郵件！,2018-04-10 13:43:05
Google 使用者,1,程式更新常會出錯…最後變成要重新安裝…,2018-04-05 20:57:02
Google 使用者,1,信用卡登入 手勢無法設定成不顯示圖形... 而且設定自動扣繳電信費，只能從網頁設定，設定完，app部分也是無法使用，顯示信用卡用戶不能使用要打客服？,2018-04-04 14:47:33
Google 使用者,4,App越來越順暢，不過圖形解鎖的圈圈有點太近，很容易會畫錯，，可參考koko或是玉山的樣式，另外也希望登入可以支援指紋解鎖，彰化銀行有支援，覺得非常方便,2018-04-04 11:11:04
Google 使用者,2,為什麼不直接在Google play 上更新？那麼多人反應一直跳重複更新，你們還要我們打客服？那我直接用網銀不就好了，還跟你APP ，是吧,2018-04-03 11:27:17
Google 使用者,2,每次更新都失敗，都要重新下載,2018-04-02 20:45:03
Google 使用者,1,更新到程式錯誤，要重新安裝，結果還是更新錯誤,2018-04-01 14:09:30
Google 使用者,1,遇到重覆下載的問題，是螢幕沒保持開啟的bug，先清除資料後，保持螢幕開啟，重新更新就可以暫時解除更新問題。沒想到富邦銀一直沒複製和解決這問題，造成一度無法使用,2018-04-01 00:02:24
Google 使用者,1,不能線上抽號很麻煩，在分行還要等很久,2018-03-31 15:08:43
Google 使用者,1,"每次開啟都要強迫更新,在外面沒wifi就要浪費流量.是不能相容舊版嗎?",2018-03-31 10:35:02
Google 使用者,5,希望能增加指紋辨識,2018-03-26 19:12:55
Google 使用者,5,非常好用，謝謝,2018-03-23 18:27:38
Google 使用者,4,使用還算方便。 建議使用Visa金融卡刷卡付款後， 顯示預扣金額， 不然從App上看到的金額都是錯的。 都不知道裡面的正確餘額是多少。,2018-03-21 09:27:59
Google 使用者,1,一直更新  登不進去,2018-03-14 18:05:09
Google 使用者,5,很好用～跟其他相較之下是我目前用過最好用的網路銀行～請務必繼續保持領先哦,2018-03-14 10:05:33
Google 使用者,1,有夠爛....之前有用中信跟花旗的APP都沒問題，我主要是要顯示信用卡繳費條碼，這次辦了悍將聯名卡所以下載富邦APP，越用越想罵髒話，設定代碼密碼一直說我出錯，改了四五次，現在登入又一直轉圈圈登不進去，爛到有剩!!,2018-03-12 10:18:36
Google 使用者,1,真爛，叫我更新，結果又顯示內部問題，一直更新也沒用,2018-03-01 10:12:47
Google 使用者,1,怎又出現內部錯誤訊息，重新安裝還是一樣，,2018-02-28 04:37:47
Google 使用者,3,一直要求更新 又顯示錯誤 完全無法使用 請快速修正,2018-02-27 22:38:27
Google 使用者,1,使用者體驗非常差，信用卡刷卡提醒贅字太多，重點像金額都被截斷了，點進 App 只是為了看通知，就得等三十秒更新，讓人很火。更新為何不走一般的管道，要自己搞一個，然後又那麼難用？,2018-02-27 13:39:45
Google 使用者,2,每次打開幾乎都要再更新 結果9成會出現更新失敗，說是內部錯誤 然後就得刪除重新下載,2018-02-26 19:17:14
Google 使用者,4,越來越好用,2018-02-26 13:28:56
Google 使用者,1,搶活動登錄不夠快，有夠爛的,2018-02-20 12:32:49
Google 使用者,1,最進更新超容易掛掉一直要我重新安裝應用程式,2018-02-19 18:08:49
Google 使用者,5,簡潔明瞭的操作介面,2018-02-15 11:54:41
Google 使用者,2,有必要常常更新嗎？不更新就不能用，很麻煩,2018-02-14 14:25:56
Google 使用者,1,系統ㄧ直跳出更新，更新又無法打開,2018-02-13 22:33:22
Google 使用者,4,切畫面的時候loading頁不會因為讀完了自動消失，要切換app才會正常,2018-02-13 11:36:12
Google 使用者,1,一直重覆更新 完全不能用,2018-02-12 20:41:50
Google 使用者,1,我弄了一個小時了，都更新失敗，移除再安裝也沒用，不懂為何重新安裝還要更新呢？能不能給0個星呀！,2018-02-10 17:45:46
Google 使用者,1,太容易更新錯誤，就得重裝,2018-02-09 10:17:29
Google 使用者,1,客服難用到爆炸！ 與客服的訊息記錄無法留存，只要一跳出來訊息就不見，又要再重新連客服，然後再重新問問題，再重新驗證身份，浪費客戶及客服人員的時間！ 超級爛！做成這樣還不如不要做數位客服，單純查詢的功能都還比較好用，建議要找客服的話還是直接打客服專線吧…不然會被這個APP氣死…,2018-02-07 17:19:01
Google 使用者,5,很好用的APP 畫面簡單又明瞭 很容易上手 用過其他家網銀APP目前覺得富邦最好用,2018-02-07 00:09:22
Google 使用者,1,近日手機使用手勢密碼無法登入，卡在loading,2018-02-06 23:46:04
Google 使用者,5,功能方便好用， 建議轉帳功能除了QR code， 也能加入用條碼輸入,2018-01-30 09:38:45
Google 使用者,1,現在完全沒辦法用圖形登入 重新下載 重新換圖形也是一樣 到底是怎麼回事,2018-01-26 11:13:05
Google 使用者,3,20180125早上10:00之後登入的時間 延遲超過一分鍾,2018-01-25 11:00:12
Google 使用者,4,可以用指紋辨識嗎，每次都要輸入代號 密碼..,2018-01-24 08:49:28
Google 使用者,4,越來越多貼心服務,2018-01-19 21:18:57
Google 使用者,1,為什麼每次app更新都會失敗，得移除重裝才能用,2018-01-19 08:52:47
Google 使用者,5,挺方便，感覺會讓很多人失業… 根本不會去銀行了…,2018-01-19 02:25:00
Google 使用者,1,這幾天一直登不上！,2018-01-18 18:58:44
Google 使用者,3,這幾天App真的很有問題，我的額度都在亂跳，都看不懂了！,2018-01-11 10:49:39
Google 使用者,2,動不動就更新很煩,2018-01-11 10:11:34
Google 使用者,1,內部更新後，訊號滿格下，讀取loading時間變得太久很難使用。,2018-01-08 08:40:29
Google 使用者,2,老是係統忙錄中，登入到火大,2018-01-05 15:44:56
Google 使用者,1,太慢了吧   垃圾   連電話都不能改是怎樣,2018-01-05 14:48:59
Google 使用者,1,系統反應很慢，一直停在 Loading ，系統被攻擊？,2018-01-05 14:20:15
Google 使用者,5,用了五間銀行的app，就屬富邦的介面最清楚。信用卡消費的情況也能在app上查詢到，無論是一般消費或是分期的狀況都能一目瞭然。,2018-01-05 12:09:30
Google 使用者,2,最近常常都當在讀取中，請改善，謝謝！,2018-01-05 11:53:53
Google 使用者,2,最近使用常常無法連線，但我的手機訊號是正常的,2018-01-05 11:43:38
Google 使用者,1,1/5更新後一直無法登入,2018-01-05 11:39:26
Google 使用者,1,最近更新版本後，速度變好卡，每個頁面都要loading好久，超級難用，舊版本卻沒有這個問題!,2018-01-05 11:33:00
Google 使用者,4,之前使用狀況良好方便，這幾天系統開始無法登入，卸載重新安裝也無法使用，請盡快改善。,2018-01-05 11:14:27
Google 使用者,4,最近美金一有波動就登不進去了,2018-01-05 10:26:17
Google 使用者,3,常常更新就算了，每次更新都說重覆下載，一定要移除重新下載才能使用,2018-01-05 09:55:25
Google 使用者,4,我今天第一次使用這app匯款，過程中有看到，留言給自己跟留言給對方的功能，但只有留言給自己的功能可用，留言給對方的功能不能用！,2018-01-03 17:14:15
Google 使用者,3,不知怎麼了今日操作數次，每次登入帳密&執行轉帳作業 速度皆慢，甚至出現連線逾時狀況。,2018-01-02 16:36:27
Google 使用者,2,"今天使用都會遇到在等待loading,每個動作都要等很久，請盡快幫忙檢查，謝謝!",2018-01-02 14:57:48
Google 使用者,1,這個版本的app會閃退，不然就是loading很久，完全無法使用,2018-01-02 14:03:53
Google 使用者,1,每按一個鈕就跳一次loading提示框，一次就要等20秒以上,2018-01-02 13:52:47
Google 使用者,3,最近APP登入界面過於緩慢，一直停在轉圈畫面，影響使用意願,2018-01-02 11:50:19
Google 使用者,1,到底要Loading多久，速度完全不行啊！,2018-01-02 11:13:43
Google 使用者,1,爛透了 一直loading  app遇到問題要趕快更新  畢竟這跟一般app不一樣  出錯會損失錢的,2018-01-02 10:49:54
Google 使用者,2,不懂為什麼要更新才會有通知訊息，遇過的即使沒更新還是會有通知訊息，這樣有點困擾，因為誰知道你們什麼時候更新，而且你們的更新很頻繁，這樣就會沒通知訊息,2017-12-29 14:10:13
Google 使用者,1,超慢 等很久後來又說系統忙碌稍後再試,2017-12-29 11:55:56
Google 使用者,3,尖峰時段載入時間都要很久，甚至等到連線逾時，建議多建一些馬鈴薯。,2017-12-29 11:40:14
Google 使用者,1,無法更新  關掉重開後 跑出錯誤視窗，刪掉app也是一樣的情況，請改良。,2017-12-26 10:33:16
Google 使用者,4,使用繳他行信用卡款功能，一直無法使用出現錯誤訊息。,2017-12-21 22:10:16
Google 使用者,3,有些功能沒開放，只說維護中，可是根本沒開放過。,2017-12-15 00:53:30
Google 使用者,1,一直跑更新不能用,2017-12-10 13:30:28
Google 使用者,1,一直說要更新，更新完後還是要更新，再更新就說重複下載，這是啥狀況,2017-12-10 12:03:30
Google 使用者,3,"完全無法更新一直在重複彈出更新確認的畫面,麻煩請改善, 因為都是用app在繳款查帳",2017-12-09 01:28:44
Google 使用者,5,很方便也很好使用,2017-12-07 08:12:01
Google 使用者,1,超煩的……該走的GOOGLE APP更新不走  特意在程式內更新，然後機制也沒做好，一直叫我下載，然後又跳重複更新，開發品質可以好一點嗎？,2017-12-06 11:52:10
Google 使用者,1,幾乎每隔幾天開啟都要再跑更新程式，這頻率太誇張了吧...，內容也沒什麼變化，不更新還不給用，沒看過那麼愛更新的APP，真的很困擾...,2017-12-02 18:46:33
Google 使用者,1,更新一直出現“重複下載，請重新更新”，想查個帳也這麼困難嗎？都想放棄這張卡了,2017-11-25 23:11:51
Google 使用者,2,QR code 根本無法用,2017-11-23 11:23:00
Google 使用者,3,今天APP更新一直失敗，重新安裝後一樣，出現「更新遇到內部錯誤，請再重試」，或是重覆出現更新按鈕，然後不點也不行，點了還會有無法重覆更新的訊息。,2017-11-22 10:51:08
Google 使用者,2,我覺得網頁版比較方便 網頁可以即時觀看可用餘額跟帳戶餘額 別的銀行app都可以用指紋快速登入了 富邦還只能畫圖,2017-11-21 15:06:02
Google 使用者,1,系統公告等通知都只顯示一行，不能拉開檢視全部,2017-11-20 14:24:06
Google 使用者,1,根本就不能更新，說什麼重複更新。我都不能繳費,2017-11-20 13:42:38
Google 使用者,4,用這個 繳信用卡費 要手續費用嗎,2017-11-18 19:04:56
Google 使用者,2,第二次遇到系統更新，只要更新就說有問題要去重新安裝程式...第二次！！  第三次這種狀況，更新有問題就要求移除重新安裝的app!!!!!!不如不更新,2017-11-17 08:38:19
Google 使用者,1,一直有問題,2017-11-17 00:43:40
Google 使用者,1,辦活動都登不進去~ 登進去就已額滿了@@ 系統負荷不了就別辦這種活動 高層腦袋到底裝什麼 然後被罵的一定是客服 以後不會在用富邦了 利息比一般銀行低就算了 連APP也爛,2017-11-16 01:31:51
Google 使用者,4,服務功能全面且方便，UI介面簡潔俐落，開戶後目前使用狀況與操作體驗算是滿意,2017-11-15 10:47:09
Google 使用者,1,更新就死當了,2017-11-15 10:39:33
Google 使用者,3,可以改善登入錯誤的問題嗎，每次明明帳號密碼都正確，但都顯示錯誤。,2017-11-14 08:16:52
Google 使用者,4,帳號只能10位數蠻糟的，其他銀行大多可以到12位數，甚至16位數，建議改進！謝謝,2017-11-13 10:17:45
Google 使用者,1,辦活動時會登不進去,2017-11-12 08:43:26
Google 使用者,1,騙很大…23:11起系統故障無法登入，一直出現系統忙碌，是要如何搶序號(富邦11趴)?等23:36登入成功，就說額滿，這種騙顧客先買美金來搶優惠定存，太没信用的銀行了,2017-11-12 00:15:04
Google 使用者,1,如果根本不打算讓客人美金優存，就不要騙客人買美金，11/11晚上11:11根本就系統故障無法登入....台北富邦銀行騙很大，勸大家還是去別家ex.玉山銀行好,2017-11-11 23:41:32
Google 使用者,1,"舉辦1111美金定存活動,結果系統一直登入不進去,系統本身沒準備好就不要辦活動,浪費大家的時間",2017-11-11 23:37:41
Google 使用者,1,辦活動根本登不進去,2017-11-11 23:33:59
Google 使用者,3,如何快速申請,2017-11-10 12:11:03
Google 使用者,1,更新整個卡機，好爛欸……,2017-11-10 09:26:16
Google 使用者,1,進入後叫我更新，結果一直出現內部錯誤，好不容易下載完，又說重複下載不能動作，是想怎樣,2017-11-09 18:56:41
Google 使用者,3,系統重複更新無法進入,2017-11-08 22:06:32
Google 使用者,1,又掛了   重新下載一樣要下載更新  更新到一半又說出錯  工程師可以麻煩確定無誤再推出嗎,2017-11-04 09:12:04
Google 使用者,2,更新後不能用了,2017-11-02 18:47:38
Google 使用者,1,Error happened while updateing,2017-11-01 10:07:55
Google 使用者,1,無法更新 一直出現內部錯誤,2017-11-01 09:34:56
Google 使用者,1,不斷的更新，造成對這個程式的安全性出現疑問,2017-10-31 13:52:35
Google 使用者,2,更新時，一直顯示内部錯誤，不斷重覆再卡住，是故意擾民嗎？請先内部驗證無誤後，再導入更新。,2017-10-30 10:27:26
Google 使用者,4,方便，實際，又好操作，簡單易懂。我覺得很好用喔！推薦大家一起來使用這個應用程式唷～！(如果你們有富邦金控帳戶的話)！,2017-10-28 23:30:48
Google 使用者,1,今天下載更新一直出現無法解開壓縮檔 ，要我移除再安裝,2017-10-28 19:31:30
Google 使用者,2,為什麼最近我消費的項目，登入查看都看不到,2017-10-23 11:17:42
Google 使用者,2,常常出現內部有問題顯示，重新下載又無法開啟,2017-10-18 21:38:59
Google 使用者,1,自己內部安裝更新還會失敗的 搞誰啊,2017-10-16 19:23:08
Google 使用者,5,大公司就是不一樣，好用,2017-10-10 17:13:32
Google 使用者,3,我是貴行的客戶，這幾天上app 一直跳出來說要更新，但每更新到約40%左右又跳出說內部更新失敗，此狀況已重複約6、7次，導致什麼功能都無法使用，希望可以盡快修復，建議更新可以用選擇性的，不是進入app就一定要強制更新，這樣使用者體驗也許會好些，感謝！,2017-10-07 10:22:32
Google 使用者,1,自從更新之後要載入都載入很慢,2017-10-06 23:52:18
Google 使用者,1,一直要求更新又跳出重覆更新視窗,2017-09-30 17:27:32
Google 使用者,1,無法更新，一直出現錯誤,2017-09-30 12:46:32
Google 使用者,4,新增指紋辨識登入,2017-09-29 20:32:05
Google 使用者,1,內部錯誤,2017-09-28 22:00:05
Google 使用者,4,建議，過期的通知能有刪除鍵可以刪除。,2017-09-25 03:05:47
Google 使用者,4,可以更新一下農會轉帳代碼(698)嗎  。找不到  雲林麥寮鄉農會，謝謝,2017-09-24 21:46:02
Google 使用者,3,常常叫我更新 更新後又常常不能直接使用,2017-09-18 22:22:20
Google 使用者,1,為什麼登不進去,2017-09-18 16:45:26
Google 使用者,3,很容易登不進去耶！,2017-09-18 16:44:32
Google 使用者,5,希望行動銀行可以像e點通一樣可以新增指紋辨識比較方便,2017-09-18 13:51:20
Google 使用者,5,很好用,2017-09-16 13:52:48
Google 使用者,1,一直更新，無法進入程式。,2017-09-14 08:50:19
Google 使用者,1,一直更新失敗 很麻煩,2017-09-12 22:23:50
Google 使用者,2,最近登入跟查詢都轉圈圈轉好久…,2017-09-12 20:28:43
Google 使用者,2,更新幾萬次了，都一直顯示內部錯誤，無法使用，我看樓下伙伴也是如此，你們卻只是請下載的人打給客服，不了解貴公司解決問題的能力在哪裡？,2017-09-11 12:13:37
Google 使用者,4,常常更新，造成人在外面使用不便。例如現在人在中國，程式都無法順利更新，銀行功能都無法使用。,2017-09-10 00:02:55
Google 使用者,3,為什麼不能看到金融卡的帳戶資料，要怎麼設定才看得到，目前只看得到信用卡的資料,2017-09-09 17:42:33
Google 使用者,1,一直連結不上,2017-09-08 23:12:42
Google 使用者,1,沒有指紋登入,2017-09-07 13:59:08
Google 使用者,1,更新完，還要再跑一次更新，每次升級都這樣，爛死了，就設計成不更新就好，幹嘛一直這樣,2017-09-06 17:38:17
Google 使用者,1,根本不能開啟 一直卡在更新,2017-09-06 14:00:02
Google 使用者,1,一直顯示內部跟新錯誤，重新下載也沒用，很久了也沒修好，無法使用系統,2017-09-05 22:00:46
Google 使用者,1,更新後無法使用,2017-09-05 20:47:48
Google 使用者,3,每次更新就出錯，只能刪除後再安裝。請改善～,2017-09-05 18:52:48
Google 使用者,4,前幾天都可以使用 現在一打開都是黑頻希望可以解決謝謝,2017-09-05 13:44:02
Google 使用者,1,無法更新…,2017-09-04 14:37:43
Google 使用者,1,更新遇到內部錯誤請在重試 試了很多次一樣 跑完以後變成重複下載 🙄🙄🙄🙄🙄,2017-09-04 11:36:40
Google 使用者,1,今天要用一直要更新 更新完又顯示重覆更新 一直無法用,2017-09-02 21:05:20
Google 使用者,4,請問什麼時候富邦信用卡才可以用Android pay 不應該這麼慢的,2017-08-30 14:52:41
Google 使用者,3,為何超商繳款了 這裡都還是未繳款狀態,2017-08-30 14:01:15
Google 使用者,2,不懂為什麼要堅持點進app後更新而不是從google play更新？進去app叫我更新跑半天然後內部錯誤重新更新跑半天又內部錯誤再按再跑半天然後又內部錯誤再跑再內部錯誤又內部錯誤然後還是內部錯誤，問題是天殺的不更新完成就不能用，現在對我來說這app再好用也是垃圾一個因為內部錯誤內部錯誤內部錯誤！,2017-08-30 00:15:43
Google 使用者,5,實用,2017-08-26 17:20:24
Google 使用者,1,更新而已到底是要幾次內部錯誤啊，這樣要怎麼用？,2017-08-25 18:32:01
Google 使用者,1,可不可以不要一直發送廣告，我只要提款提醒就好,2017-08-25 17:06:38
Google 使用者,1,華為p10plus，安裝app安裝不了,2017-08-18 15:06:29
Google 使用者,1,已經從play下載最新版，第一次開啟就強制出現要更新最新版的提示按確認下載又說內部問題無法下載強制重試，我第一次下載第一次用就因為卡在這邊打不開app呢好棒啊請問我該怎麼辦呢？,2017-08-16 21:14:01
Google 使用者,1,更新但一直失敗，什麼內部有問題，請問會解決嗎. 你們有事嗎？現在變成瘋狂重覆下載,2017-08-15 11:03:32
Google 使用者,1,近期用app轉帳，動態簡訊都在20分以後才發送，但時效是5分鐘。 連兩次打客服，客服說系統沒有發送記錄，但我重複操作苦等多次，從前一天晚上到隔天早上，至今我還是沒有完成轉帳。 到底是便民還是擾民，近半年狀況越來越嚴重。請盡速解決。,2017-08-15 08:19:30
Google 使用者,1,難用,2017-08-14 21:22:23
Google 使用者,3,內部更新錯誤,2017-08-14 09:47:50
Google 使用者,4,遇到登入異常，重新安裝後說要系統更新，更新時再次遇到異常，目前連輸入帳號的頁面都還沒進入,2017-08-12 13:56:04
Google 使用者,3,希望能增加指紋辨識登入，大陸銀卡幾乎都有這項功能了！,2017-08-09 17:12:14
Google 使用者,3,內部更新一直錯誤，沒辦法下載更新程式,2017-08-07 22:02:15
Google 使用者,5,便利 如果轉帳限制不要有月限制就好了,2017-07-31 23:55:25
Google 使用者,1,今天要要登入查帳，系統要求自動更新，更新完，又顯示一次要求更新不能不按確認ㄧ按確認就說重複下載，刪除後重新安裝也是一樣問題，讓人不想在用。,2017-07-30 19:33:14
Google 使用者,2,更新內部錯誤要我重裝,2017-07-26 17:19:29
Google 使用者,4,可以提供指紋登入嗎？？？,2017-07-16 23:05:44
Google 使用者,1,登入一直說錯誤，網路版的明明可以登入,2017-07-15 16:32:15
Google 使用者,4,挺好用,2017-07-12 12:16:47
Google 使用者,1,請加入指紋辨識登入功能，要不然密碼設定的複雜時，光登入要輸入多久？每次登入都要來一次，想到都累了！,2017-07-09 06:20:02
Google 使用者,1,重複更新失敗 什麼時候才要修好？？？,2017-07-08 11:47:18
Google 使用者,3,更新問題，無法登入,2017-07-05 19:01:00
Google 使用者,2,最近富邦行動銀行App真的滿爛的，登入後要查個人帳戶，轉帳，卻一直跳到信用卡頁面，怎麼跳就是跳不出去，像是鬼打牆似的。這情形已經快一個月了，卻不見改善。,2017-06-25 12:33:10
Google 使用者,5,整體來說都不錯，就是有時候會一直讀取，繼續加油!,2017-06-19 21:38:32
Google 使用者,2,怎麼都沒訊息通知捏,2017-06-13 16:48:24
Google 使用者,1,一直需要重復更新更新過程故障 又要使用者重新刪除下載 能否測試好一呢？ 之前都好好的這次版本有問題,2017-06-12 07:29:45
Google 使用者,5,更新時顯示更新重複下載一直更新不了,2017-06-06 23:52:23
Google 使用者,1,一直更新錯誤，我卡費快過期了人在國外又突然無法使用，是要我怎麼樣,2017-06-06 22:54:30
Google 使用者,5,方便，也沒遇到啥bug,2017-06-05 12:52:59
Google 使用者,2,一直內部更新錯誤，不能使用。,2017-06-04 00:31:04
Google 使用者,1,內部更新有問題,2017-06-01 22:26:04
Google 使用者,1,應用程式內部錯誤，請重新下載安裝!!,2017-05-31 20:28:04
Google 使用者,1,動態簡訊不是很慢超過時間限制，不然就是沒來，到底給不給用啊,2017-05-28 13:49:50
Google 使用者,1,更新常常失敗，而且失敗後會要求使用者刪除應用並重新下載，超廢。,2017-05-27 09:53:57
Google 使用者,5,非常好用，唯是否考慮指紋辨識登入？,2017-05-27 04:51:50
Google 使用者,1,每次進去都會有更新要等 為什麼不能用play商店的更新功能一次更新 而且今天進去後竟然跟我說更新遇到重複下載，程式出錯跳出 程式完全不能用,2017-05-26 19:45:47
Google 使用者,1,無法使用,2017-05-26 14:46:17
Google 使用者,1,沒完沒了的更新，很令人困擾  有時只是要查個餘額，卻要被強迫更新❨而且次數也太頻繁❩ ，在外有時沒wifi，4G又沒吃到飽，更新耗流量，或可用次數限制，3次再強迫更新  可以不要強迫更新嗎？一個小小的要求... 真的很困擾。在外耗許多流量後，居然未更新成功，回家想重新用wifi更新時，卻顯示錯誤請重新安裝。,2017-05-24 12:39:45
Google 使用者,2,"一直更新到一半錯誤,一定要重新移除app,這狀況發生很多次了哦",2017-05-22 21:12:06
Google 使用者,1,更新的問題真的很多，罵的人也夠多了......不處理嗎？,2017-05-22 20:44:06
Google 使用者,3,分享能整合到功能裡嗎？雖然可移動但礙眼,2017-05-22 14:32:17
Google 使用者,5,方便好用，如果登入步驟能再簡化更好，例如指紋辨識，或可參考玉山銀行作法，綁定手機號碼、行動裝置、e-Mail後，即可以圖型驗證登入，供參考。,2017-05-20 01:30:28
Google 使用者,5,非常方便又實用,2017-05-17 16:31:28
Google 使用者,4,可以新增繳款完成確定收到的通知嗎？不然每次繳完款，都戰戰兢兢的不曉得有沒有入帳,2017-05-12 11:50:17
Google 使用者,1,今天一直顯示程式要更新，但又內容錯誤無法更新。重新移除下載也一樣！到底怎麼回事,2017-05-09 10:39:48
Google 使用者,1,更新遇到錯誤的問題到底要什麼時候才要修正？我連換5隻手機都是一樣，更新遇到內部錯誤→更新重複下載→loop……只有iPhone能用！,2017-05-08 21:36:52
Google 使用者,1,爛到爆炸,2017-05-08 13:28:49
Google 使用者,3,"這款app為何需要開起使用者的位置,儲存,相機,聯絡人等權限?讓人懷疑有在偷偷蒐集個資疑慮",2017-05-07 23:48:00
Google 使用者,4,未出帳款項的部分故障 希望可以修復,2017-05-07 16:49:22
Google 使用者,1,竟然要重灌才能更新,2017-05-02 21:43:04
Google 使用者,1,要轉帳填好資料了，等看最後的電話簡訊看代碼，轉畫面回來變成跳出又要重新登入重新輸入資料，這樣永遠轉帳不了啊！？,2017-05-02 16:18:07
Google 使用者,1,一直更新錯誤，貴司的app更新前都不做測試的嗎？消費者體驗實在很不好，不要叫我打客服專線，我人在海外，國際電話費你們要出嗎,2017-05-02 15:53:09
Google 使用者,5,方便,2017-04-29 11:59:24
Google 使用者,1,一直重覆更新，最後要求重新下載。,2017-04-26 13:23:15
Google 使用者,1,很爛，沒辦法直接用web下載，人在大陸就沒辦法更新。,2017-04-25 21:28:43
Google 使用者,1,這次版本更新一直說“下載更新出現內部錯誤”就一直這樣重新下載，重新安裝程式再重跑也一樣，終於下載完後卻出現“重複更新錯誤”，然後又不能用，可以快點解決嗎？現在完全不能開啟…,2017-04-25 14:59:09
Google 使用者,2,更新內部錯誤.....請你們測試完好無缺再更新，好嗎?浪費大家時間，重灌也一樣。,2017-04-24 23:08:47
Google 使用者,5,很好用的程式，我已經不能沒有它了。,2017-04-24 07:51:05
Google 使用者,2,我的也是。一直說更新重覆,2017-04-23 13:25:45
Google 使用者,3,一直在程式更新，重複下載進不了程式畫面,2017-04-21 00:45:11
Google 使用者,1,根本找不到開卡的地方,2017-04-11 11:49:29
Google 使用者,4,希望可以如同網頁版，新增信用卡消費分析!!~ 除此以外還不錯用!!:),2017-03-31 15:54:47
Google 使用者,4,方便好用,2017-03-28 17:32:12
Google 使用者,1,下載更新 下載到一半 內部錯誤 後跳出 之後再重新下載更新完成 卻說重複下載 這樣怎麼使用！！！！！,2017-03-27 19:09:56
Google 使用者,2,希望能加入指紋辨識登錄,2017-03-21 17:29:52
Google 使用者,4,可以增加信用卡紅利點數查詢或顯示功能,2017-03-16 13:36:20
Google 使用者,3,不能更新啊 大哥 一直說重複更新 重新下載才可以更新,2017-03-13 07:37:12
Google 使用者,1,無法更新,2017-03-10 13:15:31
Google 使用者,2,一直跳掉，更新也一直閃跳,2017-03-06 20:44:40
Google 使用者,1,從年前一直跳出有可用的更新後就一直重覆下載..根本無法使用…又無法直接從商店直接更新，很莫名，不然之前是蠻好用的!,2017-03-06 14:22:39
Google 使用者,1,一直出現更新遇到內部錯誤，請再重試。重試很多遍還是不行，氣到想換別家銀行………,2017-03-03 23:15:57
Google 使用者,4,下載完註冊後，第二次馬上無法登入XDD,2017-03-02 19:17:16
Google 使用者,5,非常方便好用,2017-03-02 09:29:27
Google 使用者,1,你們應該去參考一下國泰的....超簡單方便,2017-02-23 10:52:48
Google 使用者,2,今日要轉帳可是卻一直顯示錯誤碼說今日轉帳額度已達上限，問題是我今日根本還沒開始轉帳啊？是系統的問題嗎？麻煩查明一下，謝謝！,2017-02-23 10:50:30
Google 使用者,5,很方便喔,2017-02-22 15:31:10
Google 使用者,1,無法使用,2017-02-21 23:14:54
Google 使用者,1,無法安裝,2017-02-20 23:20:47
Google 使用者,5,很方便,2017-02-18 11:36:50
Google 使用者,5,非常好用，謝謝你們,2017-02-13 16:47:14
Google 使用者,5,非常好用！,2017-02-11 14:19:44
Google 使用者,5,這幾天又可以收到推播訊息，讚,2017-02-09 21:20:56
Google 使用者,5,lg g5 android 7.0收得到推播通知，謝謝~,2017-02-07 19:07:46
Google 使用者,5,方便。,2017-02-06 13:12:08
Google 使用者,2,無法更新,2017-02-05 22:53:39
Google 使用者,2,無法更新，每次都說遇到內部問題，又說重複下載更新檔。但已經移除app又重新下載好幾次了，就一直鬼打牆...內部問題、重複下載...請立即處理，感謝,2017-02-05 21:15:59
Google 使用者,3,最近都沒法主動收到推播通知，只有自己手動登入時才會看見，這問題不排除，很讓人困擾,2017-02-05 08:18:20
Google 使用者,4,功能多且服務好，但2月開始無法收到帳務推播通知，已取消登入通知但每次登入還是傳mail通知,2017-02-04 18:29:16
Google 使用者,2,推播會失效,2017-02-02 20:52:42
Google 使用者,5,我用台新，玉山，富邦，遠東的信用卡，而下載軟體app只有富邦不錯用，棒(總分110分),2017-02-01 06:29:25
Google 使用者,4,更新Android 7.0之後，帳務推播通知好像失效了，請改善，謝謝,2017-01-26 09:39:16
Google 使用者,1,銀行跟家裡已經來回跑了三遍以上，第一次登進去但一旦登出後就無法登入，app登入的部分能否設計的更便捷，不要一直登出找碴。,2017-01-25 15:51:08
Google 使用者,5,很方便速度很快很好用！,2017-01-23 20:27:41
Google 使用者,1,太簡單了,2017-01-23 11:41:11
Google 使用者,3,好用，但簡易登入要換人時移除重裝App也不行，不太方便,2017-01-21 12:05:37
Google 使用者,1,請問登入的代碼是啥都一直找不到,2017-01-08 20:27:59
Google 使用者,3,信用卡卡友沒有“刷卡消費通知”的選項,2017-01-08 14:57:16
Google 使用者,5,很好啊4G穩穩的。那個手機爛別怪人家，別扯網路多快,2017-01-05 14:24:16
Google 使用者,1,更新遇到內部錯誤，請再重試。重試十幾次都沒用！,2017-01-03 00:10:36
Google 使用者,1,更新一直出問題，爛死了,2017-01-02 00:04:33
Google 使用者,1,輸入完一堆轉帳資訊後，10次有8次無法在時間內收到轉帳碼簡訊，別牽拖是電信公司的問題，中國信託就不會，收到簡訊還自動幫你填到對應的欄位上，比起來你們家的app根本是垃圾，趁早下架別害人了!,2016-12-30 15:03:21
Google 使用者,5,訊息通知已開起  為什麼都沒通知呢,2016-12-29 05:19:44
Google 使用者,1,很難用,2016-12-28 11:00:35
Google 使用者,3,請快更新到android6可以使用的版本！,2016-12-26 21:07:50
Google 使用者,4,系統蠻好用的，功能也很豐富，但是訊息通知我都已經讀過了，他卻還是會一直顯示未讀過，好奇怪， 有什麼辦法可以改善嗎？,2016-12-23 12:34:52
Google 使用者,5,實在太好用啦， 謝謝富邦銀行， 非常方便速度也很快,2016-12-18 21:22:52
Google 使用者,5,可以節省時間，方便性，快速,2016-12-16 08:28:17
Google 使用者,4,"很好的軟體, 請維持連線速度",2016-12-13 21:50:45
Google 使用者,4,總算可以跨行繳費,2016-12-12 20:08:06
Google 使用者,4,隨時能查帳戶資訊方便好用,2016-12-11 23:44:35
Google 使用者,5,不知道那些說查個餘額要30秒的或是查個餘額都要登入的人是在嫌什麼?明明就很好用。,2016-12-11 08:36:50
Google 使用者,1,更新需要多大空间啊，太差了,2016-12-10 12:25:45
Google 使用者,1,一直更新一直更新，不能每次更新都把問題解決嗎？一直更新到讓我認為是不是借此在存取個人資料😡,2016-12-06 15:23:11
Google 使用者,1,效能很差，愈改愈慢，連查個存款餘額都等快30秒了，我連的Wi-Fi環境速度是100M，加油好嗎？,2016-12-06 07:25:10
Google 使用者,1,常常登入失敗 讀取過久,2016-12-05 21:56:17
Google 使用者,2,你確定lag可以保護帳號安全嗎？？,2016-12-05 14:00:39
Google 使用者,2,更新後一直無法登入,2016-12-05 11:55:25
Google 使用者,1,可以選擇不更新嗎？每次在大陸都封鎖無法更新&gt;_&lt;,2016-12-05 09:09:57
Google 使用者,4,好用！,2016-12-05 01:45:09
Google 使用者,5,好用，方便,2016-12-04 23:11:48
Google 使用者,5,繳費超方便，馬上通知帳戶進出款~讚!,2016-12-02 14:21:09
Google 使用者,2,可以不要一直強迫更新嗎？不更新就不給使用，是當每個人都是吃到飽的流量嗎？如果臨時要使用卻一直卡在不更新就不給用的情況下那這個APP不跟廢物一樣不能用？可以提醒更新，但不需要強迫更新！更新並不一定會更好！,2016-12-02 02:04:45
Google 使用者,5,即時，便利，不錯了！,2016-12-02 00:00:22
Google 使用者,5,簡單方便,2016-12-01 22:10:59
Google 使用者,3,檔案似乎很大啊,2016-12-01 18:36:36
Google 使用者,1,別家的網路app 只要身份證跟密碼就可以 這裡還要使用者代碼 不就等於要到臨櫃申請,2016-12-01 16:43:29
Google 使用者,5,覺得很棒哦！,2016-12-01 16:22:22
Google 使用者,1,網銀可以提供user自行記帳，結果app沒有，缺少便利性，這樣user還要用電腦登錄最近的帳本，很不方便。,2016-11-30 00:43:21
Google 使用者,1,密碼帳號都對就是不能登入，後來打電話去問要我重新申請一樣不能進去，搞到頭痛。,2016-11-21 20:44:17
Google 使用者,1,無法下載,2016-11-01 18:28:59
Google 使用者,3,換了新手機是安卓6.0的版本，沒登錄成功過，也無法更新，使用6.0以下版本的平板或舊手機，均登錄成功無此問題，請儘速更新解決，謝謝。,2016-10-27 15:38:48
Google 使用者,2,看見服務點要順便去領錢，最好完全找不到，是多久沒更新了,2016-10-20 12:09:17
Google 使用者,5,方便好用,2016-10-12 15:37:24
Google 使用者,3,我要申請信用卡網路會員，資料都對，他一直顯示與資料不符?,2016-10-11 10:29:44
Google 使用者,3,希望可以買賣黃金,2016-10-06 08:12:49
Google 使用者,4,😂,2016-10-03 23:02:16
Google 使用者,1,App登錄後，路徑如下：信用卡帳戶帳務/繳款&gt;&gt;繳款及額度查詢&gt;&gt;進去之後只有「申請分期」可點選，沒有繳款鍵可以點！這個問題我看到5月就有人反應過了，這都過多久了之前到底在更新什麼呀。現在又再更新中，我明天看看還是一樣狀況的話這app可以不用留了,2016-09-24 01:06:02
Google 使用者,1,自動更新無盡頭...,2016-09-22 16:31:02
Google 使用者,1,當個不停無法登入，越更新越難用,2016-09-22 00:31:13
Google 使用者,1,我真的不會在用你們富邦了，等我房貸三年清償合約一到我馬上去問別家，其他東西全部剪掉了，讓人無言的銀行,2016-09-19 17:22:09
Google 使用者,5,方便實用,2016-09-19 11:52:27
Google 使用者,1,為什麼總是更新一半就說內部更新有問題無法更新，這樣都無法進去使用了啊！,2016-09-18 16:04:47
Google 使用者,1,開卡打電話不通用app又一直閃退是不想要客戶開卡嗎!!!,2016-09-11 19:57:58
Google 使用者,1,一直錯誤關閉 重裝也一樣,2016-09-06 14:08:44
Google 使用者,1,刷卡後過了4天也沒有即時更新，怎麼知道剩多少餘額，有待加強,2016-09-05 10:40:06
Google 使用者,2,"程式經常更新，又常有內部問題以致無法更新，導致無法使用, 連重新安裝也一樣，有時侯真的不好使用。",2016-09-02 18:02:27
Google 使用者,1,不能下載,2016-09-01 15:29:44
Google 使用者,1,爛到爆登不進去，也不知道客服在回答什麼，抓不到信用卡資料,2016-08-24 15:44:06
Google 使用者,3,更新之後，每次使用完登出，都會出現錯誤訊息，然後就直接結束,2016-08-23 07:54:03
Google 使用者,3,帳務通知都跑不出來，之前用較舊的安卓版本都有，現在換手機用6.0的就都沒有顯示，軟體是不是該更新了,2016-08-22 21:28:36
Google 使用者,5,可以增加小工具即時匯率表，跟財經新聞表嗎！,2016-08-22 20:05:33
Google 使用者,5,這是我覺得最好用的銀行app!,2016-08-13 23:23:44
Google 使用者,5,有持續更新，貼近顧客使用需求！繼續加油！感謝富邦！,2016-08-13 12:07:37
Google 使用者,4,設首頁,2016-08-03 18:03:50
Google 使用者,2,常常無法開啟程式，都還沒登入就說無法連線。,2016-08-02 23:54:40
Google 使用者,5,方便使用，操作容易,2016-07-31 20:52:21
Google 使用者,2,為何遲遲不能更新嘞???????,2016-07-31 12:01:45
Google 使用者,1,一直打帳密進去確說我代碼或身份證錯誤。,2016-07-27 16:22:40
Google 使用者,4,很方便,2016-07-20 19:53:52
Google 使用者,2,剛下載都可以，幾天後系統又顯示有誤強制移除…換手機下載也是,2016-07-16 22:59:16
Google 使用者,5,有了它，就不用還需要特地找atm了,2016-07-12 15:06:38
Google 使用者,1,很常需要更新版本，但更新時常失敗，因為需要很久時間下載，且無法在手機休眠時執行，所以一直更新失敗,2016-07-11 15:35:48
Google 使用者,2,更新一直說遇到內部錯誤,2016-07-10 17:08:11
Google 使用者,3,不錯,2016-07-07 10:34:24
Google 使用者,5,新更新顯示分期未繳款項 ，讓帳款更加明瞭 ！很棒 ！,2016-07-06 22:49:28
Google 使用者,5,可以將到價通知獨立成一個app嗎？,2016-07-02 18:15:43
Google 使用者,4,謝謝說明，這app真是好用,2016-07-02 10:15:58
Google 使用者,1,信用卡正常使用中，輸入資料確認無誤，卻一直說我卡號不正確，無法申請信用卡網路會員,2016-06-23 13:12:39
Google 使用者,1,還好,2016-06-18 19:24:20
Google 使用者,1,帳戶內的明細都很舊，一點也不即時知道目前帳戶的狀況,2016-06-15 22:26:32
Google 使用者,3,速度很慢,2016-06-11 09:38:08
Google 使用者,5,Good,2016-06-10 14:05:26
Google 使用者,5,刷卡後立刻訊息通知，很好!,2016-06-06 08:05:35
Google 使用者,1,別的app都正常運作的情況下，這個app經常顯示斷線，還怪user的網路不良,2016-06-04 18:22:30
Google 使用者,5,介面簡單好用,2016-06-03 09:39:26
Google 使用者,5,有了這個，繳費真的很方便!!!也不需要出去ATM繳款!!!!非常支持!!!,2016-06-02 07:15:51
Google 使用者,1,代碼跟密碼確認多次都無法登入，也不懂有了密碼何必有代碼？電話客服回應非常慢才想說用下載APP的方式，很難過這麼的難用。整體體驗很不好，慶幸還有很多信用卡可以選擇。,2016-05-29 02:54:30
Google 使用者,2,在國外使用數據連線登入沒問題，但是透過wi-fi會一直顯示無法連線,2016-05-26 04:11:41
Google 使用者,2,我線上信用卡繳款可是沒收到刷卡通知，還是這服務還沒開始？,2016-05-20 08:49:48
Google 使用者,1,完全看不到帳單明細,2016-05-14 04:16:05
Google 使用者,1,如題,2016-05-13 22:52:47
Google 使用者,1,過出帳日2天了  網路明細出來了  可是卻無法繳費  點進去繳費區  只有分期繳費可用………………不如去e化區直接繳費  那你們搞這時常登不進去的app是要幹嘛用的,2016-05-10 11:18:17
Google 使用者,1,爛,2016-05-06 14:50:10
Google 使用者,1,如題，畫面時常卡住，完全不能操作，重新登入又顯示前次登入未退出，要重登重退,2016-04-28 20:31:41
Google 使用者,1,1.要臨櫃 2.要線上用讀卡機晶片卡認證3.非本行戶       我用手機APP的是要如何插卡機?  想轉個帳一定要用電腦是不是拉,2016-04-23 22:33:39
Google 使用者,3,在富邦app哪裡可以顯示我哪天刷卡的金額？,2016-04-23 21:21:57
Google 使用者,2,我的登入代碼，根本登入不了。。。太長,2016-04-09 08:06:05
Google 使用者,1,一直顯示無法載入Google地圖,2016-04-07 14:49:03
Google 使用者,4,UI nice and really useful,2016-04-07 00:18:45
Google 使用者,5,超好用，線上繳房貸超方便,2016-04-03 11:07:25
Google 使用者,3,介面簡單也不錯用 只是一直更新很困擾  不更新不能使用 太常更新了,2016-04-03 00:05:01
Google 使用者,3,希望能增加利用其他銀行繳交卡費的功能，謝謝,2016-04-02 21:53:32
Google 使用者,5,讚喔,2016-04-02 01:59:39
Google 使用者,1,MB-9899錯誤,2016-03-30 19:43:28
Google 使用者,3,只能用台北富邦自己的帳戶繳交信用卡款，很不方便，都要開電腦才能用本人其他銀行帳戶繳費,2016-03-21 00:38:25
Google 使用者,5,轉賬真的挺方便的!,2016-03-20 02:13:03
Google 使用者,5,很優秀,2016-03-17 11:59:39
Google 使用者,1,無法下載,2016-03-15 12:04:29
Google 使用者,2,要輸入一些 要單據上甚至單據上沒有的號碼 …乾脆用別家的,2016-03-15 09:35:11
Google 使用者,2,不能搬到SD卡...,2016-03-12 19:09:04
Google 使用者,4,感覺還不錯，也可以查最新優惠資訊和帳務資訊,2016-03-10 14:25:14
Google 使用者,1,明明對方已匯款卻查不到金額，造成雙方衝突，如果還是要跑一趟銀行刷本子，那這個app的作用到底是什麼？？？安裝心酸的嗎？,2016-03-07 13:48:46
Google 使用者,1,超級慢！,2016-03-06 00:08:37
Google 使用者,1,下載新的版本後，明明密碼就沒錯，卻一直無法登入，還被鎖起來，超愚蠢的app！,2016-03-05 22:09:05
Google 使用者,1,下載好久一天了,2016-03-05 10:00:00
Google 使用者,1,根本沒辦法用,2016-03-01 15:01:36
Google 使用者,1,之前都還可正常登入，更新後完全無法登入，客服人員也説没問題，傻眼 …,2016-02-26 17:19:36
Google 使用者,1,"此app很差,操作指引不清楚，看不懂，本項評論寫完後如何送出?不清不楚。",2016-02-24 15:39:54
Google 使用者,1,信用卡號就16碼，確認沒打錯!!!系統卻一直叫我輸入有效的卡號!!??明明就還沒過期都還在使用的卡啊!!!!請檢查有沒有問題!!,2016-02-23 12:24:05
Google 使用者,1,說我網路有誤，無法連線到系統...... 你們的才有誤吧,2016-02-22 18:42:11
Google 使用者,4,希望可以增加超商繳信用卡的繳費條碼，可以參考中信的方式嗎？,2016-02-20 12:45:11
Google 使用者,2,不能設定存，不便利。,2016-02-18 22:08:52
Google 使用者,1,重新安裝，更新也不能動。,2016-02-18 05:39:34
Google 使用者,1,功能太少,2016-02-16 11:09:51
Google 使用者,2,是不是可以加入，電子帳單使用條碼掃描功能在超商繳款,2016-02-15 09:37:08
Google 使用者,1,重新安裝也一樣,2016-02-14 14:53:27
Google 使用者,3,本人有兩張信用卡，但未出帳明細只有顯示一張的明細，另一張完全看不到，請趕快修正,2016-02-12 07:41:53
Google 使用者,1,超级烂，官网不能下载app，旧版还不能用，非得一定要去谷歌商店更新，请在官网上提供链接下载APP,2016-02-10 13:09:13
Google 使用者,5,界面簡單易懂，不錯用,2016-02-06 08:27:13
Google 使用者,1,遜斃了，一直要求升級，卻無法升級,2016-02-05 22:08:14
Google 使用者,3,Ok,2016-02-05 21:54:52
Google 使用者,5,無法更新是有問題嗎,2016-02-05 00:36:52
Google 使用者,1,莫名今天強制更新，無法更新成功就算了，連重新安裝都裝不成，為啥越改版越爛,2016-02-03 19:12:18
Google 使用者,5,"訊息通知設定可否增加 ""已讀""後可刪除選項。",2016-02-01 16:46:06
Google 使用者,1,不好用,2016-02-01 11:22:00
Google 使用者,1,必須更新後才能使用，不方便,2016-02-01 01:27:23
Google 使用者,1,信用卡消費簡訊通知，還要安裝程式，還要加入網銀會員，真是做盡綁客戶!感覺很負面!信用卡片剪掉不用!!!,2016-01-31 10:35:40
Google 使用者,1,不能選擇轉其他帳戶.....太鳥了吧...那幹嘛還讓我設定完 常轉帳戶....結果轉帳時完全不能點....這app有何用處....,2016-01-31 02:44:17
Google 使用者,2,要更新才能使用，觉得很麻烦不便利！,2016-01-30 19:56:38
Google 使用者,1,急著上線交易，卻強迫更新才能使用，耽誤時間。,2016-01-30 16:28:56
Google 使用者,5,實用便利,2016-01-29 19:11:14
Google 使用者,4,請問不能轉定存嗎？之前有看到這個功能，但近期卻發現沒有！,2016-01-28 13:11:09
Google 使用者,2,不方便，更新慢就算了還一直出現內部錯誤,2016-01-22 22:29:55
Google 使用者,1,登錄完  EP43網銀服務尚未啟用，完全不給登，我電腦就能登，你app不能登是要我申請什麼，我明明就有辦網銀，未更新前都能用，未何你app更新就要我再跑銀行重辦，是你們app有問題，不改進還要我再跑銀行，我就算到銀行，銀行也是說是app的問題，請改進好嗎，這種回覆法就是要令人火大,2016-01-20 17:52:20
Google 使用者,3,2016已過三週了！圖示仍是2015,2016-01-20 07:28:59
Google 使用者,1,一直無法使用......,2016-01-19 22:08:34
Google 使用者,3,可否在富邦行動銀行app上增加活存轉定存與中途解約跟續存的功能？,2016-01-18 16:03:16
Google 使用者,3,APP 可否顯示信用卡超商繳費條碼，方便超商繳費。,2016-01-18 14:24:48
Google 使用者,3,為何不能設定週期性轉帳？,2016-01-18 12:10:22
Google 使用者,1,一直出現對話視窗(使用者代號請用英數字)我一直使用同一組代碼呀!昨天之前還正常哩…,2016-01-07 09:14:07
Google 使用者,5,真的非常好用，簡潔又流暢，大力推薦!,2016-01-01 18:02:49
Google 使用者,1,一直登入不了阿,2015-12-29 07:46:31
Google 使用者,5,目前用到現在覺得很方便，扣錢、存款的通知都很快。,2015-12-22 16:43:31
Google 使用者,5,Good,2015-12-08 07:44:03
Google 使用者,1,一直說無法聯上網路,2015-12-06 14:39:18
Google 使用者,5,簡單明瞭 很不錯,2015-12-04 15:26:47
Google 使用者,5,好用，簡單,2015-12-04 07:00:43
Google 使用者,1,一直顯示內部錯誤那怎麼登進去==,2015-12-04 06:45:34
Google 使用者,1,更新後無法登入，忘記密碼輸入的資料正確卻一直跳出請輸入有效卡號????,2015-11-25 09:48:59
Google 使用者,2,既然都在推電子帳單了，而不是將列印繳款單這個動作轉到信用卡使用者身上，是否App在設計上應有提供信用卡繳款條碼功能？這樣使用者就可以直接於手機上顯示繳款條碼，在便利商店繳款時會非常方便，也不會有忘記帶繳款單的問題。,2015-11-24 22:15:00
Google 使用者,5,"我對理財很弱，但有這套app,讓我管理富邦帳戶很便利!!!!!希望其他間銀行也可以快點學學，其他間app超級超級難用",2015-11-24 08:28:13
Google 使用者,1,無法登入……一直讀取中!,2015-11-22 00:16:52
Google 使用者,3,改版之後不好用,2015-11-20 23:45:28
Google 使用者,1,設定刷卡訊息通知，確只有登入通知,2015-11-19 08:27:33
Google 使用者,1,今天無法登入,2015-11-18 12:50:11
Google 使用者,1,搞屁阿 斷線是要怎麼上班,2015-11-18 12:30:37
Google 使用者,1,根本登入不進去,2015-11-18 08:56:58
Google 使用者,3,無法更新,2015-11-17 21:28:39
Google 使用者,4,整體來說蠻好用的，但希望能推出可以直接用app出示便利商店條碼繳費的功能!,2015-11-16 23:42:41
Google 使用者,5,越更新越糟，，，，，,2015-11-14 02:29:12
Google 使用者,3,不知是手機問題還是程式問題 總是卡卡的,2015-11-11 11:28:43
Google 使用者,1,很難進入，很難使用，希望能改進！,2015-11-11 10:14:22
Google 使用者,1,無法申請信用卡會員， 已經申請很多次了,2015-11-10 15:33:32
Google 使用者,2,怎麼不能轉定存,2015-11-07 16:29:00
Google 使用者,5,請問可以用手機登入網路銀行，活存轉定存嗎,2015-11-04 00:36:35
Google 使用者,1,為什麼要申請信用卡會員的時候一直說我卡號錯誤，明明已經確認好幾次沒有打錯卡號，為什麼就是不給申請?,2015-11-02 22:33:17
Google 使用者,1,更新後，一直顯示 發生未控制錯誤,2015-11-02 17:50:49
Google 使用者,3,更新好久，還不能做其他事情，app會壞掉!!,2015-11-02 12:33:45
Google 使用者,3,程式慢的要死...,2015-10-22 14:05:15
Google 使用者,2,更新之後無法登入,2015-10-12 18:17:28
Google 使用者,2,消費訊息通知有設定但不會通知,2015-10-08 17:39:43
Google 使用者,1,為什麼近期一直顯示無法連線登入呢？,2015-10-08 11:50:53
Google 使用者,2,轉帳功能無法使用,2015-10-01 22:23:30
Google 使用者,1,非常非常爛！根本無法使用！,2015-09-25 17:04:44
Google 使用者,1,新版時常卡住，非常不方便，只好回頭用電腦，比舊版差請改善,2015-09-24 20:25:35
Google 使用者,1,爛死了  什麼鬼app啊  我阿罵寫的都比你好,2015-09-23 00:05:06
Google 使用者,5,很好上手,2015-09-22 23:46:45
Google 使用者,1,試了好久，都無法正常下載。真是爛透了，真想把富邦帳號關掉算了。,2015-09-21 22:03:37
Google 使用者,1,一直無法使用，信用卡費今天不交要過期，在家顧小孩不能出門，你們的程式可以再爛一點,2015-09-18 18:07:11
Google 使用者,1,連線速度有夠慢的，等到天荒地老也不一定連的上,2015-09-18 10:04:37
Google 使用者,1,圖表有無法顯示問題 請問何時改進,2015-09-17 12:32:47
Google 使用者,1,程式使用起來卡卡的，一直loading,2015-09-16 19:40:05
Google 使用者,1,一直出現錯誤訊息,2015-09-14 09:14:51
Google 使用者,1,無法使用，一直出現未控制訊息,2015-09-13 17:40:22
Google 使用者,1,一直卡在讀取,2015-09-13 09:25:17
Google 使用者,1,"發生未控制錯誤：""Uncaught TypeError: Cannot read property 'hasClass' of undefined """,2015-09-12 12:46:51
Google 使用者,1,"爛透了，已經完成線上申請信用卡會員，卡號也無誤，一直跳出""請輸入有效卡號""，在整人嗎",2015-09-12 01:13:17
Google 使用者,1,一直顯示發生未控制錯誤訊息,2015-09-11 22:35:22
Google 使用者,3,本來可以用，更新後反而不能用。。。。。。重新安裝了三次，才正常。現在可以用了。。。,2015-09-11 22:23:13
Google 使用者,2,點擊一個項目就loading沒完沒了，完全考驗使用者的耐心啊…,2015-09-11 21:36:30
Google 使用者,5,有在富邦開戶要怎申請登入代碼之類的,2015-09-09 13:51:41
Google 使用者,2,下載完，無法使用，一直出現錯誤訊息,2015-09-07 08:44:18
Google 使用者,5,新板功能愈來愈好;很棒,2015-09-04 09:28:08
Google 使用者,5,如題,2015-09-04 03:21:55
Google 使用者,2,強制更新後，HTC M8完全無法使用，請趕快修正，謝謝,2015-09-03 21:02:24
Google 使用者,2,一直跳出視窗顯示alert錯誤,2015-09-01 14:37:56
Google 使用者,1,更新後都無法登入，卡在登入畫面,2015-09-01 12:40:38
Google 使用者,1,停在登入畫面  更新到一半顯示內部問題！無法更新完成！,2015-09-01 11:01:46
Google 使用者,5,比舊版好用，UI很不錯,2015-08-31 23:07:50
Google 使用者,5,很方便很容易上手轉帳都不用出門查帳戶餘額也超方便,2015-08-31 22:57:33
Google 使用者,5,好用！！,2015-08-31 22:40:18
Google 使用者,5,好用耶～～,2015-08-31 21:06:19
Google 使用者,5,好用,2015-08-31 20:31:07
Google 使用者,1,搞什麼，更新要提早公告,2015-08-31 15:13:41
Google 使用者,5,新的推播好用,2015-08-31 10:17:11
Google 使用者,5,好用!推薦~,2015-08-31 10:16:27
Google 使用者,5,是我用過最好用的行銀app,2015-08-31 10:14:06
Google 使用者,2,明明都己更新到最新版本，但每次使用，都還是會叫你更新，然後自動跳到play商店來虛晃一招，真是浪費大家的時間，己經很久的bug了，再不除一除，都快變bug精了,2015-08-30 17:26:20
Google 使用者,1,一直更新不了，刪除後也無法再次安裝,2015-08-30 11:56:52
Google 使用者,5,ZU畫面變好了且又有快速登入，好方便,2015-08-30 00:20:13
Google 使用者,4,下次修正問題應該更快速點,2015-08-29 02:13:21
Google 使用者,1,一直收不到手機代碼，試了很多次還是一樣，真的有夠難用的,2015-08-27 20:57:20
Google 使用者,1,更新後卡在登入畫面，無法進行下一步,2015-08-27 15:39:47
Google 使用者,4,無法更新,2015-08-27 14:48:32
Google 使用者,1,為什麼連安裝下載都載不了???,2015-08-27 08:39:51
Google 使用者,1,"為何更新到一半都顯示""遇到內部錯誤，請重新更新""，已經重複數十次",2015-08-27 02:22:54
Google 使用者,1,更新後根本無法登入,2015-08-26 10:52:42
Google 使用者,4,在登入狀態下若要離開程式應詢問是否登出,2015-08-26 02:07:43
Google 使用者,4,如題，謝謝處理!,2015-08-25 20:06:51
Google 使用者,1,更新之後整個大有問題!!!輸入登入資料之後就一直卡在loading畫面~強制關掉app之後連用電腦也無法登入~一直說我已登入行動銀行(覺得很火),2015-08-25 19:49:11
Google 使用者,1,同上,2015-08-25 19:15:06
Google 使用者,1,到底你是在不知道甚麼，就說了那麼清楚，打完帳號密碼就畫面一直轉登不進去,2015-08-25 01:41:53
Google 使用者,1,請盡快處理…,2015-08-24 10:43:38
Google 使用者,1,為什麼更新前都能用，更新後卡在登入畫面，不如不更新還好一點，請改進。,2015-08-24 01:43:00
Google 使用者,1,下載卡住。更新卡住。有夠爛。都過好幾天根本沒再解決,2015-08-23 19:41:06
Google 使用者,1,卡在登入畫面  不能動,2015-08-23 19:08:00
Google 使用者,1,請改善,2015-08-23 15:55:24
Google 使用者,1,同上，一直讀取，進不去,2015-08-22 20:44:21
Google 使用者,4,"中華電信條碼掃描遇到有""--""的內容時，就無法轉帳成功。請改善",2015-08-20 19:21:53
Google 使用者,1,一直出現錯誤畫面,2015-08-14 08:55:16
Google 使用者,1,要加油,2015-08-12 14:51:29
Google 使用者,1,1.希望確定登出後也能順便退出app 2.未出帳明細希望顯示該月的分期的消費金額。3.未出帳明細或者消費紀錄希望到看的到回饋金.刷卡金.分期金額,2015-08-11 00:59:31
Google 使用者,5,方便快速,2015-08-07 16:16:58
Google 使用者,3,後續貴公司是否可增加app個人訊息通知，如轉帳餘額更改，會更方便,2015-08-03 12:37:36
Google 使用者,2,為什麼無法登入活動？勾選後出現錯誤，已經很久了,2015-08-03 05:05:55
Google 使用者,4,信用卡需要的基本上都有,2015-08-01 18:41:21
Google 使用者,4,如果可以看到可用餘額就太好了，目前只能知道即時餘額。,2015-08-01 10:08:19
Google 使用者,3,沒有黃金存摺,2015-07-23 11:08:24
Google 使用者,3,在Android手機螢幕恰好，到平板卻是小螢幕，顯然寫得有問題。 註 iOS版不會，iPhone和iPad螢幕都恰好。,2015-07-22 20:24:43
Google 使用者,5,簡易入門，字體按鍵大，操作方便和之前介面比較好太多啦! Good,2015-07-22 18:44:24
Google 使用者,1,App登入後都出現亂碼都不能查 去電客中心說要凌晨兩點才能查  不是24H嗎？  系統一點也不方便...前面的人留言都回說打去客服中心  App不能用  客服也不能查   貴行的系統跟資安  真的有很大的疑慮...,2015-07-21 00:50:28
Google 使用者,3,我的手機更新到 Android 5.0.1 後就不能安裝和執行了，是因為不支援新的 Android 系統嗎？,2015-07-17 20:36:08
Google 使用者,4,小小建議。。。信用卡已繳費入帳後！(立即繳費按鈕)能自動關閉！以避免重複繳費！,2015-07-16 11:43:06
Google 使用者,3,網路連線正常，一直登不進去網路銀行，可以改善連線品質嗎？,2015-07-13 11:00:06
Google 使用者,1,爛,2015-07-10 11:13:03
Google 使用者,1,改版更新後連不上線,2015-07-03 08:09:23
Google 使用者,1,更新後系統非常不穩定！有時交易驗證碼簡訊一直沒出來，有時簡訊出來後轉帳視窗有不見了，需要再重新登入，一直重複好幾次浪費時間,2015-07-03 00:21:40
Google 使用者,4,玉山銀行的App就有此功能，不論轉進、轉出，都會有錢幣掉在桌面的音效通知，這樣可即時通知用户,2015-07-02 15:20:33
Google 使用者,4,常駐無法關閉,2015-07-01 15:03:36
Google 使用者,1,使用Sony Z ultra圖示過大，操作困難,2015-06-30 18:19:48
Google 使用者,3,能否新增外匯到價通知，玉山銀行的行動app有這項功能，對於時常換匯的客戶很是方便，期望未來能持續改善，加油。,2015-06-26 14:48:02
Google 使用者,1,明明已更換新版，卻一直跳出更換視窗，連到這裡來，急著要用怎麼辦，爛透了,2015-06-24 15:10:30
Google 使用者,1,"舊版非常好用,執行快速,新版簡直是災難,為何軟體開發員無法認清事實,重新改回舊版,別再騙自己了,新版是災難的事實,難道軟體開發員自己都沒有在使用嗎？",2015-06-21 09:45:08
Google 使用者,3,Sony z ultra 顯示過大 很難操作,2015-06-15 23:12:27
Google 使用者,2,很難用，就的比較好用,2015-06-10 00:16:36
Google 使用者,3,可以新增黃金存摺買賣嗎？,2015-06-09 11:06:44
Google 使用者,5,不錯用!,2015-06-08 22:44:07
Google 使用者,3,您好~可否新增定存及購買黃金的功能，謝謝！,2015-06-06 23:21:56
Google 使用者,1,更新後信用卡繳費都沒反應   怎樣。。那登入要做什麼。什麼東西都看不到,2015-06-06 07:16:23
Google 使用者,1,安装速度很慢!,2015-06-06 00:37:59
Google 使用者,1,如題，在前幾天的系統內部自動下載更新後，原本有一個功能[黃金存摺]服務，現在怎麼找都找不到了……請問是移除這個功能嗎？,2015-06-04 21:19:15
Google 使用者,1,已經更新成2015，卻還一直要我更新並刪除的鬼打牆!,2015-06-01 15:17:46
Google 使用者,2,兌換黃金的地方在那邊？,2015-05-28 13:04:51
Google 使用者,3,有薪資明細選項嗎？,2015-05-28 12:22:44
Google 使用者,1,關閉之後還掛在那裡不知道做什麼,2015-05-26 20:06:22
Google 使用者,1,無法更新，一直卡住,2015-05-26 12:41:56
Google 使用者,1,為什麼一直在背景執行,2015-05-23 20:51:05
Google 使用者,4,數字跟英文可以同時輸入的方式，方便登入,2015-05-20 19:39:18
Google 使用者,1,"ㄧ直說更新2015版後要刪舊版App,結果老是出現刪新版的畫面，要跳針做刪除又下載到什麼時候?",2015-05-20 16:27:06
Google 使用者,1,流程SOP優他後變很好用 但是簡訊常收不到 而且在背景吃電關不掉,2015-05-20 00:57:27
Google 使用者,2,越改越难用，变不能非约定转帐。,2015-05-18 12:43:16
Google 使用者,1,要求相機權限想幹嘛？,2015-05-16 01:01:30
Google 使用者,3,繳瓦斯費，為何上頭寫陽明山瓦斯費?我又不是陽明山的，到底我該不該用你們的app繳瓦斯費?,2015-05-14 05:20:22
Google 使用者,1,更新後一直無法下載啊,2015-05-13 16:45:37
Google 使用者,3,登出後程式仍關不掉，要強制關閉才會從手機狀態列消失，覺得這樣很不方便！,2015-05-13 14:30:20
Google 使用者,1,這一版的真的難用，一直卡在後台，明明點登出並退出了還是卡住。,2015-05-11 15:47:54
Google 使用者,5,便利，週全,2015-05-11 06:22:23
Google 使用者,1,在大陸google 是下載不了app 的，著急要轉帳卻要更新，舊版不給用，網站內也沒放app檔供下載，你們要考慮在大陸的台灣人。,2015-05-10 10:05:05
Google 使用者,5,Good,2015-05-09 18:07:17
Google 使用者,1,登不進去怎麼用啊？,2015-05-09 10:00:31
Google 使用者,2,用自己的3g/4g正常，用wifi就連線失敗，還有常駐可以改掉嗎…,2015-05-08 12:59:50
Google 使用者,1,何必常駐？關不掉。可以修正嗎？,2015-05-08 10:58:13
Google 使用者,1,常駐意義何在？很礙眼,2015-05-08 10:52:22
Google 使用者,3,我們公司取消提供薪資明細，要我們用手持裝置看，安裝APP後，裡面也無此查詢功能。,2015-05-08 09:46:33
Google 使用者,3,改版完一直說我沒網路無法登入，是什麼爛東西啦，另外薪資明細什麼時候才能查的到,2015-05-08 08:47:07
Google 使用者,1,明明就有連線卻一直顯示無網路連線，請盡快修正,2015-05-08 08:45:14
Google 使用者,1,更新過每次仍被要求更新才能使用，這次是說一直無法上網，但其他程式均可使用…,2015-05-08 08:39:14
Google 使用者,1,更新後竟然顯示網路不能連線，可是我的手機明明可以正常連線e點通,2015-05-08 07:34:39
Google 使用者,1,明明有網路…卻一直說無網路服務………,2015-05-08 06:05:02
Google 使用者,1,我明明網路正常，使用任何有網路程式都可執行，唯獨貴系統有誤！是怎樣？越更新越倒退？,2015-05-08 05:34:18
Google 使用者,1,已經更新過了，又在次更新，更新完後要一直登不進去，網路都正常，一直顯示我“無網路請檢查“😒。。。請改善,2015-05-08 04:29:21
Google 使用者,1,為何背景一直在執行為何背景一直在執行…,2015-05-07 21:21:44
Google 使用者,3,無法看到現金回饋金額及預期下期回饋金額。以前電腦版有。都要自己算，還要去翻上其帳單。,2015-05-07 10:51:23
Google 使用者,1,一直無法安裝,2015-05-06 21:56:00
Google 使用者,1,為啥更新後沒登入也要在背景常駐?,2015-05-06 15:09:47
Google 使用者,1,早已安裝2015行動版.昨天欲查尋還要強制安裝一次 ，幾經來回  Loading時間常 完全法Working,2015-05-06 14:23:51
Google 使用者,2,薪資戶查詢的功能不知何年何月才能使用…還是直接上網頁比較實際…,2015-05-06 10:50:35
Google 使用者,3,密碼可以開放用 複製/貼上 嗎！我用專業的密碼管理軟體，不能貼密碼很困擾！,2015-05-06 08:35:17
Google 使用者,5,我前一兩年做的投資風險報告書已經過期了，這裡怎麼無這項選項,2015-05-06 00:35:22
Google 使用者,4,蠻不錯用的。但是卻沒有薪資明細的部份，只能上網去看。若能加入，會更好。,2015-05-05 21:41:51
Google 使用者,1,為何更新後會一直在背景執行常駐,2015-05-05 18:02:57
Google 使用者,3,原本舊款有提款卡可轉帳之帳號，但現在都不見了，還要上網站或郵件去查詢，有點麻煩，希望可增加此功能，謝謝！,2015-04-30 22:57:38
Google 使用者,4,介面簡潔,2015-04-29 21:00:38
Google 使用者,1,怎麼轉存定存功能就沒了？,2015-04-29 12:42:07
Google 使用者,5,方便使用!!,2015-04-28 12:54:56
Google 使用者,1,note2無法下載，我已經下載一個月了！,2015-04-27 23:43:59
Google 使用者,1,信用卡繳款帳戶不知道在APP何處，舊版的都有。若是要更新新版，應該是在操作介面上做修改吧，而不是將原有資訊簡化。,2015-04-27 21:28:26
Google 使用者,5,"富邦您好，我的手機在更新最近的更新檔在75%左右會直接當機不能動，請問是什麼問題,謝謝                                       問題經過您提供的方法已經改善，謝謝^^",2015-04-27 11:37:34
Google 使用者,1,原本的APP反應非常快，不懂為啥要強迫更新現在這個，所有的動作反應都非常慢，而且，外幣匯率竟然無法看兌換的金額，比如要買100快美金，台幣是多少錢，實在太不人姓化了,2015-04-27 10:44:40
Google 使用者,1,新版無法使用他行帳戶繳卡費、非常不便,2015-04-26 16:23:18
Google 使用者,3,轉帳時，去年的版本可以用複製貼上的功能(在輸入欄內長按，就會出現複製貼上的選項)，這次大改版之後就出問題了，長按之後，馬上跳開複製貼上的選項,2015-04-24 09:19:15
Google 使用者,4,安裝後下載更新會死當。ZE551ML 4g/16G。4/22日測試已可安裝成功。,2015-04-23 08:02:03
Google 使用者,5,可以伸請信用卡片網路購物網站,2015-04-22 18:47:10
Google 使用者,4,如題,2015-04-22 16:09:39
Google 使用者,3,新版多了基金績效可以看，不過看了一檔基金，下一檔基金的績效就跑不出來了，請改善,2015-04-22 16:08:12
Google 使用者,3,純信用卡會員無法繳款,2015-04-22 14:30:19
Google 使用者,4,程式做的比舊版好很多了，但希望能夠新增黃金存摺買賣的功能！好可再更好！,2015-04-22 13:23:11
Google 使用者,3,介面與網頁版類似，滿好用的，不過ZenFone 2中使用會強制更新，更新過程中又會死當，請問能盡快解決嗎？感謝,2015-04-22 08:29:13
Google 使用者,5,更新後操作變得更順手且實用，很棒！,2015-04-22 00:15:00
Google 使用者,5,粉好用,2015-04-20 15:28:20
Google 使用者,2,比原本的介面複雜許多,2015-04-20 13:36:04
Google 使用者,4,為何轉帳可以留言給自己，給對方無法備註？,2015-04-20 12:29:10
Google 使用者,3,一直顯示無網路連線，重按確定icon後沒辦法離開app，應該要設計可離開app的選項,2015-04-19 10:44:02
Google 使用者,5,Good,2015-04-18 16:46:55
Google 使用者,4,讚,2015-04-18 15:26:48
Google 使用者,2,好奇怪一直說無網路服務(連線)...但我操作其他通訊軟體沒問題也有連網路耶...,2015-04-18 14:17:47
Google 使用者,3,使用家用無線AP，一直跳出目前無網路連線，明明FB都可以用，一切到行動網路就可以了。,2015-04-17 16:57:08
Google 使用者,1,無法登錄活動,2015-04-17 14:16:18
Google 使用者,5,功能越來越完整了 繼續努力!,2015-04-17 09:36:56
Google 使用者,3,如果有票據查詢及定存功能會更完美,2015-04-17 08:16:56
Google 使用者,3,沒有線上轉定存  可惜,2015-04-17 01:58:26
Google 使用者,3,我是Zenfone2 一更新就無法使用，還當機,2015-04-16 12:41:52
Google 使用者,3,該從那按來還貸款呢？,2015-04-15 22:23:58
Google 使用者,5,好用,2015-04-15 12:43:30
Google 使用者,4,舊版的要另外手動刪除頗奇怪，一般不是都更新覆蓋上去？,2015-04-15 10:06:35
Google 使用者,4,已修正,2015-04-15 09:08:08
Google 使用者,5,好用,2015-04-14 12:18:22
Google 使用者,1,下載一直讓手機當機,2015-04-13 12:36:23
Google 使用者,3,更新成這樣變麻煩了，之前要切換信用卡帳單和帳戶，只要按底下切換就好，現在都還要退出才能按，太麻煩了！只求美觀但操作變麻煩，我寧願原本的操作，可否改善啦…,2015-04-13 09:59:17
Google 使用者,5,好用又方便喔,2015-04-13 01:18:20
Google 使用者,1,更新版本後我無法從繳款那邊得到我的信用卡繳款帳號所以無法直接使用ATM繳款一定要先匯到富邦戶頭 非常不方便 可以改正一下嗎?!,2015-04-12 22:18:16
Google 使用者,1,只會顯示你的網路有問題 緊急時刻不能用到 舊版的小鍵盤比較好用,2015-04-12 08:48:07
Google 使用者,5,登陸顯示 系統發生問題!!,2015-04-12 04:21:29
Google 使用者,1,連線不良手機變的又慢又異常,2015-04-12 01:37:12
Google 使用者,3,用新版後顯示有更新，下載完主畫面跑出loading畫面，然後跳出無網路連線的視窗，手機端其它軟體使用網路皆正常，請協助修正此bug.,2015-04-12 01:20:50
Google 使用者,1,更新完無法登入！,2015-04-12 00:51:24
Google 使用者,1,"明明就有網路連線，切換wifi和4G連線狀態都一樣 程式下載更新完後，一直出現""目前無網路連線，請檢查手機連線狀態""， 無法跳開這步驟，因此無法登入進去。 現在要切回舊版本也不行了，要繳費也無法，變的異常麻煩。 程式被壓著要提早上線，結果SIT / UAT不完整。 請測試完整後再上線好嗎.... 多謝.....",2015-04-12 00:28:34
Google 使用者,5,讚,2015-04-11 19:22:10
Google 使用者,5,介面好操作而且又清爽，讚喔！,2015-04-11 12:32:25
Google 使用者,4,使用Wi-Fi無法正常連線 會跳出無連線狀態 關掉Wi-Fi使用4G就正常可以連線 請盡快修復，謝謝。,2015-04-11 09:41:53
Google 使用者,5,非常棒,2015-04-10 12:11:53
Google 使用者,4,方便好用,2015-04-09 07:44:37
Google 使用者,2,更新後查詢信用卡一直顯示停止服務 [EAI-X202]The Transaction Group Stop Service,2015-04-09 00:56:12
Google 使用者,5,內文如標題所示!,2015-04-08 12:20:15
Google 使用者,3,找不到定存的頁面,2015-04-08 09:23:56
Google 使用者,1,無法下載，不管用4G wifi,2015-04-07 22:39:47
Google 使用者,1,介面是不錯，可是我只打錯一次密碼就跟我說錯三次。越想越火，害我要跑銀行了…,2015-04-07 21:20:11
Google 使用者,1,一直出現錯誤訊息無法使用！,2015-04-07 15:10:24
Google 使用者,1,舊版比較好用說,2015-04-07 13:37:04
Google 使用者,2,之前都會有換匯匯率及換匯總金額，新系統完全看不到，怎知換多少錢並且系統異常，無法執行   另外，轉帳中的備註不能有阿拉伯數字，很奇怪的規定，我寫4月一定要「四」月才能完成,2015-04-07 12:14:29
Google 使用者,4,比舊版好用許多！Good job,2015-04-07 11:22:44
Google 使用者,3,更新後第一次登入但是才輸入一次就顯示我輸入密碼超過三次。 請問原因是?,2015-04-06 23:30:52
Google 使用者,3,可否直接在程式中加入信用卡通知的項目，像中國信託信用卡的appㄧ樣，而不是還要email通知,2015-04-06 19:21:12
Google 使用者,5,繼續保持  加油  會一直支持富邦的,2015-04-06 15:24:08
Google 使用者,2,登入介面沒有動態鍵盤，這應該是要高度重視資安的APP才對！,2015-04-06 09:38:57
Google 使用者,1,已經試了好幾天了根本下載不下來，一直顯示安裝中，重新開機也沒用WiFi 3G都一樣，我急著要查東西，新的不能用舊的又不給用，這根本就在浪費我的時間!!!煩死了!!!!,2015-04-06 03:56:11
Google 使用者,5,介面簡單 基本的查詢都很便利歐,2015-04-05 22:32:48
Google 使用者,2,在wifi環境下認定無網路連線 請改善,2015-04-05 22:29:40
Google 使用者,5,剛開始不習慣，但使用一下發覺滿容易上手的，尤其是那怪鍵盤終於拿掉了。,2015-04-05 19:01:27
Google 使用者,5,好用，功能比舊版好找，速度又快，推。,2015-04-05 18:52:12
Google 使用者,5,方便,2015-04-05 16:23:09
Google 使用者,2,上一版能用定存。這版跑哪去？ 功能還是比網頁版少,2015-04-05 10:54:15
Google 使用者,5,還不錯用,2015-04-04 22:29:51
Google 使用者,5,新版介面挺不錯的,2015-04-04 20:48:14
Google 使用者,4,Clean and nice,2015-04-04 15:01:26
Google 使用者,1,不能下載??,2015-04-04 11:42:35
Google 使用者,1,根本不能用啊。更新到一半就整個死機!!!,2015-04-04 10:43:28
Google 使用者,4,舊版不會自動移除嗎？！？！,2015-04-03 15:27:02
Google 使用者,5,頗人性化的,2015-04-03 09:51:28
Google 使用者,4,可以用了，謝謝！,2015-04-03 01:05:44
Google 使用者,5,很清楚很直覺的使用介面!尤其終於變回原始鍵盤了!大推!!,2015-04-02 21:28:04
Google 使用者,5,請問舊版app呢？還是可以使用嗎？還是自行刪除？那又為什麼不覆蓋升級呢？,2015-04-02 20:56:48
Google 使用者,5,很方便很好用～～,2015-04-02 18:17:22
Google 使用者,4,没设定好我的最爱，就要退出重登入，不便,2015-04-02 17:12:07
Google 使用者,5,簡單好用,2015-04-02 13:24:46
Google 使用者,5,終於換回原本的鍵盤了~good,2015-04-02 13:00:28
Google 使用者,4,比舊的行動銀行好用多了,2015-04-02 12:48:34
Google 使用者,5,難用的鍵盤終於拿掉了，希望不要再加回來，會增加使用上的困擾,2015-04-02 10:45:15
Google 使用者,5,系統順暢度超高，很穩。 轉帳速度極快。 原生鍵盤也屬一絕，非熊好用。  大推,2015-04-02 10:42:47
Google 使用者,2,沒舊版的好用,2015-04-02 06:02:23
Google 使用者,2,Zenfone2 在下載完app執行後，進入app要強制更新，更新過程卡死不能動，只能強制關機，重開機後程式錯誤無法執行，重新安裝仍卡在進入app的更新過程，真糟。,2015-04-02 03:58:10
Google 使用者,2,怎麼沒有個人保險項目,2015-04-02 01:25:15
Google 使用者,2,為甚麼不會顯示在手機桌面勒??,2015-04-02 00:59:30
Google 使用者,5,很實用,2015-04-02 00:18:24
Google 使用者,5,很棒,2015-04-02 00:06:29
Google 使用者,3,信用卡會員無法設定扣繳水電費以及電話費等其他費用，請問是不開放信用卡會員使用該服務嗎？,2015-04-02 00:06:28
Google 使用者,1,下載更新2天了一直無法更新使用,2015-04-01 23:50:06
Google 使用者,3,可惜 !新版 還未加入線上 加辦信用卡功能  人家 中信 國泰 玉山都有...,2015-04-01 23:47:17
Google 使用者,5,很棒的介面,2015-04-01 23:11:37
Google 使用者,1,換匯非常不方便，無法立即看到匯率！打給客服確沒啥幫助；完全不懂用戶的意思！舊版比較好用！,2015-04-01 21:58:27
Google 使用者,1,只正常登入一次，之後就一直顯示無網路連線了，完全無法使用。,2015-04-01 21:33:25
Google 使用者,1,安裝升級錯誤 代號504。一問三不知的客服，問啥都不懂，打這電話也是白打.,2015-04-01 20:53:52
Google 使用者,3,貴行的使用者代碼只有十位數，是我使用各家網路銀行最短的，可以弄長一點嗎？,2015-04-01 18:24:19
Google 使用者,2,抓不下來,2015-04-01 15:47:25
Google 使用者,5,讚,2015-04-01 14:27:52
Google 使用者,5,操作方便，介面清楚,2015-04-01 13:30:53
Google 使用者,1,沒事改什麼版。要改也不測試完再上線。光看辦事態度就知道公司作風。以後不會再用你們公司的產品跟服務了,2015-04-01 13:05:24
Google 使用者,5,簡單，易使用,2015-04-01 11:17:13
Google 使用者,5,操作簡單！介面很清爽！,2015-04-01 10:02:12
Google 使用者,5,畫面簡潔清爽，功能分類清楚，使用上方便，容易上手,2015-04-01 08:33:38
Google 使用者,2,定期定額沒有變更金額跟扣款日 ，這樣比舊版還不便利 ！,2015-04-01 07:27:13
Google 使用者,1,更新完居然不能用也無法自己變更英文鍵盤，客服還會選擇性回文,2015-04-01 02:05:42
Google 使用者,1,變成不能登入,2015-04-01 01:00:17
Google 使用者,1,一直無法更新,2015-03-31 21:01:20
Google 使用者,1,查詢餘額被登出 UAT不確實,2015-03-31 20:42:17
Google 使用者,2,行動版使用複製貼上銀行帳戶一直跳出輸入帳號的訊息...行動版使用貼上會比使用者自己對照來的精準，而且也可省去許多麻煩，請考慮修改這項功能！,2015-03-31 18:41:51
Google 使用者,5,很實用，符合潮流,2015-03-31 16:52:22
Google 使用者,1,原先密碼設定跟代號有重複到現在登不進去了，且只能大寫～= =,2015-03-31 13:43:12
Google 使用者,1,無法登入，密碼名稱重複,2015-03-31 12:19:59
Google 使用者,1,基金不能變更約定項目，請盡快新增,2015-03-31 11:35:10
Google 使用者,5,讚,2015-03-31 11:34:50
Google 使用者,1,英文無法打小寫,2015-03-31 11:23:17
Google 使用者,1,帳號無法輸入英文小寫，爛死了...,2015-03-31 09:38:28
Google 使用者,5,功能選單清楚好找，介面流暢好看。,2015-03-31 09:26:55
Google 使用者,5,畫面清爽，功能分類清楚,2015-03-31 09:20:37
Google 使用者,5,無客製鍵盤較好用,2015-03-31 09:15:13
Google 使用者,4,功能畫面不錯，沒有客製鍵盤比較好用,2015-03-31 09:14:51
Google 使用者,5,清楚明暸，好用耶,2015-03-31 08:57:45
Google 使用者,1,舊版比較簡單易用,2015-03-31 08:45:21
Google 使用者,1,約定事項之變更扣款日期及金額不見了、是不是也沒辦法轉換投資標地了、爛透了、我要換銀行了、根本沒辦法操作基金啊！,2015-03-31 08:39:37
Google 使用者,5,好用,2015-03-31 08:26:07
Google 使用者,1,密碼只能大寫，品質控管非常待加強!,2015-03-31 08:10:51
Google 使用者,1,為什麼一直顯示無網路連線呀？,2015-03-31 07:51:21
Google 使用者,5,接觸了許多的APP平台，富邦的平台具有人性化，實惠好用，就算較年長者也能輕鬆上手。,2015-03-31 07:42:48
Google 使用者,2,查詢明細轉很久，然後突然跳出已經登出的訊息…,2015-03-31 01:59:19
Google 使用者,1,這種沒有驗完整的軟體不要隨便放出來好嗎！,2015-03-31 00:17:43
Google 使用者,5,帳號密碼本來就是大寫哦 之前小寫是系統會自動幫使用者切換成大寫 現在直接鎖大寫 結論是不變的 可以登入哦,2015-03-30 23:49:22
Google 使用者,4,還蠻好用的,2015-03-30 23:12:14
Google 使用者,1,會員登入完全無法小寫。無法登入。,2015-03-30 22:56:06
Google 使用者,1,為什麼要我下載一個新的，爛策略爛app團隊,2015-03-30 22:32:43
Google 使用者,1,更新完。原身分證號。帳。密無法登入,2015-03-30 21:41:46
Google 使用者,5,交易功能清楚好找，推!,2015-03-30 18:55:06
Google 使用者,5,不愧是第一年大金控，有进步,2015-03-30 18:54:46
Google 使用者,5,有在改善，不錯喔,2015-03-30 18:45:00
Google 使用者,5,把鍵盤換會原生的就對了 別再自己亂用鍵盤了,2015-03-30 18:35:54
