company,user,score,content,date
凱基證券,La Zen,2,"最近使用時，為何常出現""屢次停止運作或關閉應用程式"",然後程式就退出？？？",2026-03-31 13:10:20
凱基證券,Sufang Chi,3,最近一直閃退，請問可能造成原因？,2026-03-17 16:15:46
凱基證券,Angela Tang,1,常常閃退,2026-02-03 09:37:20
凱基證券,Claire Kuo,3,請問系統設計上是否可以在江波圖增加均價線功能？這樣會比較好用，謝謝。,2026-01-20 06:44:18
凱基證券,陳宇欽,5,可否把股票庫存查詢及未實現損益查詢，內容裡已下市的股票獨立出來，才不會造成年長者不亦查看。謝謝！,2026-01-19 20:14:33
凱基證券,HSU Acctom,3,希望鷹眼通的期限可以增加到一季90天,2025-11-20 07:43:24
凱基證券,莊雪芳,5,為何每次到“請輸入登入密碼”就當機？解除安裝再下載都無效，請指教。 2025/11/10 16：00左右 經客服人員不厭其煩的指導解除障礙已恢復正常，非常謝謝這位男客服人員（我忘了他的姓氏）。,2025-11-10 16:40:12
凱基證券,安東尼,5,缺少ETF 相關列表功能,2025-11-04 17:49:45
凱基證券,佳福,1,"114/10/24（五）你好，我的餘額原本還有61,268賣的掉4張投等債的錢消失不見了裡面只剩下2,893請盡快處理喔？！你們伺服器有異常 113/6/3（一）10：55分很奇怪，有的時候股票大漲大跌，重新開分頁就不用重新登入有的時候還要再重新登入 1/18（四）17235做空單，結果預約單變成17205空，一口一點就要200，請問要怎麼陪我30點6000",2025-10-24 19:14:31
凱基證券,hueimin Liao,1,看到上星期六10/18要系統維護開心了一下想說之前反應的自選股螢幕最下面狂閃會改善了結果維護完也沒改善再不改善真的要卸載換別家用了 畫面狂閃眼很痛,2025-10-21 22:21:05
凱基證券,chunchen,3,現股未實現損益應該取消最低20元計，小額定期定額帳上未賣出手續費才不會佔比太高,2025-10-20 21:35:34
凱基證券,chien yao lu,2,昨天更新完 進入個股選項手機銀幕最下面一直狂閃,2025-10-15 12:43:33
凱基證券,摸頭還要哭桐人,1,近期怎常常切換視窗後，下方欄位選項會被遮蔽一半，必須重新開起App登入，這也太爛了吧？ PS:重開隔沒多久照樣又出現遮蔽狀況,2025-10-13 10:08:04
凱基證券,Meiko H,1,一直無法連線,2025-10-07 07:52:16
凱基證券,james lo,1,已經沒股票庫存，10/1以後竟然APP不給登入了，很糟糕的體驗,2025-10-02 09:00:27
凱基證券,王嘉慶,2,問一下，到現在，還不能“盤中零股交易”，是軟體問題？？還是手機問題？ 最近要買台積電的零股，結果都顯示“盤後交易”？？,2025-09-05 13:05:13
凱基證券,張謙祥,3,不斷的重新連線什麼意思，會跟伺服器斷線。,2025-08-29 13:40:00
凱基證券,愛德華跑跑,3,"設警示價格 價格過了都不會出現提醒 ,這軟體是否不會再更新維護了？",2025-08-25 10:12:12
凱基證券,Angela LEE,1,"用凱基隨身營業員已經很久了,習慣他的介面.這幾個月來每次1分鐘不到就被登出,1分鐘不到就被登出,非常有效率,屢試不爽,絕對可靠.喜歡試試看自動登出的可以嘗試",2025-08-20 13:15:56
凱基證券,wei tutu,4,已經使用10多年了，但發現自選股群組介面一直只有5組，每群組自選上限40支股票，都沒有變動過。 誠摯希望能增加群組數量或自設群組，或者群組自選上限到99支股票，當然~如果兩項都調整加大更好。 已習慣使用貴司介面，有向凱基提過上述要求，但只回我使用其他下單APP，希望貴司能採納本人意見，更新一下自選股介面，感謝貴司幫忙！,2025-08-15 23:11:53
凱基證券,胡貴寶（憶我）,1,不能下單 是要處理多久 上班是能光明正大用手機喔,2025-08-07 12:51:12
凱基證券,小欽,1,搞笑了，大漲大跌時跟你說系統不能接單，好笑,2025-08-07 12:37:49
凱基證券,多多,1,都你們系統有問題，別家都可以用,2025-08-07 10:52:38
凱基證券,五熊,1,無法下單 顯示錯誤,2025-08-07 10:09:14
凱基證券,菇菇魚仔,1,越來越爛.... 系統維護真的蠻爛 已經好幾次影響下單了... 考慮換證券公司了,2025-08-07 09:50:07
凱基證券,lung-wen wei,4,更新後的介面整體流暢度很好，但紅色顯示變得太暗，在深色模式下尤其明顯，看不清楚漲幅資料，閱讀困難。 建議增加主題或顏色自訂選項，讓使用者可以自由調整顏色對比（如紅色變亮、背景變淡等），會更方便閱讀，也更友善年長使用者。希望後續版本能改善，謝謝！,2025-08-06 13:15:58
凱基證券,林揚奇,4,台指週選擇權，可否以週三，週五結算順序依次顯示，即最上方之選擇權，都是結算日最近，以免下錯單,2025-08-01 09:59:14
凱基證券,kage yeh,1,可以不要一直寄紙本的股利發放通知書嗎？都什麼時代了還在浪費紙材是原始人嗎？,2025-07-19 23:09:38
凱基證券,rich lua,1,App更新後，待機閒置設定999分鐘，根本是裝飾，動不動就被登出,2025-07-17 22:16:11
凱基證券,Yi-Ting Hung (高雄中心-洪意婷),1,頻繁當掉讓手機跳出耗電通知,2025-07-12 06:43:17
凱基證券,dennis Wang,1,為什麼會一直閃退，要重新登入呢,2025-07-02 14:44:16
凱基證券,99 Aba,3,今天還沒有F2報價嗎,2025-06-27 08:39:27
凱基證券,Henry Tsai (Mr. Henry),2,用紅米13 5G，常常閃退，不知如何是好。,2025-06-26 20:44:37
凱基證券,黃國展,3,當日即時走勢圖， 沒有當日的指數均數走勢線！ 統一期貨有，凱基期貨沒有？ 一樣三竹系統， 凱基比統一差嗎？,2025-06-18 10:51:49
凱基證券,蔡宗哲,2,換新手機（安卓轉到ios）重新下載App後，原來的自選1~5全部跑掉，還要重新設定嗎？太不人性了！ 其他家的App就可照原自選轉過來！（為何？）,2025-05-22 23:10:56
凱基證券,黃煜傑,4,1. 希望股票的已實現損益有本月&上月的區間選擇(期貨有) 2. 開盤前的試撮時段，漲跌停價格都無法正確顯示 3. 期貨夜盤跨日後的成交明細跟損益紀錄會亂序,2025-04-23 08:51:22
凱基證券,cha cha,5,為什麼自訂成本價無法調整,2025-04-21 10:05:00
凱基證券,小呆瓜,5,清楚易操作,2025-04-13 20:40:28
凱基證券,楊台語,1,一早開機忽然無法連上伺服器。如今凱基越來越差，小問題不斷，一直無法根治，如今還居然無法連線。如果沒法提供穩定的連線，還是別出來做了。,2025-04-02 09:35:15
凱基證券,zz zz,5,沒有盤中零股,2025-03-21 20:37:10
凱基證券,tighter210,1,"20250320 台新金2887 2024Q4 資產負債表loss , 同為三竹系統新光富貴角10號都有了你們凱基為何一直擺爛 20250218 警示功能不會跳出推播已經三個多月了，凱基到底要不要處理 20250107 警示功能不會推播很久了 3/20 發現申購中籤率無法顯示， 3/21 也一樣 請改善 ， 你們三竹 小毛病還真多",2025-03-20 22:12:15
凱基證券,Zhihui CHEN,2,"比三竹股市差太多了, 個股資訊嚴重落後, 對客戸非常不友善。為什麼不直接讓客戸使用三竹股市?",2025-03-19 22:08:59
凱基證券,fbf xfb,2,請問凱基證券的APP為什麼不能像其他家證券公司的App，有【現金股利】總計算基本功能呢？？？？？？？？？謝謝 存股族很需要,2025-03-12 12:45:45
凱基證券,Weiwei Chen,1,這幾天股票申購部分一片空白，麻煩盡快維修！,2025-03-03 09:26:06
凱基證券,林小維,3,無法連線上伺服器，為什麼？？,2025-02-03 13:37:46
凱基證券,Herb Chen,1,到價警示通知失效。,2024-12-30 11:00:23
凱基證券,Ming Terry,1,一個警示設定的問題，要等到什麼時候才會有更新檔，是在等過年？,2024-12-24 12:26:17
凱基證券,clever,4,您好，最近不明原因警示提醒都沒有顯示及聲音，重新安裝還是相同問題，請問如何解決？,2024-11-20 11:25:19
凱基證券,吳曉輝,2,系統應該增設列出持股當日盈虧 本月盈虧 持股股利發放日 持股股利試算的功能 別間都有,2024-11-18 19:29:00
凱基證券,李佳杰,1,nym原油的價格與資訊無法正常顯示，請處理。,2024-11-12 08:30:09
凱基證券,周臥龍,3,警示通知不會跳通知 只會在個人訊息出現未讀紅點,2024-10-23 18:49:17
凱基證券,林庭煜,3,前幾天更新完之後，變成容易自動登出，然後也容易閃退，是安卓系統都會？公告是寫oppo，但我是用pixel8a,2024-10-18 05:00:58
凱基證券,戰場女武神,3,離線自動登出999，設定是否能取消，打開app就是想利刻看股票，還在那邊浪費時間更新打密碼，很麻煩耶!也没辦法設定不登出選項。,2024-10-16 06:25:11
凱基證券,dora lin,3,這幾天要下單，就會跳出App，無法下單，請問怎麼回事?,2024-10-14 09:11:19
凱基證券,KAI KAI,1,1.沒有股息統計，到目前都沒改善. 2.複委託定期定額只有在美股定期定額有陽春顯示，在外面庫存的項目沒看到，營業員也無法解釋，考慮退出凱基。 一直不肯改善！！,2024-10-06 02:29:00
凱基證券,Trex Pro,3,智慧選股那裡面的股票名稱被擠成一團，看不清楚名稱是什麼，希望能夠盡快改善，謝謝~,2024-09-21 14:05:15
凱基證券,黃采婕,1,一直閃退，為何,2024-09-16 20:04:27
凱基證券,HsinHui Lu,3,時常閃退，轉換看別的app再回到凱基營業員app時很容易閃退重新登入。隨身e策略也是一樣。 手機沒有更新過之前也沒有這個情況發生，後續更換手機也是一樣情況，如果說是手機回收機制，那我手機系統沒有更新的情況下只更新的營業員app後才有是什麼情況？更新後有什麼程序觸發手機回收app？,2024-09-13 14:55:21
凱基證券,sunflower Yang,1,設定股價的價格明明 就已經達到， 往下調之後， 他還是繼續的警示， 價格警示根本就錯亂,2024-09-05 13:17:04
凱基證券,lu cas,5,智慧選股內標的的字體也太小了吧,2024-09-01 16:40:37
凱基證券,黃文俐,1,＜智慧選股＞內的公司名稱全部縮水，中文字都變成超級細長版，根本看不清楚，難以閱讀。,2024-08-21 23:57:58
凱基證券,掛龍,1,智慧選股（漲跌幅排名）都跟APP工程師一樣，頭被門夾到了，沒單點選進去根本看不到是哪一隻股票,2024-08-20 09:33:23
凱基證券,betty fu,1,很爛，才使用半個多小時，已經失去連線超過5次了，我得重新登入，然後沒過多久，系統又失去連線了😒😑🥴,2024-08-06 15:22:46
凱基證券,Andy (Andy),2,app在小米手機(mi ui 14)上開啟後，切換到其他app後，再切回來時會發生閃退現象，必須重新啟用才可以，每次都這樣!!,2024-07-31 15:00:43
凱基證券,CS,4,希望可以加入ETF即時淨值顯示的功能,2024-07-30 15:17:59
凱基證券,Dick Lee,1,"我的手機是 Samsung A52S，Android14, 10/26 更新版本經常停在與報價伺服器連接中畫面且一直當機，根本沒法買賣。怎麽越改越差呀！",2024-07-23 11:16:49
凱基證券,賴永鴻,4,你好，app最近使用時都會使手機發燙，且耗電非常嚴重，關閉此app就不會有這些狀況，以前並沒有這樣的問題，可否確認此問題，謝謝。,2024-07-21 18:07:52
凱基證券,吳明哲,3,.？.·鋱 03 450 0,2024-07-02 16:03:17
凱基證券,鍾鋕椿,5,讚,2024-06-26 20:15:33
凱基證券,泉泉,4,請問在背後執行一段時間才幾分鍾回來就要再驗証密碼，可以在長點時間一小時嗎？,2024-06-17 10:30:08
凱基證券,翰騰,1,開個軟體斷線10多次，工程師開除吧,2024-05-30 14:25:10
凱基證券,Chen wen,3,最近九點開盤時候，都會卡住約30秒左右才恢復正常。五天裡面出現四次。是否伺服器容量不夠用。,2024-05-27 09:15:27
凱基證券,Jiing-Guang Chuang,4,不錯用，但在背景會被自動關閉，沒有選項能背景執行。,2024-05-16 17:08:46
凱基證券,Yu Kai,1,根本沒在維護 爛 你是說我不會用？Bug都維持至少一年了,2024-05-14 11:11:40
凱基證券,江翰勳,5,能否在app上提供「股利回買」的類似功能嗎？ 對於存股足族每次回買都要一個一個選。 當日沒買到的話還要隔天再重複操作一次 有點瑣碎,2024-05-13 16:33:17
凱基證券,JOHNSON TSENG,1,常常斷線無法下單，要重開app連線，容易錯失下單機會，爛爛爛,2024-05-09 22:04:22
凱基證券,Eric WU,3,耗電量可在優化一下,2024-04-21 20:54:51
凱基證券,陳小廷,1,一直轉圈…一直斷線。 一直重新連線…那我們還要不要看盤了…打客服說無解…明明一堆人都有這個問題…卻不處理…已經多久了…請各位向凱基證券抗議…向營業員抗議說要跳槽去手續費更低的地方…三竹連線品質如此之差…客服還說用Apple就不會有這問題…然後呢…問題是我造成了嗎…2021年就反映過這個問題…這個月轉的更離譜…請各位有一直斷線的向證券公司抗議…,2024-04-20 05:33:24
凱基證券,Wei Su,1,真心不好用，一直閃退，跟卷商反應一年多了，問題還是一直沒解決，想不通為什麼這麽多劵商喜歡用這套,2024-04-16 01:28:00
凱基證券,drchen drchen,1,一直斷線，以前都不會這樣，現在變成一直斷線，重新連線跑老半天也連不上去。每次都要重新登入才能連線成功。用好幾年了，以前都不會，請改回來,2024-04-10 12:12:08
凱基證券,Ronald Chuang,2,常閃退,2024-04-09 20:36:11
凱基證券,真真真,2,我用的是三星 a71 還有S24+ App 都一直閃退 很久都這樣子 都要一直重登 OPPO的比較不會閃退,2024-04-08 17:32:40
凱基證券,Chen Joker,4,能否請工程師將盤中均價線 加在分時走勢圖上 好辨別今日是多方還是空方盤 三竹有怎到凱基就不見了？！,2024-04-06 19:57:33
凱基證券,宋恆光,2,今日都無法登入證劵app.也無法更新。,2024-04-03 10:03:23
凱基證券,Jerry Chiu,1,一直斷線 別的App就不用那麼麻煩，也沒斷線問題，就為了使用這個App要開開關關,2024-04-01 13:33:25
凱基證券,飛行射手,5,好用，但是手機為何無法設定登出時間？,2024-03-25 23:21:06
凱基證券,施大偉,5,為何加入自選股沒辦法50個,2024-03-25 08:47:33
凱基證券,Penny Yin,2,多次點自選群組後，再點到庫存報價，app就會閃退，還要重新登入。一天發生好多次，有點困擾。 麻煩更新一下吧。 ------------------- 手機：紅米note11 pro，android版本：13。使用凱基營業隨身營業員時，按自選報價的自選群組看股票資訊，然後再按庫存報價，就有極高機率app自己閃退，需重新輸入密碼登入。,2024-03-18 15:06:22
凱基證券,Jimmy Chang,1,最近很常資訊沒辦法更新，資料逾時，要關掉重開,2024-02-22 11:52:42
凱基證券,Jean Yang,5,三星 A54一直不斷跳重新連線中，麻煩幫忙改寫好,2024-02-16 22:56:29
凱基證券,陌生人,4,登入手續太繁了，浪費時間,2024-02-13 22:26:49
凱基證券,林大鈞,1,APP超耗電，手機發燙，能改善嗎？ 快三個月了還沒改善，是行不行啊？你乾脆跟我說你們測試哪隻手機沒問題我換那隻好了，沒實力寫程式就不要來標嘛,2024-01-25 13:41:17
凱基證券,潘麗菊,5,讚,2024-01-17 02:14:54
凱基證券,林杯,1,常常用別的app切回來就閃退，一直登入,2024-01-16 10:25:51
凱基證券,莊淑芳,1,很差 只要去瀏覽其它網頁，就會自動登出，造成一直要登入的麻煩,2023-12-30 12:27:13
凱基證券,Rossi Li,5,希望能增加自設漲跌的字體顏色或背景顏色，手機亮度沒調高或在強光下，黑底紅字有點看不清楚！,2023-12-25 11:36:08
凱基證券,陳威文,2,更新後常閃退，也變得十分耗電，還沒收盤前就需再次充電,2023-12-22 12:40:17
凱基證券,郭麥克,5,好用,2023-12-18 19:52:15
凱基證券,柯彥如,3,還好有協理幫忙,2023-12-16 20:26:54
凱基證券,陳致宏,3,警示提醒都不會響不提醒 桌面一關報價就停止了 之前的關桌面還是會報價,2023-12-12 09:35:48
凱基證券,林國良,5,使用方便,2023-12-11 15:42:19
凱基證券,Dog Ho,5,讚,2023-12-04 18:40:15
凱基證券,Moses Moses,5,更新完，按 “帳號管理” 馬上閃退，真是問題一堆！,2023-12-04 15:17:08
凱基證券,Andy2000 W,1,這個爛軟體出包了， 查詢股票餘額直接變成-20， 請問一張股票， 要怎麼跌才會一開盤變成負的， 跌停板才10%，,2023-11-27 19:46:46
凱基證券,劉雅惠,1,爛 一早大當機 到現在還是進不去 今天損失你們會負責嗎？,2023-11-27 11:32:06
凱基證券,黃紹瑄,3,"剛剛看未實現每一隻都虧100%，結果發現現價都顯示0,差點把我嚇昏",2023-11-27 10:12:57
凱基證券,陳俊宇,5,穩定好用,2023-11-20 18:45:42
凱基證券,Miko Mars,5,好用上手,2023-11-19 15:04:19
凱基證券,莊啟智,5,好用,2023-11-19 14:58:42
凱基證券,Sam R,1,10月26日更新之後，就常常突然斷線，要一直重新登入！真是煩死人了！,2023-11-14 21:21:26
凱基證券,Lieon Su,5,方便使用，系統穩定,2023-11-12 18:11:09
凱基證券,趙文輝（股海遊俠）,4,能否在所有個股中增添上市、或上櫃的欄位嗎？如個股基本資料僅有分類概念股，不能顯示上市或上櫃股票,2023-11-12 15:43:37
凱基證券,Quatre Hu,5,非常好用,2023-11-11 18:03:04
凱基證券,士弘張,5,讚 讚 讚,2023-10-28 12:52:08
凱基證券,Yaude Huang,3,昨天更新，今天使用電量耗很快， 手機電量消耗顯示，前兩天是800左右毫安時，今天使用飆高到2570毫安時，難怪快收盤警覺手機電量怎麼剩那麼少，以前都還有60%以上，剛才只剩下20%，系統顯示都是股票app耗掉的，最後精細實測，我的手機大約三分鐘電量掉1%。凱基營業員關掉就正常了。 按照系統給的使用時間當分母計算（毫安時總數除以使用時間），這一版耗電是前一版的四倍左右。 按照這一版的更新內容，不應該會影響一般看盤使用吧，新功能連使用都沒用到，但停留在第一頁也會如此耗電。 我有稍微測試看每分鐘增加多少毫安時，得出的結論。確認連第一頁也會耗電。,2023-10-27 19:39:45
凱基證券,KENT WU,1,為什麼才剛登入沒多久軟體會自動跳掉必須重新登入超級爛的。。。,2023-10-27 00:41:38
凱基證券,劉小瑋（劉小瑋）,5,希望在未實現損益查詢中，能增加一欄位為‘’未扣掉除息‘’的投資成本，方便確認當初總共花了多少錢買,2023-10-19 09:54:42
凱基證券,Rosa Liu,4,"是否也該考慮增加ETF""成份股""？謝謝",2023-10-06 11:29:03
凱基證券,Eric,1,為何安裝時一直在安裝中,2023-09-10 13:49:56
凱基證券,崔雅茹,5,比很多款程式好用很多，按鍵功能都一目了然，還可以更清楚知道國內外的市場情況。,2023-09-06 11:49:15
凱基證券,劉念陽,5,這種功能多的程式才好啊！隨時就可以下單，還可以看一些盤後的資訊。,2023-09-06 11:45:01
凱基證券,鄭靜宜,5,比較喜歡這種多功能的軟體，隨時可以進行投資與出售，介面也很人性化化，使用方便,2023-09-04 11:08:36
凱基證券,藍芮穎,5,需要的資訊都標示的很詳細，閃退問題也改善了,2023-08-25 16:57:22
凱基證券,程樂妍,5,之前反應的問題有確實處理👍,2023-08-25 16:54:48
凱基證券,許Sonia,3,請問最近一週為什麼登入不了,2023-08-23 17:33:47
凱基證券,程卜冉,5,一目了然ㄚ,2023-08-22 12:48:55
凱基證券,傅可馨,5,要追新聞也有 大部分的內容都沒缺 可以推薦,2023-08-21 13:36:26
凱基證券,武碧妍,5,載來看外匯跟報價的，功能充足還算不錯,2023-08-21 13:23:03
凱基證券,Flower,1,超級難用，每次變更地址都要反覆做二三次，不會把變更條改成長長一槓純文字輸入，讓客戶寫什麼就接收什麼就好,2023-07-18 09:37:24
凱基證券,Q Q OO,3,這幾天只要切換頁面就閃退,2023-07-14 21:56:27
凱基證券,許弘儒,2,閃退的情況太嚴重了，影響體驗,2023-07-06 00:49:30
凱基證券,Melanie Tseng,3,未實現損益查詢是否可增加，不含除權息減項的成本。謝謝。,2023-06-08 08:56:41
凱基證券,toc,5,三竹股市有均價線的功能 請問凱基也有嗎 謝謝,2023-06-02 11:32:21
凱基證券,Chen math89uunfxj,2,黃金現貨5月16號的日K。 巴西俄羅斯4/11的K，請補上。 經常未主動修復。,2023-05-18 00:23:25
凱基證券,Chun Hui,4,請問隨身E策略與凱基隨身營業員有什麼差別，凱基證券戶的都可下單嗎？,2023-04-30 23:12:36
凱基證券,程柏綸,5,安裝後可以隨時隨地進行投資與脫手，十分方便~,2023-04-25 17:08:40
凱基證券,Ice Mango,5,操作介面人性化 蠻好用的,2023-04-22 18:44:42
凱基證券,林小智,2,一樣是三竹，凱基的就是特別難用…,2023-04-19 09:06:52
凱基證券,charlie chen,5,good,2023-04-16 22:01:51
凱基證券,張增昱,1,請問你們什麼時後才要把自選群組的命名功能恢復且開放出來。,2023-03-30 09:59:03
凱基證券,李曉媛,5,整體來說都很好，只是美股大盤行情無法看到，要到早上才知道情況，這部分是我哪裡看錯嗎？還是？？？謝謝您,2023-03-18 09:37:24
凱基證券,HANHAN J,3,最近未實現損益計算有問題，希望能改善，不然很困擾,2023-03-17 17:46:07
凱基證券,Chen Chen,4,從3/7開始至今語音報價與實際價格不同，朌能儘快改善，其他功能操作上用起來很順暢,2023-03-14 12:22:07
凱基證券,J.S,2,拜託一下，更新之後常常當機跳出結束整個程式 我用三星Note……救救我吧,2023-03-10 22:37:31
凱基證券,hueiching Lee,5,最近剛下載感受真的不錯,2023-03-10 16:38:44
凱基證券,吳明君,5,能很快速了解當日行情 還有各種分析還不錯用,2023-03-10 16:19:35
凱基證券,盛發震,5,數字都很大相當清楚，就算長輩使用看久也不會累,2023-03-10 16:16:03
凱基證券,KELLY SU,5,覺得還不錯用！用起來很順手且介面簡單,2023-03-10 15:32:43
凱基證券,邦,5,還是第一次使用這種app，目前的體驗都很順暢，介面也一目了然👌,2023-03-09 16:31:42
凱基證券,謝弦月,5,凱基證券的APP，基本上操作界面和圖表蠻清楚的，跑起來也算很順暢,2023-03-09 14:10:03
凱基證券,鎧均,5,功能實用，網頁流暢,2023-03-07 21:18:12
凱基證券,yun yun wu,5,介面操作方式很簡單，不用花很多時間研究就可以上手！,2023-03-07 18:49:08
凱基證券,黃安伃,5,使用好上手，操作簡單！提供的新聞資訊也更新即時，下單也很有效率,2023-03-07 16:07:51
凱基證券,Yaochun Tseng,5,觸價單功能實用，避免開會錯過大行情,2023-03-07 00:47:52
凱基證券,黃德山,5,容易下單 速度也滿快 操作介面也不錯 滿直覺的 新手用的滿順手 也有各種即時資訊,2023-03-06 22:31:12
凱基證券,Bryan Tseng,3,"未實現損益表及已實現損益常有因配息而衍生調帳的問題,現有欄位會扣除配息為新成本,但就未賣出的人而言,股息在未填息前也還是成本,所以常要調回原始成本．賣出時,現有的系統卻又要自已調整扣息才能知道價差加利息總穫利． 建議加設股利欄位,原始成本不調整,而未實現損益則是成交價減目前股價,等賣出後則賣出成交價減買入成交價加利息得出總穫利, 每次配息調一次,賣出再調一次,很累人．",2023-03-01 12:41:44
凱基證券,安志報關AN ZHI,5,整體操作都很流暢，介面也設計的簡單易懂，推薦👍🏻,2023-02-25 00:27:42
凱基證券,于S,5,讓我輕鬆下單的好幫手,2023-02-24 19:27:02
凱基證券,諾拉,5,就很方便的一個APP 隨時都可以打開來看,2023-02-23 23:10:17
凱基證券,黃健誌,5,用起來頗順手的，介面算是清楚明瞭，個人還蠻喜歡。,2023-02-23 12:33:51
凱基證券,YUKARI MACHIDA,5,直覺的UI跟簡潔的設計 上手真的非常快,2023-02-23 12:33:19
凱基證券,zhen Chen,5,介面標示很清楚～功能齊全,2023-02-23 08:17:26
凱基證券,黃小虎,5,看盤等等功能都還不錯用,2023-02-23 07:23:54
凱基證券,Yiling liu,5,資訊的部分整合得很好，下單的時候很方便看,2023-02-22 21:11:05
凱基證券,天羽夏月,5,凱基證券的app，裡面有蠻多功能的，相關圖表資訊也算是滿清楚。,2023-02-22 20:48:09
凱基證券,liyu tseng,5,首頁介面完整，且提供很多相關管道，操作方式清楚,2023-02-22 15:35:47
凱基證券,嚴益純,4,"請問 這幾天 日盤的小道瓊 小那 小sp,也就是美期早上5:00後的電子盤為何無聯動，與去年24小時連動完全不同了？",2023-02-03 14:38:26
凱基證券,Aames Jiang,3,因為我有在使用複委託 幾點小建議 1. 複委託的前一日收盤價需要等到新的一個交易日開盤才會更新，這點不甚合理。像今天已經是1/29，我查看庫存，前一日收盤價仍是周四1/26的收盤價，不是周五1/27的收盤價。真的不能做到美股收盤8小時內更新收盤價嗎？ 2. 複委託查詢功能，每次都要先選擇市場，「港股、美股、滬深通」。這動作太惱人了，建議先查詢使用者有哪個市場的庫存，舉例像我只有美股的庫存，那在查詢的時候就只需顯示「美股」選項。那天等我同時有了美股，港股的庫存，查詢時再加入港股讓我選就好。,2023-01-29 12:40:06
凱基證券,미미,5,介面清楚容易上手，功能也大致齊全，各股市財金資訊也容易瀏覽，下單速度也不至於太卡,2023-01-10 12:40:50
凱基證券,一一1,5,看盤好用欸 滿順暢的，然後登入到使用的步驟很簡潔,2023-01-08 09:12:19
凱基證券,Sandy Lee,5,可隨時隨地掌握金融資訊，下單簡單方便！,2023-01-07 16:21:32
凱基證券,maymay Yeh,5,在第一時間很容易掌握到有關下單的資訊,2023-01-07 08:13:58
凱基證券,Cindy Lin,5,可以隨時掌握很多金融資訊,2023-01-07 00:12:08
凱基證券,貓薄荷,5,介面使用上清楚明瞭，老人家也很好上手,2023-01-06 16:15:56
凱基證券,潛水艇,5,提供很多盤後資訊供參考,2023-01-06 09:12:07
凱基證券,李世文,5,一直都有在用凱基下單，更新後感覺比之前好用,2023-01-06 01:33:06
凱基證券,張宸浩,5,因為之前用過三竹，現在改用凱基還蠻習慣,2023-01-05 09:35:02
凱基證券,Serin Cheng,5,介面的字體大小符合家裡長輩需求 操作起來還算方便,2023-01-04 19:17:07
凱基證券,曾偏財,5,個人化的看盤系統，優化的很棒 喜歡,2023-01-04 12:13:00
凱基證券,Lobishiu Lu,3,最近股票警示設定通知完全不準，該通報時卻沒通報,2023-01-04 11:48:39
凱基證券,Ivy Yeh,5,對初學者來說，界面還蠻容易上手,2023-01-04 06:33:55
凱基證券,有成,5,"介面非常清楚,資料也很好容易就能找到並參考",2023-01-04 00:43:58
凱基證券,古展倫,5,之前用國泰現在用凱基，用起來還可以！,2023-01-03 13:57:53
凱基證券,李甜甜,5,快速報價功能很適合用於瞬息萬變的市場,2023-01-03 13:42:50
凱基證券,蔣正昌,1,無法連線伺服器登錄,2022-12-22 09:55:42
凱基證券,loookloook LOOK,1,融資股票除息後，不會更新成本，造成損益計算都是錯誤的,2022-12-19 11:06:17
凱基證券,鍾明宏,2,最近的更新完後要麻登不進去，要麻閃退...,2022-12-08 13:18:33
凱基證券,Jeffrey CHANG,4,越來越多的便利用！！ 美股報價怎麼沒了！,2022-11-25 10:30:08
凱基證券,Winnie Huang,1,明明安裝APP使用多年，這幾天卻自動登出，重新輸入帳號密碼卻直接閃退這樣子我怎麼下單，而且也沒有需要更新啊！可不可以盡快解決,2022-11-09 09:03:00
凱基證券,久人,3,既然出了期權智慧下單這麼好的功能 能否將移動停損或停利停損直接整合在下單介面 下完單還要再去設定一次真的很麻煩,2022-11-02 23:12:46
凱基證券,小岳（小岳）,4,有移動停利停損功能嗎,2022-10-21 17:46:12
凱基證券,idche idche,3,麻煩“配息部分”可以在“未實現損益”中分開呈現，或是有個欄位寫“總領息金額”。 別家的APP有，凱基也是三竹的，照道理要加上這個模組不困難才對。,2022-09-16 16:44:59
凱基證券,密雲不雨,4,新股票新增太多了，建議自選能增加30～60，台灣美國掛牌ADR跟原物料（包含國際原油）指數之前有，希望能恢復，謝謝。,2022-09-15 13:15:28
凱基證券,周藝恭,5,謝謝你們的服務,2022-08-11 20:01:46
凱基證券,ttestt5566 ttestt5566,4,請問ETF成分股哪裡看,2022-08-11 16:23:14
凱基證券,蘇竣宏,3,為什麼今天APP一直顯示無法與伺服器連線,2022-08-02 14:16:33
凱基證券,Kelvin sung,3,個股走勢報價線圖中，無法顯示均價線？請問可否增加？,2022-07-21 15:54:14
凱基證券,吳育任,1,真的沒看過這麼爛的下單軟體，一直閃退，才換個頁面，就閃退，一直在重來登錄是怎樣，爛透了,2022-07-21 07:18:18
凱基證券,曾瓊珠,1,無法連線,2022-07-16 09:19:17
凱基證券,oscar lu,4,用習慣了，但是還需要改善的是美股電盤指數，國外的原物料指數等。,2022-07-01 10:13:47
凱基證券,Luke Wu,1,一按登入就閃退,2022-06-22 16:09:41
凱基證券,政翰吳,4,[財務]->[月營收表] 的各年度營收折線的 z-index 似乎設顛倒了？ 今年新的營收折線應該要顯示在最上面，才不會被舊的蓋住而導致看不清楚？,2022-06-22 08:43:03
凱基證券,黃博鈞,1,好用,2022-06-19 21:21:10
凱基證券,Woody Chang,1,很容易閃退，而且看完庫存報價個股跳出來沒畫面，還要再重新整理一次，有夠麻煩,2022-06-16 03:03:07
凱基證券,Linda Shen,1,爛就是爛，凱基隨身營業員就是爛，動不動就斷線，一樣開別家的系統，一整天也沒斷過，就你凱基一直斷，還反應意見個屁！,2022-06-10 01:55:30
凱基證券,高進添,5,簡單操作,2022-06-07 18:37:13
凱基證券,chen daive,3,還行,2022-05-16 19:35:36
凱基證券,綤慧婷,5,大部分體驗都還相當不錯♡.,2022-04-18 23:36:34
凱基證券,影子生活,4,note 10 + 手機升級後為何登入不進去了 卸下重裝還是不行，請檢查看看系統吧。,2022-04-14 09:15:33
凱基證券,涂育仁,5,好用,2022-04-12 21:51:19
凱基證券,陳炳煌,2,依指示先清掉原來的再安裝，但仍然失敗，試了幾次都是一樣，浪費我不少時間，舊版用得好好的，現在沒更新不能用，而更新又失敗，到底是怎樣？,2022-04-08 09:52:45
凱基證券,SUMEI LU,1,沒辦法下載更新,2022-04-07 11:45:40
凱基證券,旭研李,5,"體驗了幾個小時,除了介紹的功能外,其他優點只有自己玩才體會的到",2022-04-07 07:22:03
凱基證券,連連博名,5,我覺得很可以,2022-04-07 07:21:59
凱基證券,傅潘誌祐,5,直接沉迷於其中了我...,2022-04-07 01:36:53
凱基證券,鮪阿英,5,感謝開發團隊我我我...謝謝你們> <…,2022-04-07 01:36:24
凱基證券,宋傅泓閔,5,操作易懂,2022-04-07 01:36:00
凱基證券,ezi horng,5,讚唷,2022-04-06 21:51:36
凱基證券,那蔚寬,5,趁著休息時間小玩一下！,2022-04-06 21:47:24
凱基證券,游宇王,5,呼朋引伴來玩也不為過,2022-04-06 21:46:28
凱基證券,阮進,3,無法更新,2022-04-06 19:19:34
凱基證券,嘉淨閎,5,畫風很不錯，功能也很用心製作，整體來說是一款很棒的APP,2022-04-06 18:02:17
凱基證券,賈明元,5,佛心公司( ´∀｀)♡,2022-04-06 17:58:05
凱基證券,盧小佑,5,換手機後新重下載，進入APP後開啟 恍然大悟之前的手機太舊啦,2022-04-06 16:02:44
凱基證券,Candy Kuo,1,我也一直無法更新，更新好幾次都無法更新,2022-04-06 13:42:38
凱基證券,裘裘城富,5,客服親切我就給推,2022-04-06 09:18:33
凱基證券,林文富,4,Ok,2022-04-06 08:56:17
凱基證券,都孟伶,5,新手上路也很easyeasy,2022-04-06 01:40:15
凱基證券,神孫晨高,5,改善了不少，各位工程師辛苦了,2022-04-06 01:37:14
凱基證券,姥子嬋,5,特別的app只適合特別的你,2022-04-06 01:37:01
凱基證券,淙冠笙,5,如果沒有我會難過！,2022-04-06 01:37:01
凱基證券,IC Jones,5,有海外期貨,2022-04-05 22:15:48
凱基證券,汪翊軒李,5,官方已經非常用心的在改善程式的問題，我目前用沒有遇到太大問題,2022-04-05 21:47:24
凱基證券,忍于庭,5,我一定會繼續支持 本app的 ，覺得很喜歡 !,2022-04-05 21:46:25
凱基證券,岸全孟融,5,還有很多實用小知識,2022-04-05 17:59:03
凱基證券,許小賀,5,給個5星好評！,2022-04-05 17:56:18
凱基證券,連文杰,5,"畫風精美設計貼近生活,遊戲多少需要一點改進,但是至少現在我是覺得還ok",2022-04-05 16:02:30
凱基證券,Android TV BOX,5,證券app目前用過算好的 目前用過最爛就國泰證券,2022-04-04 13:32:02
凱基證券,Jesse SUNG,1,到99%就轉圈圈.無法使用。,2022-04-03 10:04:42
凱基證券,翰劍鈞,5,用起來算是很簡單了。,2022-04-03 07:27:10
凱基證券,超安銘,5,這會變成熱潮,2022-04-03 07:21:28
凱基證券,陳國濱,5,非常好,2022-04-03 07:07:40
凱基證券,閻閻歐雲,5,很久沒看到這麼好用的app,2022-04-03 01:36:30
凱基證券,虞薰玄,5,超實用的app,2022-04-03 01:36:27
凱基證券,歐大鵰,5,下載算快 這app挺順的!!!!,2022-04-02 23:47:35
凱基證券,溫貓國喜,5,看了這麼多評論，就真的很好用啊,2022-04-02 21:47:39
凱基證券,梅亦妮,5,用起來又順,2022-04-02 21:47:02
凱基證券,Grace Lee,1,收到版本過舊的訊息，至Play商店下載新版本。但一直停留在「等待中」…無法完成更新。舊的「隨身營業員」又進不去…😭,2022-04-02 20:06:07
凱基證券,陳妙芬,2,要我更新 更了一下午還不能用,2022-04-02 19:54:04
凱基證券,萬冠廷,5,操作的話很好上手,2022-04-02 17:56:31
凱基證券,孟魏爵爺,5,體驗第五天不錯玩阿 真的是好評,2022-04-02 17:56:16
凱基證券,項士美蘭,5,可以掌握新資訊,2022-04-02 16:03:28
凱基證券,Tsg Tag,1,一直都沒辦法下載,2022-04-02 09:46:09
凱基證券,梁影陳,5,給的服務還蠻多的哦，希望之後也可以繼續保持,2022-04-02 07:21:04
凱基證券,陸仁豪,5,"活動也都很有趣有目的性,也很人性化",2022-04-02 01:37:05
凱基證券,彭建治,5,超多豐富的活動內容,2022-04-02 01:36:51
凱基證券,梅梅喬恩,5,都還挺不錯的！,2022-04-02 01:35:59
凱基證券,雅菁瑤,5,good~~♥...,2022-04-01 23:57:51
凱基證券,jy lo,3,美股報價選項 完全消失了嗎?,2022-04-01 21:51:39
凱基證券,隱珊珊,5,很棒的app！,2022-04-01 21:48:14
凱基證券,黎帥秀華,5,真是好用，來給個不錯的評價,2022-04-01 21:48:11
凱基證券,Bert Liu,3,還ok,2022-04-01 21:17:47
凱基證券,jason,3,一直等待中,2022-04-01 18:59:56
凱基證券,韋則凱,5,下載後果然沒讓我失望，大推,2022-04-01 17:57:18
凱基證券,溫勳林,5,非常個人化喔,2022-04-01 17:56:59
凱基證券,蘭秋淅,5,加油!!可以更好的,2022-04-01 17:28:45
凱基證券,許月,5,無法更新,2022-04-01 12:56:32
凱基證券,Gyc Liu,5,好,2022-04-01 11:41:08
凱基證券,王勵英,4,為什麼我更新一直更新不成，結果重新安裝也沒法安裝？一直安裝到62%就停住，要我重新安裝？,2022-04-01 10:31:33
凱基證券,麥麥,1,無法更新,2022-04-01 09:54:17
凱基證券,黃玉美,3,為什麼不能更新,2022-04-01 09:50:58
凱基證券,黃千芝,1,不能更新。更新跑到99%就停滯不動，然後跳出，又要重新按更新鍵。我已經重按5次了。現在是怎樣？,2022-04-01 09:43:26
凱基證券,猫猫玲仙,5,有很棒的內容，用起來沒有壓力!!♥,2022-04-01 09:42:45
凱基證券,波r帥,5,登入很快速!!!..,2022-04-01 09:42:08
凱基證券,林呈郁,5,很好,2022-04-01 09:36:48
凱基證券,Jean石,1,有人也是2022-4/1更新后闪退的嗎?,2022-04-01 09:23:41
凱基證券,chinglun chang,3,更新到51%時，一直卡在這裏，....(╯°□°）,2022-04-01 08:54:02
凱基證券,伍程沈,5,不錯~難得有遊讓我用得那麼開心,2022-04-01 07:21:31
凱基證券,鄒小龍,5,好程式用就對啦,2022-04-01 07:21:31
凱基證券,李宗龍,5,方便使用買賣及看盤,2022-04-01 05:20:35
凱基證券,關丞宥昇,5,上手快，幾分鐘就熟悉app，停不下來,2022-04-01 01:37:33
凱基證券,葉酒安逸,5,操作極容易上手，介面對用戶們都很友善，能省去摸索的時間….,2022-04-01 01:36:17
凱基證券,吳立超,5,很好,2022-03-31 23:14:23
凱基證券,林樹德,5,好,2022-03-31 22:42:08
凱基證券,榮顏亭儀,5,這款程式不錯啊,2022-03-31 21:47:41
凱基證券,郭太金紘,5,有進步喔！,2022-03-31 21:47:32
凱基證券,董坤寶,4,很方便,2022-03-31 19:48:38
凱基證券,闇榮鴻,5,畫面是我喜歡的風格，繼續保持！希望看到更多更新,2022-03-31 17:56:59
凱基證券,馬維恩,5,很好用，但可以在加強,2022-03-31 17:56:37
凱基證券,閔偉安,5,適合姊妹一起用~,2022-03-31 16:02:32
凱基證券,MAN WU,3,不好用,2022-03-22 17:46:38
凱基證券,松泉,1,這幾天一直卡在重新連線的問題，網路排除也有試過，wifi也有用過都一樣，網路並沒有短線。,2022-03-21 09:11:46
凱基證券,陳冠廷,3,請問如何看個股的借券資訊?,2022-03-17 12:32:38
凱基證券,Sam Huang,1,如法連上伺服器,2022-03-07 09:47:34
凱基證券,林慶賢,5,好用,2022-02-24 17:53:12
凱基證券,lili ko,2,個股狀態提示可以不要直跳出來嗎？一直閃當等閃完都賠錢了，可以處理一下嗎？,2022-02-24 11:59:37
凱基證券,林碧素,5,OK,2022-02-11 14:12:47
凱基證券,乂love maid,1,一開就閃退,2022-02-07 12:05:43
凱基證券,吳秀美,1,根本一直轉圈圈 無法更新呀！銀行跟證卷App 都一樣 到底是怎回事啊 煩餒,2022-01-24 08:50:26
凱基證券,c.c. chen,1,一直出現等待中，無法下載，請改善,2022-01-24 08:46:02
凱基證券,施明達,5,方便,2022-01-22 06:06:57
凱基證券,林恒宇,2,麻煩可以把分時價量表字體改回來舊版的嗎？現在字體太小了,2022-01-19 14:56:42
凱基證券,陳昭文,1,為什麼APP沒辦法進去 可以檢查一下嗎,2022-01-19 12:08:14
凱基證券,郭胖龍,3,"最近說要改密碼，依照引導輸入之後卻跳出""請勾選我不是機器人""的彈窗，但是我就看不到頁面裡有這個選項可以勾選，一直改不了密碼。",2022-01-18 21:07:50
凱基證券,顏宏達,3,OTP驗證簡訊聽說是你們三竹發的？有沒有人跟我一樣沒收到簡訊...,2022-01-17 19:33:35
凱基證券,Sasa Lin,1,莫名其妙的要求變更密碼，密碼中心又無法完成驗證，導致無法登入使用app...人在國外無法電話聯絡客服，不要回覆罐頭訊息～,2022-01-14 19:53:37
凱基證券,LI,1,設警示提醒，都過了提醒價格 結果提示都沒發報，有夠扯，過了一年我看你們根本就完全沒在處理,2022-01-06 13:32:53
凱基證券,Steven Hsu,5,讚,2022-01-06 10:32:59
凱基證券,鍾小艾,1,今天超頓，一直重新連線，app要一直重開，爛透了，要不要讓人活啊,2022-01-06 09:16:00
凱基證券,NA,5,更新後不能截圖..不方便 （可以了）,2022-01-04 12:33:20
凱基證券,personal wei,3,請問有下單後計算金額的功能提醒嗎？我看兆豐 國泰都有這種功能！！,2021-12-23 12:47:41
凱基證券,林法藍祇,5,兩天了 按下登入後，連帳密都還沒檢查，右下角就顯示 重新連線中... 清除資料 重裝 都沒用 也沒幹麻突然就不能用欸,2021-12-22 16:28:41
凱基證券,lucky Chen,1,帳號閃退,2021-12-22 15:27:39
凱基證券,邱北夫,2,無法切換不同帳號，也無法維護帳號please help,2021-12-20 10:35:20
凱基證券,Brian,1,2021/12/20 版本xxxx 2.94 7C 帳務查詢->帳務管理->閃退 不確定哪一個版本開使的問題了. （以下是舊問題，請忽略） 為什麼新增第二個帳號，輸入身份證後下一步馬上跳密碼錯誤，害我連續密碼錯誤兩次。請修正,2021-12-20 10:18:03
凱基證券,王文正,1,這幾天點選帳號管理，app馬上當機跳出，煩請修正。,2021-12-17 13:55:01
凱基證券,Wen Shen Wang,1,這幾天一直登入不進去,2021-12-17 09:34:46
凱基證券,Leo Woods,1,更新完管理的其他帳號一個消失，另一個出現（-1）保護碼錯誤，不更新沒事，更新反正出問題,2021-12-16 14:14:00
凱基證券,Tim lu,1,怎麼今天點選帳號管理就閃退？？？,2021-12-15 17:37:39
凱基證券,李飛燕,5,營業員貼心,2021-12-12 04:02:49
凱基證券,Danny Chiou,1,憑證過期還沒辦法直接展延，太誇張,2021-12-07 22:04:27
凱基證券,莊俊輝,2,每天都會當掉，每天都好幾次，不能改善嗎？,2021-12-02 01:21:46
凱基證券,陳宜婷,4,有三個建議： 1、整股下單與零股下單的畫面，可否在顏色上有些差異，比較不會操作錯誤。 2、在整股下單，可否有自定大於多少量，在多層警示功能，以免太大量又下錯單的危險。 3、可否增加條件式下單機制。,2021-11-24 23:24:11
凱基證券,楊美美,2,最近會當機,2021-11-18 12:28:23
凱基證券,邦煌劉,5,收視不良,2021-11-03 12:34:26
凱基證券,顏宏民,1,從新安裝後 新聞資訊無法使用請問電話多少,2021-10-22 15:09:17
凱基證券,林典義,3,能有股東人數.散戶持股的分析,2021-10-21 06:06:08
凱基證券,楊剛,2,為何我更新後根本無法登入，輸入密碼後閃退到原登入畫面,2021-10-12 17:32:09
凱基證券,清淨平等（淨戒法師）,1,2021年9月27，下單後訊息，權利金訊習，留倉訊息，又當機，兩個小時候才維修好，你知道這樣散戶要虧多少嗎,2021-09-27 22:04:36
凱基證券,陳宏瑋,2,一早帳務查詢異常，修了快1小時也沒好，要人命是吧！糟糕,2021-09-27 09:40:15
凱基證券,張吳麗逢,3,請問為何無法安裝？,2021-09-19 11:02:46
凱基證券,Yih Huang,1,下載後一點App的確定連線，就跳出app，根本無法用。,2021-09-09 09:53:30
凱基證券,林則宇,1,記憶體有問題，使用量會不停上升,2021-09-01 10:49:49
凱基證券,chianggo Hsieh,3,請問為何手機app跟電腦版外盤量不一樣?,2021-09-01 09:52:46
凱基證券,周hsi,1,請問，別家券商也是用三竹系統的，自選股每一群都是50檔，為何凱基證就只有40檔。,2021-08-30 11:19:16
凱基證券,吳謙英,1,漲價的顯示太暗了，為何不使用顯示明亮的色澤呢？,2021-08-27 09:30:22
凱基證券,李婉瑜,5,Ok,2021-08-26 01:51:14
凱基證券,Lousie Tu,5,好用,2021-08-24 23:25:47
凱基證券,Lee瞳,4,今天更新後~ 要查看 技術線圖功能等會變灰色底，所有查詢功能列都不見只見灰底,2021-08-20 13:36:21
凱基證券,Chen Kevin,1,"都過2、3星期了，還不release 新版的app來解這些 Bug, 三竹資訊你們的效率也太差吧！！！！ 到底何時要release 新版本？？你們的效率怎這麼差。",2021-08-18 08:16:12
凱基證券,徐士航,1,換手機後無法登錄，但憑證申請成功,2021-08-17 11:47:48
凱基證券,劉韋成,5,為什麼更新後不能截圖？我要記錄自己的未實現損益都不能存圖了，三竹回文後找到新功能了謝謝,2021-08-14 22:43:52
凱基證券,T ony,5,Good,2021-08-13 13:49:46
凱基證券,李承翰,5,習惯,2021-08-11 21:35:40
凱基證券,蘇瑄蔚,1,今天突然一直閃退,2021-08-09 12:24:15
凱基證券,蘇柏華,1,越來越失望,2021-08-07 10:39:48
凱基證券,洪Eric,3,現在個股點進去，看完個股新聞，要換點個股技術分析，就出現一片空白，要整個跳出去再重新點個股進去，這個bug沒人發現嗎？,2021-08-07 00:35:07
凱基證券,Enoch Tsai,2,"7/13更新到版本7.29.2.1269.KGI5後, App每次切換都會閃退並需要重新登入, 請問該怎麼解決？ 我是用Asus Android 8.0.0系統。",2021-08-04 14:26:55
凱基證券,Lisa “265B 097宋若霞”,1,為什麼不能查看技術分析，再去選擇看新聞，選單一片黑暗。 已經很久了！難道你們都不查核嗎？ 一顆星都不想給！影響我的股市交易！,2021-08-04 11:03:33
凱基證券,eric chou,2,點開權證後查看完返回，會閃退捏。,2021-08-03 13:33:13
凱基證券,Dodgers Freeman,1,媽的 真的越改越爛耶,2021-08-02 21:42:32
凱基證券,Curtis 澤林 Tu,3,請問有關下面的問題，何時可以修正好？！ 技術線圖，轉橫向畫面時，k線與其他線圖會走鐘，比例壓縮，不利觀看。,2021-08-02 13:25:45
凱基證券,張天儀,1,請問更新後不能截圖要怎麼辦,2021-08-02 11:20:21
凱基證券,Eden Wei,5,好用,2021-07-30 13:11:09
凱基證券,李加啡（H）,1,怎麼更新完一直閃退,2021-07-29 11:50:40
凱基證券,Jeffrey Hsu,5,"比另一套好用多了, 簡直完勝!",2021-07-27 19:24:33
凱基證券,德權林,4,請問能不能增加可以看價量累積圖的功能？這個圖很方便，可以增加app的實用性！,2021-07-23 05:49:36
凱基證券,陳柏宇,1,功能列點選後空白的異常何時才要修正？,2021-07-22 11:37:31
凱基證券,陳昂昀,1,一直斷線,2021-07-22 08:42:32
凱基證券,余TONY,2,更新到最新版本反而一直閃退 哭啊 崩潰啊,2021-07-22 03:02:59
凱基證券,Vanessa Chen,5,之前提出閃退問題，感謝三竹資訊公司迅速回覆，提供解決方案，已獲得改善，謝謝！,2021-07-22 00:47:59
凱基證券,Matt,4,為何進入技術線圖後無法再使用右上角的功能表選單？,2021-07-20 11:44:05
凱基證券,mei dong,1,去哪裡下載憑證啊？怎麼這麼難用…… 可是我忘記密碼了，他叫我要下載憑證才能用，現在又要登入才能下載憑證，那根本就沒辦法查詢密碼啊…,2021-07-19 20:38:57
凱基證券,K H,2,開啟右上功能列時，有時會呈現黑幕，要跳出重開才會正常顯示。,2021-07-19 17:42:34
凱基證券,黃政誠,3,可以加入顯示當沖以及大戶散戶量嗎？,2021-07-09 22:45:01
凱基證券,莊尚達,5,怎麼更新後 一個早上跳出去至少超過10次啊,2021-07-08 13:32:09
凱基證券,歪一邊屁屁,3,凱基app怎麼沒有及時均線 還有智慧選股裡面不能從第一個往下看第二個股，都還要退出去在選,2021-07-06 00:12:58
凱基證券,Showme,5,很好用,2021-07-03 20:55:08
凱基證券,hsiu hsiu,4,目前多家採用三竹系統的劵商有支援智慧下單功能，請問凱基隨身營業員可以升級支援智慧單功能嗎？謝謝,2021-07-01 16:24:22
凱基證券,黃吉輝,3,參數小數點打不出來，如何才打的出？,2021-07-01 15:54:12
凱基證券,Ben Chen,4,請問 可以在股票公司下 增加股類標示嗎..? 如三竹股市那般 另 可以增加排序嗎? 例如 (未實現損益) 商品/類別/股數/現價/成本價/投資成本... 可以高低排序來選擇 感謝,2021-06-23 13:32:53
凱基證券,jane Hung,1,一直閃退？,2021-06-23 10:52:21
凱基證券,lu bruce,2,當使用 證劵-委託回報 點選右下的放大縮小時 UI 會整個閃爍 或 轉白 只留下中間 回報結果,2021-06-16 18:04:06
凱基證券,彭運淮,5,讚,2021-06-12 09:41:16
凱基證券,KO KO,2,更新後不能截圖很困擾，每天要比價的,2021-06-09 22:18:44
凱基證券,WJ C,4,3/9有提出顯示個股「均價線」的功能，回覆都會說告知規劃單位，請問是否有規劃了呢？這功能太多使用者在問了，煩請回覆一個時間好嗎？謝謝你們的辛苦,2021-06-06 22:51:53
凱基證券,Chia Yang Hsu,4,現貨開盤軟體連線比較不穩定，時常出現連線中，有點卡住的感覺,2021-05-30 19:18:50
凱基證券,hong chou,5,了不起,2021-05-29 06:49:50
凱基證券,joan13 young,3,只要切換程式或關閉螢幕，再就得重新登入~ 還有，查詢庫存報價返回，一直回到自選報價！,2021-05-27 09:42:11
凱基證券,姚文冬,5,很好用我喜歡,2021-05-24 20:34:46
凱基證券,李阿賢,3,1. 選擇權 週選 和 月選 無法組單； 2. 週三結算時，若是某筆0元結算，帳務無法加總，且 平倉損益 跟 淨損益 的位置剛好對調。,2021-05-20 07:42:10
凱基證券,阿發仔,5,（已改善）客服快速回應，經變更設定後問題已改善，謝謝您 請問 各股顯示股價數字怎麼設定讓它呈現 紅/綠 字體（如app圖示2），我 多支手機安裝此app，僅一支只呈現白色字體，設定都比較看過了，找不到主因，求解，感恩,2021-05-18 19:27:10
凱基證券,Jerry Wu,1,非常不好用,2021-05-12 08:59:41
凱基證券,BenBen Lin,4,最近發現無法截圖，可能恢復截圖功能嗎？要PO對帳單很不方便。,2021-05-06 19:37:02
凱基證券,鄭比比,1,技術線形，日，月，週，K棒全不見了，只有線條,2021-05-05 11:31:41
凱基證券,Lorex Yang,1,一直要我去下載新的App，這個也不給登入，超級爛。果斷改用玉山富果下單。,2021-05-03 22:34:47
凱基證券,陳億軒,2,我就想知道，為什麼盤後統計的資訊，永遠比別人更新的慢！很！多！,2021-04-29 17:36:01
凱基證券,詩岸（山山）,1,不行，今天跟你們解除合約 ，垃圾app整天當機,2021-04-29 09:04:43
凱基證券,張煜宏,2,更新後 為什麼不能介面截圖 也不能分享= =,2021-04-28 12:33:26
凱基證券,tsai tony,1,20210425 更新後 不能截圖畫面 (抗議) (抗議),2021-04-26 11:11:25
凱基證券,岳嫚汝,4,掛了?,2021-04-26 07:57:01
凱基證券,愛微笑,3,請問為何沒有均價線 這應該是基本功能 鷹眼通觸發條件常常會有漏下單的問題 能否設定3-5秒內在執行一次命令彌補漏下單的問題,2021-04-23 22:36:30
凱基證券,何小沛,3,最近很常閃退！,2021-04-23 09:07:57
凱基證券,Chou Rick,2,最近使用時會出現”重新連線中”，嚴重影響股價更新，請告知如何解決！,2021-04-22 11:25:11
凱基證券,楊于慧,3,之前很好用，可是最近為何不能螢幕截圖，讓我保存做紀錄呢,2021-04-20 15:53:29
凱基證券,何水盛,5,好用途,2021-04-16 14:25:54
凱基證券,威星,3,有毒趕快修好嗎？一直重新連線，一直頓 怎麼看盤！,2021-04-15 09:15:44
凱基證券,徐興南,5,累格外其他贊,2021-04-14 18:05:56
凱基證券,簡宏仁,3,最近閃退+1,2021-04-14 17:59:38
凱基證券,JoJo Tsai,4,最近一直出現重新連線中是正常的嗎？,2021-04-14 11:15:55
凱基證券,ng “MMMMENG” m,3,1.雲端鷹眼通，無法記憶密碼 2.雲端鷹眼通即便使用平倉，自己已平倉，還是會多下單 3.此時留倉部位片段點進去會只剩白背景，和留倉部位，其餘button會過3秒後才緩慢出現,2021-04-14 09:52:00
凱基證券,SAM Chen,5,是我誤會了,2021-04-12 21:33:30
凱基證券,阿崑,3,希望可以開放截圖功能 了解了感謝回答,2021-04-08 02:06:56
凱基證券,Eric Li,2,App容易閃退，常常需要重新下載app才能使用,2021-04-07 22:59:12
凱基證券,陳秀綿,1,為何無法連上報價系統,2021-04-06 18:33:41
凱基證券,陳怡安,4,現在是改成不允許應用截圖了嗎？,2021-03-31 08:45:21
凱基證券,溫季蓉,5,不能截圖很麻煩～～～,2021-03-29 18:05:31
凱基證券,Yu Jack,2,無法刪除整個自選群組，就算群組沒有任何股票也不能刪除,2021-03-29 13:04:29
凱基證券,Eagle Chu,4,"如果能在技術分析圖中,增加劃線功能那就更美了。",2021-03-26 09:37:47
凱基證券,侑儒,3,不能截圖變麻煩,2021-03-25 09:23:51
凱基證券,雅惠莊,1,一直當機,2021-03-23 16:39:01
凱基證券,hungyu yan,5,Good!,2021-03-23 16:20:29
凱基證券,余美香,3,您好，我無法進入，點選app 無法開啟，已重新安裝。,2021-03-23 14:36:35
凱基證券,簡嘉亨,4,今天3/23持續跳機,2021-03-23 11:40:56
凱基證券,LISA王,2,一直閃退，重新安裝也是一樣。,2021-03-23 11:38:48
凱基證券,張福德,3,威廉參數能改為三條線嗎？還有智慧選股的技術分析無法直接選擇選擇上下檔股票，需退出再點選要看完一百檔手都廢了還有均線參數能放寬到600嗎？,2021-03-20 01:59:11
凱基證券,武癡,5,即時走勢能加上均價線就更好了，因為其它券商軟體都有這個，能否加上去謝謝,2021-03-19 08:30:48
凱基證券,Nonbow Wu,4,MACD能否增「加權」的計算方式供選用。,2021-03-18 12:07:34
凱基證券,林宏遠,4,"一直跳走 , 重新登入也一樣 !3/16 3/17 雖未解決但服務極好 !",2021-03-17 10:05:15
凱基證券,王淑雅,1,更新完無法截圖，是怎麼了,2021-03-16 15:59:41
凱基證券,董炎清,5,好,2021-03-15 13:46:11
凱基證券,簡成翰,5,Lg g8x thinQ 下載完 申請憑證後 輸入身份證跟密碼後按登入 還是無法進入頁面裡面 只能在登入畫面 可是華碩zenfone 5z就可以登入(已處理),2021-03-15 13:00:44
凱基證券,林合俊,4,最近切換APP程式時，常會閃退，必須重新登入，很麻煩，請修正。 另，選擇權報價的中心檔位(橘)，可否向下兩格，置於中心位置，不然當頁賣權只能看到下3檔，買權卻能看到上8檔，有點不平衡，建議一併修正，謝謝。,2021-03-15 11:31:11
凱基證券,星巴達,1,更新一直失敗卡住啊,2021-03-15 10:27:25
凱基證券,許書豪,3,為什麼更新後APP不允許截圖,2021-03-12 10:21:32
凱基證券,Shaling Lin,3,更新之後，登入的指紋辨識系統不見了😭😭，怎麼會這樣,2021-03-10 20:51:06
凱基證券,李柏霖,4,點擊台指會容易發生閃退，可否檢查一下,2021-03-10 19:28:44
凱基證券,鈞鈞,3,下載新版本後不能截圖，可以改掉嗎？,2021-03-10 13:38:17
凱基證券,Jessie,4,整體不錯 ，缺點清單數量限制 建議自選股清單能增加數量，才能更細分配關注股票,2021-03-10 08:14:36
凱基證券,陳Jesse,1,現在完全登不進去了……搞不懂凱基到底再做什麼，換一家券商好了，爛。,2021-03-08 08:03:10
凱基證券,Emma Wang,2,登錄後一直閃退，無法使用,2021-03-05 23:44:50
凱基證券,Eric Liao,5,蠻好用的。不過本來可以截圖，更新完就不行了。可以再開放嗎？,2021-03-04 17:56:23
凱基證券,郭晴龍,3,更新後無法截圖，是否能改善？感謝。,2021-03-03 00:29:59
凱基證券,黃阿明,5,看盤功能轉換很容易,2021-03-03 00:23:07
凱基證券,Ashinn Lin,3,不小心更新後無法截圖，後來想到去設定裡面看看，可以開關是否限制截圖，供參。,2021-03-02 16:24:00
凱基證券,huan sheng chen,1,螢幕上方選項不是整個白掉就是黑掉，選項都不見，蠻糟糕。,2021-02-27 13:46:27
凱基證券,路過人間,1,請問卷商業面為何不能截圖？是我手機問題還是系統更新？,2021-02-26 15:17:27
凱基證券,鈞,1,一堆東西不能看,2021-02-25 21:42:00
凱基證券,EnTzu Wang,3,近期凱基專區無法使用，至少已經維持三天以上，會一直出現伺服器暫時無法處理您的要求，An entry with the same key already exists。沒有凱基專區就無法使用定期定額下單，可否盡快處理，謝謝,2021-02-25 12:34:07
凱基證券,范木蓮,5,真方便,2021-02-24 19:46:44
凱基證券,Wang Emma,3,登錄後狂閃退，一直要求前往到新的凱基系統，求解，使用（凱基隨身營業員）系統比較習慣,2021-02-21 07:42:39
凱基證券,Google 使用者,3,110/2/19最近使用，一天內會閃退好幾次，造成看盤不便！！ 110年2月，更新完就不能“畫面截圖”了(要去“設定”中改--很無言的更新！)，新春紅盤後App閃退率增加不少，一天數次！ 原台証用戶可用。下載憑證後可下單，另，下單時不會再有密碼確認，有點不太保險，要小心下單，手機也要小心保管（因無重複密碼確認）。,2021-02-19 17:36:40
凱基證券,王世尊,2,我庫存有200檔，可是庫存報價只能看到100檔。謝謝三竹資訊的回應，希望能立即改善!又過了一年，依然未見改善,2021-02-19 10:37:50
凱基證券,明天會更好明天會更好,2,更新後一直閃退進不去,2021-02-18 20:46:44
凱基證券,Hayes Lee,2,無法截圖,2021-02-18 08:09:43
凱基證券,Aaron Yang,3,更新後不能截圖，為什麼要限制？為何限制使用者記錄投資效益，請問貴司的出發點是？,2021-02-17 19:43:19
凱基證券,Hsieh Wanyi,1,資料少,2021-02-16 23:16:17
凱基證券,Joe Li,1,越更新越爛，不能看美股，不能截圖，拜託換一間廠商可以嗎？我用元大就沒這個問題，在這樣子搞下去，凱基只剩下用電話下單的客戶了,2021-02-05 14:38:51
凱基證券,劉君偉,4,更新之後，為什麼常常自動離線，導致每次都要重新再進入？,2021-02-05 06:35:57
凱基證券,Sunny Lin,1,更改為無法螢幕擷取！太爛了！請儘速改回!謝謝,2021-02-03 13:34:39
凱基證券,林星星,4,已找到截圖選項。,2021-02-03 07:14:16
凱基證券,RainyCity,5,經告知截圖功能於設定中可開關,2021-02-02 19:52:23
凱基證券,Joanna Chang,1,操作過程當机频率颇高,2021-02-02 08:33:25
凱基證券,yuan,1,又改版改了什麼？？？？ 之前報價錯就算了 為什麼連截圖都不能截了？,2021-02-01 20:35:24
凱基證券,Warlury Wu,1,改版後不能截圖有夠廢物,2021-02-01 13:05:49
凱基證券,陳麗珍,5,好用方便,2021-01-31 11:44:42
凱基證券,陳以芯,4,今天更新後登不進去，輸入密碼跳出憑證重新申請，申請也順利完成，卻完全沒動靜，停留在登入畫面，也沒有錯誤訊息，我是安卓版本8.1，在麻煩協助,2021-01-31 01:57:31
凱基證券,曾呈謀,1,時不時的斷線，怎麼玩股票,2021-01-29 09:22:05
凱基證券,Jenny YK01,5,感謝您的回覆，已經可以使用截圖功能了。,2021-01-29 08:55:30
凱基證券,陳小志,5,1/27反應APP問題，1/28立即回應處理，這是一個非常用心在經營APP的業者，很棒立馬給5顆星，謝謝您 1/26更新後 手機就不給螢幕截圖(出現基於安全考量)，不能截圖已經造成使用上非常的不方便，請盡快改善，謝謝,2021-01-29 08:14:18
凱基證券,盧棋奕,1,改成不能截圖是怎樣,2021-01-29 06:32:46
凱基證券,chen Segma,2,這個程式2021/1/26 起竟然關閉螢幕截圖功能， 在想甚麼？ 手機上所有的程式都行，就你這隻搞自閉？ ASUS zenfone6,2021-01-28 21:41:15
凱基證券,范鋅霈,1,為什麼都不能截圖了?,2021-01-28 21:33:35
凱基證券,CJ LEE,1,比不上對岸的app就算了，竟然把截圖功能鎖上了，太誇張啦！,2021-01-27 15:59:38
凱基證券,吳仲鈞,5,為什麼更新後無法截圖了？ 這樣要怎麼分享資訊？,2021-01-27 10:05:55
凱基證券,阿哈秋（呆婷）,5,Good,2021-01-23 21:05:23
凱基證券,DannyPhoebe,1,不定時閃退,2021-01-18 09:03:29
凱基證券,Yingliang Lin,1,你們夜盤台指期 看不到 時，價，量 的問題到底何時可以修好啊， 富邦 跟 統一的都修好了,2021-01-14 07:26:57
凱基證券,CHUNCHI CHEN,5,超好用，國內外都可即時掌握市場資訊，瞬間買賣,2021-01-12 12:22:23
凱基證券,諭,1,Sony Xperia mk ii手機登入後卡登入畫面能否處理,2021-01-09 23:37:59
凱基證券,平安龜,1,是不是又壞掉了 又登不進去 今天結算欸,2021-01-06 08:29:55
凱基證券,羅浩,5,很棒。,2021-01-06 06:08:00
凱基證券,何力顯,1,你們真的有夠爛！連一個ADR的資訊都無法報價是要叫客戶如何參考！該包起來離開這個市場了啦！,2021-01-06 01:31:55
凱基證券,Jia,2,在家使用wifi無法登入一直處於連線中,2021-01-04 09:56:20
凱基證券,祥光熊,4,很好。,2021-01-03 23:37:27
凱基證券,張鑑霖,1,Asus z01gs Android8不能登入,2020-12-29 23:10:10
凱基證券,蔡玉秀,1,不能下單，營業員叫我更新，又不用更新，這軟體真難用。工程師，可以再努力一點嗎？,2020-12-29 21:11:52
凱基證券,y m liang,1,請問，此隨身營業員應用程式是否已經於2020/12/1日後，不能再使用，為何有些帳戶可啟用，有些帳戶不能開啟。,2020-12-29 09:49:18
凱基證券,元元,5,非常好用！,2020-12-28 14:38:00
凱基證券,Concentrate Huang,1,當沖到一半跳出去... 成交快10分才跳出成交通知訊號...== 星期六、日不能好好維修到好一點嗎 改善後會改回5星 辛苦你們了,2020-12-26 01:41:38
凱基證券,小筠,1,報價延遲，沒有二擇一，停損停利都好麻煩。,2020-12-25 13:06:10
凱基證券,Jcc,1,未達交易量就不能用了，真的太差勁，早知道就不辦了,2020-12-19 21:56:21
凱基證券,徐敬涵,1,軟體不給下載 換別家卷商 凱基94爛,2020-12-18 01:51:00
凱基證券,libertine soup,3,主力進出的資料與別人家的都不同調？ 是統計方式的差異嗎,2020-12-16 10:30:17
凱基證券,郭淑霞,1,為何不能下載了，用了那麼多年這次好久都不能用，爛斃了,2020-12-12 19:32:49
凱基證券,Ryan C,1,用wifi頓卡，常無法連上系統，還要4G/wifi切來切去，浪費好多時間,2020-12-12 07:45:13
凱基證券,TIM LU,1,輸入密碼後一直沒有反應 無法登入 不知道到底有什麼問題 難怪大家都說爛,2020-12-10 09:32:42
凱基證券,PeKi,1,用習慣了 可惜了,2020-12-10 01:33:04
凱基證券,Mia Chen,1,奇怪，同樣都是三竹的，怎麼就你們家最會當機？而且營業員反應真的很慢，當機修復完才跟我說，下次你可以先用凱基go神期，傻眼，為什麼當機當下不馬上通知？？？,2020-12-09 09:07:25
凱基證券,黃于齊,2,下市股票，可以不要在出現 在未實現損益查詢裡面 因為不方便計算實際金額,2020-12-08 21:06:40
凱基證券,Will Hung,1,進不去,2020-12-08 11:16:30
凱基證券,翁逸柏,1,帳務查詢-銀行餘額查詢顯示連線已失效,2020-12-08 09:41:45
凱基證券,蕭存宏,3,本來是要給5顆星，凱基不給用，只好扣分！解除安裝囉！ 補充一下，第二次發生了，有點累～,2020-12-07 19:48:45
凱基證券,Lonsin Huang,1,強迫使用者使用新版app也就算了，舊版app不給使用，那之前的自選股資訊如何轉入新版app？,2020-12-07 13:14:54
凱基證券,liz chi,1,太爛了，既然要換新app，為何兩邊資料不能共用？新app登入後，自選股還得重新key入，不是應該follow帳號嗎？而且不是每個資料都有備份，是要為難誰？爛,2020-12-07 11:42:12
凱基證券,陳莆有,5,好,2020-12-06 20:36:14
凱基證券,wendy tseng,1,想要進行盤中零股交易，在這app裡面只有盤後的？不實用！,2020-12-04 14:48:44
凱基證券,ZZZ 7777777777,1,今天要開，一只要連去隨身e策略，是啥鬼東西，害我根本無法操作,2020-12-04 13:02:49
凱基證券,HAO CHEN (CH),1,現在不論打密碼或是用指紋輸入都會閃退,2020-12-04 12:24:15
凱基證券,ha ha,1,爛阿，勢力眼的公司 才兩年交易少 觀察一下台股，居然交易太少不給你用 以後也不會用了 剩賣股功能,2020-12-02 07:03:19
凱基證券,蘇郁傑,1,一樣是12/1就不給登，爛透了 盤中零股手續費也是晚別間優惠 很懷疑凱基是不是有內鬼要把凱基弄倒，希望不要變成下一個大同,2020-12-02 01:54:35
凱基證券,施珺淳,1,太久沒下單交易，所以12/1不能登入嗎？,2020-12-01 22:49:42
凱基證券,鬼琴,1,現在是不能用了嗎？,2020-12-01 11:26:38
凱基證券,今,3,今天不能登入 ！！？,2020-12-01 10:17:55
凱基證券,SHUFAl CHEN,1,12個月以上未進行交易，就不給登入使用？？？,2020-11-30 10:52:15
凱基證券,dan wu,5,方便查詢，好用,2020-11-27 15:02:41
凱基證券,Jacky Lan,3,很容易閃退，頭痛,2020-11-24 12:51:10
凱基證券,王千芸,5,棒,2020-11-24 11:51:10
凱基證券,36黃寶慧,3,換手機後，無法查看銀行餘額說連線失效：（,2020-11-23 22:42:27
凱基證券,六貓,1,一直顯示重新連線是怎樣 完全無法登入,2020-11-23 14:45:13
凱基證券,amang c,3,好用,2020-11-23 09:36:50
凱基證券,Tony Sun,3,還不錯用，可以即時下單，只是缺少盤中零股交易功能，以及桌面即時股價。,2020-11-21 10:46:46
凱基證券,Yu May,3,很奇怪的應用程式，，不允許電話和照相和媒體權限就無法登入使用，，奇他的應用程式也不會這樣，究竟為什麼要存取電話相片和媒體？？？？？？,2020-11-20 01:13:24
凱基證券,Mike Li,1,不好用,2020-11-18 21:40:04
凱基證券,-RG Pro,5,請問之前（隨身營業員）APP12月1日後就無法使用嗎？ 往後都改用這（隨身e策略）APP下單嗎？,2020-11-15 20:08:53
凱基證券,WYC1970 Wang,5,如果這軟體不好用！ 為什麼大家還要用呢？ 軟體的東西本來就會有缺點 理性溝通就會有進步！ 多一點鼓勵！少一點責怪！ 系統設計開發人員們辛苦了！,2020-11-15 10:04:53
凱基證券,陳嘉菁,5,Very good,2020-11-13 11:08:56
凱基證券,啾啾,1,常常延遲通知，根本不知道改價、成交了沒 甚至過價才跳出，怎麼知道何時成交的,2020-11-11 09:53:45
凱基證券,鄧晃興,5,好用 符合想法,2020-11-08 01:28:30
凱基證券,曾建雄,1,“兹“這個字居然顯示不出來？銀行跟券商都顯示的出來，你們卻說是難字無法顯示，然後顯示嚞這個字，反應一個多月了也沒改進，有誰喜歡名字被亂改？最後直接說我一年沒登入不讓我登入，拜託，我開戶都還沒滿半年勒。想當初還請假半天去開戶，真不值！,2020-11-06 08:48:43
凱基證券,堃鄭,5,還不錯用,2020-10-29 10:22:20
凱基證券,WU CLARK,1,居然沒有預收股票的功能，要賣個處置股還要自己打給營業員處理，這都2020年了，真是失敗中的失敗,2020-10-28 22:12:35
凱基證券,Lee Beryl,2,盤中父易已上線，無法更新，太慢了喔,2020-10-28 12:24:16
凱基證券,小幸謝,2,為何歐美及大陸股市無法即時，希望能改進！,2020-10-26 22:42:58
凱基證券,廖珮君,5,零股交易怎使用,2020-10-26 18:50:18
凱基證券,謝榮南,2,沒有更新，為何就無法使用功能呢？臨時想匯款，就因沒更新，導致無法使用造成的損失跟困擾該算誰的呢？更何況你們的系統更新又常常難作動，時間很久都無法更新完成,2020-10-25 11:47:26
凱基證券,KUO 越來越好 (MAXWELL KUO),4,可以盤中買零股了嗎？,2020-10-23 20:45:58
凱基證券,哇哈哈,1,一直要我安裝凱基其他app，連進去都沒辦法進去，請問隨身營業員這個app是怎樣? 不能使用還是不給一段時間沒交易的客戶使用?,2020-10-22 21:54:18
凱基證券,張漢龍,1,輸入密碼無效,2020-10-20 19:45:41
凱基證券,an yu chen,3,缺少扣抵值功能,2020-10-17 01:49:42
凱基證券,Haha Yang,1,無法更新憑証，無故終止程式！,2020-10-12 09:16:23
凱基證券,呂宛柔,1,你好，我跟大家一樣無故跳出終止程式，又要求切換凱基另個app.試過很多次了，試問隨身營業員是否將被取代還是怎麼樣能做說明嗎？不然這樣下去問題永遠回覆不完，還是請一次回答把多餘時間，專心處置app維護，請貴司正視現在的問題點，畢竟貴司影響到的是很多人金錢的權益的。,2020-10-10 15:03:17
凱基證券,Hsunc,1,請問一下，此APP一年沒使用如何再開啟權限? 拜託別叫我下載隨身E策略，然後在裡面買賣一次，隨身營業員是設定過的，為什麼我要在另外一個軟體交易才能再次使用啊…,2020-10-07 19:51:34
凱基證券,ㄒSAICㄒ,2,現在帳務查詢點選銀行餘額查詢，都顯示連線已經失效......！已經好几天了也不見改善！,2020-10-06 14:01:58
凱基證券,黃小禎,2,為什麼強迫我去用另一個凱基e策略？我已經進不去隨身營業員了，我明明12個月以內有交易阿~~~,2020-10-06 01:30:25
凱基證券,sju Chen,1,明明有交易，還說12個月沒交易，不給登入，還強迫安裝凱基e策略，越做越爛，都想要把它換掉了。,2020-10-05 15:18:07
凱基證券,Yaya,1,說我12個月以上未交易，要我去下載另外一個app……我真心問號，我開戶不到半年誒，加到自選股的股票都還在觀望，結果新的那個app也都沒有互通……每天忙得要死還要記我看了哪些股票嗎？🙄,2020-10-03 00:45:56
凱基證券,黃春錦,5,帳單一目瞭然🙂,2020-10-02 10:23:53
凱基證券,劉興金,5,太棒了,2020-10-01 14:11:33
凱基證券,小諺,1,突然不能登入，強制更換別的app，又要憑證，忘記密碼，申請憑證補發密碼，卻又問我密碼，很XX,2020-10-01 12:58:16
凱基證券,vicky Lee,3,完全無法登入已經很多天了，也重新下載了，請問工程師有在想辦法解決嗎？已經好多天了! 謝謝，已順利獲得解決!,2020-09-29 09:50:34
凱基證券,Jesse Huang,2,為何漲跌的紅或綠色字體不能顯示顏色?,2020-09-24 10:58:02
凱基證券,丘丘,1,更新後不能登入！！已經刪除再下載後一樣不能，之前一直閃退就不說了，現在連進去都沒辦法是怎麼回事？？？,2020-09-23 12:12:00
凱基證券,AJ熊也熊觀世界（熊也）,1,你們可以再爛點！ 同用的是三竹系統，但是凱基個股新聞都是久久才更新，開啟三竹APP互查看，人家針對個股、總體有的資訊你們都沒有更新上來！ 拜託…難道開你們的證戶得不到新資訊還得自己開別人家的查看嗎？不是吧…,2020-09-23 09:08:35
凱基證券,陳哲偉,1,申請憑證後為何不能登入。錯過了買點,2020-09-22 12:36:05
凱基證券,陳小安,3,哈囉！我是貴公司的劵戶，有沒有WMA這個指標的工具嗎？ 我一直找不到，貴公司能夠加入嗎？如果不能的話我就要換別家的劵商用用看，你們可以推薦一下嗎？,2020-09-20 23:43:21
凱基證券,Na Na,3,好,2020-09-18 13:17:37
凱基證券,Dusty Tai,1,每次遇到隨身營業員系統當機凱基證券都束手無策，這時候千萬不要致電台南分公司，因為台南分公司的黃協理會掛客戶電話、還會謊報客訴進度。,2020-09-18 00:27:14
凱基證券,Weng Weng,1,安卓什麼時候才要支援臉部辨識,2020-09-15 12:45:10
凱基證券,楊凱翔,4,是否可以新增“股利政策”這個選項,2020-09-14 20:17:09
凱基證券,陳致霖,1,昨天更新後 一直登不進去 也刪掉重新下載了 還是不行 不知道到底發生什麼事了？？,2020-09-11 19:23:04
凱基證券,Ryan Chang,1,更新以後一直跳出 然後憑證失敗 我想直接換券商了 拜託加油= =,2020-09-09 09:16:20
凱基證券,Wei Lin,2,為何盤後資訊的主力進出資料與貴公司三竹股市app的完全不同，會誤導投資者產生錯誤判斷，查相關網站發現三竹股市app是正確，請盡速修正,2020-09-06 23:52:26
凱基證券,游月美,5,服務熱心、隨時提供資訊詳細迅速、能滿足我的認知與需求。,2020-09-04 08:31:17
凱基證券,Crystal Wu,1,想請問，為何更新後，同身份證字號，無法使用兩台手機不同兩個凱基證券帳號下單？（一台手機一個證券帳號）之前都可以。現在會顯示憑證消失。然後刪除再重下載，另一個手機又說憑證消失，這樣下單太麻煩了。,2020-09-02 14:48:08
凱基證券,tenter Kuo (丫虢),5,感恩謝謝,2020-09-01 12:38:09
凱基證券,林淑贞,1,今天完全無法登入，非常糟糕的體驗,2020-08-31 22:12:43
凱基證券,張泰坦,1,電子下單辦好，但app無法下載,2020-08-31 16:56:17
凱基證券,李志文,3,什麼時候才能有停損停利的功能？,2020-08-28 15:56:43
凱基證券,enix lin,1,8/25更新完，無法登入,2020-08-25 22:59:07
凱基證券,tintin “tintin”,1,為什麼這個版本沒有主力買賣超的選項,2020-08-25 22:49:52
凱基證券,李YO CHA,1,警示慢了很久才提醒,2020-08-24 09:27:25
凱基證券,isabelle,1,無法登入,2020-08-21 13:44:41
凱基證券,Nicole Lu,1,為何一直無法登入，一直閃退是怎麼回事?可以說明一下嗎？買賣的損失算誰的?,2020-08-20 10:42:41
凱基證券,George Chan,1,常常快閃退出，爛透,2020-08-17 22:18:17
凱基證券,Chucky Lo,2,安卓系統下. 會自動跳出， 8/12更新APP後，更是直接無法登錄！ 重要的金融操作軟體，如此問題！！ 8/15: 先移除APP再重新安裝-無法登錄(可重新申請憑證-成功) 。 安卓再次更新後，再重新安裝凱基證券APP ， 仍無法登錄， 輸入密碼後，螢幕閃下又停在登錄畫面。 我另一富邦同樣三竹系統，是可正常登錄。 8/15 : 多方嘗試仍無法登錄， 看了評價 發現很多人遇到一樣問題！ 第三方系統有回應但這麼久仍處理不好！ 凱基證券怎能放著不管！！ 打電話到券商 給我另一APP 安裝後可下單， 但操作介面較不方便。 驚訝的是凱基證券怎會放任此 凱基隨身營業員APP 一直出問題， 出狀況 ！ 這是重要的金融軟體 不是小屁孩的遊戲程式 ，爛到讓我覺得誇張！ 8/17: 刪除所有暫存檔與下載資料， 重新下載安裝， APP已可執行。,2020-08-17 17:20:47
凱基證券,賴建民,3,最近融資餘額都無法正常顯示,2020-08-11 19:21:24
凱基證券,黃信傑,3,最近會閃退？？？,2020-08-06 10:03:03
凱基證券,曾敬文,1,更新後，就無法再登入,2020-08-06 09:40:39
凱基證券,James Hu,3,更新完畢登入一直轉圈圈進不去,2020-08-04 11:37:54
凱基證券,黃阿正,4,讚,2020-07-31 12:48:43
凱基證券,文明王,5,好用。,2020-07-31 09:48:27
凱基證券,BONNIE LIAO,1,今天更新後就無法登入，到底怎麼了,2020-07-29 23:51:53
凱基證券,HsinKai Jacky,3,請問盤後資訊中，每日主力增減的計算方式？凱基與貴司三竹股市的主力進出數據不同。（我對照的為7/28，台積電主力進出）,2020-07-28 19:58:28
凱基證券,Judy Lin,2,昨天開始帳密都正確，但是按完登錄後，又跳回帳密的頁面，無法操作，請問發生什麼狀況，謝謝。,2020-07-28 13:01:34
凱基證券,JING,1,常常登不進去 明明密碼按對 氣死耶 每次搞你們這個系統搞到心情很差,2020-07-28 09:58:42
凱基證券,Yahui Kuo,1,請問國際盤資訊為何都是延遲的?,2020-07-27 13:25:50
凱基證券,蔡美玲其他,1,連續一個多星期無法登錄,2020-07-27 12:26:12
凱基證券,JUN,1,爛死了，說我網路短線或沒登入，你們系統這麼爛，我看我還是換去別間下單好了,2020-07-26 23:57:42
凱基證券,Elva Wu,1,原本兩台手機都可登入，今天其中一台登入後卻一直停留在登入畫面。請問是什麼問題？,2020-07-26 21:18:21
凱基證券,James Huang,4,在自選報價裡，目前共有五個自選群組，每個可以有40個自選，這樣太少了。可以擴增到每個最少60個自選嗎？謝謝。,2020-07-25 04:51:49
凱基證券,CS Chen,1,更新後，無法登入,2020-07-24 15:31:35
凱基證券,ann Chen,1,今天又登不進去了，昨天是閃退今天登不了，怎麼這麼不穩定啊,2020-07-24 09:31:29
凱基證券,Ken Lin,1,看了這麼多留言，看來不是只有我的問題，奇怪，其他券商也是三竹的系統，也不會常當機，為什麼凱基的就會，真怪,2020-07-23 09:48:12
凱基證券,劉淑香,2,一直都無法順利登入，請問要怎麼用，重新下載跟開機過了。,2020-07-23 07:56:05
凱基證券,李凜,1,為什麼昨天7/21登入系統會自行退出，今天就沒辦法登入!,2020-07-22 09:10:37
凱基證券,nian you jian,1,更新後一直無法登入😱,2020-07-22 00:25:23
凱基證券,Brad Tang,3,Good,2020-07-21 22:51:15
凱基證券,浩宸張,2,平常很順 這一週常常閃登 現在又無法登入,2020-07-21 22:31:04
凱基證券,peggy Wu,1,7/11爛 有夠當 下載到現在三天了還是登不進去 7/21到底要不要讓我改密碼 客服也打了喔按照他說的方式操作也是一點用都沒有 一顆星都不想給爛到一個極致,2020-07-21 12:04:10
凱基證券,王俊凱,4,更新後不能登入，直接打凱基客服，客服會幫你轉給三竹工程人員，他們會帶著你一個步驟一個步驟把問題排除。,2020-07-21 11:45:01
凱基證券,陳孝銘,1,最近一直異常跳出系統，更新之後竟然把所有原來憑證資料都弄掉 導致登入持續失敗被鎖住，到底在到搞什麼,2020-07-21 11:04:58
凱基證券,Fen,1,更新之後無法登入,2020-07-20 13:46:42
凱基證券,沈武祥,1,更新後無法登入,2020-07-20 13:37:19
凱基證券,陳壯魄,5,Good,2020-07-20 10:39:07
凱基證券,mandy liang,2,一直使用沒有太大問題，今天一直閃退之後，說要更新憑證，也成功了。現在完全無法登入,2020-07-20 10:16:22
凱基證券,劉柏林,5,順暢,2020-07-20 09:25:19
凱基證券,CHRIS (就愛吃喝玩樂),1,更新後，無法登入，一直跳出。 從設定>應用程式>清除後重新登入，一樣無法登入 影響使用者權益,2020-07-19 22:35:08
凱基證券,Hard working,1,軟體會自動關閉，更新後完全無法登入,2020-07-19 10:54:46
凱基證券,陳文正,1,7月10號當機 要不要 給個說明 免開戶的三竹 功能比你 強大 金融 真槍實彈 不是兒戲,2020-07-15 23:16:34
凱基證券,Harry Hung,1,7/10的系統當機是凱基的問題，同是三竹系統的其他券商卻沒問題，而凱基卻在事件發生後完全沒有任何道歉就連營業員也沒有主動關心，這是什麼樣的公司？在那段當機時間無法做任何動作的損失卻連最基本的致歉都懶得做...,2020-07-13 17:04:12
凱基證券,Odelia,1,更新後無法開啟,2020-07-13 08:36:33
凱基證券,笑微,1,7/10 一開盤就大當機，無法買賣股票，已不是第一次這樣的狀況了。拿客戶得幸苦錢開玩笑！真的要換別家了,2020-07-13 06:07:18
凱基證券,E L,1,7/10是你們三竹還是凱基系統有問題！？凱基當天App當的時後，官網是正常的，所以應該是三竹有問題！ 有持股三竹的都可以趕快賣一賣了！難道不知道股市最近爆大量就該提升系統穩定性嗎！？,2020-07-11 10:40:41
凱基證券,謝隆昇,1,109年7月10日星期五9:12系統異常，無法下單，代號（3009）伺服器繁忙中，請稍後再試。登出後更是連登入也不行了，用此App好幾年了，以前使用上都很順，我也給予你們評價4星，但大概今年初或更早些，此App變得非常差勁，常出差錯:1設定的揨損或獲利價位到了沒響，過了停損或獲利好久才在那裡拚命亂叫，早就反應過了也沒用。2有一次買3000股，卻在未損益表上卻只寫300股。3今日發生的伺服器繁忙中，請稍後再試，無法下單，登出後連進都進不去了，真的很困擾，很煩，以前都很好，我在想是不是程式工程師換人了，到底還是不是以前的工程師?,2020-07-10 15:41:55
凱基證券,Distin Xu,1,1090710故障快一小時,2020-07-10 15:34:00
凱基證券,HSU JingFu,1,今天開盤大跌套死一票 因為凱基網路下單lag來不及賣的慘戶,2020-07-10 14:50:15
凱基證券,黃鈺翔,1,一直無法開啟，顯示等待下載中。 刪掉重灌點安裝一直顯示等待下載 以後都不能用了是嗎？ 這樣是怎樣看股票？,2020-07-10 12:42:00
凱基證券,Shin Yi Liu,5,Good,2020-07-10 12:08:05
凱基證券,安比安吉,1,今天軟體一直無法開啟，錯過了我想要賣的點位，感受十分的差，我長期使用貴公司的軟體，第一次碰到這種狀況。,2020-07-10 10:24:01
凱基證券,洪榮章,1,爛透,2020-07-10 09:58:57
凱基證券,陳小翔,1,一個app系統可以當一個小時以上，想買想賣都沒有辦法，看來只好換一證劵銀行了,2020-07-10 09:58:33
凱基證券,Huang,1,7/10 開盤app直接掛掉，穩定度完全不ok ，要換卷商了。,2020-07-10 09:54:19
凱基證券,張佳祺,1,為什麼今天一直顯示錯誤，無法打開呢？,2020-07-10 09:51:50
凱基證券,Li You-Jhan,1,評分好像被刪掉了，好扯喔，請大家告訴大家這個app伺服器做不好，很常當掉，因為這個原因已經導致我賠很多次錢了！,2020-07-10 09:51:36
凱基證券,江阿康,1,常常無預警登出就算了可以忍受，今天這麼緊要關頭時刻連登都登不進...這麼爛的使用體驗，再不改進只會流失越來越多使用者,2020-07-10 09:51:08
凱基證券,凱洛特,1,現在又無法登入，爛,2020-07-10 09:50:37
凱基證券,吳亭毅,1,今天根本無法登入啊,2020-07-10 09:50:26
凱基證券,Andrew Lee,1,真的很爛,2020-07-10 09:48:46
凱基證券,romensilme neutrino,1,無法登入造成損失,2020-07-10 09:48:02
凱基證券,黃阿統,1,營業時間不能登入，超級悲劇,2020-07-10 09:46:44
凱基證券,山姆老爹,1,7/9已經出現連線問題，7/10整個完全沒辦法動作 早上本來還可以登入貴公司系統 後來下單後一直出現不穩定情況 突然又穩定了，發現委託變成兩筆 要取消時又變成無法連線 以至於錯過要取消的時機 現在還是無法登入，應該兩筆都變成確定購買（原本都要取消的，現在直接變持續下跌…這樣要算誰的錯 我看來去報蘋果好了，系統出問題無法立即修復，導致於客人下單出現狀況,2020-07-10 09:46:26
凱基證券,wanting0813,1,最近開盤後都無法順利登入，登入也無法下單！！ 公告那什麼建議，什麼可以用大三元跟全球交易中心，完全都搜尋不到這兩個app，爛死了！還有建議打電話跟營業員下單，是石器時代嗎？？？ 都開盤快1小時以上還是無法登入，是不知道別人急著用嗎？！ 早知道就用其他證券行,2020-07-10 09:45:38
凱基證券,昇哥（昇哥）,1,沒辦法登入 代號3009,2020-07-10 09:44:55
凱基證券,Jenny Hsu,1,為什麼google沒有零顆星的選項？連一顆星都不想給。 交易時間進不去系統，你們有認真想要營業嗎？,2020-07-10 09:42:02
凱基證券,ShihPin Tseng,1,沒人臉辨識麻煩，希望快點加入，登不進去,2020-07-10 09:41:39
凱基證券,YK S,3,原來不是只有我登不進去 試問這樣無法買賣虧損算誰的？,2020-07-10 09:41:15
凱基證券,激動李維,1,7/10完全登不進去，打客服一直忙線，求助無門的情形下，早盤一分一秒的過了，客戶造成的損失，你們願意賠嗎？真的很爛。。。。,2020-07-10 09:39:37
凱基證券,陳昱誌,2,怎都進不去,2020-07-10 09:35:58
凱基證券,張東華,1,無法登入修復又慢,2020-07-10 09:35:16
凱基證券,呂小懋,2,又當機了,2020-07-10 09:34:04
凱基證券,太迪bear,1,為何在台股大跌時，當機啊,2020-07-10 09:32:18
凱基證券,George Lin,1,無法登入,2020-07-10 09:30:09
凱基證券,靜山居士,2,一早就無法登入是怎麼了？請盡快處理,2020-07-10 09:27:50
凱基證券,ZK,1,當機，爛死了，影響掛單,2020-07-10 09:26:50
凱基證券,EDWIN PENG,1,更新完登不進去,2020-07-10 09:25:02
凱基證券,Yuu Sen,1,當機了買賣虧損算誰的！！,2020-07-10 09:24:47
凱基證券,Gary Sun,1,一個月內出現兩次問題導致無法下單,2020-07-10 09:24:26
凱基證券,李豪,3,常lag或無法登入是大問題,2020-07-10 09:18:42
凱基證券,小阿邱,1,拜託 很常開盤沒辦法開 請儘速修正,2020-07-10 09:17:22
凱基證券,Wang Lisa,2,無法登入耶~,2020-07-10 09:15:07
凱基證券,讓原味更新鮮,1,下單在那邊伺服器繁忙什麼 爛死了,2020-07-10 09:09:59
凱基證券,Wendy,1,更新後根本登入不進去,2020-07-10 09:09:55
凱基證券,Brad Chen,1,爛 一直當機,2020-07-10 09:08:22
凱基證券,歸去也無風雨也無晴,1,為什麼又伺服器繁忙，害我來不及賣出而賠錢，爛透了,2020-07-10 09:08:04
凱基證券,Eric Lai,2,早上開盤當的很誇張 當沖都不知道有沒有買到 查委託回報還會直接fc 還要修多久,2020-07-07 09:48:42
凱基證券,邱豬頭,1,今日連線速度非常慢，回應也慢,2020-07-06 09:13:25
凱基證券,許小嵐,1,我也更新後，無法登入,2020-07-02 10:31:13
凱基證券,Eric Wu,1,你們的手續折扣全台倒數差，下單系統穩定度也是倒數差，這種品質憑什麼收那麼高的手續費，臉皮厚也要有限度,2020-06-29 10:37:24
凱基證券,Yun-Chin Chou,2,方便下單反而導致容易下錯，營業員並不會幫忙檢查要注意,2020-06-23 20:09:25
凱基證券,陳洽洽,2,更新之後就無法再登入了,2020-06-23 12:08:57
凱基證券,仔仔,3,無法進入系統，非常需要改善,2020-06-20 23:38:32
凱基證券,鋒林,1,通訊地址已經到分公司變更，還是寄到舊址。客服中心電話是空號，複委託15號就已經交易完金額到現在還沒撥。地址已經改了，還是到券商改地址。只有一個字,2020-06-18 09:52:42
凱基證券,靚寶,5,感謝解決問題，已經可以使用了,2020-06-16 12:23:08
凱基證券,哲,4,Good,2020-06-13 23:36:58
凱基證券,蘇志學,3,為什麼權證試算的功能無法使用，一直出現不能超過小數點2位數，可以改善嗎？之前都能用耶。今日6/12權證試算器的功能還是無法使用，請問何時才能改善呢？,2020-06-12 17:54:25
凱基證券,莫忘初衷,5,常常閃退 刪了還是閃退 Android系統,2020-06-12 12:51:39
凱基證券,Chen Benson,1,一直登不進去.....,2020-06-10 14:11:50
凱基證券,Sandra Liao,2,新聞內容錯置，A新聞跑到B股票，已經連續兩天了! 不然就是技術分析跑不出來，嚴重影響下單 !,2020-06-10 09:37:07
凱基證券,Abbe Chan,2,你們能開發期貨的智能停損單嗎？ 元大，統一的期貨都以經有雲端智能觸價下單功能了。,2020-06-09 13:22:20
凱基證券,Riva zhan,5,請問有機會優化安卓嗎？蘋果很順安卓很頓,2020-06-08 23:31:47
凱基證券,peter chen,4,功能似乎跟不上其他證券軟體，投資先生，國泰股票快選的一些選股的功能，希望能跟上,2020-06-08 15:55:18
凱基證券,ilex lin,1,請問一下我使用Samsung s10+ 手機一直無法登入 請問有解決方案嗎,2020-06-04 11:05:24
凱基證券,吳文忠,1,不知道，還是無法登錄系統，不知道問題何時才可排除,2020-06-03 11:31:38
凱基證券,Yu-Sheng Fan,4,更新後就無法登入了。 後來有詢問客服有成功解決問題。 Thank you.,2020-06-02 16:54:54
凱基證券,serena Tsai,1,一直無法登入 ，看到很多人說這個問題存在 ，我的手機無法在應用程式裡清除所有資料 ，那要我怎麼看股票 ？大家都有的問題表示這APP就是需要改進 ，不要一直造成使用人的困擾 ！,2020-05-29 10:03:35
凱基證券,陳玉川,3,最常用的-未實現損益查詢 能否放在首頁下方按鈕，方便點擊查看,2020-05-29 09:30:53
凱基證券,Lin薇薇,2,一直進不去，找不到原因，也重新安裝過，歷史紀錄也有清除過，也開關機數次,2020-05-28 23:04:25
凱基證券,T.H Wu,4,為何輸入登入的帳號與密碼後，畫面仍停留在登入畫面？,2020-05-26 11:29:31
凱基證券,Carol,3,今天登入為什麼一直顯示：通訊失敗？？,2020-05-25 13:28:45
凱基證券,帥哥偉,2,為什麼我登錄顯示。 （-1）通訊失敗。 重灌也是，bug嗎？無法下單了。,2020-05-25 12:55:15
凱基證券,Liu Annie,3,無法登入？？？,2020-05-22 21:33:37
凱基證券,Greg Hsu,3,希望介面可以更接近三竹自己的app 另外個股的新聞及報表資訊，比起三竹自己的app似乎常有缺漏或太慢更新,2020-05-16 04:06:11
凱基證券,劉桂華,5,很棒的軟體 但為何没E MA呢？三竹不是有嗎？希望能增設！,2020-05-14 19:54:44
凱基證券,Carson,4,請問MAT0253是什麼錯誤訊息,2020-05-13 09:51:55
凱基證券,RiaO,1,我問你啦 沒有開放自選備註功能為什麼要有那一格啦！,2020-05-12 10:50:03
凱基證券,陳坤銘,3,更新後，登入帳號沒有反應,2020-05-11 15:15:55
凱基證券,楊勝傑,5,很好用,2020-05-11 10:31:47
凱基證券,Chris Chen,1,三竹另一個叫三竹的看盤app有主力買賣超，凱基這個卻沒有，先給一星，等有新增主力買賣超資訊再改五星。,2020-05-10 20:43:42
凱基證券,張惠美,2,請問密碼與身份登錄可設計成自由勾選記憶嗎？,2020-05-09 01:23:32
凱基證券,Cynthea Liao,3,手機更新後就登不入,2020-05-08 21:08:41
凱基證券,張小玻,1,無法看盤後資訊，新聞等這些資訊都不能看，真的很爛。,2020-05-06 15:34:35
凱基證券,Min Min,1,怎麽app自從上次更新後 整個畫面都很拖 也有依照前面的設定移除重開 狀況還是一樣 不更新前都沒這些問題,2020-05-06 10:01:30
凱基證券,周文昌,1,輸入密碼後，登入畫面沒有反應，但 iOS 手機卻能登入，這可以跟誰反應？,2020-05-05 21:33:38
凱基證券,Kelly KO,3,您好：更新後，未實現損意無法即時，之前使用並無此問題，在即時股價還有leg問題，通知也是慢很多，根本來不及當下買賣；這些之前都很好，改版後反而怪怪的！希望可以測試修正。對了 用WiFi連線和個人網路都一樣有以上問題，也供參考，謝謝，辛苦了！,2020-05-05 10:16:01
凱基證券,傅崇豪,5,使用 oppo reno 10X 無法登入？ 打如密碼之後，無法進去，一直停留在密碼key in的首頁,2020-05-04 21:29:26
凱基證券,郭麗惠,5,功能性越來越人性化,2020-05-04 11:50:03
凱基證券,pei,3,我想請問 我要作空 要融券 下面要選買進還是賣出 有哪裡可以看到操作說明,2020-05-01 15:26:42
凱基證券,陳建宏,1,更新完無法登入，一開使顯示憑證不見要重新申請，重新申請完，再一次登入，輸入帳密無法登入,2020-04-30 00:42:40
凱基證券,Google 使用者,1,最近更新版以後，已經將近一個月無法開啟使用此app,2020-04-26 17:14:07
凱基證券,Google 使用者,2,更新完後，就不能用了 請確認！,2020-04-24 16:58:52
凱基證券,Google 使用者,1,不多說！！！手續費太貴就是大缺點了。,2020-04-17 19:34:29
凱基證券,Google 使用者,4,可否新增編輯自選股群組名稱？還有新增自選股群組,2020-04-16 22:59:55
凱基證券,Google 使用者,1,登入有著繁瑣的程序 不人性化,2020-04-16 13:37:53
凱基證券,Google 使用者,2,目前手機使用oppo AX5這兩天突然無法正常登入隨身營業員，請協助,2020-04-09 19:54:16
凱基證券,Google 使用者,1,未實現損益查詢的股價與股票現價不符合，導致損益不對。登出又登入要3到10次，未實現損益的股價才會更新。這狀況已有10天。,2020-04-09 13:41:15
凱基證券,Google 使用者,1,爛 更新後就不能用 找不到檔案？？？沒更新前還可以用的。,2020-04-09 09:38:26
凱基證券,Google 使用者,1,更新後出現 點app 進入後 就有訊息通知 : 無此檔案或無法開啟(A Share/FILES.txt);然後就被退出app 。 聽證券公司人員解說後 執行解除安裝再重新安裝，啟動 依然ㄧ樣。不能用，影響操作，實在有夠爛!,2020-04-08 16:56:07
凱基證券,Google 使用者,5,為何 開啟證券下單 等一陣子 未操作 返回到上一頁時 或按回首頁 會出現黑屏 必須重新登入 才會正常,2020-04-07 11:44:09
凱基證券,Google 使用者,1,4/6使用 一直不斷卡頓 日線週線切換都會卡著圖顯示不出來 不同檔股票切換也卡頓 爛到有剩,2020-04-06 10:23:13
凱基證券,Google 使用者,1,DMI指標為啥不能用,2020-04-06 10:04:32
凱基證券,Google 使用者,3,輸入密碼無法登入,2020-04-02 18:26:27
凱基證券,Google 使用者,1,個股重要新聞更新也太慢了吧，單靠這系統會賠死啊，永遠比別人慢一步，每次都要另外開網頁去別的網站上查新聞,2020-03-31 21:20:06
凱基證券,Google 使用者,5,109/3/17 更新後使用正常，感謝團隊辛苦了！,2020-03-30 17:57:00
凱基證券,Google 使用者,1,油的權證無法搜尋,2020-03-27 09:57:27
凱基證券,Google 使用者,5,更新之後輸入帳密就回到重打密碼畫面，凱基櫃員說是個人手機問題??? 看來我不是個案 -------------------- 經由客服協助找出原因 更新後記得要刪除手機快取資料 補回五星,2020-03-26 23:30:09
凱基證券,Google 使用者,1,為何警示無法即時通知，總是延遲約30分鐘才收到。,2020-03-26 10:03:44
凱基證券,Google 使用者,3,請問一下K線圖更新頻率 能新增 1秒更新 或即時更新嗎？ 畢竟現在都逐筆搓合了 5秒更新已經太慢了,2020-03-25 19:24:11
凱基證券,Google 使用者,1,都不更新,2020-03-25 14:18:45
凱基證券,Google 使用者,5,good,2020-03-25 10:39:13
凱基證券,Google 使用者,3,更新後無法登錄？？,2020-03-24 13:44:16
凱基證券,Google 使用者,1,為什麼更新之後進不去,2020-03-24 11:43:04
凱基證券,Google 使用者,1,更新後登不進去,2020-03-23 23:22:21
凱基證券,Google 使用者,5,不錯app,2020-03-23 22:42:49
凱基證券,Google 使用者,1,更新後一直閃跳，爛死了……,2020-03-23 22:33:57
凱基證券,Google 使用者,5,目前使用都夠需求,2020-03-23 17:05:11
凱基證券,Google 使用者,1,到底有無在維修，好幾天都無法登入，幹,2020-03-23 12:34:37
凱基證券,Google 使用者,4,更新後很卡，顯示伺服器逾時 庫存報價無法開啟,2020-03-23 09:19:00
凱基證券,Google 使用者,2,逐筆交易更新後…速度變的很慢呢,2020-03-23 09:15:58
凱基證券,Google 使用者,3,點選委託回報，成交回報等，同頁面的選項，都比舊版久很多,2020-03-23 09:14:39
凱基證券,Google 使用者,2,Sony xzp OS: Android 9 登入後，不會前往主畫面，會卡在登入畫面，能否快點解決？,2020-03-23 09:06:17
凱基證券,Google 使用者,2,現在開始沒開海外期貨就無法查詢海期資料嗎,2020-03-23 06:31:16
凱基證券,Google 使用者,4,good,2020-03-23 06:15:43
凱基證券,Google 使用者,3,更新後突然說我沒有海外期貨帳戶，不給登啊？,2020-03-23 06:10:05
凱基證券,Google 使用者,5,讚,2020-03-23 00:50:19
凱基證券,Google 使用者,1,更新後，一直無法開啟，一打開就閃退....,2020-03-22 20:01:25
凱基證券,Google 使用者,5,Good,2020-03-22 19:56:30
凱基證券,Google 使用者,5,好用,2020-03-22 19:38:06
凱基證券,Google 使用者,5,好用……快,2020-03-22 19:07:52
凱基證券,Google 使用者,5,讚,2020-03-22 19:04:47
凱基證券,Google 使用者,5,一更新後就無法登入，程式會當掉，後來才發現要手機設定，清除資料後才可正常登入。,2020-03-22 18:38:26
凱基證券,Google 使用者,5,很好,2020-03-22 18:01:12
凱基證券,Google 使用者,3,好用,2020-03-22 13:48:41
凱基證券,Google 使用者,1,無法更新？,2020-03-21 21:10:02
凱基證券,Google 使用者,5,實用,2020-03-21 10:56:27
凱基證券,Google 使用者,1,無法下載,2020-03-21 10:14:57
凱基證券,Google 使用者,3,好用,2020-03-21 10:10:44
凱基證券,Google 使用者,5,不錯,2020-03-21 09:35:08
凱基證券,Google 使用者,5,ok,2020-03-21 09:08:21
凱基證券,Google 使用者,5,很好,2020-03-21 02:42:51
凱基證券,Google 使用者,2,每次更新感覺越來越差，閃退、自選之前可以50組現在又變回40組，介面也很差由其要改價或刪單要換好幾個畫面，價位都不知跳到那了，手續費比別人貴但沒有價值，該換別家了。,2020-03-21 00:50:16
凱基證券,Google 使用者,1,沒有公開收購功能，永丰，新光都有，折扣也沒有這兩家低！,2020-03-20 22:25:33
凱基證券,Google 使用者,5,重新安裝就可以開機了,2020-03-20 20:22:41
凱基證券,Google 使用者,2,閃退的問題一直出現，非常的困擾，希望能好好處理！,2020-03-20 19:55:59
凱基證券,Google 使用者,4,good,2020-03-20 19:43:21
凱基證券,Google 使用者,5,應該說是趨勢科技，以前都是現場報價，電話通知，現在用手機，約來越貼近生活,2020-03-20 16:52:13
凱基證券,Google 使用者,5,方便,2020-03-20 15:44:55
凱基證券,Google 使用者,5,Good,2020-03-20 13:33:06
凱基證券,Google 使用者,2,更新後無法登入是怎麼回事？ 輸入完密碼，畫面閃一下，還是停留在登入頁。 裝置名稱：ASUS_Z01RD 作業系統：Android 10,2020-03-20 12:50:26
凱基證券,Google 使用者,5,讚,2020-03-20 09:20:40
凱基證券,Google 使用者,5,讚,2020-03-20 08:05:38
凱基證券,Google 使用者,3,請問智慧選股的每一項查詢都只有商品名稱會顯示，其他都無法顯示是怎麼回事？這樣已經一個禮拜了,2020-03-19 19:42:15
凱基證券,Google 使用者,5,OK,2020-03-19 18:15:27
凱基證券,Google 使用者,2,常常線圖卡住跑不出來，問題一堆,2020-03-18 19:59:29
凱基證券,Google 使用者,1,超爛，已用4G連線了，權限也都開了，還一直閃退，一堆人反應了也沒改善，下單介面也差，要改下單價格還要畫面換來換去，濫費時間，換好改單畫面時價格都不知跌到那去了，技術線圖也爛不能重疊，要一直切換，元大投資先生App原本覺得很差，但一比較後發現凱基更差，差到極點!,2020-03-13 13:38:35
凱基證券,Google 使用者,1,透過 Android 的滑動關閉 app 方式無法正確關閉 app 反而進入背景執行 請修正,2020-03-13 08:22:55
凱基證券,Google 使用者,4,整體使用狀況穩定，但能否增設含息跟不含息的按鈕計算不同的損益狀況，就兆豐證券的app,2020-03-10 15:25:32
凱基證券,Google 使用者,1,爛透了！在打大白天進行維修，垃圾。,2020-03-08 18:38:00
凱基證券,Google 使用者,1,不好用，服務也不怎麼樣,2020-03-06 18:25:28
凱基證券,Google 使用者,3,希望能增加管理費和保管費之類的基本訊息,2020-02-23 20:03:04
凱基證券,Google 使用者,1,洗價天天延誤15分鐘以上，有時還超過一小時，收盤後才發警訊通知，買賣點已過，浪費別人的時間設定，反應3-4個月都無效，只會説有在處理，期待嘉實系統上線！,2020-02-22 06:04:16
凱基證券,Google 使用者,1,一直連線失敗，今天還壞了一上午都還沒好，是怎麼了！？？？,2020-02-19 11:31:34
凱基證券,Google 使用者,1,收盤最後10分鐘系統完全無法登入，太誇張了！顧客交易損失你們要負責嗎?,2020-02-12 13:42:38
凱基證券,Google 使用者,5,操作簡單方便快速,2020-02-12 10:42:28
凱基證券,Google 使用者,5,Good,2020-02-11 02:54:09
凱基證券,Google 使用者,5,😃,2020-02-10 09:21:05
凱基證券,Google 使用者,1,到底要壞到什麼時候？壞了完全不修？完全開不起來,2020-02-06 14:21:04
凱基證券,Google 使用者,1,才用2-3次 下單資料全沒了 連下單成功資料都不見了是怎麼樣,2020-02-01 11:29:06
凱基證券,Google 使用者,3,是否可以新增設定把首頁沒用到的功能隱藏（可隨時在開啟）,2020-01-31 11:52:38
凱基證券,Google 使用者,2,凱基隨身員為什麼當機,2020-01-22 12:14:23
凱基證券,Google 使用者,5,讚！,2020-01-15 19:23:27
凱基證券,Google 使用者,1,程式Bug蠻多的。一個是登入密碼一直連線無法登入。另外一個是會經常閃退，Apps shut down。還有再操作過程中，經常會不經意被登出。這些是目前發現的Bug.,2020-01-14 19:15:18
凱基證券,Google 使用者,3,Good,2020-01-13 14:49:34
凱基證券,Google 使用者,1,無法下載。已經超過半小時，一直轉圈圈。網路訊號都正常還是沒辦法下載,2019-12-27 13:20:00
凱基證券,Google 使用者,4,希望可以盡快增加pixel臉部辨識,2019-12-26 09:10:23
凱基證券,Google 使用者,4,尚可。,2019-12-18 19:58:41
凱基證券,Google 使用者,1,這前幾天設定警示價位過了10分鐘後才警示，今天是警示價位根本還沒到確一直跳警示，無言……爛！,2019-12-13 09:58:57
凱基證券,Google 使用者,5,Good,2019-12-13 07:57:12
凱基證券,Google 使用者,5,GOOD,2019-12-12 05:44:14
凱基證券,Google 使用者,2,無法加入其他帳號，新增使用者輸入身分證號和密碼後會一直顯示密碼錯誤,2019-12-08 03:24:25
凱基證券,Google 使用者,2,有時會聽錯買家的指定價，要注意!,2019-12-05 13:12:37
凱基證券,Google 使用者,3,希望可以增加自選群組，只有5組真的不太夠，其他券商都有10組。或者可以增加每組的自選上限，從目前的40檔增加到100檔,2019-12-03 19:40:32
凱基證券,Google 使用者,1,國際指數都延遲，這樣要怎麼做！,2019-12-02 17:31:41
凱基證券,Google 使用者,5,好用，但他歷史損益的區間無法選區,2019-11-30 14:33:15
凱基證券,Google 使用者,4,目前均線都是以簡單移動平均線(SMA)表示，希望能增加指數移動平均線(EMA)的選項，那麼這個app都幾乎完美了,2019-11-24 11:08:25
凱基證券,Google 使用者,5,超好用超讚的,2019-11-22 23:10:40
凱基證券,Google 使用者,2,雲端鷹眼通有時候條件成立沒有觸發，原因不明,2019-11-18 08:51:36
凱基證券,Google 使用者,5,感謝開發人員解惑。,2019-11-15 17:59:49
凱基證券,Google 使用者,3,希望能支援臉部辨識登入,2019-11-13 23:21:48
凱基證券,Google 使用者,5,非常方便,2019-11-12 03:39:12
凱基證券,Google 使用者,2,三大法人買賣超，法人(個股)排行榜，券商進出表，常亂掉！請改進如何？謝謝！,2019-11-05 19:07:35
凱基證券,Google 使用者,1,為什麼突然無法登錄？,2019-11-04 20:19:12
凱基證券,Google 使用者,4,滿意,2019-11-01 09:42:10
凱基證券,Google 使用者,1,爛死了，手機沒指紋解鎖，何時能支援臉部辨適？？ 我一直忘記密碼，有夠爛，還不能記住密碼,2019-10-31 10:39:19
凱基證券,Google 使用者,2,"我的三星平盤更新後，下方功能欄的字體圖案變很大,導致下方欄位顯示的從五排壓縮變成兩排，嘗試調整平板本身字體大小，但還是無法調整，請問有什麼方式可以將下方功能欄位調小。",2019-10-29 08:40:40
凱基證券,Google 使用者,4,希望可以新增設定“移動平均線是SMA或是EMA”的選項。,2019-10-28 21:16:42
凱基證券,Google 使用者,3,請問操作期貨是否有條件下單 觸價停損的功能 似乎找不到這個功能呢,2019-10-21 22:18:29
凱基證券,Google 使用者,1,"IOS 自選報價無法調整字體大小，希望可以調大一點，家裡長輩換iOS後，說Android字體比iOS大，請幫忙修正變成可以調整，iOS設定大小也無法改變軟體的自選報價字體大小,真的很困擾，麻煩幫忙處理一下謝謝 。",2019-10-20 22:42:30
凱基證券,Google 使用者,1,沒辦法，最少只能給一顆星。一年開這程式不到十次每次專程帶證件重設完密碼之後又無法登入！每一次。這兩三年我光跑凱基改密碼不知跑多少回了。爛透了。即便是立刻記下新變更後的密碼也是無法登入而被鎖！,2019-10-18 19:57:59
凱基證券,Google 使用者,5,操作方便,2019-10-13 16:34:41
凱基證券,Google 使用者,4,請問可以加入“觸價幫手”的功能嗎？可以設定跌破某個價位，即觸發賣出條件，這樣才方便,2019-10-07 23:51:34
凱基證券,Google 使用者,5,好,2019-10-06 16:47:45
凱基證券,Google 使用者,4,能否在類股報價中新設與股票期貨連動的選項，就能免去一檔一檔慢慢找的不便，謝謝,2019-10-04 01:27:11
凱基證券,Google 使用者,1,你好，這版本k線圖的扣底位子不會動，反而變的不好用了，介面看起來功能變多，可是反而不好懂了，只剩下下單買股票的功能，財報和k線圖只能去用別的軟體看了，能使用舊版本做用的介面麻？,2019-09-26 00:07:25
凱基證券,Google 使用者,2,改版後，扣抵值無法隨移動天數而移動，麻煩修正,2019-09-25 21:55:03
凱基證券,Google 使用者,3,隨身營業員的警示訊息在Android 10版本的下拉式狀態欄無法正常顯示，煩請檢查修正,2019-09-25 11:53:36
凱基證券,Google 使用者,1,應用程式一直閃退， 無法登入使用。,2019-09-23 11:10:49
凱基證券,Google 使用者,1,"自選上限從 50檔降低成 40檔, 怎麼 app越改越退步? 難道凱基證券沒錢付給三竹買到 50檔上限嗎? 還是被三竹暗地惡改? 三竹自己的 app都可以有 50檔上限耶 真是讓人失望！！",2019-09-22 21:18:47
凱基證券,Google 使用者,1,9/19這版，更新之後一直閃退。重新開機仍然無法使用。,2019-09-20 16:12:50
凱基證券,Google 使用者,4,為怎麼最近一個月，很多資訊的上方圖表都不會顯示出來？例如 個股盤後_財務_月營收表分析圖，上方的圖表最近都不會顯示?,2019-09-18 21:12:32
凱基證券,Google 使用者,1,也太難用了吧，查個股資料也查不到,2019-09-17 20:54:09
凱基證券,Google 使用者,5,使用安卓9.0系統，結果在數字部份都是黑色，跟底色相同，看不見。 經過迅速的支援說明，已解決相關問題，謝謝,2019-09-16 13:20:35
凱基證券,Google 使用者,3,最近，我的“個股盤後”內的圖都不會顯示，請問要怎麼修正？,2019-09-12 10:52:05
凱基證券,Google 使用者,2,手機更新後看不到裡面的圖表， 例如是營收的圖表後，三大法人買賣超的圖表,2019-09-10 16:56:27
凱基證券,Google 使用者,3,9/6日08：28分所有的數字都不見了,2019-09-06 08:29:11
凱基證券,Google 使用者,2,月營收裏面的分析圖都不見了,2019-09-04 20:37:05
凱基證券,Google 使用者,5,不錯,2019-08-30 19:26:08
凱基證券,Google 使用者,3,希望增加股票警示選項，技術分析，如KD黃金/死亡交叉，KD值低於/高於多少。,2019-08-30 18:08:55
凱基證券,Google 使用者,3,最近營收的曲線圖消失了？？ 每組收藏30家股票還是太少了，我看其他家是每組可以放99家,2019-08-29 03:32:18
凱基證券,Google 使用者,5,方便,2019-08-26 19:35:12
凱基證券,Google 使用者,1,開盤時很卡,2019-08-26 09:09:08
凱基證券,Google 使用者,4,使用上整體感覺跟三竹的差不多..希望自選報價裡的自選群組(5個)可以更改自己喜歡的名稱，方便做股票的類型分類收藏，這樣下單使用上會更加分！,2019-08-19 11:36:16
凱基證券,Google 使用者,3,為何最近都看不到的個股盤後/籌碼財務的相關圖表? 請盡快修復。,2019-08-16 21:13:05
凱基證券,Google 使用者,1,個股與盤後看不到三大法人趨勢圖,2019-08-16 21:02:19
凱基證券,Google 使用者,1,為什麼看不到月營收的圖表,2019-08-16 10:54:03
凱基證券,Google 使用者,3,盤後資料，月營收，走勢圖不見了,2019-08-15 12:07:14
凱基證券,Google 使用者,3,盤後分析 >法人/ 融資融券 每日圖 怎麼沒有了,2019-08-13 21:24:41
凱基證券,Google 使用者,3,為何財務報表的圖都不見了？,2019-08-12 17:16:59
凱基證券,Google 使用者,2,下單常當掉，權證資料不足,2019-08-09 07:32:53
凱基證券,Google 使用者,2,請問為什麼現在有些圖表的趨勢圖都無法顯示，越用越爛…,2019-08-07 17:23:04
凱基證券,Google 使用者,1,當機，爛死了,2019-08-05 22:46:28
凱基證券,Google 使用者,1,軟體資訊太慢或太少，美股數據資料太少,2019-08-05 12:10:17
凱基證券,Google 使用者,5,"凱基隨身營業員在更新後,  下單畫面就沒有買進與賣出的資訊, 只有最佳五檔, 問題是最佳五檔並不代表就是買進與賣出的價位, 是否可以將這個補回去,舊版是有的...  這帶給我很大的困擾... 也不知道怎樣才有辦法回到舊版畫面...",2019-08-02 09:28:12
凱基證券,Google 使用者,3,為何最近一直自動登出？,2019-07-31 20:13:25
凱基證券,Google 使用者,3,請修正[期權-平倉查詢] 進入結算的選擇權積效都未計入的問題，不然我每週三週選結算只要有進入結算，平倉積效都不對。,2019-07-31 07:59:51
凱基證券,Google 使用者,5,好用,2019-07-22 18:40:23
凱基證券,Google 使用者,2,更新後會發生閃退問題，請留意,2019-07-22 12:41:40
凱基證券,Google 使用者,2,可否開放舊版6.321.1194的... 新版超難用的  以前下單模式版本比較好用 新版太難用了,2019-07-19 13:44:30
凱基證券,Google 使用者,1,參與除權息後的成本會被跟著調降，導致未實現損益的金額落差很大，但是ios的app的未實現損益卻不會被更動，這個bug會導致買賣後的結果落差很大,2019-07-16 14:54:09
凱基證券,Google 使用者,1,爛炸了，無端被鎖密碼，不給買股票我就去別家買，爛系統,2019-07-15 18:10:37
凱基證券,Google 使用者,5,操作容易，頁面回應速度快。,2019-07-12 14:00:29
凱基證券,Google 使用者,5,很方便,2019-07-08 19:51:41
凱基證券,Google 使用者,1,為什麼權證的個股盤後裡的權證資料 權證到期日不見了，履約價也不見了！6/19反應的問題， 目前7/3號 消失的資料還是看不見！！,2019-07-03 11:04:46
凱基證券,Google 使用者,4,查詢已實現損益，無法選擇區間,2019-06-28 10:20:41
凱基證券,Google 使用者,1,不錯用的軟體但更新後瘋狂閃退,2019-06-28 09:44:39
凱基證券,Google 使用者,5,非常好用,2019-06-24 21:23:36
凱基證券,Google 使用者,3,請問走勢頁面下方的藍線可以在左列顯示數量嗎？舊版有，新版沒有，很不方便,2019-06-21 12:20:42
凱基證券,Google 使用者,2,沒辦法連線，進不去,2019-06-20 15:19:18
凱基證券,Google 使用者,1,asus m2安裝最新版 未登入跳出公告訊息返回後 取得系統設定檔 不斷閃退,2019-06-13 00:23:08
凱基證券,Google 使用者,4,大陸出差中，最近在對岸無法使用了,2019-06-12 11:36:36
凱基證券,Google 使用者,2,很多公司的當年度除權息資訊已經公布了，為何都不更新呢？,2019-06-11 14:07:24
凱基證券,Google 使用者,5,這幾天在大陸這邊都連不上，還要翻牆很麻煩,2019-06-10 08:49:58
凱基證券,Google 使用者,3,更新後 帳務查詢的 （歷史已實現損益）無法查詢上個月損益！年 月 日都無法調整！未更新前 可查詢到N年前的實現損益。,2019-06-06 18:20:04
凱基證券,Google 使用者,4,中國大陸地區，為何近兩天都無法連線上？,2019-06-05 02:13:08
凱基證券,Google 使用者,5,這三天總是顯示“已停止”，無法輸入帳號密碼就馬上閃退,2019-05-29 11:17:43
凱基證券,Google 使用者,1,"舊的下單輸入畫面可以看到目前即時報價, 新版本改版後就看不到了， 價位掌握很不及時。",2019-05-24 08:33:16
凱基證券,Google 使用者,1,一直閃退，爛死了,2019-05-21 11:48:52
凱基證券,Google 使用者,5,想請問App能在中國地區使用下單嗎謝謝,2019-05-13 17:08:00
凱基證券,Google 使用者,3,今天一直當機,2019-05-13 00:18:23
凱基證券,Google 使用者,5,我找不到 NYM原油 請問在那裡？,2019-05-10 00:17:41
凱基證券,Google 使用者,3,是否能改為到價通知的聲音能自行設定 不然他的通知聲音跟許多手機通知程式的聲音是一樣的 無法分辨識到價通知的聲音 是否能改為跟從前一樣 用藍牙耳機收聽報價 不用畫面開著可以關閉 現在的只要關閉30秒後就不會報價 跟之前不一樣很不方便 謝謝,2019-05-09 09:48:24
凱基證券,Google 使用者,3,"請開放自訂自選清單標題; 借券, 可考慮放主畫面 or 比照部份銀行的App. 開放自訂主畫面;首頁的美股/港股/陸股報價可以併在同一個圖示嗎？ 搜狗網/智慧選股/股神贏家也能併一起,首頁的訊息種類太零碎 不好使用",2019-05-01 07:26:07
凱基證券,Google 使用者,1,爛,2019-04-29 21:42:58
凱基證券,Google 使用者,1,用起來很lag,2019-04-26 11:49:12
凱基證券,Google 使用者,3,下载奇慢無比,2019-04-25 09:37:25
凱基證券,Google 使用者,4,請問可以在財經新聞板塊增加留言板塊嗎？可以針對每個新聞可以看到留言評論；另外財經新聞可以增加一個複製全文或開啟原文位址的按鈕嗎？會有將新聞儲存起來的需求，感謝。,2019-04-25 03:33:22
凱基證券,Google 使用者,5,好用,2019-04-24 20:12:44
凱基證券,Google 使用者,5,棒棒的,2019-04-22 20:16:14
凱基證券,Google 使用者,5,超級好用,2019-04-22 07:27:45
凱基證券,Google 使用者,4,方便又好用，值得推薦。,2019-04-17 10:32:38
凱基證券,Google 使用者,1,品質糟糕的可以，連線國外期貨長斷 建議要手機下單，別選凱基，會讓你錯過時機，非常糟糕,2019-04-17 00:01:48
凱基證券,Google 使用者,4,你好: 我的三星s10每次程式執行一半就閃退，根本無法進到帳號登入畫面，也無法下單，煩請你能趕快改善。,2019-04-13 23:05:19
凱基證券,Google 使用者,3,三星 閃退問題還沒解決嗎?,2019-04-13 14:38:22
凱基證券,Google 使用者,1,爛，非常的爛，非常不中立，非常不建議使用，技術指標，均价会忽大忽小，而且是故意放到最大的，每隔一段時間自己又会放大，权証篩選條件又价格正負故意混在一起讓不同价位权証混在一起，美國股市又特別故意延迟，是配合卷商一起來坑殺散户嗎？並且看到半 有時自己会退出App，如此会是好的程式？,2019-04-08 20:45:56
凱基證券,Google 使用者,4,不錯用,2019-04-05 12:08:43
凱基證券,Google 使用者,5,讚,2019-04-04 23:30:46
凱基證券,Google 使用者,3,為何不能查詢一個月以上的損益?,2019-04-04 23:28:57
凱基證券,Google 使用者,1,帳務查詢裡面欄位可不可以自行調整位置啊？ 每次都要交易時候都會按到無關緊要的欄位，希望能夠儘速調整，讓顧客能夠選擇自己想要的欄位放在最上面。,2019-04-03 17:05:16
凱基證券,Google 使用者,3,蠻不錯的看盤軟體，只是當時去凱基證券開戶，他旁邊的配合銀行是中國信託，結果在APP裡面要查詢銀行餘額時，顯示只有凱基銀行帳戶才能查餘額，感覺不是很方便,2019-04-03 16:38:38
凱基證券,Google 使用者,5,很好又即時的軟件,2019-04-02 23:03:49
凱基證券,Google 使用者,5,好用，不過常更新,2019-04-02 14:46:53
凱基證券,Google 使用者,4,技術面線圖資訊需再加強,2019-03-31 19:22:52
凱基證券,Google 使用者,4,建議「自選報價」能增加一個「自己命名群組」的功能，方便做資料的分類。,2019-03-31 16:33:55
凱基證券,Google 使用者,3,有沒有和中信亮點類似的功能，不然考慮轉換，中信出了一個強大的app呢,2019-03-30 16:47:54
凱基證券,Google 使用者,5,👍,2019-03-29 09:48:04
凱基證券,Google 使用者,4,好用,2019-03-27 09:34:02
凱基證券,Google 使用者,5,一(((9(,2019-03-23 14:05:34
凱基證券,Google 使用者,3,之前用藍牙耳機接收聽行情把螢幕關掉報價都不會斷訊 之前詢問過貴公司 說因為是為了要幫客戶節省網路費所以會自動斷訊 現在都上網吃到飽了 希望能把這個項目改正過來 跟之前一樣 用耳機聽行情 關掉螢幕也能一直播放不要停止 謝謝,2019-03-14 13:31:26
凱基證券,Google 使用者,3,外資持股的圖，個股線的級距有問題,2019-03-14 10:37:28
凱基證券,Google 使用者,5,Good,2019-03-08 20:29:08
凱基證券,Google 使用者,5,good,2019-03-01 22:30:05
凱基證券,Google 使用者,1,為什麼一直連線不到主機呢？我用的是zenfone,2019-02-26 13:27:33
凱基證券,Google 使用者,3,2/22 三星更新後就無法登入了…請問該怎麼解決，謝謝,2019-02-25 12:05:33
凱基證券,Google 使用者,5,🐷,2019-02-22 19:22:03
凱基證券,Google 使用者,5,請問 均線能增加 EMA嗎,2019-02-20 21:05:26
凱基證券,Google 使用者,4,三星手機更新問題，不知是否已解決，因為在公告上看不到提醒了！請問可以更新系統了嗎？另外國外的股市技術分析的交易量為何不能顯示?他網都有成交量的顯示。,2019-02-06 20:47:21
凱基證券,Google 使用者,3,之前可以用指紋辨識登入，但不知為何最近更新安裝APP後，原有的指紋辨識登入功能卻不見了？,2019-02-03 14:09:01
凱基證券,Google 使用者,2,為什麼這2天，我的網頁數字都沒在變動,2019-02-01 17:42:31
凱基證券,Google 使用者,5,有時候在自選欄位點擊自選股票時會閃退。,2019-01-30 09:18:04
凱基證券,Google 使用者,5,修正Samsung Note9升級Android 9，無法執行隨身營業員的問題，正確快速，讚😊,2019-01-23 07:57:56
凱基證券,Google 使用者,1,note 9不停閃退，損失多了...,2019-01-21 11:52:35
凱基證券,Google 使用者,2,note 9 升級9.0後閃退,2019-01-18 21:02:13
凱基證券,Google 使用者,1,note9升級9.0會閃退,2019-01-18 12:35:32
凱基證券,Google 使用者,2,Note 9 升級 Android 9.0版後閃退,2019-01-18 12:27:28
凱基證券,Google 使用者,3,note9更新android 9後 無法使用,2019-01-18 10:26:28
凱基證券,Google 使用者,3,NOTE9 Android P 無法使用,2019-01-18 09:28:59
凱基證券,Google 使用者,2,升級Android9後一直閃退！！！,2019-01-18 09:21:12
凱基證券,Google 使用者,3,NOTE9 android 9使用app會閃退！救命,2019-01-18 07:07:55
凱基證券,Google 使用者,5,已改善,2019-01-16 23:54:08
凱基證券,Google 使用者,5,不錯，很好,2019-01-16 21:57:25
凱基證券,Google 使用者,4,已更改評價為4星 因為仍然需要開放電話簿的隱藏。 如果可以更注重使用者的隱私會改成5星 希望只需位置權限就好或是都不需要開放任何權限，對於用戶來說更安全且更具隱私。 為什麼要開放權限(相片儲存空間以及電話簿權限)給凱基app才能使用！ 隱私失去保護！怒,2019-01-02 04:28:29
凱基證券,Google 使用者,5,請幫忙支援屏下指紋辯識 for Oppo R17 PRO,2018-12-28 14:02:22
凱基證券,Google 使用者,2,體驗不佳,2018-12-22 17:44:54
凱基證券,Google 使用者,2,是否可考慮自選股群組的自選報價股票上限從30放大一點，跟三竹股市一樣就好了。,2018-12-21 14:07:57
凱基證券,Google 使用者,1,更改後，很難盯盤，可否改回舊版,2018-12-21 10:19:49
凱基證券,Google 使用者,5,尚在了解中,2018-12-20 09:13:24
凱基證券,Google 使用者,5,操作簡便,2018-12-16 18:17:21
凱基證券,Google 使用者,2,時常當機。或是使用下單頁面後，返回首頁…會變黑畫面…再按返回鍵時，直接詢問是否要離開系統,2018-12-11 11:13:06
凱基證券,Google 使用者,1,密碼無法使用，被鎖，不好用,2018-12-02 08:48:46
凱基證券,Google 使用者,4,整體進步很多，個人評分從2星上升到4星，但是距離5星還有點空間，以下是我認為可以更好的部分： 1. 整體來說要查找個股期貨有點吃力，新增自選股的時候打入股號時，可以查出個股以及相關權證，但無法找出個股期貨。在主頁的期貨頁面打入股號也無法找到該個股的相關期貨。如果輸入股號可以同時查找出相關個股期貨，會方便不少。 2. 個股盤後的相關商品雖然有一個個月份的個股期貨，但是希望可以跟台指期一樣，有近月連續月和遠月連續月，這樣加入自選之後不用每次結算要手動更換。 3. 指標希望新增：當沖比率，借券餘額，借券賣出餘額，EMA。 4. 技術指標裡面的當沖量數據僅顯示資券互抵的資券沖，卻無法顯示目前市場最嚴重的個股當沖量，以國巨來舉例，11/17的資券當沖是86張，但是現股當沖是16085張，未來現股當沖數據的重要性是非常高的，希望數據部分可以充實。 這些如果能做好的話，可以把app品質往更上一層去推動，也更符合目前的市場生態，希望三竹可以繼續進步。,2018-11-17 16:11:49
凱基證券,Google 使用者,3,選擇權到結算日留倉在歷史平倉記錄查不到損益金額,2018-11-15 06:59:23
凱基證券,Google 使用者,3,請問為何沒隔日的預約單，這有遜到,2018-11-09 12:03:37
凱基證券,Google 使用者,1,點進台指期就閃退，害我得一直重登，是想逼我輸入密碼錯誤三次，空手不要玩嗎？,2018-10-31 22:02:56
凱基證券,Google 使用者,1,國際金融裡沒有美國道瓊指數的即時報價，也沒有標普500與納斯達克指數等即時報價，看盤真的很不方便！,2018-10-29 23:21:27
凱基證券,Google 使用者,1,歐元一直閃退，然後可以跟康和一樣採用11566.0而不是1.多的嗎？不然誰看得到k線的數值5，10，20，60，120，240ma,2018-10-21 19:47:29
凱基證券,Google 使用者,4,主力進出數據依據為何? 跟其他app的主力進出誤差很大,2018-10-17 00:33:38
凱基證券,Google 使用者,3,最近怎麼一直閃退,2018-10-13 11:45:34
凱基證券,Google 使用者,2,這兩天看盤很辛苦 昨天當到不行 今天走勢圖整個怪 只能看到昨天的 後來點進去才有 不過延遲了幾分鐘,2018-10-12 09:22:56
凱基證券,Google 使用者,1,美國股市能改回即時報價嗎？,2018-10-11 23:33:58
凱基證券,Google 使用者,1,今天 股市大跌我做了選擇權的賣方， 結算的時候我有三千多元直到現在都沒有匯入我的權利金。 用另外一 說法 要就是未平倉的損益。 你們結算方法是怎樣算的? 我sell call 的時候是21元. 結算18元。 不是應該會把1000元會入我的戶口嗎? 為什麼他幫我平倉只有一百元? 另外的950元去哪裏了? 另外我還有四倉 還沒有平倉的權利金都消失了。 你現在欠我三千多元 給你一星 是因為不給沒有辦法評論,2018-10-11 16:43:59
凱基證券,Google 使用者,2,一直顯示無法與伺服器連線，移除又重新下載還是一樣的問題，只有晚上股市沒交易時才能順利連上……都想換券商下單了,2018-10-04 10:43:08
凱基證券,Google 使用者,4,比較習慣之前版本的顯示方式，有辦法切換回去嗎？,2018-10-02 08:53:29
凱基證券,Google 使用者,1,一直閃退 爛死,2018-10-01 19:45:52
凱基證券,Google 使用者,3,希望加入零股即時資訊,2018-09-27 14:29:24
凱基證券,Google 使用者,3,網路明明很順暢，卻有時一直轉圈圈緩衝,2018-09-27 12:18:16
凱基證券,Google 使用者,1,更新後，自選報價一片空白,2018-09-21 08:26:09
凱基證券,Google 使用者,5,反應速度一流,2018-09-19 09:43:26
凱基證券,Google 使用者,2,無法登入，訊息顯示無此檔案或無法開啟(Ashare/FILES.txt),2018-09-17 18:56:26
凱基證券,Google 使用者,5,好棒,2018-09-10 15:49:54
凱基證券,Google 使用者,3,問一下? 美股的大盤即時看盤為何會延遲報價，以前還可以看到5-6種，現在連道瓊即時都沒有了……是我設定的問題?,2018-08-29 13:08:12
凱基證券,Google 使用者,1,為何我重安裝後小道瓊消失了,2018-08-28 21:31:21
凱基證券,Google 使用者,3,怎麼沒有小道瓊了？,2018-08-28 16:45:23
凱基證券,Google 使用者,2,國際指數裏的上海B，深圳AB能拿掉嗎？ 根本沒用。 原來的小道瓊很有用，現在不見了？,2018-08-24 10:15:13
凱基證券,Google 使用者,3,使用選擇權複式下單容易閃退 android,2018-08-24 09:07:59
凱基證券,Google 使用者,2,之前費半…等不見，今天連小道瓊都看不到了，是只有我這樣嗎？,2018-08-23 19:07:04
凱基證券,Google 使用者,1,警示設定都不會顯示..價位突破設定點，去檢視後發現警示設定少了一次,2018-08-23 10:39:50
凱基證券,Google 使用者,3,更新後很容易閃退 每次都要重新登入好麻煩,2018-08-22 18:57:12
凱基證券,Google 使用者,1,"K線技術分析圖:參數顯示值只到小數第二位，而海外貨幣期貨(歐元，日幣，英鎊，紐幣，澳幣，瑞士法朗，加幣)其計價單位都是小數第4或第5位，K線5分，15分，30分，60分..等中的5T,10T,20T,30T,60T,120T...等，其值只顯示至小數第2位，數字都相同，根本沒參考價值，舊版都顯示至第四位，那才是正常，請速改進! 
此問題已反應快3個月了，而且也向客服部技術人員反應過，至今還未改善，真是有過爛!",2018-08-18 19:02:25
凱基證券,Google 使用者,2,最新五檔不會即時更新，請改善，這樣對用戶影響很大。,2018-08-17 09:48:03
凱基證券,Google 使用者,3,雲端鷹眼通可以現股當沖嗎 找不到 現先賣選項,2018-08-13 19:54:34
凱基證券,Google 使用者,4,"請問,是否能將季線、半年線、年線加上?",2018-08-06 23:17:33
凱基證券,Google 使用者,4,感謝解答，希望主圖可以同時呈現多個指標,2018-08-02 16:48:33
凱基證券,Google 使用者,2,更新後一直當掉，還有設定的警示提示，一直都沒有，請問到底會有什麼提示?可以說明一下嗎,2018-07-31 09:39:23
凱基證券,Google 使用者,4,建議“離開”按鍵可以放在左上或左下，很容易在按“自選報價”時誤按,2018-07-26 11:42:57
凱基證券,Google 使用者,2,會出現黑屏當機能改善嗎～,2018-07-25 11:34:21
凱基證券,Google 使用者,5,Best for use,2018-07-21 20:30:24
凱基證券,Google 使用者,5,改版後，畫面流暢多了，下單設計很棒，用過其他家的手機軟體，在我覺得是排前二名，客服對答很有禮貌。,2018-07-18 09:53:31
凱基證券,Google 使用者,1,為什麼自選群組的名稱不能編輯啊？每個群組都叫做自選群組是要怎麼分辨啊？,2018-07-14 11:22:06
凱基證券,Google 使用者,1,無法取得帳號，快修好,2018-07-14 09:29:42
凱基證券,Google 使用者,1,"App開啟後，手機的Home鍵就失效了，跟手機廠商反應這問題，手機商說是App開發商的問題，已有多款手機發生這狀況，我的手機是ZenFone4 
pro，請問你們如何解決呢？",2018-07-12 12:20:09
凱基證券,Google 使用者,1,不穩定,2018-07-11 16:16:47
凱基證券,Google 使用者,5,很好,2018-07-10 16:59:02
凱基證券,Google 使用者,1,舊版本財務診斷評論比較詳細。有股東權益報酬率 資產報酬率 顯示新版本沒有。。如果能改善會更好,2018-07-09 22:02:20
凱基證券,Google 使用者,5,更新完就無法登入...,2018-07-09 18:26:09
凱基證券,Google 使用者,3,自選群組名稱不能更改,2018-07-09 11:26:05
凱基證券,Google 使用者,2,新版警示通知設定完後，條件符合時大部份不會產生通知，少部分會有延遲通知的現象。,2018-07-09 09:25:29
凱基證券,Google 使用者,1,要求權限太多了吧？,2018-07-06 09:44:44
凱基證券,Google 使用者,1,介面反應變鈍了 傻眼,2018-07-05 09:36:43
凱基證券,Google 使用者,3,改版後的財務診斷比之前的差，希望能改回來，用數據百分比顯示,2018-07-04 22:27:37
凱基證券,Google 使用者,1,一直閃退,2018-07-03 16:03:04
凱基證券,Google 使用者,1,你們網路下單快速和穩定度是所有大券商中最爛的，憑什麼收費那麼高只打六折，根本就只有小券商三折的水準,2018-07-02 13:09:15
凱基證券,Google 使用者,2,今天更新完閃退，只要查詢下單紀錄就會閃退，快改善，快改善，很困擾，我的手機是note8,2018-06-29 09:50:48
凱基證券,Google 使用者,1,新版非常難用，會delay，觸控不靈敏，建議不要更新，繼續用舊版，免得後悔！,2018-06-26 10:37:53
凱基證券,Google 使用者,3,請問費半指數怎麼不見了，如何拉到自選？台股跟費半連動性最大，如果拿掉費半…參考性就變少了,2018-06-21 18:26:21
凱基證券,Google 使用者,3,最近容易當機,2018-06-21 09:44:43
凱基證券,Google 使用者,2,常常閃退，反應慢！,2018-06-20 11:56:45
凱基證券,Google 使用者,1,更新後點擊速度有夠慢 完全無法掌握時機,2018-06-15 09:13:04
凱基證券,Google 使用者,1,新版常常需要重新登入方能使用，非常不便利,2018-06-13 23:45:20
凱基證券,Google 使用者,3,技術分析裡的資料更新頻率 選擇了不更新可是資料還是會自動的跳到最新 以至於要看往之前前的資料沒多久就會回到最後一筆成交的,2018-06-11 18:40:26
凱基證券,Google 使用者,1,新增和刪除自選的部分有問題，請儘速修正,2018-06-11 17:27:33
凱基證券,Google 使用者,1,請問這是改回舊版的嗎？因為我是從2017年11月28日開始用的，那時的名稱是新隨身營業員，操作很好用簡單快速方便，現在變成這種很不好用的,2018-06-09 11:37:00
凱基證券,Google 使用者,2,點買賣價無法帶同向或反向之買賣,2018-06-08 15:48:46
凱基證券,Google 使用者,3,更新後常覺得沒之前靈敏，還會閃退，怎麼沒有選擇舊的版本的按鈕，要是更新後變遭，起碼還能選擇原來的…,2018-06-07 12:50:16
凱基證券,Google 使用者,1,新改版後常常閃退。,2018-06-07 12:48:54
凱基證券,Google 使用者,2,新版超難用，操作不直覺，可以恢復舊版嗎？,2018-06-07 12:28:15
凱基證券,Google 使用者,1,需要太多不必要的存取權，非常怪,2018-06-06 08:57:22
凱基證券,Google 使用者,3,這次更新以後，明顯變慢，覺得app順暢度跟前一版有明顯差異！另外如果要離開直接按多工鍵劃掉，手機上頭狀態列仍會顯示凱基的app…覺得有點bug…變成說一定要返回按到底離開才是真正關掉app…越更新越退步…,2018-06-05 11:03:36
凱基證券,Google 使用者,5,終於改成跟三竹同樣的介面了，方便非常多！,2018-06-04 12:29:50
凱基證券,Google 使用者,5,雲端鷹眼通記住密碼沒作用，每次都要重新輸入,2018-06-04 11:47:51
凱基證券,Google 使用者,5,喜歡這次的改版,2018-06-04 10:02:51
凱基證券,Google 使用者,2,委託下單畫面最好加上即時的買賣量，有些功能還不錯但反應速度慢了點。,2018-06-02 17:35:04
凱基證券,Google 使用者,5,三竹承做的其他券商系統，即時明細中有首筆的功能，凱基沒有。 有簡易操作的觸價單，凱基沒有。 客服一級棒，立刻回應！,2018-06-02 09:04:46
凱基證券,Google 使用者,3,更新後反應速度變慢，盤後資訊的股息資料只到2016，另外也產生觸控反應慢半拍的狀況，影響下單速度。,2018-06-01 21:26:43
凱基證券,Google 使用者,2,改版後的股票庫存無法翻到第二頁...這個錯誤很煩人,2018-06-01 17:52:12
凱基證券,Google 使用者,3,請問一下我手機asus zf4 使用新版再背景執行時常會自己當掉 重新點開就是斷線的了 非常困擾，請問還有辦法還原成舊版嗎？,2018-06-01 01:27:24
凱基證券,Google 使用者,1,美股從原本即時變延遲，改版後變昨天收盤，資訊越來越慢，真可怕!網路免費即時資訊一堆，是要出付費版了嗎？,2018-05-31 16:11:21
凱基證券,Google 使用者,2,1.更新後用戶設定的參數全部不見 2.還原日線選擇之後 在切換到其他股票 又會跳回日線 非還原日線 3.整體反應速度變慢 請協助改善,2018-05-31 12:56:15
凱基證券,Google 使用者,1,一直閃退。是出什麼問題了,2018-05-31 10:01:04
凱基證券,Google 使用者,1,下面一排選項不見了 還要跳回,2018-05-31 08:59:04
凱基證券,Google 使用者,5,新版更方便看盤，很讚,2018-05-30 23:06:33
凱基證券,Google 使用者,5,希望能增除權息資訊各家一覽功能鍵，不用每家公司進入盤後找，也希望這軟體電腦安裝就能跑，小願望祝三竹開泰鴻圖大展。,2018-05-28 23:37:02
凱基證券,Google 使用者,1,新版的畫面好亂，能否恢復成舊版的?並非每個人都喜歡新版,2018-05-28 22:58:38
凱基證券,Google 使用者,3,更新後一直閃退？,2018-05-28 09:43:39
凱基證券,Google 使用者,4,如果有像電腦版智慧觸價閃電下單，下單刪單改價快速，停損停利設好可以結省盤中一直盯盤的不便性，及技術線圖畫線，可以清楚盤型走勢變化,2018-05-26 14:22:57
凱基證券,Google 使用者,1,會閃退還要重打密碼超麻煩，還是舊的用比較上手，新的畫面好亂,2018-05-26 01:59:04
凱基證券,Google 使用者,3,終於變好一點。,2018-05-25 09:59:27
凱基證券,Google 使用者,5,最新版面超讚啦！畫面清楚超愛的！感謝工程師感謝！！！,2018-05-25 09:08:17
凱基證券,Google 使用者,3,看期貨庫存就閃退，股票庫存就正常,2018-05-25 00:31:04
凱基證券,Google 使用者,5,改版後介面更方便了,2018-05-24 23:26:48
凱基證券,Google 使用者,1,"登入畫面請多一個選項,密碼儲存勾選像帳戶一樣,已利快速登入,謝謝",2018-05-13 15:15:38
凱基證券,Google 使用者,3,有個問題，為什麼朋友用三竹app看到的新聞，跟我用卷商app看到的新聞會不同，一樣是三竹提供的，例如新日興的股利用卷商的就看不到，但三竹本身的卻可以，請問是什麼原因,2018-05-03 15:07:16
凱基證券,Google 使用者,1,今天我才發現日月光暫停交易！為什麼昨天下單買進權證時不提示一下？還要我上網查才知道為什麼暫停交易 真的是被你們害死了,2018-04-30 09:29:53
凱基證券,Google 使用者,3,技術分析可以增加累積價量圖嗎？還有國際報價美股部份何時可以回復?,2018-04-29 23:22:48
凱基證券,Google 使用者,5,很好'、尤其 狐狗選股,2018-04-16 04:14:25
凱基證券,Google 使用者,5,很好用的看盤軟件,2018-04-05 00:16:46
凱基證券,Google 使用者,1,國際報價何時恢復正常？全台灣就三竹有這個問題！連個報價資訊源都搞不要，還好意思上興櫃？爛透了！老闆想省錢也不是這樣吧！,2018-04-05 00:10:05
凱基證券,Google 使用者,3,為何不能像 日盛一樣新介面能左右滑動看個股字資訊,2018-03-31 15:02:45
凱基證券,Google 使用者,3,之前用藍牙耳機聽語音報價 時 電話來時都會自動消失聲音 現在版本的都不會 造成聽電話時也在報價 都聽不清楚電話內容,2018-03-27 09:14:29
凱基證券,Google 使用者,5,易學易懂,2018-03-23 10:17:24
凱基證券,Google 使用者,4,抱歉，那是上次的留言，這次改四星是因為沒有再出錯了,2018-03-20 19:07:33
凱基證券,Google 使用者,1,凱基專區進不去、帳號管理新增帳號會一直顯示密碼錯誤,2018-03-18 21:44:23
凱基證券,Google 使用者,1,請問為何NASDAQ、S&P500、費城半導体三種指數均不見了？,2018-03-14 21:59:46
凱基證券,Google 使用者,3,"希望能增加“智慧多功能下單”，例如：想買立凱20,就用智慧單先設定好，系統會每天幫你掛單，直到成交為止！",2018-03-14 16:23:06
凱基證券,Google 使用者,2,費半跟s&p莫名就不見了  這樣怎麼看盤,2018-03-14 14:11:07
凱基證券,Google 使用者,2,美股四大指數，一口氣不見三個，這玩笑也開太大了吧！,2018-03-14 02:47:51
凱基證券,Google 使用者,1,又延遲，費半又不見了，要命！,2018-03-14 00:00:55
凱基證券,Google 使用者,1,之前很Okㄉ 但現在亂改報價內容 不是延遲 就是消失 S&P 費半 那達 都不見了 到底要怎麼看盤,2018-03-13 22:51:48
凱基證券,Google 使用者,2,為什麼費半 那斯達克 S&P都看不到了  英國指數也看不到？,2018-03-13 22:44:45
凱基證券,Google 使用者,5,建議增加委託金額統計，以便快速知道委託買進金額是多少，不須要人工計算，避免委託買進金額超出財務預算而違約交割。謝謝您們。,2018-03-12 19:37:12
凱基證券,Google 使用者,2,最近一直出現閃退？導致一直在重新登入。變得好麻煩，有點困擾，請協助改善，謝謝,2018-03-07 13:16:18
凱基證券,Google 使用者,5,真的随身携带方便,2018-03-06 00:14:52
凱基證券,Google 使用者,2,一般自選股在技術分析頁面下用滑動就能切換個股，為何熱門分析漲幅排行技術分析下就不行，要跳出來選下一個很不方便，另外在智慧選股也有相同問題請改善,2018-02-27 16:32:44
凱基證券,Google 使用者,3,換成zenfone4之後，申購股票的畫面一直都亂碼，之前舊的手機不會，請幫忙解決,2018-01-29 16:26:23
凱基證券,Google 使用者,1,維護後一堆問題，下單跟現先買的損益一堆小問題，整個不順!,2018-01-22 13:14:05
凱基證券,Google 使用者,1,常常故障不能下單虧損誰要負責,2018-01-22 09:56:11
凱基證券,Google 使用者,2,今天一直通訊失敗，明明點了賣出，結果它竟然給我買進了？！不知道這樣對客戶影響很大嗎？？,2018-01-22 09:40:17
凱基證券,Google 使用者,1,開盤就當 害我把手機砸了 爛爆,2018-01-22 09:35:52
凱基證券,Google 使用者,1,大當機，一開盤就無法買賣及無法查帳戶資料,2018-01-22 09:21:54
凱基證券,Google 使用者,1,無法下單 出現通訊失敗...昏倒,2018-01-22 09:15:54
凱基證券,Google 使用者,2,一直通訊失敗,2018-01-22 09:15:51
凱基證券,Google 使用者,1,程式無法下單    通訊失敗到底是怎樣,2018-01-22 09:15:41
凱基證券,Google 使用者,1,程式無法下單 出現通訊失敗 這程式是怎樣越更新越爛,2018-01-22 09:02:55
凱基證券,Google 使用者,3,無此檔案或無法開啟(AShare/files.txt) 為何會這樣無法進入,2018-01-19 11:05:48
凱基證券,Google 使用者,1,點帳戶查詢變海期，害我查不到股票。,2017-12-27 12:19:51
凱基證券,Google 使用者,4,還不錯,2017-12-23 15:05:06
凱基證券,Google 使用者,5,希望能增加修改客戶基本資料的功能，免得改資料要親自跑到證券公司去。,2017-12-22 02:10:31
凱基證券,Google 使用者,3,如果可以增加帳戶餘額會更好~ 這樣我就不用下載2個app 了,2017-11-27 11:24:45
凱基證券,Google 使用者,5,非常棒的下單軟體,2017-11-27 11:02:42
凱基證券,Google 使用者,1,"最近日經即時走勢跟K線對不起來,美股大盤在跑了走勢圖卻沒在動,已經請券商反應多次了",2017-11-24 22:56:47
凱基證券,Google 使用者,2,海期對帳單 損益不能查 跟ios版本app差異性大,2017-11-15 16:56:11
凱基證券,Google 使用者,4,自選名稱應要可自行更改,2017-11-14 21:14:16
凱基證券,Google 使用者,1,越改越爛...現在出現網路連不上,2017-11-06 09:32:46
凱基證券,Google 使用者,2,一直無法更新成功，一直重複退出app,2017-11-01 00:13:25
凱基證券,Google 使用者,2,技術分析轉成橫向螢幕時，馬上閃退？沒改善,2017-10-19 22:48:05
凱基證券,Google 使用者,5,自選群組一二三四五，可以改成自行取名嗎？這樣找股比較快也會方便,2017-10-18 14:20:13
凱基證券,Google 使用者,3,"(1).技術線型可否提供""還原日線圖""的選項呢？ (2).雲端鷹眼通 -> 監控設定 -> 設定好確認後，都要輸入密碼，勾選儲存密碼無效，請幫忙修正，謝謝!!! (3).個股期貨沒有近月的選項，每個月都要一直更新自選股，蠻不友善的，請幫忙加入，謝謝!!",2017-10-14 06:20:52
凱基證券,Google 使用者,3,期貨可否增加停損功能 群益的三竹有 凱基的沒有,2017-09-29 13:34:23
凱基證券,Google 使用者,5,現在使用wifi 就連不上。為何呢？,2017-09-27 13:40:06
凱基證券,Google 使用者,3,期貨的平倉總損益記錄，如果週期設定1/1至今，金額是錯誤的，它只能結算最多十頁的損益加總，例如第十頁也許只算到7/22…單月加總則是正常的，雙月以上加總則是要看有沒有超過十頁，無法正確計算出投資人想要知道的週期！,2017-09-24 09:46:40
凱基證券,Google 使用者,5,太棒了！,2017-09-20 23:31:41
凱基證券,Google 使用者,2,個股技術分析能否增加籌碼的圖表，像是融資券，三大法人的 謝謝,2017-09-10 14:43:33
凱基證券,Google 使用者,3,個股新聞無法即時更新，奇摩股市都找到8月更新新聞了，可是APP新聞都還在7月!,2017-08-29 14:57:16
凱基證券,Google 使用者,3,自選股同步下載跟伺服器的不一樣…,2017-08-17 17:26:22
凱基證券,Google 使用者,4,請問app中帳務查詢裡面的帳號管理，明明應該可以多帳號管理才對啊，可是點加入帳號，卻只能key帳號，不能打密碼，造成錯誤，一銀證卷的移動贏家一樣的功能卻能使用，煩請修正,2017-08-17 08:10:59
凱基證券,Google 使用者,5,非常好用但是希望能像富邦的app有比較的多的指標,2017-08-16 21:32:32
凱基證券,Google 使用者,5,技術分係不能看籌碼面  希望改善,2017-08-16 02:48:55
凱基證券,Google 使用者,4,為何無法重下載,2017-08-10 12:35:26
凱基證券,Google 使用者,2,一樣是三竹資訊為什麼裡面的資料會不一樣,2017-08-09 20:20:49
凱基證券,Google 使用者,5,很好用，用的很習慣!可增加帳戶餘額查詢嗎？,2017-08-07 15:25:45
凱基證券,Google 使用者,1,密碼只能10碼，還要英文加數字會不會太短，至少到15碼吧,2017-08-01 00:09:32
凱基證券,Google 使用者,5,想請問到大陸出差，可以在當地用當地sim卡以及網路連上隨身營業員下單嗎？,2017-07-29 21:27:26
凱基證券,Google 使用者,5,黃昭翰,2017-07-28 06:30:51
凱基證券,Google 使用者,4,您好，今日無法登入，打完帳號密碼會出現通訊錯誤訊息，麻煩處理，謝謝,2017-07-19 13:50:22
凱基證券,Google 使用者,1,老卡住。,2017-07-18 21:44:47
凱基證券,Google 使用者,5,字型大小設定.,2017-07-18 13:25:53
凱基證券,Google 使用者,5,安卓版建議也將指紋解鎖功能加入會更方便  讚喔～反應不久之後就解決使用者的問題與建議,2017-07-15 05:06:03
凱基證券,Google 使用者,4,之前版本在個股旁邊都有圖示顯示目前在開盤價之上或開盤價之下，現在都沒有，可以顯示嗎,2017-07-13 13:36:22
凱基證券,Google 使用者,3,請增加個股的基本資料，例如公司營運項目，公司首頁連結，負責人，除息權日，歷年現金股利等等。要查這些資料竟然還要去查其他的網站或app。真的是又怪又不方便。,2017-07-13 13:35:19
凱基證券,Google 使用者,4,可否增加技術指標：寶塔線 增加外資/投信/自營商/法人買賣超， 因為元大寶來點精靈都有這些功能，請增加，，謝謝,2017-07-10 14:22:49
凱基證券,Google 使用者,5,終於支援指紋了,2017-07-10 12:39:35
凱基證券,Google 使用者,1,合庫金的個股新聞寫6/21除權息    是哪來的新聞   根本虎爛     爛app  害人操作失誤,2017-07-10 12:28:20
凱基證券,Google 使用者,4,你好： 帳務查詢→委托回報/庫存查詢/未實現損益/己實現損益……等。懇請由20筆一頁改為多筆不跳頁，或者100筆一頁，以免除按下頁鍵的不方便。 謝謝。,2017-07-10 00:54:29
凱基證券,Google 使用者,3,每次在設定雲端鷹眼通的時候，都會重新載入一次商品資訊，常常很浪費時間，跟不上期貨變化的速度，可否不要每次要設定一次都重新載入一次？,2017-07-07 13:21:55
凱基證券,Google 使用者,2,今天上證相關指數一直有問題，請趕快改善,2017-07-04 10:17:06
凱基證券,Google 使用者,1,資料讀取中，變得更久。甚至過不了畫面。,2017-06-26 09:15:59
凱基證券,Google 使用者,3,有唐安契通道?,2017-06-16 00:30:57
凱基證券,Google 使用者,1,你們選擇權，一分K嚴重延遲何時要處理，說要處理已經快一個月，難到要處理我們到畢業嗎？是不是你們獨佔市場，覺得手機版沒關系，就放著爛，如果是電腦版你們會這樣嗎，難到你們風評差，也不會改善，，，繼需放著，回一樣的話，我會請工程師處理,2017-06-09 08:45:20
凱基證券,Google 使用者,4,IOS版有指紋辨識登入，android版有開發計畫嗎？,2017-06-06 23:54:02
凱基證券,Google 使用者,3,超級大三元比較好用,2017-06-06 00:48:40
凱基證券,Google 使用者,5,請問價位全部變成黑字，要怎麼恢復,2017-06-04 17:41:48
凱基證券,Google 使用者,3,想請問為何iphone 版本與安卓系統同一軟體，介面卻完全不同，可以調整嗎？,2017-05-30 14:22:03
凱基證券,Google 使用者,3,希望所有商品名稱都能一併顯示該代號，省去查詢之時間，如在自選報價、技術分析、帳務查詢等等之頁面。,2017-05-26 01:33:35
凱基證券,Google 使用者,1,即時線圖很難看，請改回好嗎，或讓客戶自行選擇,2017-05-25 12:30:41
凱基證券,Google 使用者,4,請問什麼時候有iphone的指紋登入功能,2017-05-25 08:06:46
凱基證券,Google 使用者,1,爛透  更改即時線圖的圖示  想過使用者的感受嗎？ 還強制更換   我已經找到別間有舊版的了了,2017-05-24 08:40:12
凱基證券,Google 使用者,1,可以提供選項讓使用者自己決定即時線型是紅色或黃色嗎？你們認為目前紅色是不錯的，但很多人還是要看之前黃色的線型。雖然改版後顏色變深了，但還是辨識度不好。,2017-05-20 18:34:31
凱基證券,Google 使用者,2,請問登入的時候可以增加用指紋驗證嗎,2017-05-20 17:04:08
凱基證券,Google 使用者,1,怎麼还是不改回原來版本，不懂股票亂改，反映了也还是不聽,2017-05-19 14:08:16
凱基證券,Google 使用者,1,現在到底在幹嘛？又連不上系統了....失望耶,2017-05-19 10:45:22
凱基證券,Google 使用者,2,請問為何又連不上系統了…,2017-05-19 10:41:10
凱基證券,Google 使用者,5,請問改版後，盤後資料點進去，整個黑屏，這正常嗎？,2017-05-19 05:26:46
凱基證券,Google 使用者,5,有修正之後就好用了。   讚！,2017-05-19 00:38:36
凱基證券,Google 使用者,3,"有夠爛,即時線圖改版都看不清漲跌停,趕快改回來",2017-05-18 13:26:49
凱基證券,Google 使用者,1,跟永豐金同一時間改成這個鳥樣，你們這樣亂改到底是誰在做主的，嫌客戶太多嗎？改的人自己有在看嗎，還是以為這是小學生作品只要鮮豔跟波動很大就好了？,2017-05-18 12:29:21
凱基證券,Google 使用者,2,1.如其他意見，即時線圖的修改是負面的； 2.請問日股的複委託操作是否有規劃？期待很久了。,2017-05-18 10:09:20
凱基證券,Google 使用者,1,既時線圖漲停跌停價不見，請復原。,2017-05-18 00:27:45
凱基證券,Google 使用者,1,改版後即使線圖根本完全無法判斷，難用，對於只用手機交易的，在不改要換券商了。,2017-05-17 21:22:46
凱基證券,Google 使用者,2,盤後資料無法使用，還有眾多的Bug.,2017-05-17 12:41:34
凱基證券,Google 使用者,1,可不可以改回原本的即時線圖，新版有夠爛看不懂，氣死人，打電話去凱基抗議了。,2017-05-17 11:19:25
凱基證券,Google 使用者,1,爆爛的即時線圖，根本看不到價位，請更新，暫時不用貴公司的下單軟體，直到貴公司更新完成後,2017-05-17 10:09:50
凱基證券,Google 使用者,1,盤中即時線圖顏色太不清楚 已經影響交易判斷 請速改回,2017-05-17 01:27:51
凱基證券,Google 使用者,1,即時線圖是要看到老花,2017-05-17 01:00:04
凱基證券,Google 使用者,2,原來是江波圖改，真的是看不清楚   我還以為中毒,2017-05-16 22:56:24
凱基證券,Google 使用者,1,很爛的即時線形，對操作會有誤判的情況。麻煩請趕快改回。,2017-05-16 20:07:43
凱基證券,Google 使用者,4,有找到了,2017-05-16 18:57:22
凱基證券,Google 使用者,2,即時線圖太難看了，原版明顯較佳，且有漲跌停限較清楚有感！,2017-05-16 11:17:01
凱基證券,Google 使用者,1,搞什麼啊！盤中即時線圖這麼難辨識！自以為是的,2017-05-16 09:55:42
凱基證券,Google 使用者,1,變難用了 請改回來上一版,2017-05-16 09:40:12
凱基證券,Google 使用者,1,新版本超級難用..能改回原來的版本嗎  即時線圖這樣子是能看嗎,2017-05-16 09:30:58
凱基證券,Google 使用者,1,改版後的即時線圖看不清楚，很容易錯過重要時效，必須立刻改回！,2017-05-16 09:10:22
凱基證券,Google 使用者,1,改版後即時線圖不清楚，請改回原來的,2017-05-15 23:08:14
凱基證券,Google 使用者,4,為什麼盤後交易沒顯示行情,2017-05-15 22:32:21
凱基證券,Google 使用者,1,即時線圖改這樣超爛，是要怎麼看，快改回原來的樣子啦，哪個白痴工程師用的，快點改，一堆人都在不爽了，大家都反應這個問題!,2017-05-15 21:51:25
凱基證券,Google 使用者,3,請問更新完亂七八糟的即時線圖，要如何改回原來的模式？？,2017-05-15 20:50:26
凱基證券,Google 使用者,2,既時線圖怎麼設定成原來的樣式？且也沒有漲跌停數值,2017-05-15 13:19:34
凱基證券,Google 使用者,2,電子投票介面改版後超難用，為什麼要改版，舊的還比較流暢,2017-05-15 12:36:38
凱基證券,Google 使用者,5,5/9日更新後，自選股列表的當日K線圖案不見了，可否當沖的顯示也不見了，可否恢復呢？,2017-05-10 10:14:39
凱基證券,Google 使用者,4,最近使用智慧手錶(Sony smart watch 3)通知訊息都無法顯示文字內容，之前是OK的，請問是否可修正,2017-05-09 12:17:27
凱基證券,Google 使用者,4,0508開始 韓國股市不會跳動???為何,2017-05-09 08:06:17
凱基證券,Google 使用者,5,為什麼沒辦法看別的線圖，如macd,2017-05-05 20:08:33
凱基證券,Google 使用者,4,可以麻煩搜尋股票的時候 有股票期貨的可以把近月股票期貨給加進去嗎,2017-04-08 20:20:33
凱基證券,Google 使用者,1,台灣最爛的股票軟體,2017-04-04 00:17:04
凱基證券,Google 使用者,4,不錯用,2017-04-03 21:04:26
凱基證券,Google 使用者,1,"交易後要改價，要跳出原介面，去找委託介面後，要改多少價時又想知道目前走勢，又要跳回原畫面，這樣一來一回差了多少tick,這樣耍人的軟體，我只能感到憤怒",2017-03-31 12:28:57
凱基證券,Google 使用者,4,設定的雲端鷹眼通   為何在一般行動網路4G連線時不會通知  但是在無線網路的連線就會通知  請問是哪裡設定的問題？手機是Sony Xperia C4,2017-03-29 20:31:42
凱基證券,Google 使用者,4,很清楚,2017-03-27 16:23:56
凱基證券,Google 使用者,2,輸入按鈕一直被遮住，請問如何登入,2017-03-14 11:00:51
凱基證券,Google 使用者,3,凱基銀行專區  老是點不開是那樣?,2017-03-09 09:57:11
凱基證券,Google 使用者,1,海外期貨不會動……3/6  七點……又當機了是嗎,2017-03-06 07:17:45
凱基證券,Google 使用者,1,為什麼我下載後會登不進去,2017-03-01 22:03:20
凱基證券,Google 使用者,2,更新後進入的畫面一直有問題，可以打帳號與密碼，但輸入按鈕被遮住，無法拉出來，造成一直不能順利登入，同一支手機以前沒這問題的,2017-03-01 16:46:58
凱基證券,Google 使用者,3,財報更新要快，外資買賣量線行圖等等可以都放進來，看股票即時線圖讓用戶更能用到大三元資源，你們的軟體就更完美。,2017-02-28 20:22:31
凱基證券,Google 使用者,3,內盤外盤的資訊很多都是錯的，希望能改善。,2017-02-24 13:39:18
凱基證券,Google 使用者,5,希望能放寬群組5組限制或增加。,2017-02-24 08:25:20
凱基證券,Google 使用者,2,為何我登入後。沒有登出。一直會自己登出一直輸入密碼,2017-02-22 16:30:39
凱基證券,Google 使用者,3,目前凱基專區無法使用，不能更新憑證  更新: 已經正常了，謝謝,2017-02-21 17:40:37
凱基證券,Google 使用者,1,個股的警示設定不會通知,2017-02-15 00:51:47
凱基證券,Google 使用者,2,"能否提供舊版下載,謝謝",2017-02-14 11:00:18
凱基證券,Google 使用者,5,完全能滿足我需求,2017-02-13 10:09:14
凱基證券,Google 使用者,2,新增自選為啥那介面沒有新增期貨部分.....找期貨我還要自己進去點.....期貨還要換倉股票不用....阿如果我標的多一點我整天換就飽了...,2017-02-10 15:13:55
凱基證券,Google 使用者,1,進不去，一直閃退,2017-02-02 10:13:23
凱基證券,Google 使用者,1,這版本太老舊了吧！股期沒有搜尋功能，哪時才會更新成三竹的新版？,2017-01-24 16:55:11
凱基證券,Google 使用者,3,1.應放寬五組群組及每組30筆的限制. 2.現有產業及集團類股資料應定期更，許多新上市公司資料都久未更新至分類中。,2017-01-16 12:35:50
凱基證券,Google 使用者,4,"國際金融中是否能加入BDI,BCI等航運指數",2017-01-12 10:46:10
凱基證券,Google 使用者,1,最基本的日股都沒有！到底什麼時候才會改善！！,2017-01-12 06:40:20
凱基證券,Google 使用者,2,更新過後個股漲跌顏色都沒有顯示出來只有數字顯示，跟之前相比想快速看出漲幅狀況很費眼力，還是說有設定是可以調整的？？,2017-01-09 10:30:14
凱基證券,Google 使用者,3,沒有均線，可否設均線？,2017-01-05 19:28:09
凱基證券,Google 使用者,1,登入畫面無法翻轉，建議調成可以翻轉,2017-01-02 15:22:59
凱基證券,Google 使用者,2,"期貨那邊。尤其是股票期貨，希望能參考""日盛走著瞧""有能搜尋股票期貨的功能，這樣查找，比較快。3Q",2016-12-29 00:02:38
凱基證券,Google 使用者,1,非常的爛,2016-12-28 21:17:02
凱基證券,Google 使用者,2,更新新的版本後，滑動觀看股價時，個股會有跌在一起模糊的狀況出現，麻煩幫忙協助解決😂,2016-12-21 09:28:56
凱基證券,Google 使用者,4,系統發佈公告迄今已經超過三個月，有沒有可以期待的時間表?                   等到了，讚!,2016-12-20 21:41:50
凱基證券,Google 使用者,3,安卓版本，何時會更新到可用指紋認證登入?每次都要按密碼，很麻煩。,2016-12-13 23:30:46
凱基證券,Google 使用者,1,無指紋辨識,2016-12-13 16:38:34
凱基證券,Google 使用者,1,何時要更新檔 ？？？？？,2016-12-11 18:35:14
凱基證券,Google 使用者,5,棒極了 穩定 快速,2016-12-11 13:41:45
凱基證券,Google 使用者,3,如題,2016-11-24 16:35:32
凱基證券,Google 使用者,4,公告訊息點選後不會出現內容，請問怎麼處理?,2016-11-24 09:22:17
凱基證券,Google 使用者,1,超爛  波動一來就當機  賺錢就連線逾時  登三次   時機都過了  賠錢誰要負責,2016-11-18 23:17:10
凱基證券,Google 使用者,1,幾個月了，有沒有這麼扯啊！無言，客戶還要不要啊！,2016-11-17 20:51:22
凱基證券,Google 使用者,4,可否顯示小羅素指數期貨報價交易功能?,2016-11-16 13:43:00
凱基證券,Google 使用者,2,並不是每張股票都是10元以上，建議可以設定小數點第二位，比較實用,2016-11-15 10:13:16
凱基證券,Google 使用者,1,實在是等太久了…,2016-11-02 10:08:42
凱基證券,Google 使用者,1,9／29的回覆是當週可以使用，現在都10／18了，你們到底是要更新了沒？其他證券商一樣都是三竹製作都更新兩次了，請問到底有沒有在處理！？,2016-10-18 16:51:34
凱基證券,Google 使用者,3,我的手機在安裝的時候，都會顯示無法安裝應用程式，錯誤代碼504 這有辦法解決嗎,2016-10-18 10:10:38
凱基證券,Google 使用者,5,"很順手。但是在帳戶選項內有(新增使用者)點選後只有""身分證輸入""並無密碼欄位，按確認後卻出現""密碼錯誤""，是否不能像桌機一樣登入兩個以上帳戶?",2016-10-18 00:01:38
凱基證券,Google 使用者,3,Android 7都出現快一個月了，還沒有支援？請問有時間表嗎？,2016-10-11 18:07:32
凱基證券,Google 使用者,1,㑹不㑹太誇張。今天跟瞎子沒兩樣！,2016-10-05 15:19:17
凱基證券,Google 使用者,1,App掛掉了。無法登入.....,2016-10-05 13:07:53
凱基證券,Google 使用者,3,"如題，手機為Asus,z008d,",2016-10-01 22:36:11
凱基證券,Google 使用者,2,滑動上下看股市時會有問題  訊息會重疊  請盡快修復     只有這軟體會有問題  手機是OK 的,2016-10-01 16:16:57
凱基證券,Google 使用者,3,希望期貨部分也能有對帳單，可以看出手續費及交易稅和扣除後淨額,2016-09-21 14:10:02
凱基證券,Google 使用者,4,能不能同時顯示多種主圖指標而不用一直切換呢？,2016-09-21 11:15:28
凱基證券,Google 使用者,1,點進去馬上閃退，試好幾次都這樣，請改善。,2016-09-19 10:33:14
凱基證券,Google 使用者,1,"想申請電子對帳單，結果 ""凱基專區"" 點下去根本沒有畫面!!!",2016-09-17 16:17:07
凱基證券,Google 使用者,1,請問什麼時候更新。,2016-09-16 17:08:21
凱基證券,Google 使用者,1,帳號設定 新增第二帳號 按登入會顯示密碼錯誤,2016-09-11 16:49:57
凱基證券,Google 使用者,2,帳號設定那邊 無法新增第二帳號  輸入完身分證號按登入會顯示密碼錯誤,2016-09-10 15:23:33
凱基證券,Google 使用者,1,１、是否可增加長乖離線與短乖離線２、畫面會不定時閃退,2016-09-10 09:37:16
凱基證券,Google 使用者,2,不能下載，憑證也一直錯誤,2016-09-01 16:21:41
凱基證券,Google 使用者,4,"希望能編輯""自選群組""的標題與增添備註功能",2016-08-29 19:03:04
凱基證券,Google 使用者,1,不關三竹的事  大家都知一大堆問題  別家也是三竹的  都不會有問題  唯獨凱基,2016-08-16 21:51:50
凱基證券,Google 使用者,4,進入盤後資料後資料都沒辦法顯示，而同樣是三竹資訊的股市app卻無這樣的情況，請工程師幫忙解決，謝謝,2016-08-16 18:26:57
凱基證券,Google 使用者,4,希望加入有三竹雙視窗功能,2016-08-12 23:01:23
凱基證券,Google 使用者,4,請問未實現損益→成本，可以看配息狀態嗎？電腦版的可以看到歷年配息,2016-08-10 11:44:29
凱基證券,Google 使用者,1,容易造成閃退，已回報數次卻無改善，已考慮換別家,2016-08-08 13:07:34
凱基證券,Google 使用者,3,請問先豐已除息，為什麼我的庫存價位沒更新，還保留原來買價?,2016-08-05 23:20:45
凱基證券,Google 使用者,2,很久沒更新了 太久了吧！ 雲端鷹眼通密碼無法儲存,2016-08-05 00:36:42
凱基證券,Google 使用者,3,請問這版本還沒有新增new看盤模式?還有我的警示都沒跳出來過。。（成交或下單),2016-08-04 22:26:59
凱基證券,Google 使用者,5,重新下載後正常了,2016-08-04 19:37:00
凱基證券,Google 使用者,2,時不時的斷線，最近更嚴重，只要看其他APP，就被登出了！,2016-08-03 11:09:14
凱基證券,Google 使用者,3,期貨指數是不是可以改回以前在技術分析頁面的下方可以選擇委託下單，不然每次都要跳出頁面再去下單，真的非常不方便,2016-07-29 14:20:10
凱基證券,Google 使用者,3,凱基專區不能連線,2016-07-29 09:29:36
凱基證券,Google 使用者,2,期貨權利數的欄位資料有誤，例如未平倉金額，請儘速更正程式,2016-07-21 07:12:02
凱基證券,Google 使用者,2,同是三竹為何台銀證就快很多?,2016-07-15 12:22:26
凱基證券,Google 使用者,1,更新後 每登錄不到10分鐘就段線，麻煩改善一下好嗎？,2016-07-14 22:54:16
凱基證券,Google 使用者,2,最近系統很不穩，在盤中跳上一頁或是切換看其他資訊的時候，螢幕常常整個變黑色的，根本沒法看，或是突然斷線，請盡快改進!,2016-07-11 22:18:39
凱基證券,Google 使用者,5,程式越來越方便好用，建議新增停損掛價功能,2016-07-06 00:58:18
凱基證券,Google 使用者,1,電腦憑證沒辦法自動下載，第一麻煩，手機電腦登入整天要輸入密碼第二麻煩，別間都沒這個困擾，自動安裝憑證，看來是該換證卷公司了,2016-07-04 23:46:40
凱基證券,Google 使用者,3,Android wear不能用,2016-07-02 19:56:37
凱基證券,Google 使用者,1,分不清買賣盤，很爛．,2016-07-01 19:57:03
凱基證券,Google 使用者,2,點還原日線和周線都沒數據，線圖出不來搞啥啊,2016-06-30 10:59:08
凱基證券,Google 使用者,4,期權平倉損益不能加總一下嗎？,2016-06-29 22:31:50
凱基證券,Google 使用者,2,週末不用關心股市?星期一怎麼操作?,2016-06-26 15:47:24
凱基證券,Google 使用者,4,"""帳務查詢-> 證券-庫存查詢""目前還無法看到被借出的券，請盡快將此功能上線，不然有幾張股票都忘了。",2016-06-23 11:03:26
凱基證券,Google 使用者,3,為什麼凱基承銷申購是否中籤需要到中午12點才秀出來，其它證卷10點就知道是否已中籤了,2016-06-22 21:25:58
凱基證券,Google 使用者,1,之前還可以用，後來就打不開了,2016-06-20 10:07:52
凱基證券,Google 使用者,3,經常斷線!要從新輸入，是否能改善,2016-06-20 01:33:07
凱基證券,Google 使用者,3,我的憑證將於下個月到期，請問如何更新憑證？直接刪除現有憑證然後申請新的嗎？,2016-06-13 18:14:43
凱基證券,Google 使用者,1,請改善，htc手機,2016-06-08 10:59:13
凱基證券,Google 使用者,2,盤中在期貨【委託查詢】【未平倉查詢】等部分，點入後出現【載入頁面資料中……】很久都出不來就卡住了，變成要整個關閉再重新登入，很不方便，請查原因？,2016-06-05 23:10:29
凱基證券,Google 使用者,1,越來越會當機，不要用，會後悔，回報問題還是一樣擺爛，已經2個禮拜囉，要用的人請想想，謝謝,2016-06-02 12:48:49
凱基證券,Google 使用者,3,盤後資訊不能左右切換個股，都還要跳出才能選擇其他個股。希望能改善,2016-05-31 23:11:14
凱基證券,Google 使用者,1,選擇權下單是否可以改直接點我要買的價位久一點就直接跳下單模式。常常要買一個價格卻因為系統很不人性化，要先按價位等進入趨勢圖後才能再按下單就浪費了很多時間，這樣好一點的價位點就買不到了，要不是凱基下單費用比較便宜，早就換回元大點精靈，這點用元大系統下單就非常的快。,2016-05-29 16:18:01
凱基證券,Google 使用者,4,雲端鷹眼通為何開不起來?,2016-05-24 06:52:33
凱基證券,Google 使用者,3,交割金額只有當日可查，而且晚間分公司結帳後就查不到了，很不方便。請改為可以查近三日交割金額,2016-05-12 22:21:34
凱基證券,Google 使用者,4,現在計算方式為先進先出，應改為買價最低者先出，否則，實際是虧損，卻以為賺錢。,2016-05-09 10:47:22
凱基證券,Google 使用者,1,"我用三星note3,4,每次用沒多久，程式就當掉關閉",2016-05-09 09:50:36
凱基證券,Google 使用者,4,自從更新後，有了股狗網，常常看盤到一半，很容易當機，重新下載依然一樣……另外，能否跟新增繪圖或者如國票的系統（在看個股K線，能夠設定高低或收盤價），辛苦了,2016-05-07 17:25:04
凱基證券,Google 使用者,4,可以了解各項數據內容及動態，可見凱基証有用心去經營。,2016-04-26 21:17:01
凱基證券,Google 使用者,1,當到爆 爛到爆！！！！！！！,2016-04-22 09:46:00
凱基證券,Google 使用者,2,設定成本價格低於多少元時會提醒通知 可是最近使用都不會通知 警示也沒關掉 為什麼會這樣,2016-04-19 14:56:45
凱基證券,Google 使用者,4,不易辨識行情。,2016-04-18 22:23:06
凱基證券,Google 使用者,4,警示設定中的瞬間拉抬或瞬間殺盤 %數能自己調整,2016-04-18 21:31:59
凱基證券,Google 使用者,1,一直當機 內部沒有作相容性測試嗎 真是爛到爆,2016-04-18 19:47:52
凱基證券,Google 使用者,3,請問有些自選股票變紅字是什麼原因呢？,2016-04-15 09:57:43
凱基證券,Google 使用者,2,請問盤前跟即將收盤前5分鐘的個股模擬試撮在哪裡看? 另外請問哪時可以跟新道跟三竹股市一樣介面?,2016-04-12 23:41:45
凱基證券,Google 使用者,2,帳務查詢裡面，未實現損益的報酬率根本亂算的，賣出算的對，但買進全錯，股數5000單價17價金顯示77000也差太多了吧～還以為自己買低結果成本根本是85000……沒自己算還以為多賺8000！所以損益如低於8000等於是虧錢賣……,2016-04-09 12:59:31
凱基證券,Google 使用者,1,更新後，沒有明顯顏色區別，看的很吃力，更不方便!!!,2016-04-06 09:22:48
凱基證券,Google 使用者,1,更新完，一直當,2016-04-02 22:51:45
凱基證券,Google 使用者,3,為什麼點了都沒反應,2016-04-01 09:50:09
凱基證券,Google 使用者,5,如題，我到帳號管理無法新增，輸入身份證只有登入鈕，按下去說密碼錯誤,2016-03-31 21:53:49
凱基證券,Google 使用者,4,一樣是隨身營業員，為何ios係統有做指紋辨識，Android系統卻沒有，看別人用指紋辨識登入隨身營業員，真方便，能否也開發Android系統的指紋辨識登入。,2016-03-30 23:33:55
凱基證券,Google 使用者,5,您好，如果程式可以通知國際主要服市的休市日期，會對使用者的投資有很不錯的幫助。希望您們可以採納。,2016-03-27 23:35:49
凱基證券,Google 使用者,3,隨時都會跳，得重新更新登入，很麻煩，會錯過好價位,2016-03-17 23:14:12
凱基證券,Google 使用者,4,希望隨身營業員能夠增加條件下單，能夠讓客戶設定好ㄧ價位持續下單持續ㄧ段期間(如1個月)。,2016-02-14 17:29:42
凱基證券,Google 使用者,4,好,2016-02-02 21:35:02
凱基證券,Google 使用者,3,你們的國際指數vol 量怎麼都沒有 沒有量,2016-01-21 06:56:20
凱基證券,Google 使用者,1,"國外商品、歷史資料有夠少,週K線有夠短,沒有連續月的,難怪台灣投資者都是賠錢,而大多券商都只能用三竹,可以用心一點嗎？",2016-01-18 23:38:54
凱基證券,Google 使用者,1,無法下載,2016-01-03 21:39:14
凱基證券,Google 使用者,2,一直告訴我抓不到TP SERVER CODE,2015-12-31 12:02:57
凱基證券,Google 使用者,3,如標題,2015-12-03 18:04:51
凱基證券,Google 使用者,3,"上市櫃股票漲跌幅限制已經調整為10%了，但是下單時還是委託失敗出現 ""價格超過漲跌停限制！""  （實際上沒有超過）請修正，謝謝！",2015-12-02 13:49:01
凱基證券,Google 使用者,5,真的好用,2015-12-02 08:16:36
凱基證券,Google 使用者,1,不穩定，一直閃退無法改善!,2015-12-02 07:25:29
凱基證券,Google 使用者,4,下單都沒有反應,2015-12-01 20:59:50
凱基證券,Google 使用者,5,目前只有看到ADX，找不到可以叫出ADXR指標的設定方法,2015-11-30 00:11:38
凱基證券,Google 使用者,2,比以前慢,2015-11-27 07:01:30
凱基證券,Google 使用者,1,一直斷線斷線斷線！用這套做股票會賠死！,2015-11-25 12:38:07
凱基證券,Google 使用者,2,"請退回前一版, 不然怎麼辦呢？已第三天了;  統一證券-e指發的App是沒問題的 。         辛苦了客服人員和撰寫程式的工程師，你們終於解了這個問題，感謝至極(11/20)",2015-11-20 17:50:26
凱基證券,Google 使用者,1,無法安裝啊…,2015-11-19 13:05:11
凱基證券,Google 使用者,1,寫信反應也沒回應,2015-11-16 09:09:46
凱基證券,Google 使用者,4,一天閃退至少5-6次,2015-11-13 16:34:46
凱基證券,Google 使用者,1,0050還原日線周線都沒辦法顯示國際股市也都看不到量 另外連線常常沒辦法取得股價資訊,2015-11-09 12:06:32
凱基證券,Google 使用者,1,動不動就斷線或資料傳輸異常 效能穩定度極差,2015-11-07 00:01:33
凱基證券,Google 使用者,1,10/29開始不能用了,2015-11-03 11:28:48
凱基證券,Google 使用者,5,隨意取得,2015-10-31 10:28:06
凱基證券,Google 使用者,3,看盤中會一直閃退耶,2015-10-28 12:43:42
凱基證券,Google 使用者,2,更新後多個帳戶無法下單，也不能切換查庫存，會閃退。,2015-10-27 14:56:46
凱基證券,Google 使用者,5,現金股利出不來,2015-10-26 22:31:43
凱基證券,Google 使用者,2,下單後的刪改單很麻煩，操作總慢人一步。最好增加一個快捷按鈕可以查改單。,2015-10-23 08:07:31
凱基證券,Google 使用者,5,Goodl,2015-10-22 13:40:00
凱基證券,Google 使用者,5,讚 非常好用,2015-10-04 18:19:01
凱基證券,Google 使用者,2,常常断線。,2015-09-21 22:54:33
凱基證券,Google 使用者,1,無法下單和更新即時狀況,2015-09-17 10:15:17
凱基證券,Google 使用者,1,是你們系統出問題嗎?怎麼都連不上去,2015-09-12 10:44:46
凱基證券,Google 使用者,1,無法正常連線,2015-09-11 13:34:21
凱基證券,Google 使用者,3,一直連不到交易畫面，損失誰賠償,2015-09-11 12:25:17
凱基證券,Google 使用者,2,一直發生錯誤閃退,2015-09-04 08:01:31
凱基證券,Google 使用者,4,好用,2015-08-28 19:45:47
凱基證券,Google 使用者,4,技術面設計相當多元,2015-08-26 16:26:36
凱基證券,Google 使用者,1,看盤畫面超爛,2015-08-19 22:34:21
凱基證券,Google 使用者,1,閃退,2015-08-13 13:04:41
凱基證券,Google 使用者,1,三不五時就無法聯結,2015-08-12 13:56:18
凱基證券,Google 使用者,4,認證有些慢而已，不錯用,2015-08-05 21:24:33
凱基證券,Google 使用者,2,怎麼常連接不穩,2015-07-29 13:14:59
凱基證券,Google 使用者,1,無法下載,2015-07-24 00:50:46
凱基證券,Google 使用者,1,線型不好看，範圍忽寬忽窄，比以前的爛,2015-07-21 14:45:52
凱基證券,Google 使用者,3,閃退情形需要解決，股票市場流動率大一閃退就會有所損失！！！,2015-07-21 11:22:23
凱基證券,Google 使用者,5,非常喜歡,2015-07-13 11:07:47
凱基證券,Google 使用者,3,連線不穩,2015-07-13 09:26:21
凱基證券,Google 使用者,1,9點到了，還不能登入! 你可以再爛一點,2015-07-13 09:06:52
凱基證券,Google 使用者,4,好用,2015-07-12 11:14:21
凱基證券,Google 使用者,5,股票下單快速方便 讚,2015-07-09 21:48:24
凱基證券,Google 使用者,1,看個盤一直閃退，下個單被巴來巴去,2015-07-09 10:55:55
凱基證券,Google 使用者,1,更新後無法連線………,2015-07-09 09:24:06
凱基證券,Google 使用者,1,最近都不能使用，連不上線，搞什麼啊？損失你們能負責嗎？,2015-07-09 09:08:30
凱基證券,Google 使用者,1,一直斷線沒辦法下單，那在你家公司開設帳戶有何用!!!???,2015-07-08 08:53:40
凱基證券,Google 使用者,1,無法使用，開不起來很糟糕,2015-07-08 08:49:27
凱基證券,Google 使用者,2,為何我換手機近去申請憑證輸入出生年月日一直錯誤啊,2015-07-07 01:30:16
凱基證券,Google 使用者,1,這幾天都無法順利使用！,2015-07-04 16:42:37
凱基證券,Google 使用者,1,股票點進去，完全錯誤百出，無法查詢，要逼死我阿,2015-06-30 08:48:12
凱基證券,Google 使用者,1,融資餘額顯示失蹤，憑證也卡超久,2015-06-29 09:17:13
凱基證券,Google 使用者,4,5分線能夠加上價差更完美。謝謝!,2015-06-27 21:24:53
凱基證券,Google 使用者,1,程式非常的不穏 常出現無法取得伺服器資料...,2015-06-18 12:45:55
凱基證券,Google 使用者,4,是否能新增未開啟app也能回報成交訊息，警示訊息有時不會回報，謝謝。,2015-06-18 04:39:27
凱基證券,Google 使用者,4,選股功能有待加强，其他ok,2015-06-17 23:50:43
凱基證券,Google 使用者,3,更新以後接受不到電腦化憑證上傳，只能手機申請，應該兩個功能要同時擁有吧,2015-06-16 11:58:13
凱基證券,Google 使用者,2,"按返回鍵會自動離開程式(APP), 在Android 5.0環境",2015-06-09 17:31:22
凱基證券,Google 使用者,2,設定警示後，跳出的訊息內容字很小，無法放大縮小,2015-06-09 16:33:34
凱基證券,Google 使用者,2,經常出現推播，報價無法連線,2015-06-09 13:53:24
凱基證券,Google 使用者,1,一個字，爛,2015-06-08 23:09:39
凱基證券,Google 使用者,2,按返回鍵常常會自動退出，須改進,2015-06-08 01:03:57
凱基證券,Google 使用者,5,對小資户的查詢很簡單又方便,2015-06-06 23:32:15
凱基證券,Google 使用者,3,按手機上的上一頁會跳離程式，無法取消不跳離,2015-05-28 18:44:38
凱基證券,Google 使用者,3,另外4195股票名稱錯了改到了4197的股票名稱,2015-05-28 09:16:39
凱基證券,Google 使用者,2,按返回鍵不會回到上一個畫面上，而是跳出程式,2015-05-27 11:24:35
凱基證券,Google 使用者,1,一下子沒用，要再進來，按一下返回鍵就會被踢出去，還要重新輸入帳密，有沒有這麼麻煩的軟體,2015-05-26 11:03:41
凱基證券,Google 使用者,1,排行榜黑底紅字，黑底綠字是什麼白痴設計？,2015-05-18 15:15:25
凱基證券,Google 使用者,1,時常中斷、需重登入才會繼續跑報價,2015-05-15 21:13:59
凱基證券,Google 使用者,1,超級難用,2015-05-15 10:08:05
凱基證券,Google 使用者,3,造成使用者無法預期的情況，「上一層」與「退出程式」的行為之間令人困惑。,2015-05-13 13:24:34
凱基證券,Google 使用者,1,返回鍵直接關程式很不好用 技術分析之前比較好用…,2015-05-06 11:39:36
凱基證券,Google 使用者,1,改版了還是一樣接個電話或回到桌面就要重新登入，到底有沒有列入改善項目呀,2015-05-06 11:24:22
凱基證券,Google 使用者,5,新版本更清晰。希望增加在平板電腦手機上憑證的獲取！很重要，不必上電腦，那樣才方便！,2015-05-04 12:48:51
凱基證券,Google 使用者,2,按下返回鍵應該是返回首頁而非退出，要再重新輸入帳號密碼很麻煩，印像中以前的版本並不會這樣，好像更新完之後才變這樣，請盡快改善，謝謝。,2015-05-01 20:37:43
凱基證券,Google 使用者,3,會突然結束,2015-05-01 09:29:30
凱基證券,Google 使用者,2,按返回鍵會突然結束應用程式,2015-04-29 16:25:49
凱基證券,Google 使用者,2,有時候按返回鍵會變成離開程式 這真的很困擾 請趕快改善好嗎? 這樣的軟體還可以被你們營業員強調你們的軟體是好用的?差點暈倒,2015-04-28 11:04:15
凱基證券,Google 使用者,3,ZENFONE5，進入單一股票技術分析或基本資料等子目錄後，按手機上的返回鍵會直接離開程式，而先前是會回到原本的操作狀態(如自選股票)，此設定還滿困擾的，可否進行修改?,2015-04-28 10:48:11
凱基證券,Google 使用者,1,人多的時候大當機，當機時候的損失怎麼賠?,2015-04-24 09:47:26
凱基證券,Google 使用者,1,最近為什麼老是中斷連線,2015-04-23 09:13:40
凱基證券,Google 使用者,5,原本均線只能拉3條現在變6條，免費版的三竹股市早就6條了，可以看的參考線媲美超級大三元，可以拉的歷史資料也夠長了，以前太少太陽春了，現在可以不用再依賴免費版了，感謝開發!!,2015-04-20 14:18:50
凱基證券,Google 使用者,4,自選股如能自動翻頁那就佷美了自選股如能由150支增加到300支那就更美了,2015-04-18 07:09:33
凱基證券,Google 使用者,1,日期未顯示年份,2015-04-18 01:49:13
凱基證券,Google 使用者,1,以前返回鍵的邏輯才是對的  最少離開程式前請開放加上確認選項,2015-04-17 12:43:07
凱基證券,Google 使用者,5,Good,2015-04-17 08:33:10
凱基證券,Google 使用者,1,要更新軟體為什麼都不先測試好，再更新，歐元分線的報價高低點根本不清楚，比更新前還難用。,2015-04-17 07:39:07
凱基證券,Google 使用者,4,Good,2015-04-15 11:53:15
凱基證券,Google 使用者,2,"網路銀行連結台新銀行怎麼是連舊的APP,台新銀行APP不是更新了",2015-04-14 21:41:25
凱基證券,Google 使用者,5,不錯用，但是最近HTC M8常會當掉，是升級android 5.0.2的關係嗎？,2015-04-13 10:46:41
凱基證券,Google 使用者,2,常常放到背景執行沒多久 或看股票看到一半  就被關閉了 又要重登很麻煩 一天要重登無數次很困擾 可以儘快改善嗎,2015-03-27 11:12:59
凱基證券,Google 使用者,4,"只要放到背景執行，立即斷線，要重新登錄，很煩。看期貨一往下拉頁面的必定當機。請協助改善，謝謝!我是M8,升級遠傳4G才出現不能放到背景執行的問題，以前可以開整天都沒事。",2015-03-11 12:45:05
凱基證券,Google 使用者,2,百年界面，每家券商都被吃死死的,2015-03-10 23:56:15
凱基證券,Google 使用者,5,,2015-03-06 11:34:23
凱基證券,Google 使用者,3,希望有 記憶登錄密碼 的選項,2015-03-03 08:49:31
凱基證券,Google 使用者,3,九點以前購買有算嗎?,2015-02-24 09:25:47
凱基證券,Google 使用者,2,放到背景執行一段時間後就會斷線，需要重新輸入密碼登入，很麻煩，一天之內要重新輸入密碼10次以上，是我手機問題還是軟體問題？元大點金靈就沒有這種情形,2015-02-07 00:28:49
凱基證券,Google 使用者,3,可以增加布林通道指標嘛？,2015-01-30 09:48:18
凱基證券,Google 使用者,1,多次下載，安裝成功後。使用時發現要申請帳號跟密碼。聯絡客服說要去凱基開戶才可以使用。明明上面寫的是下載立即體驗。若要開戶才能用，算那門子的立即體驗？浪費我下載安裝幾次了。,2015-01-22 18:21:59
凱基證券,Google 使用者,2,瘋狂跳出系統 系統非常不穩定 安卓介面希望可以漂亮一點 請盡快改善,2015-01-20 16:56:32
凱基證券,Google 使用者,5,請問黃金現貨的選相在那ㄚ?,2015-01-14 08:56:41
凱基證券,Google 使用者,3,請問連接埠可以變更嗎？有的內網不能連線，謝謝,2015-01-08 10:38:36
凱基證券,Google 使用者,2,跟 iOS版本比起來操作介面真的很醜，可以盡快改善嗎？,2015-01-04 19:17:11
凱基證券,Google 使用者,5,久按下方自選報價，可否跳出列表，以便選自選一到五？,2014-12-24 12:03:34
凱基證券,Google 使用者,2,猛當，不然就猛斷線,2014-12-18 12:56:03
凱基證券,Google 使用者,1,爛透了，換新手機，重新下載一直顯示容量足，打去客服問，要我自己解決儲存點，是我手機問題，和公司無關。下載過許多app就只有他們家的高貴，不適用Htc新手機？,2014-12-15 14:57:07
凱基證券,Google 使用者,3,為何程式沒關閉，隔了幾分鐘再使用就需要再次輸入密碼，一直輸入密碼很不方便。,2014-11-18 10:51:28
凱基證券,Google 使用者,1,為什麼沒有布林通道指標???,2014-11-16 22:49:08
凱基證券,Google 使用者,4,還好,2014-10-11 14:14:36
凱基證券,Google 使用者,1,"閱讀盤後資訊等相關訊息,會顿挫,上一個版本不會",2014-10-09 12:51:35
凱基證券,Google 使用者,2,容易斷線,2014-10-07 09:17:52
凱基證券,Google 使用者,2,個股盤後資料為何版本更新後看不到？請儘快改善。不要越改越爛呀！,2014-09-30 12:57:41
凱基證券,Google 使用者,4,可以新增  可以查帳戶餘額,2014-09-09 23:23:51
凱基證券,Google 使用者,4,K線圖中若新增劃綫功能就更完美了,2014-09-02 15:43:12
凱基證券,Google 使用者,3,建議增加銀行餘額查詢會更好,2014-09-01 13:38:39
凱基證券,Google 使用者,4,沒得選擇,2014-08-29 14:34:07
凱基證券,Google 使用者,3,能否新增記憶密碼選項跟桌面widget?,2014-08-29 08:33:10
凱基證券,Google 使用者,4,請取消第一頁詢問連線方式頁面,2014-08-28 18:22:05
凱基證券,Google 使用者,2,這類app好像都是系出同源，所以都是大同小異，缺點與不足之處也都一樣，現在行動裝置那麼進步，還只能做成這樣，蠻令人失望的。,2014-08-21 00:23:15
凱基證券,Google 使用者,3,老是斷線，加油，軟體系統不是很穩定,2014-08-12 15:02:13
凱基證券,Google 使用者,1,從去年底反應問體到現在都已經二個多月還沒改善好……,2014-07-29 09:23:19
凱基證券,Google 使用者,3,外盤張數竟然還有小數點,2014-07-22 18:20:25
凱基證券,Google 使用者,3,凱基和中信點富王都是用三竹的 ，凱基程式縮到最小在打開要重新登入；中信的不用 … 處理一下,2014-07-17 12:40:22
凱基證券,Google 使用者,5,很好用,2014-07-17 11:08:20
凱基證券,Google 使用者,1,離開系統一按下去，不離開也不行，搞一個確定鍵，卻沒有取消鍵，既然不能取消，多個程序做什麼,2014-07-10 09:44:53
凱基證券,Google 使用者,5,請問可以再增加分析指標線圖數量，目前是2個，可以再增加到3個嗎？這樣就可以看成交量，kd...等，謝謝,2014-07-03 22:50:30
凱基證券,Google 使用者,1,原本驅勢分析的參考數值沒有了就算，現在連警示提醒的功能都沒有了！,2014-06-30 09:12:12
凱基證券,Google 使用者,5,希望可以持續更新至三竹最新版本,2014-06-28 10:14:50
凱基證券,Google 使用者,4,方便,2014-06-28 08:02:44
凱基證券,Google 使用者,5,方便實用,2014-06-27 22:48:05
凱基證券,Google 使用者,4,四顆星,2014-06-27 20:46:26
凱基證券,Google 使用者,1,當機、讀取資料太久，甚至失敗、設定警示，事發後十分鐘才收到通知。,2014-06-13 11:55:11
凱基證券,Google 使用者,2,可以關掉語音嗎?  我找不到哪裡可以設定的… 可以記憶登入密碼嗎? 別家的都可以勾選… 請加油…,2014-06-05 23:31:37
凱基證券,Google 使用者,2,"常常都會斷線連不到伺服器主機, 關鍵時刻要怎麼下單~~希望能改善一下!!",2014-06-05 12:42:42
凱基證券,Google 使用者,4,升級後用一小段時間後，就會跳出程式?請解決！,2014-05-25 11:22:25
凱基證券,Google 使用者,1,為什麼憑證不能直接在手機上展延，現在用電腦上網的已經不多了，能改善嗎？,2014-05-24 04:46:58
凱基證券,Google 使用者,4,很好用不過怎麼這幾天一直當機啊？,2014-05-22 09:26:55
凱基證券,Google 使用者,1,一直驗章錯誤無法下單…,2014-05-21 23:32:12
凱基證券,Google 使用者,5,開啟語言報價會一直跳出程式,2014-05-21 14:56:47
凱基證券,Google 使用者,5,,2014-05-16 00:11:16
凱基證券,Google 使用者,3,什麼時後可以有桌面報價功能 群益的都可以,2014-04-23 14:48:48
凱基證券,Google 使用者,1,一直打不開，每個月用看盤吃到飽跟根本是浪費前，老是顯示資料交換逾時，不然就登入失敗，用wifi登入還要emome帳號密碼，亂打也可以登，根本是來亂的，煩請改善！,2014-04-15 02:17:45
凱基證券,Google 使用者,4,真希望有還原權值功能,2014-04-14 23:57:21
凱基證券,Google 使用者,1,一直斷線，一離開就要再輸入帳號密碼超煩的，身份證字號保留可以用星號隱藏字元嗎？,2014-04-14 00:59:46
凱基證券,Google 使用者,5,Good app,2014-04-14 00:03:46
凱基證券,Google 使用者,3,長會斷線要重登入很麻煩,2014-04-08 09:28:20
凱基證券,Google 使用者,1,一直無法更新憑證，是系統不同步嗎？,2014-03-28 00:03:48
凱基證券,Google 使用者,3,,2014-03-14 09:15:37
凱基證券,Google 使用者,3,"原顯示""中籤""，再登入後卻變""未中籤""！系統有問題媽？",2014-03-05 16:25:02
凱基證券,Google 使用者,3,,2014-03-04 17:42:26
凱基證券,Google 使用者,5,還不錯阿,2014-02-15 22:11:41
凱基證券,Google 使用者,1,可否增加近三日帳款,2014-02-12 17:59:16
凱基證券,Google 使用者,1,每次假日就不能用!!!,2014-01-04 10:24:57
凱基證券,Google 使用者,5,好用有方便,2014-01-03 19:13:23
凱基證券,Google 使用者,4,好上手,2013-12-31 10:46:33
凱基證券,Google 使用者,2,每週末都在維護資料沒得看，版本較富邦的舊，財報資料不好查,2013-12-29 16:36:41
凱基證券,Google 使用者,4,"凱基全球理財王(for pc/nb),凱基隨身營業員(for android/apple)",2013-12-29 09:01:51
凱基證券,Google 使用者,3,可以增加已實現損益裡的日期選擇區間嗎？最遠只能看到一個月，玉山證券都能選擇區間看已實現損益，請改善，謝謝。,2013-12-26 16:34:37
凱基證券,Google 使用者,5,簡單，方便，又實用。,2013-12-26 09:16:19
凱基證券,Google 使用者,5,好,2013-12-26 08:53:28
凱基證券,Google 使用者,5,Good,2013-12-24 03:58:19
凱基證券,Google 使用者,1,幾乎每個週末都在維修，是有多爛阿,2013-12-08 13:38:07
凱基證券,Google 使用者,4,非常好,2013-11-20 11:41:52
凱基證券,Google 使用者,5,讚,2013-11-07 08:16:11
凱基證券,Google 使用者,5,我希望能多點權證的東西   像買賣隱波  歷史隱波   能多點更好,2013-10-07 22:54:13
凱基證券,Google 使用者,5,幾分鍾沒打開軟體就要重登入，這樣使用很麻煩，請改善此功能能一直是登入不跳出去,2013-09-24 07:56:19
凱基證券,Google 使用者,2,除了網路費以外還要支付額外的費用嗎？,2013-09-19 00:34:26
凱基證券,Google 使用者,1,要連都連不上，請盡快修正,2013-09-16 09:32:29
凱基證券,Google 使用者,3,需要精進,2013-09-03 17:34:58
凱基證券,Google 使用者,2,常斷線，連線超慢可以改進嗎？觸控很不順暢卡死了！,2013-08-30 13:18:36
凱基證券,Google 使用者,1,更新後常無法連線,2013-08-28 17:23:36
凱基證券,Google 使用者,1,更新後說aert08zz.xml無法開啟是怎樣,2013-08-23 13:15:40
凱基證券,Google 使用者,1,檔案無法開啓，請改善,2013-08-23 13:05:30
凱基證券,Google 使用者,1,今天操作時不能進入，請改進,2013-08-23 13:03:06
凱基證券,Google 使用者,4,個股除權息資料還留在去年的，期待改善,2013-08-18 10:25:51
凱基證券,Google 使用者,4,"大部份的時候使用都還ok, 但是更新後變得糟了耶... 本來只是會不停的斷線而已, 但更新後畫面切換常會出現""資料讀取中"", 然後要等很久才會進入另一個畫面...",2013-08-08 09:25:40
凱基證券,Google 使用者,5,真的很好用,2013-07-31 06:31:03
凱基證券,Google 使用者,2,使用起來非常不順手，相較其它券商自行開放的手機看盤程式，這種公版程式，各家幾乎一樣的程式，實在令人失望，能下單我就偷笑了…,2013-07-09 15:25:32
凱基證券,Google 使用者,1,爛!超級慢的程式，不好用是有目共睹,2013-07-06 09:28:26
凱基證券,Google 使用者,1,開啟後看不到庫存股票資料，所以也無法掛賣。這會害死人啊。,2013-06-25 22:08:43
凱基證券,Google 使用者,5,同上,2013-06-17 21:20:41
凱基證券,Google 使用者,1,是程式掛了還是我的手機掛了  連不上,2013-06-09 20:35:11
凱基證券,Google 使用者,1,無言以對…伺服器掛掉了嗎？=_=,2013-06-07 14:27:12
凱基證券,Google 使用者,3,超級大三元已出各公司第一季財報，隨身營業員請軟體跟進，謝謝,2013-05-18 20:14:06
凱基證券,Google 使用者,2,"連帳號密碼的畫面都沒出現，就出現""隨身營業員已關閉""，是怎麼回事啊?",2013-05-06 16:31:17
凱基證券,Google 使用者,3,同上,2013-04-24 15:07:25
凱基證券,Google 使用者,5,喜歡新版本的界面 操作起來更方便了！ 凱基繼續加油,2013-04-23 23:49:35
凱基證券,Google 使用者,5,數字顯示，無論紅綠可採用高亮度,2013-03-08 01:03:18
凱基證券,Google 使用者,1,平板無法用橫的看不方便,2013-02-05 23:19:05
凱基證券,Google 使用者,4,"能隨身很不錯 不過 能不能在 Padfone2 的平板上使用 ""凱基隨身營業員 HD"" 呀",2013-01-22 20:59:25
凱基證券,Google 使用者,1,回報的聲音可以關嗎？,2013-01-15 07:39:10
凱基證券,Google 使用者,3,即時線圖最後一盤1:30都看不到,2013-01-10 18:42:19
凱基證券,Google 使用者,1,之前用iPhone可控制登入時間，且按HOME鍵後隔1小時再執行還是會在登入畫面，Android竟然不行，請統一程式內容好嗎！,2013-01-04 12:28:45
凱基證券,Google 使用者,3,自選報價看不到詳細資訊選單，請快改進！,2012-12-17 12:16:58
凱基證券,Google 使用者,2,可否如同群益可以線上取得憑證？,2012-12-06 19:28:55
凱基證券,Google 使用者,5,方便,2012-11-30 20:43:45
凱基證券,Google 使用者,3,只要回到桌面，很常被自動登出,2012-11-28 13:26:00
凱基證券,Google 使用者,2,最重要的量能請問國外盤什麼時候才能補上，有出現即時線圖很不錯，但最重要的成交量呢？如果能再設置widget會更全面，希望改善！,2012-11-24 12:08:22
凱基證券,Google 使用者,5,新版本功能越來越多!!!,2012-11-22 21:14:12
凱基證券,Google 使用者,5,還真要試一下，不過兩個圖好用多了，早該換了啦。,2012-11-21 00:20:58
凱基證券,Google 使用者,5,很好用，很即時使用,2012-11-16 10:14:33
凱基證券,Google 使用者,1,一直出現錯誤訊息，都無法看技術線型，是哪招啊？,2012-11-15 04:32:51
凱基證券,Google 使用者,4,新版技術線型無法變更參數，難用...我可以換回舊版嗎?,2012-11-13 22:12:41
凱基證券,Google 使用者,1,裝上後手機怪怪的,2012-11-08 21:56:01
凱基證券,Google 使用者,1,更新後太容易斷線,2012-11-01 00:06:35
凱基證券,Google 使用者,1,整個上午都在輸入密碼進入,2012-10-12 11:27:38
凱基證券,Google 使用者,1,上星期更新後 無法正常開啟 一直被強迫結束程式,2012-09-24 18:44:39
凱基證券,Google 使用者,5,憑證的問題要去凱基網站  有教學,2012-09-23 00:40:02
凱基證券,Google 使用者,1,"一直要人輸入憑證, 也不講在路徑哪裡, 翻來翻去又找不到.",2012-09-17 11:09:25
凱基證券,Google 使用者,5,有越來越好用。,2012-09-14 08:48:00
凱基證券,Google 使用者,1,"更新完就連不上線了。 精誠的愛挖寶連線又快,資訊又多",2012-09-14 00:07:51
凱基證券,Google 使用者,5,好用,2012-09-13 23:07:48
凱基證券,Google 使用者,1,難用狂斷線，瘋狂重打號碼，難用,2012-09-12 09:23:25
凱基證券,Google 使用者,2,個人非常須要～,2012-09-07 00:49:28
凱基證券,Google 使用者,5,希望可以多增加功能會更好,2012-08-24 22:12:06
凱基證券,Google 使用者,1,才幾分鐘又要輸入密碼，是android爛，還是這軟體爛,2012-08-22 08:20:14
凱基證券,Google 使用者,4,常常跳到桌面再開啟又要重新連線，很麻煩,2012-08-01 11:44:10
凱基證券,Google 使用者,5,要 新開戶的留意，因為開完戶您只能使用很爛的‘ ’隨身理財通‘ ’，這套‘ ’隨身營業員‘ ’你是絕對登不進去的，會顯示身份證字號錯誤無法進入，本人我是到≈凱基≈開戶的，開戶後不能使用此軟體，才知道原來≈凱基≈還有分，別傻傻的像我一樣被騙了。,2012-07-27 00:17:19
凱基證券,Google 使用者,4,字體有些不適應,2012-07-26 10:26:02
凱基證券,Google 使用者,1,"技術線型沒有即時更新功能,舊版還有5妙更新一次,請改進還有新版很會當機",2012-07-26 06:53:25
凱基證券,Google 使用者,3,看技術線圖都當，是bug嗎?,2012-07-20 09:43:03
凱基證券,Google 使用者,3,"同樣都是三竹做的,富邦就有提供,請凱基跟進,不然要換券商了",2012-06-29 13:24:17
凱基證券,Google 使用者,3,有時連不上去，有時會自動登出，請改善此問題，謝謝！！,2012-06-07 10:05:48
凱基證券,Google 使用者,5,增加可自行畫技術線會更好,2012-06-05 18:37:56
凱基證券,Google 使用者,3,每次都要連2.3次才連上，是不是要改善一下,2012-06-05 11:29:26
凱基證券,Google 使用者,4,複委託可下單但沒報價。,2012-06-04 14:52:44
凱基證券,Google 使用者,5,Good,2012-05-31 12:27:08
凱基證券,Google 使用者,5,實用又方便,2012-05-15 16:04:03
凱基證券,Google 使用者,3,常常無法與登入,2012-05-15 09:39:52
凱基證券,Google 使用者,3,可新增未實現利益/損失的畫面嗎?這樣才知道賺/賠多少?,2012-05-14 07:16:12
凱基證券,Google 使用者,2,港股目前可附委託但是啥時間可以提供看盤啊?如果能夠看盤的話凱基證券開戶就會更多了加油喔!,2012-05-13 20:11:40
凱基證券,Google 使用者,2,不是很人性化,2012-05-11 14:37:48
凱基證券,Google 使用者,5,目前券商唯一可下單美股,2012-05-10 22:58:40
凱基證券,Google 使用者,3,So so......,2012-05-09 11:56:10
凱基證券,Google 使用者,3,報價的字型看起來有點不習慣,2012-05-09 09:09:34
凱基證券,Google 使用者,5,HTC ONE X可以正常使用最新版本了!,2012-05-07 23:28:04
凱基證券,Google 使用者,4,八個月才修復，厲害了,2012-05-07 22:14:36
凱基證券,Google 使用者,5,非常好用,2012-05-07 20:58:43
凱基證券,Google 使用者,1,"到底什麼時候才會改善下單張數的問題,要不然幾百張要按到什麼啊",2012-05-01 01:24:32
凱基證券,Google 使用者,2,"一再提醒不要更新android4.0,是怎樣!!到底還要多久啊!!換掉!!真的掉漆了!!",2012-04-27 08:51:45
凱基證券,Google 使用者,2,4/26中午就連不上？ 機型htc. ce,2012-04-27 08:08:30
凱基證券,Google 使用者,5,很好的下單軟体,2012-04-24 12:57:00
凱基證券,Google 使用者,5,好用,2012-04-24 12:54:41
凱基證券,Google 使用者,5,好用，給您一個大大的讚,2012-04-24 08:08:38
凱基證券,Google 使用者,5,很實用,2012-04-23 11:22:45
凱基證券,Google 使用者,1,"很多種手機根本沒辦法下單又不更新,凱基你能不能找別家合作阿,沒法下單是要怎麼用阿",2012-04-20 00:21:51
凱基證券,Google 使用者,5,自從用了凱基隨身營業員，每天看盤眼睛都不會累，腦筋也變好了，天天賺大錢耶！尤呼~,2012-04-18 13:15:35
凱基證券,Google 使用者,2,沒辦法看新加坡摩台，也沒辦法下單，可否加入？,2012-04-18 00:01:20
凱基證券,Google 使用者,5,還在等什麼,2012-04-17 13:22:11
凱基證券,Google 使用者,5,讚!好用!!,2012-04-17 10:34:56
凱基證券,Google 使用者,1,下單畫面字體太大，無法輸入，拜託快點更新,2012-04-16 12:36:07
凱基證券,Google 使用者,5,好,2012-04-14 20:34:35
凱基證券,Google 使用者,2,程式是給使用者用的，而不是技術人員，書面也不會隨手機解不同而不同。,2012-04-13 16:57:20
凱基證券,Google 使用者,3,不支援冰淇淋作業系統的解析度,2012-04-12 22:56:43
凱基證券,Google 使用者,1,跟IOS系統比起來差太多啦，HTC one x無法完全顯示，投資人如何下單？,2012-04-10 13:44:35
凱基證券,Google 使用者,2,請推出支援720p的程式,2012-04-02 11:15:50
凱基證券,Google 使用者,1,Note無法下單，只好換家了,2012-04-01 01:23:12
凱基證券,Google 使用者,5,Good,2012-03-30 11:33:48
凱基證券,Google 使用者,3,快出平板橫向閱讀版!!!程式內容很好且方便，但沒有出可供android4.0使用的平板版，無法橫向瀏覽!!,2012-03-23 14:00:45
凱基證券,Google 使用者,1,我用N7000字太大  下單看無張數,2012-03-21 09:36:27
凱基證券,Google 使用者,1,Note無法下單，字體超大，又不能調整，大家已反應幾月，就是超不重視客戶需求，只好自己轉別家下單。,2012-03-16 12:17:57
凱基證券,Google 使用者,1,下單看不到單量，根本是下盲單，賠了，凱基要負責嗎？,2012-03-13 10:17:34
凱基證券,Google 使用者,1,NOTE的下單介面很怪，看不到張數要如何買賣！！,2012-03-11 16:13:04
凱基證券,Google 使用者,1,"一樣是三竹軟體，元大的版本可以支援note,凱基的不行，爛",2012-03-10 16:58:14
凱基證券,Google 使用者,4,Okok,2012-03-09 01:06:27
凱基證券,Google 使用者,1,一樣是三竹資訊的東西行動股市能安裝，凱基隨身營業員無法安裝,2012-03-05 23:08:47
凱基證券,Google 使用者,1,字體超大~大到無法顯示資訊 連下單都有困難~ 有沒有人知道哪家的隨身軟體可以用?,2012-03-01 18:59:36
凱基證券,Google 使用者,1,使用note根本無法下單，拜託快點改善！！,2012-02-23 22:16:55
凱基證券,Google 使用者,4,可以切換橫屏選項,2012-02-22 12:04:57
凱基證券,Google 使用者,3,使用平板，不能橫向，很爛。 之前用Ipad的介面比這個好很多。,2012-02-06 14:04:17
凱基證券,Google 使用者,1,我用三星galaxy note 無法下單  因為字體大 無法輸入張數 本身凱基証 僅提供這軟體 可否儘快更新,2012-02-01 02:10:09
凱基證券,Google 使用者,1,Galaxy note 画面走樣，行距不是缩在一起就是太寬，又不能自行調整行距。,2012-01-21 13:47:28
凱基證券,Google 使用者,3,使用平板，不能自動變換方向！為什麼不給像你們給Ipad使用的那一個版本。超方便又清楚,2012-01-18 09:41:34
凱基證券,Google 使用者,5,Note顯示出來的板面怪怪的！,2012-01-13 18:30:11
凱基證券,Google 使用者,1,應該設定可以調字型大小，不然Galaxy note的欄位太大，超浪費空間，還有欄位應該可以自由調整成想看的資訊。,2012-01-11 23:02:31
凱基證券,Google 使用者,3,空好大，看不習慣。,2012-01-01 16:18:42
凱基證券,Google 使用者,2,1200*800的解析支援不佳,2011-12-25 15:42:14
凱基證券,Google 使用者,4,操作界面還須改善,2011-12-10 12:32:08
凱基證券,Google 使用者,1,沒有損益率 帳戶餘額 投資成本 帳面收入 .....等等,2011-11-21 09:43:26
凱基證券,Google 使用者,3,不能移到SD CARD,2011-11-12 22:48:07
凱基證券,Google 使用者,5,希望有國際金融的技術分析 目前僅可看外國的即時報價,2011-11-11 19:44:45
凱基證券,Google 使用者,4,單量顯示能否有紅色綠色分別，顯示欄位可否自行調整？,2011-11-10 17:11:44
凱基證券,Google 使用者,5,非常方便耶。,2011-11-03 10:12:57
凱基證券,Google 使用者,1,不要更新啊!爛透了,2011-10-11 10:07:56
凱基證券,Google 使用者,1,易當，,2011-10-05 17:55:21
凱基證券,Google 使用者,3,是否可提供《調整字體大小》功能？一整個畫面沒幾個功能很不經濟。,2011-10-05 13:44:19
凱基證券,Google 使用者,3,無法出金!!!!!!,2011-10-03 21:03:52
凱基證券,Google 使用者,1,不好用,2011-10-03 20:56:35
凱基證券,Google 使用者,3,居然不能平倉國際期貨指數...拜筆,2011-09-19 23:41:21
凱基證券,Google 使用者,4,Bug 嗯原台證不能使用出金申請，會出現無此使用者資料。麻煩修正一下，謝謝。 另外委託單竟然無法刪除耶。這個更需要修改了。 出金已經可以了，感謝。但申請出金後無法刪除申請(剛剛測試發生的狀況)。,2011-09-15 22:41:46
凱基證券,Google 使用者,3,"如果能加入""庫存成本""或""庫存價""資訊更好，另外最好能提供與""全球理財王""自選股同步功能更方便.",2011-08-25 11:40:05
凱基證券,Google 使用者,5,good,2011-08-13 04:50:45
凱基證券,Google 使用者,4,之前原台證的帳戶都不能登入，今天實際測試已經可以登入了，這個的介面跟三竹資訊-行動股市一模一樣，個人覺得很好用，原台證的用戶可以試試喔～,2011-07-25 17:54:27
凱基證券,Google 使用者,4,原台証客戶可正常使用了，看來有反應還是會改進的,2011-06-26 01:10:10
凱基證券,Google 使用者,1,一直用得好好的。更新為1.26.1之候後，帳務資料完全成為空白。我能回復成舊版嗎？下次再看到更新，有點怕怕。如何回復？？,2011-06-13 17:12:33
凱基證券,Google 使用者,4,好用,2011-06-07 09:28:21
凱基證券,Google 使用者,3,Android為什麼沒有k線可以看?(iPhone有)可以增加一下嗎?謝謝,2011-05-18 12:06:16
凱基證券,Google 使用者,1,都這麼多人在說原台證的不能用，為何凱基證券你們到現在還不處理，(我也是原台證的客戶已經等了八個月，真的是要換證券商嗎？)，在此小弟提供大家令一個軟體名稱是大慶證券e指錢坤或掌中乾坤，還不賴適合男士門的大手，而且自體大又清楚。乾脆大家都換掉凱基，原台證的客戶就不是客戶真令人生氣。,2011-05-14 00:46:41
凱基證券,Google 使用者,4,"我是不知道其他人為什麼不能用,不過我登上去覺得還蠻好用的",2011-05-13 00:51:44
凱基證券,Google 使用者,1,打入帳號密碼竟然說錯誤,2011-05-09 20:22:41
凱基證券,Google 使用者,3,凱基隨身營業員本來就是原凱基用戶能用吧 原台証的用戶不能用喔!!,2011-04-04 14:28:17
凱基證券,Google 使用者,1,"身份證一直秀錯誤,請修正一下",2011-03-30 18:56:13
凱基證券,Google 使用者,1,為什麼一直身分證錯誤， 我在隨身營業員就能登入!!,2011-03-30 10:55:49
凱基證券,Google 使用者,1,新舊用戶都不能用，給誰用阿.....,2011-03-20 23:00:27
凱基證券,Google 使用者,1,跟本不能用，不要浪費時間下載,2011-02-24 19:35:36
凱基證券,Google 使用者,1,凱基新開戶的也不能登入，這軟體是給誰用的啊，不是凱基客戶嘛！？見鬼了！,2011-02-13 13:09:46
凱基證券,Google 使用者,1,Ian 原台証的不能用 搞屁,2011-02-08 15:09:48
凱基證券,Google 使用者,4,MOTO MB525 在凱基證帳務查詢時會錯誤跳開 我是原台證户,2011-01-01 17:38:27
凱基證券,Google 使用者,5,好用“！,2010-12-29 01:59:31
凱基證券,Google 使用者,5,原凱基客戶使用正常良好,2010-12-07 15:11:14
凱基證券,Google 使用者,5,真的很好用!!也可以直接下單~~推推推,2010-11-30 23:49:55
凱基證券,Google 使用者,1,:'(台證帳戶無法登入 囧好想換一家,2010-07-28 23:25:27
凱基證券,Google 使用者,2,不是原凱基開戶的不能用(就是本來是台証的不能用),2010-06-03 19:29:32
凱基證券,Google 使用者,5,:-) :-) easy and full function. So perfect.,2010-04-16 01:05:33
