user,score,content,date,company,sentiment,ui_type,visual_type
Point X,1,都要下架了你還更新什麼 你要不要跟你的客戶說清楚,2025-05-23 18:11:45,富邦,負評,視覺設計,版面配置
Walter Jue,5,之前留言新版一顆星不到，舊版五顆星，可以的話，能不能不要強迫用戶用新版呢？這麼多人反應了，不應該充耳不聞。今天竟然限制使用舊版，你們難道不知道，新版的設計，根本就不是網路銀行該有的app設計嗎？懂不懂啊，還是捨不得花錢找專業的設計網銀app？新版app要找功能之困難，反而充滿廣告推銷，你們是不是本末倒置了？,2025-05-19 20:39:47,富邦,正評,視覺設計,整體介面設計
Mary Yin,4,舊版很好用啊！如果新版本很糟，何要更新為新版？虧我還一直跟朋友推介貴行網銀。網銀作業不就是為了讓客戶操作方便嗎？舊版介面簡潔、功能清楚，如果新版無法達到相同功能，怎能強迫客戶更新呢？我曾因某家銀行網銀介面實在太糟，縱然它有比貴行好一些些的存款優惠，我仍把薪資戶轉回貴行，因為那個使用體驗實在太差了。如真要更新，至少介面要相同、速度要更快、系統更安全，才有更新的價值，我是貴行老客戶，衷心希望貴行能重視客戶心聲。 另外，誠懇建議，網銀用戶基本上都希望可以縮短時間，所以一些花俏的介面最好能省則省，那些只會浪費網路資源，拖慢速度，該做的是訊息清楚，至於雪花飄什麼的，就請免了，因為有時急著查資訊或轉帳，真的沒有那樣的心情浪漫。 非常感謝！,2025-05-16 23:45:39,富邦,正評,視覺設計,版面配置
嘰咕伊娃,1,最近介面功能跟新版一樣變得更難用(用他行的帳號繳卡費就算了，繳富邦卡費還得再重新輸入富邦本行的帳號…)，最後還是直接上“富邦官網操作還來得快些”，APP 只能形同虛設，為何不能維持之前原版的功能，甚至再變得更好呢？新版的介面使用上真的很不順手@@ 反正直接刪除富邦銀行信用卡的APP(希望別影響富邦人壽APP)，等到版面評價留言有變好了再下載....,2025-05-15 03:28:27,富邦,負評,視覺設計,版面配置
kostif chiu,1,有舊版可以對標的情況下，新版 UI 居然可以設計的這麼難用，超級傻眼，這麼多用戶反應，卻還執意限期下架舊版強迫客戶切轉新版，無奈只好新舊版本都給一星，小小用戶只能以此表達不滿。,2025-05-10 14:33:40,富邦,負評,視覺設計,整體介面設計
林荃彬,3,還是這APp比較習慣，比較簡化好用，新的很複雜，介面不明，簡單明瞭就好，希望改簡化,2025-04-19 21:58:13,富邦,中立,視覺設計,整體介面設計
Hao H,1,帳號密碼只能用全 大寫英文字，超級難輸入,2025-04-16 09:35:11,富邦,負評,視覺設計,字體與可讀性
陳惠美,5,我比較會使用舊的APP，新的比較不會使用。舊的超好使用的，謝謝工程師的設計。,2025-04-15 11:44:28,富邦,正評,視覺設計,整體介面設計
彭思敏,5,【2025/3/3最新心得：舊版超優 富邦該重視客戶們的心得保留舊版。。因手機整個重灌 手機內所有app都重新下載安裝，就好奇安裝 新版富邦:夭壽難用 介面也差，測試半個小時確定新版爛，馬上解除。 趕快找回舊版的安裝。】 【2024/12/19更正，手機無法下載新的app。舊版的app很好用，繼續保留此app。】【🔴目前哪個銀行，這樣搞自己的app，國泰 中華郵政 也沒這樣搞，幹嘛一定要下架 強迫使用無法下載的新版。。所以從5個星更改為1個星。】 這個app很好用，幹嘛要廢除下架，幹嘛要換成 難用的版本。。原本比國泰還好用。現在要下架要換app，打算學其他留言的人 資產全部都搬去其他銀行。,2025-04-02 09:20:56,富邦,正評,視覺設計,整體介面設計
黃盛龍,5,App應用程式使用介面簡單操作又明瞭,2025-04-01 11:01:20,富邦,正評,視覺設計,整體介面設計
撒克,5,舊版的超讚，新版的字大到不可思議，根本不能用。要移除舊版的至少要有辦法把字調成跟舊版一樣小。,2025-03-22 13:54:09,富邦,正評,視覺設計,字體與可讀性
Fu-Syue Ceng,5,2025/03/20 更新 謝謝人員辛苦回覆。但字體已經設定最小了，還是比原版的大很多，所以很難瀏覽跟使用。 -------------- 很喜歡目前的版本 畫面可以一次瀏覽很多資訊！ 試過新版很多次，實在不好用，字太大能看到的功能太少。 看到大家都喜歡舊版，拜託不要停用舊版！！ 新版真的用到很痛苦！！！,2025-03-20 01:05:01,富邦,正評,視覺設計,字體與可讀性
Piju Chen,5,介面簡單明瞭，使用順暢。,2025-03-11 13:00:30,富邦,正評,視覺設計,整體介面設計
HUANG I,5,操作介面好用,2025-03-05 12:24:46,富邦,正評,視覺設計,整體介面設計
壹壹,5,請不要下架舊版 新版真的很難用 舊版比新版好用很多又明瞭 請把使用者心聲聽進去 app設計是方便使用者查詢 不是找麻煩,2025-03-05 10:10:13,富邦,正評,視覺設計,整體介面設計
啵啾,5,好可惜..舊版APP只能使用到6月 新版的版面好複雜，還是舊版的好用，操作也簡單明瞭~,2025-03-04 12:59:10,富邦,正評,視覺設計,版面配置
Po-Chen Chen,5,舊版功能分類清楚，容易找到想要的選項，可以不要下架嗎？新版用五分鐘就受不了，立刻移除了。,2025-03-04 01:05:22,富邦,正評,視覺設計,版面配置
celine celine,1,拜託請改回舊版，清楚又好用，新版真的太難用了啦！,2025-02-15 00:51:41,富邦,負評,視覺設計,版面配置
張美桂,5,清楚選擇使用。,2025-02-12 09:52:18,富邦,正評,視覺設計,版面配置
郭昱瑩,5,順暢，介面設計優。,2025-02-06 11:55:16,富邦,正評,視覺設計,整體介面設計
淑鈴紀,5,"無論是台灣帳戶或外幣帳戶均能一目了然,清清楚楚呈現",2025-02-04 22:36:27,富邦,正評,視覺設計,版面配置
WK228,5,為什麼要下架？ 我覺得舊的比新的還要好用，因為舊的很詳細，而且也很清楚，新的很簡略，而且也很不好操作。,2025-01-24 18:05:45,富邦,正評,視覺設計,版面配置
Jane,5,好用 快速 清楚,2025-01-24 16:24:05,富邦,正評,視覺設計,版面配置
科比陳,5,舊版比較好用，轉帳功能也很清楚比較好了解，新版的轉帳功能不清楚，不太好用,2025-01-21 20:54:27,富邦,正評,視覺設計,版面配置
Iris Huang,5,使用很順利，清晰容易操作,2025-01-16 16:21:21,富邦,正評,視覺設計,版面配置
Dannin Huang,3,一直叫人移轉到新版，但根本沒辦法移轉，設計不好。,2025-01-16 10:16:54,富邦,中立,視覺設計,整體介面設計
姍,5,雖然你很醜 但要下架了所以還是給你五星,2025-01-12 02:25:56,富邦,正評,視覺設計,整體介面設計
月零司,5,舊版介面還是比新版方便好用，希望在新版持續優化前，不要貿然將舊版下架,2025-01-10 10:45:34,富邦,正評,視覺設計,整體介面設計
SJMA,5,簡易操作，清楚明瞭,2025-01-10 05:37:58,富邦,正評,視覺設計,版面配置
shiou-wen wang,5,使用感覺不錯，頁面簡單清楚易操作,2024-12-23 23:13:42,富邦,正評,視覺設計,版面配置
鄧麗華,4,希望扣款明細能清楚一點 只有銀行名稱 久了 誰知道扣什麼,2024-12-19 09:00:33,富邦,正評,視覺設計,版面配置
高明錫,5,介面清晰,2024-12-06 22:10:52,富邦,正評,視覺設計,版面配置
Zehn (_),1,爛得要死，一堆亂七八糟的功能放第一層選單然後該給的設定不給，閒著沒事還在那邊更新鎖手機截圖，你們自己匯款完都不需要截圖匯款紀錄? 什麼弱智設定。你問為什麼來這邊罵舊版? 因為新版更爛啊，你們請來的程式設計師工作的時候能不能多用點腦?,2024-12-06 13:00:37,富邦,負評,視覺設計,按鈕與圖示
莊瑞華jack ahua,3,轉完帳為何不能截區畫面拍照 這照片是要通知受款人用的 這樣就不方便了,2024-12-03 11:41:50,富邦,中立,視覺設計,版面配置
cho Zhu,1,無法清楚看見自己剩下的刷卡額度，繳款，也不會隔天顯示繳款，顯示都是未繳款狀態，不像其他銀行，繳款後很快就會顯示已繳款資訊。會讓人困惑自己繳款是否入帳。介面功能說真的，很難讓人好操作，玉山似乎是目前覺得好用又好操作的App,2024-11-30 17:59:07,富邦,負評,視覺設計,版面配置
基隆圖書book,1,"bird 🐦 , 原本跟 中信金 / 中信銀 的 app 有得比， 介面 自選項 變不方便 ， 失望 ...",2024-11-24 19:03:13,富邦,負評,視覺設計,整體介面設計
Q Mavis,5,清晰 、好用 、不卡,2024-11-23 21:26:35,富邦,正評,視覺設計,版面配置
Max Chang,5,介面清楚一目暸然，請不要下架。,2024-11-22 14:58:37,富邦,正評,視覺設計,版面配置
Bell Chung,5,很棒，人機介面很棒,2024-11-20 13:43:21,富邦,正評,視覺設計,整體介面設計
Sara Chen,5,這個app清晰明瞭，直覺好用， 不知為何要改新版？？ 新版版面花俏，使用上需花很多精神來摸索， 希望舊版的功能可以整合到新版app,2024-11-20 11:18:49,富邦,正評,視覺設計,版面配置
Lin K,4,版面只設定需要項目確實還蠻好用的，但若要設定或尋找更改其他東西，還是需要花點時間找！,2024-11-11 11:25:15,富邦,正評,視覺設計,版面配置
迅猫,5,介面簡介明瞭,2024-11-08 21:42:08,富邦,正評,視覺設計,整體介面設計
chun yang,4,畫面簡潔易操作，讚！,2024-11-06 20:46:46,富邦,正評,視覺設計,版面配置
gRACiE LiU,5,剛安裝了新版。新版看起來很簡潔，但直白說，舊版比較好用。如果不被強迫使用的話（譬如舊版要下架不能再用只能使用新版），我會只用舊版。 舊版自訂自由度高，那個新版呢，目前，首頁可自訂項少還強迫你一定要有三個服務卡牌，那我沒貸款沒信用卡沒外幣沒玩股票也不買你網路保險呢，就變成版面上有一堆垃圾選項....,2024-11-05 02:34:44,富邦,正評,視覺設計,版面配置
鍾秉誠,5,介面簡單明瞭,2024-11-04 16:19:57,富邦,正評,視覺設計,整體介面設計
Shulien Hsu,5,今天突然發現app要下架了，這個版本介面使用多年也很順手 當年各銀行陸續架構app時，富邦所推出新穎貼心的設計都讓我印象深刻，例如邦你存、e家付、數位客服，及無需登入即可迅速瀏覽自設的首頁轉盤訊息等。而一頁網頁式設計，使用戶展開左側資訊欄能迅速找到所需服務 如今，新app設計看起來高級，實際上跟其他銀行app無太多分別。而多年經營的富邦吉祥物也從此消失。。更令人印象深刻的是新版app斗大的信用貸款頁面似乎時刻提醒用戶多多借款 我應該會懷念這個版本的app,2024-11-03 22:27:53,富邦,正評,視覺設計,整體介面設計
Chun-Kai Mao,1,無法使用原舊版程式轉移，從新版選擇舊版登入後，舊版程式在登入完成立即開啟瀏覽器同時舊版應用程式被登出，隨即瀏覽器關閉自動再打開舊版已登出的程式，根本沒有辦法回到新版畫面，要如何轉移？,2024-11-01 09:51:25,富邦,負評,視覺設計,版面配置
DCW Tsai,5,介面清楚連線反應速度快,2024-10-16 22:36:10,富邦,正評,視覺設計,版面配置
eva yeh,4,清楚，好用,2024-10-15 18:27:06,富邦,正評,視覺設計,版面配置
張珈瑋,1,這家銀行app的頁面設計很有問題 對於會去查帳的朋友很不友好 首先是只要跳脫頁面就要重新登入 第二是信用卡明細永遠無資料 但其實是有的，方法1是帳單明細→消費明細 不要點明細那個一樣無資料 我不懂設計這麼多無用的頁面是要幹嘛？？ 方法2則是不在信用卡帳務欄目裡，在信用卡消費裡，簡直莫名奇妙，你們設計這麼沒用的頁面 為什麼不把一樣的東西放在一起 能不能我一點來看就有東西，而不是東一個西一個 然後名字還要叫信用卡明細，卻又沒有明細！,2024-10-11 09:35:24,富邦,負評,視覺設計,字體與可讀性
姍姍,5,畫面看了就很想用這家理財,2024-10-09 19:01:28,富邦,正評,視覺設計,版面配置
林秋莉,5,操作簡單清楚,2024-10-09 15:59:26,富邦,正評,視覺設計,版面配置
Annie Lin,2,系統介面是我用過所有的網銀中最難用的，麻煩改進更新好嗎？,2024-10-07 02:10:04,富邦,負評,視覺設計,整體介面設計
Ronni Blue,5,查詢很順利 清楚明白,2024-10-04 16:42:20,富邦,正評,視覺設計,版面配置
吉克戰士長,5,介面可以再漂亮一點,2024-10-04 15:16:49,富邦,正評,視覺設計,色彩與配色
劉素琦,5,"更改新版面本來不知如何查詢餘額，後來發現只要轉動輪盤,非常喜歡這個設計，讚！讚！讚！",2024-10-03 03:12:33,富邦,正評,視覺設計,版面配置
ML Lo,5,介面設計不錯，使用方便,2024-10-02 15:01:07,富邦,正評,視覺設計,整體介面設計
tingyu kao,2,版面設計使用上不太直覺 很難找東西,2024-10-02 11:39:23,富邦,負評,視覺設計,版面配置
林豆豆,5,介面清楚明瞭，使用容易,2024-10-01 19:51:49,富邦,正評,視覺設計,版面配置
Google 使用者,5,匯率即時清楚，換匯方便,2024-09-30 19:37:58,富邦,正評,視覺設計,版面配置
NiCOLE TSAI,4,左上角的貸款訊息視窗可以不要每次開啟APP時就出現嗎？那個視窗讓畫面看起來很不清爽,2024-09-27 00:51:10,富邦,正評,視覺設計,版面配置
Amy Chan,5,方便好用清楚,2024-09-25 12:33:21,富邦,正評,視覺設計,版面配置
顏秀芬,5,介面簡單使用順暢,2024-09-18 09:49:46,富邦,正評,視覺設計,整體介面設計
蔡橙子,5,辛苦了，版面查詢簡潔明確。,2024-09-07 14:20:15,富邦,正評,視覺設計,版面配置
林嘉逸,5,點選使用很清楚，設定很方便。 感覺的出設計上很用心，讚哦！,2024-09-06 15:01:39,富邦,正評,視覺設計,版面配置
silentgiant1990,1,介面有夠醜的 加油好嗎...看看台新 國泰,2024-09-06 14:44:45,富邦,負評,視覺設計,整體介面設計
黃山,5,非常棒的設計,2024-09-05 08:07:39,富邦,正評,視覺設計,整體介面設計
謝樺萱,5,介面清楚好上手,2024-09-03 22:17:09,富邦,正評,視覺設計,版面配置
Owen Huang (謙),5,只能跟著手機配置暗色，介面有點醜,2024-09-01 21:24:50,富邦,正評,視覺設計,色彩與配色
66C08巫培善,4,如果要不要放置入性廣告，在功能上只要是判斷要輸入數字能自動跳九宮鍵的數字鍵盤就更好了,2024-09-01 10:03:03,富邦,正評,視覺設計,字體與可讀性
Chen-Chien Chen,5,介面直覺 使用方便,2024-08-28 19:47:00,富邦,正評,視覺設計,整體介面設計
蘇宏瑜,4,基本使用沒什麼問題，但希望轉帳後有個畫面可以截圖通知收款方，而非純文字，內容要有給收款方的備註資料,2024-08-28 12:01:54,富邦,正評,視覺設計,字體與可讀性
張金田,5,清楚說明,2024-08-25 15:45:42,富邦,正評,視覺設計,版面配置
Tan Tony,5,很好用，容易上手，介面設計使操作方便。很人性化。,2024-08-22 07:29:02,富邦,正評,視覺設計,整體介面設計
jason boy,1,文字客服根電話客服都等太久了真的無法超過15分鐘電話費不用錢阿 在這樣我要換一家銀行用了。你們信用卡覺得服務不周,2024-08-20 20:20:09,富邦,負評,視覺設計,字體與可讀性
Egg Yang,1,垃圾app轉帳收款有夠複雜，排版超級爛，能不能學一下台新永豐，整個程式像70年代的東西，app的工程師可以找個年輕一點的嗎,2024-08-20 19:13:25,富邦,負評,視覺設計,版面配置
Rebecca H,4,工程師辛苦了，人生就是活在人與人互相折磨的日子，還能埋怨什麼，所以介面可以再可愛一點嗎？ 我用app繳了貸款，金額一直維持原金額，我錢是繳到哪裡去了？是我繳的當下不會變要等二到三天再去看總金額是否有變化嗎？ 這樣很恐怖耶~,2024-08-15 13:31:21,富邦,正評,視覺設計,整體介面設計
Tracy,1,我要設定結果出現此手機已被（我的身份證字號）綁定，然後，我無法操作？？,2024-08-13 14:16:08,富邦,負評,視覺設計,字體與可讀性
Wilson Chen,5,介面清晰操作好入手,2024-08-12 11:15:35,富邦,正評,視覺設計,版面配置
Carol Chiu,4,畫面乾淨，操作方便,2024-08-09 15:28:04,富邦,正評,視覺設計,版面配置
陳嘉隆,5,對帳明細清楚好用,2024-08-07 14:07:17,富邦,正評,視覺設計,版面配置
Alvin Hsiao,5,清楚 直覺 方便,2024-08-06 23:57:29,富邦,正評,視覺設計,版面配置
王小元（大仔）,4,介面清楚明瞭,2024-08-05 10:50:04,富邦,正評,視覺設計,版面配置
Liu Jeromy (Clio),3,還有買賣外幣畫面怎麼沒有即時報價，牌告匯率也不揭示？是叫人傻傻的買嗎？ 已經是新版，那你們又提醒要裝新版，到底要什麼版號也不說，app 也沒做檢查新版，還要再去app 商店查也沒有新版，這不是擾人的提醒嗎？,2024-08-04 14:07:22,富邦,中立,視覺設計,版面配置
ben chao,4,流暢度好，圖示化可再加強一下就更完美。,2024-08-04 06:35:25,富邦,正評,視覺設計,按鈕與圖示
Peggy Huang,5,希望能增加備註的限制字數,2024-07-24 19:19:55,富邦,正評,視覺設計,字體與可讀性
盈盈,5,設計很用心！,2024-07-20 01:33:46,富邦,正評,視覺設計,整體介面設計
fresh annie,1,一直loading 無法進入登入畫面,2024-07-17 11:58:29,富邦,負評,視覺設計,版面配置
Alexa Tsao,5,使用十分方便，介面也滿好用的 最近一直收到要更新的通知，但從這邊沒看到可更新,2024-07-08 20:12:36,富邦,正評,視覺設計,整體介面設計
曾啟銘,5,介面簡單明瞭，功能實用,2024-07-08 13:11:48,富邦,正評,視覺設計,整體介面設計
ilona chao,5,介面清楚簡單 使用很方便,2024-07-08 12:53:21,富邦,正評,視覺設計,版面配置
嫺,5,字體大。畫面清。,2024-07-08 12:34:20,富邦,正評,視覺設計,字體與可讀性
宇,2,最近使用富邦行動銀行已登入，但畫面中的所有功能無法點選完全沒有反應,2024-07-07 19:08:39,富邦,負評,視覺設計,版面配置
BLAIR,3,icon設計、版面配色、字體大小不是很專業，綜觀其他家行動網銀，就連上海商銀都還算中規中矩。明明是金控的翹楚，也有在做網銀的使用問卷，但怎還是讓人感到落後？,2024-07-04 10:07:49,富邦,中立,視覺設計,字體與可讀性
曾子軒,5,介面清晰，簡易操作，直覺感受，值得推薦。,2024-07-02 15:41:20,富邦,正評,視覺設計,版面配置
Sheng,2,介面不夠美觀，回饋也不是單筆給，拜託改進，感謝。,2024-07-02 09:14:52,富邦,負評,視覺設計,整體介面設計
褚文英,5,操作介面人性化,2024-06-28 15:40:43,富邦,正評,視覺設計,整體介面設計
李金諺,2,介面不美觀，首頁捷徑整天跳新的沒用 icon 出來，還沒辦法關閉海外刷卡，在用過的銀行 APP 內是最難用的,2024-06-27 11:40:08,富邦,負評,視覺設計,按鈕與圖示
王又,5,清楚明白的介紹和引導 讓使用者操作 不會顯得困難,2024-06-25 15:53:01,富邦,正評,視覺設計,版面配置
Ting Chang,1,像活在win97的畫面，很多東西都很不直覺，主介面充斥著一大堆不必要的功能選項，AI難用的要死 用過多家銀行的app，玉山是最跟得上時代在進步的，希望富邦好好跟人家學習一下,2024-06-17 12:19:56,富邦,負評,視覺設計,版面配置
暴躁小喵,5,操作介面簡單扼要,2024-06-06 20:05:26,富邦,正評,視覺設計,整體介面設計
Jwoluen Hor,2,"2024/06/06，説好的，我的主頁我決定，但是富邦信貸廣告，就是關不掉，佔據主頁位置，礙眼，遮擋，令人反感！ 2023/07/15原本好好的，正常使用的軟體，突然無法使用！提供錯誤的訊息指示，浪費客戶的時間。 1. 2023/07/15 早，一直出現“富邦行動銀行憑證已更新”的畫面，並指示""請立即前往更新...""，無法進入富邦行動銀行？ 2. 依指示，進入Google Play，已是最新版本，無更新按鈕。 3. 將軟體移除後，重新按裝，結果相同。出現“富邦行動銀行憑證已更新”的畫面，並指示""請立即前往更新...""，無法進入富邦行動銀行！ 4. 透過各種途徑，將問題反映給台北富邦銀行。 2023/07/15 11:10 收到簡訊通知 富邦行動銀行Android版本因進行憑證更新作業，7/15將暫停服務（iOS版本可正常使用），「暫停服務」期間請改用網路銀行，造成您的不便，敬請見諒。",2024-06-06 08:36:39,富邦,負評,視覺設計,版面配置
pancake pancake,1,頁面很沒有設計感,2024-06-04 16:03:29,富邦,負評,視覺設計,整體介面設計
黃莉惠,5,介面清楚，使用感覺良好,2024-06-04 13:16:12,富邦,正評,視覺設計,版面配置
陳小靜,5,介面簡單好用,2024-06-03 11:43:52,富邦,正評,視覺設計,整體介面設計
呂理成,5,操作介面平易近人,2024-06-02 19:01:56,富邦,正評,視覺設計,整體介面設計
Whs L-,5,簡單清楚,2024-05-27 20:32:02,富邦,正評,視覺設計,版面配置
邱擎宇,5,清楚好用,2024-05-24 15:25:03,富邦,正評,視覺設計,版面配置
范裕詮,1,信貸廣告放在首頁中間 到底是什麼白癡設計 要打廣告也不設計漂亮一點 不美觀又礙眼 對齊角落很難嗎 看到這樣的設計就不會想使用,2024-05-23 03:24:21,富邦,負評,視覺設計,色彩與配色
victoria hung,5,使用流暢，操作簡單，介面清晰,2024-05-22 23:16:14,富邦,正評,視覺設計,版面配置
eetw001 L,2,每次登入就會一直轉圈，但是不會進入登入畫面，關掉重開之後又要求重新登入，重新登入之後又說原來已經登入沒有退出。,2024-05-13 11:27:06,富邦,負評,視覺設計,版面配置
天邊一朵雲,1,畫面雜亂、操作不直覺要找半天。 使用率低,2024-05-12 15:09:25,富邦,負評,視覺設計,版面配置
陳震謙,5,介面使用清楚方便 餘額顯示希望能再明确,2024-05-10 21:08:23,富邦,正評,視覺設計,版面配置
Augustus,1,使用介面簡陋難看，2024年我以為我還在用2012年的APP，學一下國泰世華好嗎？,2024-05-03 23:40:14,富邦,負評,視覺設計,整體介面設計
Joyce Hsu,5,網頁清楚明瞭，使用起來很舒服、方便。,2024-05-03 13:52:37,富邦,正評,視覺設計,版面配置
黃冠傑,1,爛！！！ 1. 刷卡無法即時反應刷卡資訊 2.現金回饋顯示不透明 （例如：別間顯示是XX回饋1% 87元，XX回饋2% 250元，清楚明瞭）3.現金回饋富邦J卡 日本在地消費台幣25000元 回饋金只有110元 （那我辦J卡幹嘛？） 總結：要不是有富邦摳死多 不然絕不繼續再用富邦產品,2024-04-28 11:52:26,富邦,負評,視覺設計,版面配置
王露露,1,密碼不能有連續四個英文或數字，我這輩子第一次碰到這麼刁難人的規定！密碼不合規定，還把我剛才打的信箱和帳號也清空，我不申請你們的信用卡了可以吧？,2024-04-27 20:32:32,富邦,負評,視覺設計,字體與可讀性
Lu Andy,5,直覺介面讚,2024-04-26 10:23:06,富邦,正評,視覺設計,整體介面設計
ANDY FENG,1,無法下載 無法更新 2024/4/25 又無法登入 一直在登入畫面轉圈 我還是連富邦信用卡一起停掉 換一家系統比較穩定的銀行好了,2024-04-25 19:32:20,富邦,負評,視覺設計,版面配置
林靜宜,5,整體畫面活潑，色彩豐富，連結相關資料快速,2024-04-23 12:38:38,富邦,正評,視覺設計,版面配置
姓氏（JONEY）,1,密碼誤按三次要更改帳號密碼，都輸入完資料後，選擇確定會寄發簡訊到手機裡，要輸入簡訊內的驗證碼才能完成更改帳號密碼，但要點開簡訊看就必須要跳出app回到手機桌面，等我看完要回到app內輸入時，更改的介面不見了居然直接回到app主頁，已經試過4次了，沒有一次可以， 請修正！！！,2024-04-23 11:16:43,富邦,負評,視覺設計,整體介面設計
林俊希,4,簡單清楚,2024-04-22 21:38:29,富邦,正評,視覺設計,版面配置
ANNIE LIN,3,一直在loading 畫面.....根本不能登入，好幾天了耶！！！！銀行app這樣會不會太可怕了,2024-04-10 02:51:09,富邦,中立,視覺設計,版面配置
Kay Hsu,3,"因為App無法看到自己的跨行轉帳與提款免手續費次數，一直不敢轉太多錢到富邦去，現在才發現要網頁登網銀才能查詢覺得很瞎，使用app就是為了方便,這設計似乎已造成使用者使用上的不便！",2024-04-08 14:37:38,富邦,中立,視覺設計,整體介面設計
幾分紅,5,功能切換清楚明瞭，人性化。,2024-04-02 10:24:31,富邦,正評,視覺設計,版面配置
ava y,5,操作介面清楚好用,2024-04-01 09:15:11,富邦,正評,視覺設計,版面配置
Albert Lin,3,今天來抱怨數位帳戶：我過去自己辦數位帳戶後透過App視訊審核可以將非約定轉帳額度升到5/10/20萬；近日協助70歲初頭（健壯頭腦清楚）母親申辦，辦成功後，待要再視訊升額度時卻直接秀出此帳戶無法執行之錯誤，去電後被告知因內部審核此帳戶無法升級需臨櫃轉成一般戶；非常傻眼生氣，我們就是想要省去去現場的時間和需要數位的高利等優惠才辦，並不想要一般戶好嗎？你們是歧視老人嗎？你們是歧視國中畢業嗎？你們數位帳戶做半套嗎？如果說是預防老人被詐騙那請問每月上限5萬跟20萬差很多嗎？會被騙就是騙，申請時一開始填出生日就應該要卡關或告知清楚了好嗎？怕老人被騙那就乾脆數位直接限制年紀或學歷怎樣不給辦，而不是辦完變閹割功能，最後白辦了，真的浪費了我們許多填表時間！！！,2024-03-29 21:25:45,富邦,中立,視覺設計,版面配置
史坦Stan,5,個人感覺系統介面設計很人性化，各服務或選項分類算很仔細。,2024-03-26 18:35:31,富邦,正評,視覺設計,整體介面設計
Cathy Wu,4,用起來挺順的，就是醜了點。,2024-03-21 11:58:57,富邦,正評,視覺設計,整體介面設計
小龍,5,各項圖示分類清楚明確。有個小建議，圖示在手機亮度及天色較暗時，圖示會有糊掉的感覺，建議色差對比是否調整一下。謝謝！,2024-03-20 12:51:17,富邦,正評,視覺設計,版面配置
洪淞諭,1,超難用 尤其登入明明顯示登入成功，就是一直卡在loding畫面,2024-03-20 08:08:41,富邦,負評,視覺設計,版面配置
Tary Chang,1,開app不會自動跳到登入介面、沒有臉部解鎖，很不好用 更新：根據回覆再看了一次，依然沒有顏值可以選,2024-03-19 16:35:42,富邦,負評,視覺設計,整體介面設計
Hannah Chou,3,操作介面有夠難操作的 請學一下中信、台新的,2024-03-15 15:43:36,富邦,中立,視覺設計,整體介面設計
Arthur Chien,5,簡單，清楚易操作,2024-03-12 14:30:57,富邦,正評,視覺設計,版面配置
翁崇賀,5,簡介簡單清楚明瞭，好操作,2024-03-08 15:25:26,富邦,正評,視覺設計,版面配置
黃惠龍,4,隨時清楚明白個人之帳面上入帳金額及扣款餘額…..等！,2024-03-07 14:51:04,富邦,正評,視覺設計,版面配置
Chloe Chen,4,字體大，介面簡易清楚👍,2024-03-06 15:59:13,富邦,正評,視覺設計,字體與可讀性
Min Yeh (Amy),5,操作介面簡單易懂，方便使用。,2024-03-05 04:36:04,富邦,正評,視覺設計,整體介面設計
吳璟宜,5,操作介面佳,2024-03-02 23:13:32,富邦,正評,視覺設計,整體介面設計
李錦濱,5,清楚 操作容易,2024-03-01 14:43:55,富邦,正評,視覺設計,版面配置
Steve Yang,4,設計簡潔，方便使用 轉帳，lucky pay 很方便 其他功能也很好上手,2024-02-29 12:20:33,富邦,正評,視覺設計,整體介面設計
mei hung,5,畫面乾淨利落,2024-02-29 05:53:32,富邦,正評,視覺設計,版面配置
強尼,3,要不要參考台新、中信等其他家的網銀app，他們的介面清楚好看，富邦要在多加油！,2024-02-28 13:55:34,富邦,中立,視覺設計,版面配置
shiow Liu,5,清楚使用方便安心,2024-02-26 10:27:31,富邦,正評,視覺設計,版面配置
莊秋雄,4,剛安裝時都可以正常使用，兩天後約八點使用就卡在登入畫面，等到十點才好，但是依舊是lag，不像第一天那麼順,2024-02-25 16:57:41,富邦,正評,視覺設計,版面配置
振嘉,1,富邦算是台灣的大銀行了吧？app介面找一個轉帳藏的有夠深，到底是請什麼骨灰級工程師設計的阿？ 一堆廣告檔畫面，有夠擾民的！,2024-02-22 11:15:46,富邦,負評,視覺設計,版面配置
蔣淑貞,5,清楚好用,2024-02-19 22:09:21,富邦,正評,視覺設計,版面配置
Po Ying Lo,5,容易查閲存款，做定期存款指示清楚。,2024-02-11 01:50:56,富邦,正評,視覺設計,版面配置
羅新翰,5,人性化操作介面，超級好用！,2024-02-09 23:48:55,富邦,正評,視覺設計,整體介面設計
Orion Chen,5,操作簡單，建議可以再簡化，或者由使用者自行規劃平常使用按鈕,2024-02-09 07:43:35,富邦,正評,視覺設計,按鈕與圖示
黃茈瑄,1,超難用，介面不符合人性，顯示登入成功還是不能用。 所以我目前的富邦帳戶只用來繳貸款，完全不會考慮用來存錢。,2024-02-06 10:00:35,富邦,負評,視覺設計,整體介面設計
Kaichi K,4,介面簡潔清楚 很喜歡,2024-02-06 00:19:10,富邦,正評,視覺設計,版面配置
Jackie Gu,5,友善的直覺式操作介面,2024-02-02 16:25:12,富邦,正評,視覺設計,整體介面設計
JH J,1,使用介面非常爛與古老不人性化的系統,2024-02-01 21:22:11,富邦,負評,視覺設計,整體介面設計
ty tang (阿永),1,本人為視障，點選功能「視障友善行動銀行」 完全不知友善在哪?? 字體小、沒快速登入、一樣白底頁面。是更不友善的功能 針對視障的功能，根本就很瞎，還說友善??? 還是APP能有深色功能?能告訴我轉換方式。,2024-02-01 11:11:05,富邦,負評,視覺設計,字體與可讀性
betty lu,5,系統、版面配置、功能選項清楚流暢，使用起來很順手,2024-02-01 10:16:54,富邦,正評,視覺設計,版面配置
江岳穎,2,我想跳出這個畫面！跳不出去！！！！,2024-01-26 21:33:53,富邦,負評,視覺設計,版面配置
李淑鍊,5,使用過程順暢，介面簡明可以快速查詢到所需的資料，比新xx好用許多,2024-01-25 12:34:30,富邦,正評,視覺設計,整體介面設計
Shin,1,開啟app一直出現溫馨提醒是怎樣，擋畫面又關不掉，請改善,2024-01-19 15:19:31,富邦,負評,視覺設計,版面配置
妮小喵,1,都2024年了，登入成功後一直卡在Loading...的畫面依然沒解決，換到電腦登入，因為手機已登入過就要再等幾分鐘後才能再次重新登入，繳個卡費真困難...,2024-01-17 10:05:12,富邦,負評,視覺設計,版面配置
張晏魁,4,請勿使用不斷跳出評分對話窗的方式強迫評分 App使用經驗良好，與line無介面問題,2024-01-16 09:47:27,富邦,正評,視覺設計,整體介面設計
郭涵文,1,半個月了…整整半個月每次都登入畫面都是成功之後持續loading，打電話給客服反應得到的回應是「最近沒有維護」以及「用戶網路訊號較弱造成無法順利登入」，平時習慣使用的幾家網銀就只有富邦有問題，已經滿格4G+了，想問到底到什麼程度才能符合貴公司的標準呢?為什麼是檢討客戶啊啊啊啊啊，只是想要繳信用卡費為什麼這麼困難！再這樣真的要剪卡放棄了欸,2024-01-13 17:23:24,富邦,負評,視覺設計,版面配置
Fang-Yu Chang,5,介面簡潔明瞭，可以自己設制快捷鍵，操作方便,2024-01-09 07:31:19,富邦,正評,視覺設計,整體介面設計
Liu Maxx,5,系統穩定 介面簡潔,2024-01-08 16:28:51,富邦,正評,視覺設計,整體介面設計
dwdy,1,網銀開卡，一直要你先登入 我就還沒開卡是要怎麼登入啦 設計的人在想什麼？,2024-01-07 20:20:44,富邦,負評,視覺設計,整體介面設計
劉欣華,5,使用介面很直覺人性化,2024-01-03 06:54:12,富邦,正評,視覺設計,整體介面設計
Hsin-Pei Hsieh,4,介面簡潔清楚,2024-01-02 19:16:07,富邦,正評,視覺設計,版面配置
糟老頭,5,方便清楚好操作,2024-01-02 14:46:45,富邦,正評,視覺設計,版面配置
普通國民,5,介面容易上手，反饋速度算快，還不錯，好用,2024-01-02 08:53:00,富邦,正評,視覺設計,整體介面設計
李宗益,5,頁面設計不錯,2024-01-02 03:11:29,富邦,正評,視覺設計,整體介面設計
雨Rain,1,每次登錄說已經成功登錄。但畫面一直轉圈圈到底是要讓人怎麼使用,2024-01-01 11:33:57,富邦,負評,視覺設計,版面配置
Google Google (Google Google),4,《Google Play》電信帳單代收服務使用條款 ￼ 台灣大哥大(下稱「本公司」)係依照以下條款之約定（下稱「本條款」），提供本公司之行動電話門號用戶（下稱「用戶」）使用本公司之電信帳單代收服務（下稱「本服務」，本公司得隨時變更本服務名稱，且不因此影響本條款之效力及雙方權利義務）。您使用本服務前請務必詳細閱讀本條款相關內容以保障權益；當您已開始使用本服務時，視為該您已確實閱讀、瞭解並同意遵守本條款。 您於本條款為任何修改或變更後，仍繼續使用本服務時，視為您已確實閱讀、瞭解並同意遵守本條款之修改或變更。若您為未成年人，除您本人應遵守上述規定外，並請您的家長（或監護人）同時確實閱讀、瞭解並同意遵守本條款之所有內容，您方得使用或繼續使用本服務；當您於本條款為修改或變更後仍繼續使用本服務時，即表示您的家長（或監護人）亦已確實閱讀、瞭解並同意遵守本條款之修改或變更。 一、服務內容及費用負擔 1. 您同意使用「併同台灣大哥大電信費帳單付款」，作為您在Google Play平台購買應用程式或其他商品/服務(以下合稱商品)之付款方式，前述商品交易之費用將併同依您於本公司之帳單週期採分立款項,2024-01-01 08:19:49,富邦,正評,視覺設計,字體與可讀性
HT,1,不太懂這個設計，還沒登入前可以看到金融卡開卡的畫面，但登入後金融卡開卡畫面消失，請問要如何開卡？,2023-12-28 18:39:42,富邦,負評,視覺設計,版面配置
林東舜,5,介面清楚好操作,2023-12-27 22:15:36,富邦,正評,視覺設計,版面配置
菽,1,"只有一個字可以形容“爛”系統,系統一直跳出來沒辦法進入,打語音電話也沒人接,一直聽語音,沒有辦法解決 客戶的問題.",2023-12-25 21:39:11,富邦,負評,視覺設計,字體與可讀性
胖胖熊,5,操作簡單易懂 操作介面一目了然 感謝工程師的辛苦研發,2023-12-22 15:03:33,富邦,正評,視覺設計,整體介面設計
李瑄,5,介面簡單，好操作！,2023-12-21 11:05:25,富邦,正評,視覺設計,整體介面設計
Mike Hsu,1,app的名字是富邦行動銀行、而不是台北富邦的開頭、這app到底是不是台北富邦銀行的呢？還是詐騙集團的呢？讓人無法判斷而不敢使用、,2023-12-20 09:18:15,富邦,負評,視覺設計,字體與可讀性
Roy Cheng,5,簡明清楚,2023-12-15 23:48:26,富邦,正評,視覺設計,版面配置
Joe Weng (翁顯亮),1,介面功能混亂。信用卡無最基本的即時消費通知，即時刷卡金額查詢,2023-12-15 08:47:42,富邦,負評,視覺設計,整體介面設計
臨界點,5,操作便利，版面清晰明瞭，非常好用的軟體。,2023-12-14 10:06:01,富邦,正評,視覺設計,版面配置
Brian Hsiao,5,介面流暢,2023-12-12 16:59:09,富邦,正評,視覺設計,整體介面設計
吳佩穎,4,介面蠻直覺,2023-12-11 14:48:29,富邦,正評,視覺設計,整體介面設計
Brandon Bo,5,方便清楚,2023-12-10 21:15:17,富邦,正評,視覺設計,版面配置
白犀牛,5,使用清楚便利,2023-12-08 12:28:14,富邦,正評,視覺設計,版面配置
楊健民,5,各項作業指示明顯，操作流程順暢，結果顯示清楚。,2023-12-07 15:57:17,富邦,正評,視覺設計,版面配置
Benny Ho,2,只有使用好市多信用卡，繳卡費時依據大圖示點信用卡-本期帳單應繳金額-立即繳費，就只能用銀行轉帳。 如果想要超商繳費還要跳出到主畫面右側邊往下拉的選單中才找的到，每次都找好久，可以整合起來在“立即繳費”，提供繳費方式選項內嗎？,2023-12-06 10:52:54,富邦,負評,視覺設計,版面配置
廖小美,5,操作簡單.明瞭易懂.介面精緻,2023-12-06 09:44:55,富邦,正評,視覺設計,整體介面設計
陳逸群,5,使用者操作介面直覺 轉帳功能很不錯,2023-12-05 23:34:44,富邦,正評,視覺設計,整體介面設計
陳麗薰,5,"使用介面容易操作, 易懂",2023-12-03 21:14:14,富邦,正評,視覺設計,整體介面設計
莊志遠,5,使用介面親切,2023-12-02 21:04:48,富邦,正評,視覺設計,整體介面設計
Chuang Rockwell,5,簡單易懂的操作介面,2023-11-29 08:31:19,富邦,正評,視覺設計,整體介面設計
Joe Peng,5,介面清楚易懂可靈活設定主劃面,2023-11-27 22:24:15,富邦,正評,視覺設計,版面配置
黃小狼,1,操作介面跟身份介面複雜易搞混，緊接著就是鎖帳號，還得費時間去解鎖。從沒用過這麼難用的app。連國泰世華的車尾燈也看不到。,2023-11-23 13:25:46,富邦,負評,視覺設計,整體介面設計
REN,1,信用卡用戶無法登入，顯示登入成功後，Loading畫面沒有跳轉到登入後的首頁，等了三分鐘還是Loading，網速正常,2023-11-22 19:58:42,富邦,負評,視覺設計,版面配置
廖馬克,4,原本密碼正確，一直在讀取進不去畫面。 後面貴公司APP有改善，更改增加星星數，不錯繼續加油。,2023-11-18 18:45:22,富邦,正評,視覺設計,版面配置
文,2,版面雜亂，也無法查詢立卽消費資訊,2023-11-18 15:39:03,富邦,負評,視覺設計,版面配置
Jason yu,5,資訊及時、介面操作方便。,2023-11-15 06:14:14,富邦,正評,視覺設計,整體介面設計
張玉君,5,清楚簡單，方便操作,2023-11-09 13:39:15,富邦,正評,視覺設計,版面配置
Amber_love_coffe,3,個人覺得版面雜亂，操作起來很多東西都需要按一遍才找的到自己要的，認真覺得不方便。,2023-11-08 21:49:00,富邦,中立,視覺設計,版面配置
Kyle,1,超級難用 不人性化 介面搞得一點也簡潔 很愛廣告,2023-11-07 13:06:55,富邦,負評,視覺設計,整體介面設計
丁淑敏,5,頁面清楚，操作方便,2023-11-05 12:44:49,富邦,正評,視覺設計,版面配置
Ken,1,使用介面看似正常 實際用下來超爛 準備多跑一趟銀行吧,2023-11-04 01:49:17,富邦,負評,視覺設計,整體介面設計
宗霖（小霖）,5,好用，轉帳快速查閱信用卡金額方便，系統介面清楚明瞭，調整額度快速。,2023-11-03 09:50:47,富邦,正評,視覺設計,版面配置
Yang Danny,5,使用的介面清楚，明瞭，很用心經營,2023-11-02 21:29:28,富邦,正評,視覺設計,版面配置
董菊華,5,方便使用 透明化 細節清楚,2023-11-02 11:50:40,富邦,正評,視覺設計,版面配置
Ming,1,ui設計爛就算了！連繳費都是問題，唉,2023-11-02 09:19:28,富邦,負評,視覺設計,整體介面設計
u s,5,我還以為這個app不需要評論，很方便，臨時需要調高額度時就這家最快，只需要跟它的智能打字對話就好(當然調完刷太高會有人工客服來電確認)，還不用打只會轉自動回覆or AI回覆語音兜圈子麻煩，平時保持最低額度需要時在馬上調高，如果要去旅遊刷旅費團費真的是很方便，給工程師5星好評，希望保持下去,2023-11-01 06:18:18,富邦,正評,視覺設計,字體與可讀性
謝得隆,5,方便清楚迅速,2023-10-30 00:11:51,富邦,正評,視覺設計,版面配置
蔡銓桁,2,登入卡半天，操作介面跟其他家比不好入手，要接好市多，請提早做準備,2023-10-18 13:26:53,富邦,負評,視覺設計,整體介面設計
呂昊凡,5,復古風UI，不好看但用起來不會卡,2023-10-17 17:25:42,富邦,正評,視覺設計,整體介面設計
黃淑珍,1,之前有下載後刪除，現在又下載，卻一直不能登入，一直顯示身份證或密碼錯誤，但身份證號碼是系統自己顯示的，我沒法修改。點選忘記密碼，重新設定，輸入完按確定送出，畫面又回到尚未輸入的畫面，試了很多次，都一樣結果。刪掉重新下載，還是重複同樣問題，沒用過這麼爛的app,2023-10-15 22:58:54,富邦,負評,視覺設計,版面配置
曾鴻裕,5,好用的介面,2023-10-15 14:29:09,富邦,正評,視覺設計,整體介面設計
鄭富隆,5,非常人性化的介面,2023-10-15 11:10:41,富邦,正評,視覺設計,整體介面設計
Mandy Fung,1,很差的使用體驗，很差的系統操作設計,2023-10-15 01:57:44,富邦,負評,視覺設計,整體介面設計
daisy,1,希望能夠學台新richart app消費明細清楚,2023-10-13 10:27:34,富邦,負評,視覺設計,版面配置
陳peiging,5,清楚易懂,2023-10-13 01:27:26,富邦,正評,視覺設計,版面配置
Bella Chuang,1,操作介面看起來很漂亮，但實際上難用。 貸款＆投資的浮動選單真的很討厭。 如果有需要的人，會自己去找，可以不要跳出來讓人給人看？ 為什麼APP沒按登出，就不能登入網頁的網銀。 為什麼不能直接設定就強制登出APP?,2023-10-09 01:24:37,富邦,負評,視覺設計,色彩與配色
Songji Tsai,1,"感謝富邦神難用而且奇醜無比的app, 讓我自從換卡以後都不想去好市多花錢了",2023-10-07 11:33:44,富邦,負評,視覺設計,整體介面設計
Ch.雪,1,"重頭到尾都爛， 辦刷卡卻不寄帳單，要帳單明細還要自己申請，請卡時怎不說清楚，要打客服還要自付電話費，mail只會收到已繳費用，但無法知道明細， 打完客服才會給你電子客服連結點，富邦真的很缺錢，刷卡分期剩餘金額都沒提醒，只一直說你行收到多少錢的mail,下一期要繳多少呢？ 是鼓勵大家剪卡嗎 繳完這期一定剪卡，最爛的銀行，要民眾自己跑流程，辦卡時都不辦好後續， 打完客服，查到繳費期限已過兩天，真的是超愛坑",2023-10-06 11:57:38,富邦,負評,視覺設計,版面配置
跳舞豬豬,1,你們的App在安卓和ios系統登入後的畫面是不一樣的 安卓有轉帳功能 ios沒有轉帳功能 是不同一個App嗎🤔,2023-10-02 08:00:20,富邦,負評,視覺設計,版面配置
薛叡,5,各項功能很清楚的列在左邊,2023-10-01 17:11:23,富邦,正評,視覺設計,版面配置
Ada Kuo,5,操作介面很靈活,2023-10-01 14:29:43,富邦,正評,視覺設計,整體介面設計
童筱綾,1,App沒有即時消費通知的設計 真的是非常愚蠢 到底為什麼要把即時消費通知弄在Line？ 然後App完全沒動靜？ 查個消費明細還要從Line翻找 單筆分期也要從Line去處理 這App是設計心酸的嗎？？？？？,2023-09-25 21:49:39,富邦,負評,視覺設計,整體介面設計
Yen,1,介面比狗畫的還醜,2023-09-25 21:30:29,富邦,負評,視覺設計,整體介面設計
jason no1,5,設定非常清楚,2023-09-15 11:00:44,富邦,正評,視覺設計,版面配置
Leo Liu,1,信用卡繳費怎麼可以設計得這麼不直觀....,2023-09-14 08:54:52,富邦,負評,視覺設計,整體介面設計
張明鳳,5,介面好使用,2023-09-14 08:12:57,富邦,正評,視覺設計,整體介面設計
e.w,1,富邦的app真的要在加油 不管是操作順暢度還是美觀都很不好，連賴給別人收款的QR cord 都會一直跳掉，超不方便 而且要綁快速登入也是一直失敗還會跳轉很久最後當掉 我自己使用過richart、玉山、國泰的app，沒有一個像這樣既不穩定頁面也不順暢的，整體看起來也很陽春，真的不行,2023-09-13 22:48:09,富邦,負評,視覺設計,整體介面設計
Paddy Shu,1,完全找不到帳號申請的介面，是90年代的復古程式嗎？,2023-09-13 20:20:39,富邦,負評,視覺設計,整體介面設計
阿德,5,蠻直覺的操作介面,2023-09-13 04:11:49,富邦,正評,視覺設計,整體介面設計
lo tto,1,APP設計的好爛，連一個簡單的快速登入設定都做不好！我原本設定好好的，可是只能進入在信用卡客戶那邊，我想快速登入銀行端客戶那邊，弄了老半天還是弄不好！ 整體介面難用就算了，連一個簡單的快速設定...哇靠真的是廢到笑,2023-09-11 09:40:11,富邦,負評,視覺設計,整體介面設計
Johnson.jiang Jiang,4,界面清晰好用，惟換匯時無法即時顯示優惠價格的滙率。,2023-09-09 01:54:26,富邦,正評,視覺設計,版面配置
陳芯芯,5,介面操作簡易方便,2023-09-07 15:14:22,富邦,正評,視覺設計,整體介面設計
陳建龍,5,介面流暢清楚明白,2023-09-07 12:06:13,富邦,正評,視覺設計,版面配置
Audrey Holly Jeng,4,介面設計清楚容易操作，很貼心的服務，可以線上開戶真的好方便。謝謝資訊開發工程團隊的努力！,2023-09-06 22:52:34,富邦,正評,視覺設計,版面配置
Husan LiN,1,App的介面，很難之使用，可以在優化一點,2023-09-06 14:26:27,富邦,負評,視覺設計,整體介面設計
Chris Wu,1,介面超不直覺難用得要死，連忘記密碼都不知道要去哪裡重新設定，app設計的工程師是都在睡嗎,2023-09-05 23:03:34,富邦,負評,視覺設計,整體介面設計
Rita,5,介面清楚，使用便利,2023-09-05 16:37:01,富邦,正評,視覺設計,版面配置
Fion Tsai,5,算是很完整的網銀app，基本的查詢功能都很直觀，使用起來非常順手，分期尚未繳清的明細也蠻清楚的,2023-09-05 09:42:34,富邦,正評,視覺設計,版面配置
安琪拉,5,操作介面清楚,2023-09-01 15:28:33,富邦,正評,視覺設計,版面配置
Wang Nick,5,登入速度快，介面直覺好用，常用功能可調整至首頁，很好用,2023-09-01 08:40:00,富邦,正評,視覺設計,整體介面設計
chtomea rex,1,7／30不懂在幹嘛用的app，登入帳密打完，loading一直轉，就是進不去，幹嘛設計出來？！ 8／29狀況一樣，完全沒變，loading轉不停，富邦的資訊人員都是在幹嘛的？ 還是卡片減一減，帳號停用就算了？！,2023-08-29 16:00:06,富邦,負評,視覺設計,整體介面設計
Kunyuan chen,5,清楚簡單,2023-08-26 11:19:16,富邦,正評,視覺設計,版面配置
朱小鱼,2,系統操作介面很不直覺,2023-08-25 16:24:30,富邦,負評,視覺設計,整體介面設計
CH,5,非常方便及友善使用者的介面！,2023-08-21 14:16:14,富邦,正評,視覺設計,整體介面設計
TeddyGJ,2,介面醜到爆炸，簡直污染手機,2023-08-20 02:03:07,富邦,負評,視覺設計,整體介面設計
Artemis Mil,5,介面簡單明瞭，清楚好上手,2023-08-18 02:58:59,富邦,正評,視覺設計,版面配置
Arvr Vix,5,速度快，介面好用,2023-08-17 18:49:32,富邦,正評,視覺設計,整體介面設計
green y,1,個人算是管理卡費很嚴謹的人，每筆消費必定記帳，並且隨時留意刷卡通知及app內開銷紀錄。但自從轉至富邦信用卡以後，當下的開銷，完全不會顯示在app裡！！！我必須去看剩餘額度才能“推算”出來自己的總消費，非常不便利！令我十分懷疑這個app的設計動機？ 8月至今使用此卡消費快滿萬元，app顯示的「已消費金額卻是0」…也找不到任何明細介面。 貴行設計的app非常不便利，開銷曖昧不明！令我在使用信用卡上感到十分不安，我寧可盡量不使用此卡消費。希望此意見能轉知相關人員，謝謝！,2023-08-15 14:58:26,富邦,負評,視覺設計,整體介面設計
K K,5,介面簡單易懂好操作,2023-08-14 22:58:42,富邦,正評,視覺設計,整體介面設計
AT 24,1,難用不直覺不美觀，希望可以參考學學國泰的介面，設計的更人性化、好使用、好看一點，期待改善後的結果,2023-08-13 16:51:35,富邦,負評,視覺設計,整體介面設計
RenBang,3,"無指紋辨識登入功能, 且登入時間緩慢, 介面陽春",2023-08-12 19:41:22,富邦,中立,視覺設計,整體介面設計
Shiau Ching Chiu,1,顯示登入成功，畫面一直轉，重開app重新登入也是顯示登入成功，轉5分鐘轉不出來🙄🙄,2023-08-12 09:26:47,富邦,負評,視覺設計,版面配置
K YM,1,App設計太醜太不好用，可以花錢請專業的來嗎？,2023-08-11 09:37:52,富邦,負評,視覺設計,整體介面設計
朱華顥,2,介面該重新設計了,2023-08-07 19:19:06,富邦,負評,視覺設計,整體介面設計
kuo mingkang,5,流暢 介面方便 直覺,2023-08-06 21:02:07,富邦,正評,視覺設計,整體介面設計
James Perng,5,目前使用起來都很順暢，介面也還算好理解，希望後續改版不要變差。,2023-08-04 23:33:39,富邦,正評,視覺設計,整體介面設計
Ben Liu,2,這App的UI設計得不太好：那個圓盤有夠難轉，然後下面那排充滿沒用的icon（例如LuckyPay）還無法客製化。我個人覺得設計的滿醜的。收到數位帳戶金融卡時還要求我去富邦提款機改密碼；現在數位帳戶不都是任一提款機都可操作嗎？很會找麻煩。,2023-08-04 21:47:20,富邦,負評,視覺設計,按鈕與圖示
張貴美,4,快速查明！簡單清楚，讚！,2023-08-03 21:34:16,富邦,正評,視覺設計,版面配置
ting chen,5,介面清楚完整好用，功能很完善,2023-08-02 06:23:23,富邦,正評,視覺設計,版面配置
戴銘Benson Tai Ming,4,幫你記，是一項非常貼心設計。,2023-08-02 06:02:08,富邦,正評,視覺設計,整體介面設計
文圓黃,1,顯示已登入，畫面卻一直跑不出來,2023-07-31 23:21:53,富邦,負評,視覺設計,版面配置
郭BEN,1,App信用卡介面很差，app無法查詢消費明細，如果被盜刷根本無法查,2023-07-28 23:28:22,富邦,負評,視覺設計,整體介面設計
謝云華,2,每次要登錄，就會登錄很久，一直卡在登入畫面,2023-07-26 12:27:38,富邦,負評,視覺設計,版面配置
jacob chang,5,介面很人性化，操作容易。,2023-07-24 06:53:43,富邦,正評,視覺設計,整體介面設計
P GIMY,1,客服電話完全打不通 更新電話還是打不通，靠著文字客服聯繫上 另外完全不建議使用富邦的行動網銀，要調高行動網銀的轉帳額度，一定要視訊驗證，然後視訊驗證又卡死營業日18：00前，極端不方便，申辦前請三思,2023-07-22 10:31:22,富邦,負評,視覺設計,字體與可讀性
葉博博,2,如果可以整合一般和信用卡，不用分開登錄，會更好，介面選項處理不夠簡單化,2023-07-21 07:57:48,富邦,負評,視覺設計,整體介面設計
Eva Lai,4,最近無法順利分享收款帳戶QRCODE，點選後不會自動跳到line的畫面，也不是停留在銀行app畫面（在android13不同廠牌手機 可複製現象) 再麻煩處理，謝謝 App版本10.21,2023-07-17 20:14:42,富邦,正評,視覺設計,版面配置
呂憲璁,4,操作介面容易,2023-07-17 10:43:44,富邦,正評,視覺設計,整體介面設計
Peko Lan,5,本來五星，人性化操作介面，容易上手 今天要用居然開不了app，昏~ 都已經更新了就是開不了，重新安裝重新開機清除快取都沒用😭 -------------------------------- 喔喔，本來以為今天星期六沒有客服的說，沒想到不到兩小時就有回覆了🤭 再次重新安裝app更新後能用了，所以改回五星@@,2023-07-15 12:34:33,富邦,正評,視覺設計,整體介面設計
蘇芷玄,1,一直跳出銀行憑證已更新 畫面跳到Google 商店也沒有要更新 然後點開啟又跳回去一樣出現銀行憑證已更新 阿到底什麼時後才能讓我開app 昨天晚上就已經這樣了 是都沒有要維修嗎？,2023-07-15 12:02:42,富邦,負評,視覺設計,版面配置
詹萬樺,1,Nokia X3手機完全不能使用 我權限都打開了為何一直在更新通知及app更新畫面循環，不讓我更新，app叫我開啟但又回到更新通知畫面，一直循環。,2023-07-15 12:02:16,富邦,負評,視覺設計,版面配置
101 j,1,系統通知更新程式憑證，點進去又到app按開啟，又回到通知畫面，沒有更新選項，是在玩什麼遊戲！app根本沒法開啟！,2023-07-15 12:02:10,富邦,負評,視覺設計,版面配置
March man,2,今天開啟app要求要更新，點了更新鍵後連結到google play ，卻沒有更新可用，再點開啟程式又回到要求更新畫面，在這個廻圈裡往返，卻無法更新使用，也無法登入使用，移除重裝也一樣，我認為寫程式的廠商該考慮換人做了，感覺這種問題是寫程式的菜鳥才會發生的。,2023-07-15 11:58:19,富邦,負評,視覺設計,版面配置
Chien-Min Lee,1,超爛，非常爛，原本想打0星的，急著要轉帳，一點開app就說要更新，選了更新後，畫面切到google play，好笑的是跟本沒有更新的選項可以選，現在整個卡住無法轉帳，app重新安裝也不行用，貴銀行到底有沒有人實際測過啊...這樣搞顧客是什麼意思，是要顧客找別家銀行嗎？好的，你們成功了。,2023-07-15 11:52:15,富邦,負評,視覺設計,版面配置
潘見輝,1,一直跳出叫我更新畫面且不能使用，但我已經最新版本，還要更新什麼,2023-07-15 11:45:13,富邦,負評,視覺設計,版面配置
吳聲偉,1,打開app畫面顯示憑證已更新叫我去更新 但是沒有需要更新的地方啊 搞什麼東西,2023-07-15 11:37:56,富邦,負評,視覺設計,版面配置
Kelvin Lin,1,今天忽然不能使用，開啟APP後跳出富邦銀行憑證已更新並提供新版本供下載的訊息，強制跳到google play要求更新。但根本沒有需要更新程式，按開啟鈕跳回APP又冒出同樣訊息，一直重覆，根本無法進入APP介面。移除重裝APP與重開機都無效。,2023-07-15 11:32:59,富邦,負評,視覺設計,整體介面設計
王致仁,5,為什麼更新到最新版本後還一直說要更新到最新軟體憑證 根本無法登入介面使用 重新開機後也是一樣 有夠誇張,2023-07-15 11:12:40,富邦,正評,視覺設計,整體介面設計
夏綠蒂,1,更新不能開啟畫面一直跳出,2023-07-15 11:07:53,富邦,負評,視覺設計,版面配置
Pei Huan Tsai,1,我要打開app，要我更新，然後到play商店卻也只顯示開啟，沒有更新按鈕，導致app完全就在這個循環,2023-07-15 11:07:29,富邦,負評,視覺設計,按鈕與圖示
烏索布,1,今天說銀行憑證更新，要我更新App，我app已經更新，已經沒有更新選項，只有開啟，點了開啟，畫面又跳出要我更新，點了更新，又回到開啟，有人管管嗎？,2023-07-15 11:03:07,富邦,負評,視覺設計,版面配置
Erasmus Z,1,要我更新才能進去，結果一直死循環，一點開啟app就跳到play要我更新，但是沒有play又沒有可更新的選項就只能開啟跟解除安裝....點了開啟就重複跳出要我進到play更新的畫面.....一直在重複，解除安裝重新安裝還是一樣....啥爛東西？？？？,2023-07-15 10:43:02,富邦,負評,視覺設計,版面配置
謝翔宇,1,點進去顯示要我更新，去更新畫面又沒有更新的選項只顯示開啟，這要我如何做啊,2023-07-15 10:41:53,富邦,負評,視覺設計,版面配置
Gio Huang,2,叫我更新 也沒更新按鈕可選阿？？,2023-07-15 10:40:38,富邦,負評,視覺設計,按鈕與圖示
Vicky Rau,1,系統更新請下載新版.......但沒有新版可以下載又要客戶如何使用？ App介面本來就不是很順暢，為了好市多應該不少人都忍了，但用戶體驗真的不是很理想。,2023-07-15 10:35:20,富邦,負評,視覺設計,整體介面設計
Chen Bill,4,為什麼點入APP後一直出現行動銀行已憑證已变更請更新畫面，但按更新卻無法完成且無法使用。,2023-07-15 10:30:43,富邦,正評,視覺設計,版面配置
沈志道,5,"目前富邦行動銀行App開不了, 介面告知要更新, 也無法更新。",2023-07-15 10:30:02,富邦,正評,視覺設計,整體介面設計
趙筱文（Coco chao）,1,為什麼更新之後完全無法登入，一直顯示請更新的畫面,2023-07-15 10:20:13,富邦,負評,視覺設計,版面配置
林珏伶,1,更新進入又要更新 卸載重新下載 再進入還是更新 除了更新兩個字 我看不到其他項目了 我要緊急轉帳啦 哭！！！！！！,2023-07-15 10:05:14,富邦,負評,視覺設計,字體與可讀性
ChiLang Liu,1,App說有新版要我更新，按了半天也找不到更新的圖示，也進不了行動銀行，這種APP給1顆星都太多了。,2023-07-15 09:55:16,富邦,負評,視覺設計,按鈕與圖示
Chronometer Hung,2,最近一直跳出要更新的小匡匡，但選下〔更新〕，到play 商店的富邦銀行app下載，只有〔開啟〕，沒有〔更新〕的選項，然後還回不去富邦銀行app畫面，等於無法使用富邦銀行app了！,2023-07-15 09:54:02,富邦,負評,視覺設計,版面配置
米羅,1,"憑証更新後無法使用,在憑証更新頁面輪迴,解除按裝重新下載app也是一樣死當,還是出現憑証更新頁面。很不好的使用經驗。 憑証這種簡碼為什麼不能設計在背景更新?非得用手動更新?然後造成app死當?",2023-07-15 09:49:16,富邦,負評,視覺設計,整體介面設計
大寶,1,顯示要更新app 但是點進去只有開啟的按鈕，開啟後又呈現要更新，一直無限輪迴打不開,2023-07-15 09:42:03,富邦,負評,視覺設計,按鈕與圖示
蔡智民,1,更新後一直出現要求更新的畫面，根本無法使用，爛透了,2023-07-15 09:39:08,富邦,負評,視覺設計,版面配置
Albert Hsu,1,更新軟體後還是一直出現要更新畫面，這新版本有問題,2023-07-15 09:36:41,富邦,負評,視覺設計,版面配置
上帝的腳毛,1,系統一直重複更新，無法進入畫面！,2023-07-15 09:34:41,富邦,負評,視覺設計,版面配置
Chia Ju Chi,1,已經更新了，還是不能用 還是跳回需要更新了畫面，試了10分鐘還是一樣的情況,2023-07-15 09:32:08,富邦,負評,視覺設計,版面配置
look yang,3,"點入app,提醒要更新，到play,卻無通知更新，請檢查，真的無法更新，另外介面不好用",2023-07-15 09:15:10,富邦,中立,視覺設計,整體介面設計
Chia-yi Hua (花小花),5,打開app就說需要更新，但點到商店頁面卻沒有更新可下載... 已經移除再重新安裝了但還是一直卡在需要更新才能使用的畫面，不知道該怎麼辦,2023-07-15 08:59:10,富邦,正評,視覺設計,版面配置
潘淑儀,3,每個項目都很一目瞭然，很方便，還有一些夢想存款及記帳也都很棒。謝謝你們，辛苦了！ 最近程式都一直閃退，刪除app重新安裝還是有這個問題，可否改善，另外畫面也有呈現不動的情形！ 2023/7/15更新評論 系統已自動更新為10.20的版本，但一直無法打開app,2023-07-15 08:53:12,富邦,中立,視覺設計,版面配置
黃玉鈴,1,說憑證已經更改，需要下載新版本，一按更新之後，又跳回一樣的畫面，重新刪除下載也一樣，根本無法更新，請問該怎麼解決問題？ 太不人性化的APP,2023-07-15 08:51:44,富邦,負評,視覺設計,版面配置
陳小穎,1,今日出現需更新，然後就打不開了...重複要更新的畫面.....,2023-07-15 08:33:35,富邦,負評,視覺設計,版面配置
八色小籠包,3,登入app畫面 顯示行動銀行憑證已過期，請更新？兩台安卓手機都是最新版本了，兩台按了介面上的更新轉到google商店內並無法更新只能開啟app，開啟後（無限重覆）一直顯示更新？ 是否出錯了呢？ 蘋果手機沒有此問題。。,2023-07-15 08:32:37,富邦,中立,視覺設計,版面配置
劉宜都,1,"系統要求更新，點選更新跳到Google play,只能按開啟，又跳到要求更新介面，跳到Google play，只能按開啟，又跳到要求更新介面。 點選更新，跳到Google play，只能按開啟，又跳到要求更新介面。 點選更新，跳到Google play，只能按開啟，又跳到要求更新介面。 點選更新，跳到Google play，只能按開啟，又跳到要求更新介面。 已經在懷疑人生。是否陷入輪迴？",2023-07-15 08:28:17,富邦,負評,視覺設計,整體介面設計
阿寶,1,爛死了要人家更新更新完介面一樣一直重複要更新畫面，at設計的人腦殘嗎，本身這個app消費多少也不會去參考其他家銀行，去參考國泰世華啦，爛到爆的軟件,2023-07-15 08:26:58,富邦,負評,視覺設計,版面配置
郭阿堅,3,說要更新 結果到googleplay介面上沒有給我更新的選項 只有解除安裝跟開啟 怎回事,2023-07-15 08:24:45,富邦,中立,視覺設計,整體介面設計
Shih hsuan Huang,1,App一直要人家按更新再開啟，然後一直在這兩個畫面無限來回什麼動作都沒繼續。真的很無言。,2023-07-15 07:56:43,富邦,負評,視覺設計,版面配置
竹澗老翁,5,為什麼一直有富邦行動銀行憑證已更新，但是卻看不到更新，一直卡在這個畫面,2023-07-15 07:53:14,富邦,正評,視覺設計,版面配置
李明道,1,今天（7/15）要開啟，一直叫我更新憑証，點選更新，又跳回開啟畫面，無限輪回，無法開啟，請問是什麼狀況？,2023-07-15 07:52:00,富邦,負評,視覺設計,版面配置
Vicky Hsu,1,跳到這邊要我做銀行憑證更新，請問更新的按鈕在哪？現在完全無法登入網銀....應該怎麼處理,2023-07-15 07:41:48,富邦,負評,視覺設計,按鈕與圖示
紅桑尼,3,這兩天顯示需要更新 畫面跳轉到play商店時又沒有更新選項 再點開啟又顯示要更新又跳到play商店， 重新安裝結果還是一樣～,2023-07-15 07:40:15,富邦,中立,視覺設計,版面配置
阿峰師,1,今天早上怎麽一直跳出更新畫面，之前就更新過了，點進去更新，app根本就打不開，一直跳叫你更新的畫面，什麼爛app啊，現在完全不能用app了，乾,2023-07-15 07:27:34,富邦,負評,視覺設計,版面配置
莊梨榛,5,要更新又沒顯示更新畫面？App不用使用？,2023-07-15 06:56:42,富邦,正評,視覺設計,版面配置
土撥鼠,1,想要轉帳，登入網銀，出現視窗憑證更新，按下後到play商店也只有開始鍵，重複好幾次，都出現這樣畫面，求解，急轉帳，系統異常，請迅速排解,2023-07-15 06:46:12,富邦,負評,視覺設計,版面配置
劉益銘,4,最近更新完開app重複卡在要求更新畫面，無法登錄？！,2023-07-15 06:40:08,富邦,正評,視覺設計,版面配置
美紅,3,更新完按開啟，又回到更新畫面，無法開啟，這是怎麼回事？,2023-07-15 06:37:39,富邦,中立,視覺設計,版面配置
麟麒,1,真的很爛耶 更新一直跳來跳去跳到畫面跳更新 到底如何更新啊 真的是如何使用啊 想登進 不 去 按了安裝 又跳到更新 按了更新又跳到安裝 一直在那裡跳來跳去到底怎麼更新啊,2023-07-15 06:04:56,富邦,負評,視覺設計,版面配置
wenxin Chu,1,你系統叫我更新結果跳轉按鈕根本沒有辦法更新阿？ 結果現在app進不去，我點心酸的嗎？,2023-07-15 06:03:50,富邦,負評,視覺設計,按鈕與圖示
黃宜玫,1,一直叫我更新憑證引導到app，又一直沒有更新按鈕再回到app叫我更新，這是在鬼打牆什麼意思的？？？？？,2023-07-15 05:57:55,富邦,負評,視覺設計,按鈕與圖示
Dale Dale,4,一直出現要更新，但當機在一個畫面完全不能動,2023-07-15 05:26:12,富邦,正評,視覺設計,版面配置
Ting Ting Lee,1,"打開app要求升級5.0更新才能使用，按照步驟按""更新""，但是卻沒有更新按鈕可以選擇更新，一直無法登入",2023-07-15 05:11:42,富邦,負評,視覺設計,按鈕與圖示
賴寶珠,1,超爛的！說要更新才可以用 都沒有可以更新的畫面 一直說要更新,2023-07-15 05:10:29,富邦,負評,視覺設計,版面配置
劉麗玲,1,什麼 更新 ？ 完全不能更新 只出現 更新 2字 完全 沒有 指示的東西 出來 更新個屁 ...... 我是 土直人 文明那套 不會,2023-07-15 05:00:05,富邦,負評,視覺設計,字體與可讀性
尹子玉,1,無法開啟app。一直出現憑證已更新，提供新版本供下載的訊息，按了畫面上的更新，連結到gooleplay的畫面卻只有開啟鍵，沒有更新鍵，按了開啟鍵又出現憑證已更新，提供新版供下載的訊息，不斷鬼打牆，就是開不了app。,2023-07-15 04:52:30,富邦,負評,視覺設計,版面配置
呂泰辰,1,App爛，已更新完點進去一直跑出要我更新畫面，體驗品質極差，j卡也越來越爛，根本不會想繼續用了,2023-07-15 04:51:00,富邦,負評,視覺設計,版面配置
蔡欣樺,1,"畫面顯示憑證已更新無法開啟app,已重新下載,仍無法使用",2023-07-15 04:43:16,富邦,負評,視覺設計,版面配置
呂明達,2,也是溢繳的苦主，現在要進入網銀卻一直叫我更新，按進去後又出現開啟app的畫面，進去後又出現更新的按鈕，然後無限循環，快瘋了！,2023-07-15 04:30:55,富邦,負評,視覺設計,版面配置
狐珞,1,2023/7/15凌晨3點我突然收到扣款通知，打開網銀黑畫面顯示憑證更新要來更新版本，可是沒有版本可以下載，我以為是我手機的問題還卸載重新裝，還是一樣，我用網頁版直接輸入錯誤五次被鎖起來真的是謝謝你們欸,2023-07-15 04:23:56,富邦,負評,視覺設計,版面配置
Elizabeth Lee,1,"只顯示更新要求.但按更新按鈕並無適當反應,不知如何進行！",2023-07-15 04:04:05,富邦,負評,視覺設計,按鈕與圖示
郭哲宏,1,7/15 進入app要求更新，但進入play商店中卻沒有更新按鈕，希望提供協助改善,2023-07-15 03:23:09,富邦,負評,視覺設計,按鈕與圖示
夢中頓悟,1,更新不了一直叫我更新是啥意思？到底還給不給使用，好好的更新幹嘛？然後一直停在更新畫面,2023-07-15 02:37:44,富邦,負評,視覺設計,版面配置
JingHeng Lin,1,已經是最新版本了，還一直跳出更新的畫面，就已經是最新的，也刪除app重新安裝，還是跳出要更新。怎麼這麼不穩定，根本無法使用。,2023-07-15 02:09:22,富邦,負評,視覺設計,版面配置
李紹,1,憑證顯示要更新，但你們google商店又沒有更新按鈕 是怎樣。都無法使用app了 兩隻手機都一樣。這麼爛,2023-07-15 02:07:02,富邦,負評,視覺設計,按鈕與圖示
楊浩然,1,股票買賣入帳跟支出明細不清楚很難對帳，奈米投訊息常常沒通知入帳，買那支股賣那支股入帳都不顯示(第一銀行明顯帳目清楚的多)連轉帳入帳都慢富邦line也常常沒通知，奈米投更難用入帳訊息常常沒通知。 2023年7月15更新後又馬上不能用真的是無言,2023-07-15 01:46:16,富邦,負評,視覺設計,版面配置
陳秋雄,1,打開APP，要求更新，按了更新，跑到打開畫面，按了打開，要求更新，這是在玩人是吧，無限輪迴了。,2023-07-15 01:38:36,富邦,負評,視覺設計,版面配置
Su Hui Huang,1,說已更新，要求客戶更新，但怎樣按，就只是出現要求更新...怎大銀行的程式設計師專業那樣差？,2023-07-15 01:36:47,富邦,負評,視覺設計,整體介面設計
Chen Kevin,1,已更新成最新的版本10.20，卻打不開app。畫面上只是一直顯示有新的版本，要使用者去更新最新的板本，永遠進不去使用畫面。本來還可以用，更新後卻進不去，這麼大的銀行，弄這種爛app，實在是真要不得！！！根本就是測試不完整就發佈。直接反應給金管會，可能才會改善。,2023-07-15 01:32:07,富邦,負評,視覺設計,版面配置
許耀庭,1,不能登入還一直出現更新畫面點了也不能更新 好爛喔ˋˊ,2023-07-15 01:26:09,富邦,負評,視覺設計,版面配置
Yang Sam (App),1,請問最新版App之Android版本要求為何？跳出App更新畫面，但Google Play卻看不到新版本，只有已安裝的10.20版本。,2023-07-15 01:11:01,富邦,負評,視覺設計,版面配置
謝文祥,2,按 更新後 確無法自動更新，跳回開啟的主畫面，按開啟又跳到更新 ，然後就一直輪迴了！！,2023-07-15 00:48:49,富邦,負評,視覺設計,版面配置
陳信宏,1,好吧我承認，我抱著希望使用並可以順暢，且更新正常，但一直要我重新更新，明明已經更新，卻持續出現黑底白字要我更新..所以要逼迫我移除這個程式嗎？,2023-07-15 00:45:05,富邦,負評,視覺設計,字體與可讀性
周亮吟,1,要登入卻看到憑證已更新叫我更新app，但play商店的頁面根本沒有更新按鈕可以按……,2023-07-15 00:30:22,富邦,負評,視覺設計,按鈕與圖示
linda Chiou,1,無法更新又開不起APP，到底要怎麼繼續用啊？了一個字,2023-07-15 00:25:53,富邦,負評,視覺設計,字體與可讀性
水工鹿西,3,畫面說要更新，點了又是要我按開啟。,2023-07-15 00:22:26,富邦,中立,視覺設計,版面配置
Joe Lin,1,進去黑畫面叫我更新跳去下載也沒更新包之類的只有開啟？甚麼意思？？,2023-07-15 00:08:00,富邦,負評,視覺設計,版面配置
Gary Yang,1,開啟富邦app時要我更新，點了更新之後，導到google play的富邦app，但是只看到開啟的按鈕，並未看到更新的按鈕，試了多次結果一樣，我要怎麼更新？？？這簡直是鬼打牆！,2023-07-15 00:06:23,富邦,負評,視覺設計,按鈕與圖示
Ethan Lai,1,一直跳出要我更新，又沒有更新按鈕，無限迴圈，爛,2023-07-15 00:03:41,富邦,負評,視覺設計,按鈕與圖示
陳愷謄,5,方便迅速，簡單名明暸，介面操作易上手。,2023-07-11 23:36:23,富邦,正評,視覺設計,整體介面設計
Foor Yu,5,介面習慣了之後就覺得蠻不錯的,2023-07-11 10:30:39,富邦,正評,視覺設計,整體介面設計
戴裕聰,4,操作介面友善，方便使用,2023-07-02 07:06:33,富邦,正評,視覺設計,整體介面設計
CAROL CHAO,5,介面設計清爽,2023-07-01 17:40:58,富邦,正評,視覺設計,整體介面設計
經經,5,介面不難尋找，容易操作！,2023-06-22 14:09:52,富邦,正評,視覺設計,整體介面設計
林家弘,1,App很攔 身份證字號 使用代碼 密碼 何喂使用代號，打客服無專人接聽 我要繳費，沒帳單，怎麼繳 直接去7-11補印帳單 7-11補印帳單 7-11補印帳單 很重要7-11補印帳單 先繳費，不然延遲有記錄喔！,2023-06-19 22:20:10,富邦,負評,視覺設計,字體與可讀性
R ed,1,這是我用過最醜最難用的網銀APP，請參考一下台新Richart或玉山好嗎?,2023-06-16 10:55:04,富邦,負評,視覺設計,整體介面設計
Alex WU,1,為何奈米投要跳畫面，不能直接從app操作？這應該不難的更新吧……,2023-06-07 22:34:16,富邦,負評,視覺設計,版面配置
Zoe Chien,3,目前用過最難用的銀行app介面，網頁版也很不直觀，要不是為了方便家人轉帳，大概會毫不猶豫的棄用。本身不太給差評，可見真的很難用。,2023-06-06 20:59:44,富邦,中立,視覺設計,整體介面設計
Chen Lan Chang,4,版面清晰，操作簡單,2023-06-03 08:31:16,富邦,正評,視覺設計,版面配置
peppermint mr,1,臉部辨識就臉部辨識，為什麼要寫成顏值登入，意思完全不一樣，大銀行的APP用字怎麼會這麼不專業，而且顏值是中國用語吧,2023-06-02 15:44:51,富邦,負評,視覺設計,字體與可讀性
Xiao勝城,5,帳目清楚方便管理，且容易操作,2023-06-02 05:25:17,富邦,正評,視覺設計,版面配置
Lai Lulu,5,實際操作都很清楚，還有一些我喜歡的資訊內容，真棒👍,2023-06-02 00:02:01,富邦,正評,視覺設計,版面配置
王慶文,3,介面感覺好老舊 希望ui ux團隊再加把勁,2023-06-01 22:58:08,富邦,中立,視覺設計,整體介面設計
李宏典,5,清楚明瞭,2023-06-01 15:07:56,富邦,正評,視覺設計,版面配置
Amy Huang,5,還好～只是字有點小啦！,2023-06-01 08:12:04,富邦,正評,視覺設計,字體與可讀性
hu jerry,4,字體太小,2023-05-31 19:23:57,富邦,正評,視覺設計,字體與可讀性
姚俊雄,2,信用卡網路會員申請不能選擇卡片有效期限月份的下拉按鈕 沒辦法按就沒辦法申請,2023-05-29 23:13:14,富邦,負評,視覺設計,按鈕與圖示
鄭厤軒,5,該程式介面簡潔易懂，而且很好看! 功能齊全，登入後可以查詢完整個人帳戶資料，還額外提供國內外及時金融資訊。雖然登入時有點麻煩，但基於個資安全維護考量，能夠理解。,2023-05-23 17:53:08,富邦,正評,視覺設計,整體介面設計
馬穎,5,介面好懂、操作方便,2023-05-21 22:40:34,富邦,正評,視覺設計,整體介面設計
Wu 吳Alex 明華,4,清楚明易，服務優良,2023-05-17 21:26:09,富邦,正評,視覺設計,版面配置
陳明泰,3,銀行體系還不錯，但是證券系統太爛，完全看不懂；原來的日盛證券的系統非常清楚明瞭又容易使用。,2023-05-17 14:45:26,富邦,中立,視覺設計,版面配置
Dan Lin,4,介面清楚,2023-05-17 13:50:26,富邦,正評,視覺設計,版面配置
陳淑枝,5,辛苦您了 系統操作很順，很清楚！,2023-05-16 10:29:55,富邦,正評,視覺設計,版面配置
RS Wu,5,作業系統清楚簡明，操作順手。很棒。,2023-05-10 17:01:08,富邦,正評,視覺設計,版面配置
洪春龍,5,操作介面簡單上手,2023-05-08 22:37:52,富邦,正評,視覺設計,整體介面設計
Michelle Ho,5,介面簡單方便,2023-05-08 15:25:12,富邦,正評,視覺設計,整體介面設計
kitty chen,5,清楚好用，不難理解操作,2023-05-06 09:52:21,富邦,正評,視覺設計,版面配置
劉語蕎,5,介面清爽好上手，非常好用，大推。,2023-05-05 08:20:46,富邦,正評,視覺設計,整體介面設計
田濱豪,5,操作方便，呈現清楚明白,2023-05-03 09:25:16,富邦,正評,視覺設計,版面配置
修一瓶,1,懷疑信用卡被盜刷想打客服電話，數位客服根本沒用，但客服電話操作繁瑣又拖時間，數字按錯只能掛電話重撥，對手機撥打的用戶非常不友善，手機打付費電話很貴還一直拖時間 終於按到了等待專人接聽，等了快10分鐘都沒人接，其他銀行有讓人輸入電話稍後回電的機制，為什麼富邦沒有？到現在我還沒打通過= = 是不是要檢討這一塊啊,2023-05-02 14:15:41,富邦,負評,視覺設計,字體與可讀性
林俊成,5,使用方便.清楚明確。,2023-05-01 16:15:32,富邦,正評,視覺設計,版面配置
YY hsu,5,程式設計的不錯，方便易懂,2023-05-01 12:04:30,富邦,正評,視覺設計,整體介面設計
黃芯芯,5,目前使用起來還挺順手，介面，功能選擇都很清楚👍,2023-04-30 05:29:41,富邦,正評,視覺設計,版面配置
林愛倫,4,介面清楚易懂,2023-04-25 17:27:06,富邦,正評,視覺設計,版面配置
Pulife Tung,3,圖形解鎖點與點之間太容易被吸走，導致不能畫較複雜的圖形，害我不能使用我平常慣用的圖形鎖，讓人很困擾 首頁設計不直覺，容易找不到要的功能在哪,2023-04-21 10:51:01,富邦,中立,視覺設計,整體介面設計
Paul Lin,1,App設計有夠差，要登入說重複登入等5分鐘後。設定個快速登入等簡訊等到天荒地老還是沒來，然後再繼續登入又跳重複登入，到底三小朋友,2023-04-20 19:53:38,富邦,負評,視覺設計,整體介面設計
莊湘芸,4,可以更清楚查詢到所要了解的，很方便,2023-04-18 10:01:22,富邦,正評,視覺設計,版面配置
vincent Chang,4,操作介面清楚易懂，很好用！,2023-04-14 10:46:19,富邦,正評,視覺設計,版面配置
簡家誠,5,服務說明清楚明瞭，迅速有效率,2023-04-12 10:47:00,富邦,正評,視覺設計,版面配置
許馨方,5,登入快速，介面簡單易懂好操作👍👍👍👍,2023-04-11 12:47:21,富邦,正評,視覺設計,整體介面設計
翁,3,請將［信用卡繳納成功］標語納入介面，已多次因此重覆繳款,2023-04-10 23:16:19,富邦,中立,視覺設計,整體介面設計
Douglas Chia,5,用心設計喔,2023-04-10 17:16:13,富邦,正評,視覺設計,整體介面設計
Ray Liu,5,富邦行動銀行 APP 相當簡捷易用，與富邦實體銀行各分行一樣，讓人深深感覺到富邦銀行在對顧客服務的體貼設計上，有超水準的表現，各項銀行業務手續簡單易用，國外匯款速度更是比許多其它銀行快2-3天，難怪富邦銀行一直是為台灣銀行業的第一選擇及本人的唯一選擇。,2023-04-08 17:37:26,富邦,正評,視覺設計,整體介面設計
寶寶,5,介面清楚 使用方便,2023-04-07 10:25:31,富邦,正評,視覺設計,版面配置
hch Hong,5,清楚明瞭,2023-04-07 00:43:00,富邦,正評,視覺設計,版面配置
Wang Evan,5,介面簡潔,2023-04-06 14:22:39,富邦,正評,視覺設計,整體介面設計
John Hsu,5,操作介面簡單且實用的好工具！,2023-04-04 19:14:48,富邦,正評,視覺設計,整體介面設計
陳勇慈,5,建議在首頁張貼防詐騙聲明，銀行不會在轉帳頁面要求驗證或是輸入任何數字在轉帳額度，以上行為皆為詐騙，請直接撥打165並記錄對方要求你操作的轉帳帳號，任何對沖或是錯誤代表碼都是非正常操作的假訊號，防止詐騙繼續發生；另銀行不會在非營業時間打電話，詢問存款，當碰到以上問題請直接撥打銀行電話，不要繼續接電話,2023-04-04 15:33:11,富邦,正評,視覺設計,字體與可讀性
Jennifer Liu,5,"使用方便順暢,畫面顯示清晰",2023-04-03 20:50:34,富邦,正評,視覺設計,版面配置
Christina HsuTW,4,圖示不夠清楚，一銀或國泰的介面比較簡潔可以參考參考。加油！,2023-04-03 20:38:29,富邦,正評,視覺設計,版面配置
仲新茂,5,功能分類結構清楚易找到,2023-04-03 17:34:28,富邦,正評,視覺設計,版面配置
"r,h Chiu",5,功能全面，介面一目瞭然，好用,2023-04-01 13:56:11,富邦,正評,視覺設計,整體介面設計
veronika Lee,5,介面很清楚，方便使用,2023-03-20 13:27:57,富邦,正評,視覺設計,版面配置
陳昭燕,5,介面清除很方便使用，謝謝,2023-03-10 18:32:24,富邦,正評,視覺設計,整體介面設計
Avery Yang,1,"最醜最難用的銀行app,能不用就不用",2023-03-07 20:40:54,富邦,負評,視覺設計,整體介面設計
鄭琬蓁,1,介面超復古 超難用,2023-03-03 23:03:22,富邦,負評,視覺設計,整體介面設計
喵狗蛋,1,一顆星都覺得多餘。都什麼年代了，還在20年前的介面？消費也沒有即時介面。果然是老二，活該疫苗慘賠，再不改，八月會被幹爆,2023-02-24 12:56:23,富邦,負評,視覺設計,整體介面設計
陳秀瑩,1,超爛 登入要花非常久的時間 就算顯示已登入也會停留在登入畫面非常久,2023-02-23 16:02:26,富邦,負評,視覺設計,版面配置
Purin E,2,APP的整體設計真的可以參考一下其他銀行的，做的更直觀…還有如果信用卡款可以即時入帳就更好了，其他銀行做得到你們做不到？,2023-02-20 12:56:25,富邦,負評,視覺設計,整體介面設計
Tien-Chao Lin,5,用起來很順，面板的設計也很清楚，很棒！,2023-02-19 18:49:29,富邦,正評,視覺設計,版面配置
蔣正民,5,清楚 明暸 不會太複雜 信用卡每月登錄活動 如過能突破為自動登錄 將為國內信用卡發卡銀行的第一首選,2023-02-16 12:29:59,富邦,正評,視覺設計,版面配置
john joe,5,整體還可以，但字體有點小，不知可否調整,2023-02-11 15:24:08,富邦,正評,視覺設計,字體與可讀性
z王丹,5,整體來說還不錯，只是能配色設計很陽春 簡單明瞭，是優點但也是有點老派,2023-02-09 11:32:00,富邦,正評,視覺設計,色彩與配色
Naiwei Wang,5,介面清楚,2023-02-03 16:27:29,富邦,正評,視覺設計,版面配置
TINA PO,5,介面簡易操作順暢好用，謝謝工程師們的努力，請繼續加油,2023-02-02 12:45:02,富邦,正評,視覺設計,整體介面設計
張張海明,5,頁面設計不錯.使用方便，,2023-02-02 11:42:23,富邦,正評,視覺設計,整體介面設計
Kate W.,1,無敵爆爛的使用介面，申請一直卡住，數位帳戶跟美金定存，規則都講得不清不楚，火大每次要跑實體銀行，然後行員也霧殺殺，專業訓練有待加強，搞實體帳戶又一定要綁數位帳戶，只是開倒車,2023-02-02 10:31:13,富邦,負評,視覺設計,整體介面設計
凌晨,5,方便，清楚，好用,2023-02-01 07:25:59,富邦,正評,視覺設計,版面配置
陳昭蓉,4,設計太復雜,2023-01-29 23:04:03,富邦,正評,視覺設計,整體介面設計
Quinton Hsieh,5,很棒界面設計,2023-01-21 20:27:39,富邦,正評,視覺設計,整體介面設計
Wei,1,登錄成功後還是停留在登入中畫面,2023-01-17 10:42:26,富邦,負評,視覺設計,版面配置
楊馥瑄,5,介面真的方便又好用...捨不得換別家銀行,2023-01-09 22:17:38,富邦,正評,視覺設計,整體介面設計
mooddiary,5,版面簡潔好用。,2023-01-07 14:13:22,富邦,正評,視覺設計,版面配置
陳喜鈺,5,實用，介面清爽簡易,2023-01-07 09:01:45,富邦,正評,視覺設計,整體介面設計
Joe Xiao,1,這大概是我使用的幾個銀行裡面最爛的app，操作介面醜就算了，使用者體驗又差，所有功能都亂鎖，銀行風控不是全部都不給用就叫做風控好嗎？那要這app有何用？,2023-01-05 18:00:26,富邦,負評,視覺設計,整體介面設計
江宜臻,5,清楚好用,2023-01-04 16:58:03,富邦,正評,視覺設計,版面配置
H Rybby,5,介面使用方便簡潔，一個app搞定所有事情，太方便了,2023-01-03 13:25:13,富邦,正評,視覺設計,整體介面設計
Christina Chaou,5,清楚明瞭 還可以自己設定,2022-12-31 11:55:42,富邦,正評,視覺設計,版面配置
tina tseng,5,介面清楚易讀,2022-12-29 08:56:23,富邦,正評,視覺設計,版面配置
Kk,5,都很好，希望增加淨值的介面。,2022-12-20 09:36:07,富邦,正評,視覺設計,整體介面設計
趙子晴,5,資訊明瞭排版簡單好用的網銀系統,2022-12-17 12:30:40,富邦,正評,視覺設計,版面配置
李茂榮,1,指紋登入一直無法使用，登入超麻煩，介面也不好使用！算是極少數很爛的銀行app，推薦中國信託跟郵局都做得比他們好！查卡費帳單跟繳卡費也很不方便，使用起來整體體驗非常差，看了蠻多同樣的一星負評都不回覆不處理，反而一直回覆五星好評！感覺很不重視使用者的反饋.....,2022-12-15 09:43:30,富邦,負評,視覺設計,整體介面設計
黃祥軒,1,有夠難用 介面不僅雜亂又不直覺 各種優惠活動達成條件也不會在app顯示 跟國泰學學好嗎？,2022-12-12 17:12:20,富邦,負評,視覺設計,版面配置
pinga Knut,5,介面清晰使用方便,2022-12-11 01:06:51,富邦,正評,視覺設計,版面配置
wu weiling,5,功能辨識度高，方便使用，字體大。,2022-12-03 23:11:35,富邦,正評,視覺設計,字體與可讀性
Lien金柬,5,畫面清楚 介面操作簡單 工程師辛苦了！,2022-12-02 12:05:52,富邦,正評,視覺設計,版面配置
潘貞諭,5,操作過程界面標示清楚,2022-12-01 10:58:22,富邦,正評,視覺設計,版面配置
Teacher Simon (SimonLi_0614),5,介面操作順暢易懂,2022-11-23 18:57:34,富邦,正評,視覺設計,整體介面設計
chen chun kai,1,"快速登入指紋 登入後 一直在loading 然後畫面是空白的 打電話給客服 並無法有效解決問題 ，剛剛試著密碼輸入 也是一直 loading,可以盡快改善這個登入問題嗎？ 都多久了",2022-11-18 14:31:54,富邦,負評,視覺設計,版面配置
宇婕,1,最近App一直Bug，畫面一直轉圈圈（搜尋）一直登不進去,2022-11-18 00:40:47,富邦,負評,視覺設計,版面配置
Amy Hsieh,5,功能解說易懂，操作介面簡單好用。,2022-11-16 23:38:13,富邦,正評,視覺設計,整體介面設計
arstar Lin,4,轉帳的明細後五碼顯示上 如果是同銀行顯示名字的做法 比較不妥,2022-11-14 11:16:33,富邦,正評,視覺設計,字體與可讀性
李,1,這麼大的公司，app設計這麼爛，指紋登入永遠登不進去,2022-11-10 06:20:51,富邦,負評,視覺設計,整體介面設計
Fanchi Chou,5,快速又簡單介面,2022-11-08 10:04:45,富邦,正評,視覺設計,整體介面設計
陳奕宇,4,好用，但希望介面更上時代,2022-11-05 22:39:52,富邦,正評,視覺設計,整體介面設計
鄭孚臨,5,人性化的設計,2022-11-04 08:26:26,富邦,正評,視覺設計,整體介面設計
陳啟源,5,介面豐富操作簡便,2022-11-03 21:40:06,富邦,正評,視覺設計,整體介面設計
Sheng-Chu Wu,5,介面好用且直覺,2022-11-03 15:20:45,富邦,正評,視覺設計,整體介面設計
林倩如,5,操作介面簡單有條理，使用起來很順手,2022-11-01 08:33:15,富邦,正評,視覺設計,整體介面設計
JASON JASON,5,設計簡易清楚明瞭 非常的使用方便 謝謝,2022-10-28 15:36:44,富邦,正評,視覺設計,版面配置
Sunnie Wei,3,"首頁輪盤的icon,建議可以再明顯一點, 目前看起來很像背景圖，直觀起來不像選項會去轉",2022-10-19 11:35:10,富邦,中立,視覺設計,按鈕與圖示
陳昭綸（Jeff）,4,App功能好用，建議是否針對摺疊機設計專屬UI版面，例如：Z Fold 系列。可以讓商務人士更方便使用，謝謝！,2022-10-16 09:11:18,富邦,正評,視覺設計,版面配置
Yvonne Chen,5,清楚快速,2022-10-11 15:33:26,富邦,正評,視覺設計,版面配置
依潔李,5,在接觸過的銀行APP 中 算是最好用的介面,2022-10-08 15:46:23,富邦,正評,視覺設計,整體介面設計
C. H Huang,5,非常清楚明瞭的介面,2022-10-08 08:23:56,富邦,正評,視覺設計,版面配置
um j,5,App體驗順暢 ，功能很多很方便，介面分類清楚。整體體感很讚。 我朋友看到這麼好用還特地跑去開富邦帳戶。,2022-10-07 14:52:19,富邦,正評,視覺設計,版面配置
ALICK LIU,5,方便流暢迅速，很多功能都能在APP上做設定查詢使用，介面也非常人性化。,2022-09-07 11:18:49,富邦,正評,視覺設計,整體介面設計
鄧幼涵,5,好用，邏輯清楚，使用起來很順手,2022-09-05 11:22:04,富邦,正評,視覺設計,版面配置
劉祺昱,1,看看國泰世華的介面與功能。,2022-09-04 23:26:06,富邦,負評,視覺設計,整體介面設計
Ray Hsu,2,轉帳到一半，使用分割畫面，查詢簡訊認證碼，就被登出，又要重新來。調整視窗一下大小，也被登出，然後，恢復為全螢幕後，下面的畫面被裁掉，還是和分割畫面時的大小,2022-09-04 10:08:39,富邦,負評,視覺設計,版面配置
roya wang,1,設計不直觀，很多自創名詞讓人容易混淆 懷疑四星評價是洗出來的 其實沒那麼好用,2022-09-02 12:45:29,富邦,負評,視覺設計,整體介面設計
time lin,5,"面清晰,操作順暢",2022-09-02 12:44:22,富邦,正評,視覺設計,版面配置
A J,2,超難用，轉帳時已建好轉帳資料，畫面說要發簡訊密碼，但看了簡訊密碼，再回到app已被登出，要再重新登入一次，但重登時又告知我重複登入，那你倒是讓我回到原本的畫面呀！!匯款從來沒有一次就成功的，跟鬼打牆一樣！,2022-09-01 13:42:28,富邦,負評,視覺設計,版面配置
曹金玫,5,"操作簡單，分類清楚,人性化.",2022-09-01 12:09:33,富邦,正評,視覺設計,版面配置
唐小寧,5,介面易懂好操作！,2022-08-30 08:37:04,富邦,正評,視覺設計,整體介面設計
anita Huang,5,介面明確,2022-08-24 10:50:18,富邦,正評,視覺設計,整體介面設計
Chien Yuan,1,為何已經下載了「富邦行動銀行版App」，手機桌面卻完全沒有顯示（完全找不到）該App圖示快捷鍵呢🤔⁉️,2022-08-13 07:46:44,富邦,負評,視覺設計,按鈕與圖示
趙偉仁,5,畫面及功能使用都很方便。,2022-08-12 07:43:58,富邦,正評,視覺設計,版面配置
蕭暐婷,5,介面清爽，快速查找功能，順暢。,2022-08-08 14:11:24,富邦,正評,視覺設計,整體介面設計
黃雅玲,4,介面簡潔，操作方式明暸好用,2022-08-07 08:24:05,富邦,正評,視覺設計,整體介面設計
bigo Lee,4,爛，我用htc u12+的手機，進入app登入帳號後，一使用手機的分割畫面功能，馬上就登出帳號，到底是app的bug，還是htc的問題? （這問題似乎解決了。另看在你們這麼有誠意的回應，我改給你們4星，會繼續用富邦app下去）,2022-08-04 13:28:13,富邦,正評,視覺設計,版面配置
廖矞如,4,介面簡單、邏輯清楚 好用!,2022-08-02 22:14:51,富邦,正評,視覺設計,版面配置
蒼Ashen,4,可以正常使用了，版面還算簡單明瞭,2022-07-31 21:41:25,富邦,正評,視覺設計,版面配置
林芳騏,3,畫面清楚，方便操作，唯一就是無法在app做黃金買賣，現在人皆習慣快速方便的手機操作（隨時買賣），其他銀行也能開放該功能，為何富邦就一定要電腦才能使用呢？,2022-07-27 09:34:30,富邦,中立,視覺設計,版面配置
湯杰榮,4,頁面清楚簡單易操作，節省很多時間,2022-07-23 11:25:10,富邦,正評,視覺設計,版面配置
SIN CHEN,3,功能很多很豐富，但是icon設計太複雜，不能直觀反應，感覺就不會那麼好用,2022-07-23 09:57:22,富邦,中立,視覺設計,按鈕與圖示
Chen ChauTian,5,介面友善，查資訊方便,2022-07-22 22:46:07,富邦,正評,視覺設計,整體介面設計
陳瑋伶,5,好用，介面簡潔,2022-07-20 15:38:28,富邦,正評,視覺設計,整體介面設計
台南收驚問事彌陀禪霖道場,2,為什麼我用信用卡會員登入後每次登出再登入改用一般會員就無法速登，還說要我在說明文字結束後改點選用一般登入然後就一直鬼打牆無法登入？？？,2022-07-19 09:32:18,富邦,負評,視覺設計,字體與可讀性
高彥文,1,目前完全停在起始畫面，無法啟動，是APP維修還是異常,2022-07-15 12:19:50,富邦,負評,視覺設計,版面配置
玲瑜,4,介面簡單好用,2022-07-11 08:26:23,富邦,正評,視覺設計,整體介面設計
黃英哲,5,簡單易用，清楚明暸,2022-07-10 22:09:07,富邦,正評,視覺設計,版面配置
A K,5,和中信及台新比較，UI功能頁面都很直觀，操作上也比較順手，惟有留言給對方的功能，字數上有限制，若能放寬會更為方便,2022-07-10 13:35:13,富邦,正評,視覺設計,字體與可讀性
Sophie “Sophie” CHEN,1,只要設定快速登入就會一直卡在loading畫面， 只好每次登入都要完整的打完使用者代號和密碼，超麻煩,2022-07-09 09:28:20,富邦,負評,視覺設計,版面配置
蔡弘智,5,清楚明瞭好操作。,2022-07-07 11:12:10,富邦,正評,視覺設計,版面配置
陳東彬,5,畫面好,2022-07-05 21:53:13,富邦,正評,視覺設計,版面配置
Puggy Yu,2,介面真的是很難用又登不進去==,2022-07-05 01:22:30,富邦,負評,視覺設計,整體介面設計
程小芬,5,好用，畫面簡潔,2022-07-04 21:09:05,富邦,正評,視覺設計,版面配置
Allen Hsu,5,介面清晰方便使用,2022-07-01 09:08:28,富邦,正評,視覺設計,版面配置
李婧,5,使用便捷，設計人性化,2022-07-01 06:51:49,富邦,正評,視覺設計,整體介面設計
fu-kun lee,4,清晰好用,2022-07-01 06:33:36,富邦,正評,視覺設計,版面配置
Vergil Sparda,5,好用，介面簡單,2022-07-01 02:20:27,富邦,正評,視覺設計,整體介面設計
呂慧儀,5,清楚！好用！謝謝 ❣,2022-06-30 06:37:30,富邦,正評,視覺設計,版面配置
高沛歆,5,功能齊全介面清楚,2022-06-28 21:56:42,富邦,正評,視覺設計,版面配置
Max Ma,5,比較人性化的設計,2022-06-28 14:46:42,富邦,正評,視覺設計,整體介面設計
Cathy C,4,方便清楚,2022-06-23 08:26:30,富邦,正評,視覺設計,版面配置
廖星魁,5,介面清楚操作方便，好用！,2022-06-17 10:35:22,富邦,正評,視覺設計,版面配置
Yulin Chang,5,指令清楚 操作簡單,2022-06-17 09:03:02,富邦,正評,視覺設計,版面配置
金D,4,介面友善，操作簡潔。,2022-06-17 08:39:29,富邦,正評,視覺設計,整體介面設計
鄒阿輝的 生活,5,版面很清晰方便,2022-06-12 07:31:42,富邦,正評,視覺設計,版面配置
Eric Chung,4,使用上很清楚直覺。,2022-06-10 16:08:08,富邦,正評,視覺設計,版面配置
余諾德,1,6/8 更新完後，一點開就當機（畫面一直停留在初始畫面）,2022-06-09 07:53:56,富邦,負評,視覺設計,版面配置
潘錫恩,5,介面很人性，使用者操作方便！,2022-06-02 22:34:58,富邦,正評,視覺設計,整體介面設計
Sherry Wang,5,明細清楚，操作簡單易懂,2022-06-01 16:36:58,富邦,正評,視覺設計,版面配置
琳,5,查詢清楚明暸,2022-06-01 15:33:03,富邦,正評,視覺設計,版面配置
Zilly Huang,5,介面簡單好用！,2022-05-30 19:14:28,富邦,正評,視覺設計,整體介面設計
Rena Chuang,5,介面功能清楚明瞭,2022-05-27 19:45:53,富邦,正評,視覺設計,版面配置
Katrina,2,很爛的，登入一直在畫面轉，再這樣下次要剪卡了,2022-05-24 21:25:30,富邦,負評,視覺設計,版面配置
Summer J,5,基本上還在摸索，但整體的介面非常好 ！,2022-05-23 22:58:52,富邦,正評,視覺設計,整體介面設計
天帝皇戰神,5,網站介面清楚明瞭,2022-05-23 19:06:18,富邦,正評,視覺設計,版面配置
陳昶佑,5,介面好用，用過最棒的銀行！,2022-05-19 14:09:42,富邦,正評,視覺設計,整體介面設計
Jiang璟,2,慢，超卡，介面呈現很亂。,2022-05-18 14:46:35,富邦,負評,視覺設計,整體介面設計
林雅芳,4,版面清楚明瞭,2022-05-10 15:44:10,富邦,正評,視覺設計,版面配置
Cne. R.,2,你們應用很煩，一天到晚轉圈圈卡住進不去首頁或任何主畫面，但是關閉重新開啟要再登入就說幾分幾秒已經登入請確認要再登入嗎或取消這次登入，點選確認還是又卡住進不去！搞什麼？！？！自動登出時間也太快，要對帳太不方便！,2022-05-10 08:15:49,富邦,負評,視覺設計,版面配置
Sean Liao,5,介面簡單易用,2022-05-09 11:31:05,富邦,正評,視覺設計,整體介面設計
mandy lee,5,介面直覺流暢，使用很順利方便,2022-05-09 00:09:14,富邦,正評,視覺設計,整體介面設計
紫綾,5,頁面操作順暢，自己的存款、基金、匯率，想看的資訊清楚明瞭，是我用過銀行app中最好用的一個。,2022-05-07 10:55:04,富邦,正評,視覺設計,版面配置
李岳龍,5,介面清晰，稍嫌單調,2022-05-05 20:00:42,富邦,正評,視覺設計,版面配置
Charlie Lee,1,看看國泰世華的，雖然醜但是用起來簡單快速，您們的花在更新的時間上耽誤特別挪出的繳款時間,2022-05-05 17:38:59,富邦,負評,視覺設計,整體介面設計
林意帆,1,loading久到爆炸，不斷逾時 連登入都畫面都載不出來的app到底是要怎麼用,2022-05-04 19:42:49,富邦,負評,視覺設計,版面配置
ZN WEN Chen,5,便利，介面容易操作,2022-05-03 18:33:48,富邦,正評,視覺設計,整體介面設計
俠客小彬,5,簡單易操作，人性化設計...,2022-05-02 06:20:02,富邦,正評,視覺設計,整體介面設計
輝哥,5,使用很流暢，頁面分類清楚。,2022-05-01 09:33:05,富邦,正評,視覺設計,版面配置
Lin Larry,4,介面還不錯,2022-04-23 15:16:55,富邦,正評,視覺設計,整體介面設計
Vicky Ma,5,介面容易,2022-04-19 21:44:11,富邦,正評,視覺設計,整體介面設計
Alice,1,哇...卡在登入畫面一直進不去阿 無限Loading中,2022-04-17 03:09:37,富邦,負評,視覺設計,版面配置
sakakibara natusma,5,介面清楚好操作,2022-04-10 17:22:26,富邦,正評,視覺設計,版面配置
Bird Chin,1,這個應用程式的使用者經驗，在號稱科技王國服務創新的台灣商業環境，絕對可以稱上金融手機應用程式之恥！請原諒這樣的形容字眼...因為自己很多好友在這家銀行所以一直很支持，但是長久以來，手機應用程式反應遲緩，動輒閃退然後莫名登入失敗，等待驗證碼的時間可以泡完一杯咖啡有時根本沒有推送！每一筆成功的匯款都是幾次甚至十幾次的失敗累積！和客戶匯款常被誤會我在詐騙！本人期待疫情趨緩，一定立馬返台結束與貴行的所有業務，脫離恥海~！！,2022-04-09 01:05:28,富邦,負評,視覺設計,字體與可讀性
Yung Cheng Feng,5,"穩定性佳,root後也能正常使用,介面友善客制化。跨行轉帳額度可提高或降低,獨步全台,強烈推薦!!!",2022-04-08 19:42:01,富邦,正評,視覺設計,整體介面設計
黃逸青,4,使用你們網銀很久了，基本上已習慣使用介面，不過許多功能還是不夠直觀，需要點許多步驟才能找到功能，最後因為你們也推出了高利活存帳戶，希望你們可以把使用利率以及跨轉跨提次數顯示出來，好方便管理,2022-04-07 08:50:08,富邦,正評,視覺設計,整體介面設計
JASON YU,5,好用，介面簡單易懂,2022-04-06 22:40:30,富邦,正評,視覺設計,整體介面設計
陳mimi,5,很棒 操作清楚 非常實用,2022-04-05 15:24:18,富邦,正評,視覺設計,版面配置
李正哲,5,介面設計美感有待加強 但系統穩定還是給五顆星，給工程師團隊鼓勵！,2022-04-02 16:49:23,富邦,正評,視覺設計,整體介面設計
蒙玉芳,4,字體太小,2022-04-02 13:44:15,富邦,正評,視覺設計,字體與可讀性
你自己想像吧!,4,介面設計的很清楚，使用上很輕鬆,2022-04-01 19:10:53,富邦,正評,視覺設計,版面配置
Harry Lu,5,介面簡潔好用,2022-04-01 16:48:41,富邦,正評,視覺設計,整體介面設計
frank yang,5,非常棒的設計,2022-04-01 12:54:13,富邦,正評,視覺設計,整體介面設計
王海龍simon wang,4,介面清楚好用,2022-04-01 07:45:01,富邦,正評,視覺設計,版面配置
湯元凱,5,簡單好用，清楚明瞭,2022-03-27 10:19:30,富邦,正評,視覺設計,版面配置
李曉嵐,5,行動網路銀行做的還不錯，個人蠻喜歡這樣的直覺介面，搜尋觀賞都很便利。,2022-03-25 21:45:55,富邦,正評,視覺設計,整體介面設計
Ro To,1,設圖形快速登入後 就會熱當 一直跳出截圖提醒還關不掉整個擋住畫面,2022-03-24 00:41:53,富邦,負評,視覺設計,版面配置
Yvonne Tsai,5,介面操作簡單、易入手。,2022-03-21 22:28:36,富邦,正評,視覺設計,整體介面設計
陳娟娟,5,介面設計非常的輕鬆容易懂操作方便,2022-03-20 11:47:01,富邦,正評,視覺設計,整體介面設計
微跛,3,"字體太小,不利45歲以上者使用.希望跟上世界潮流,增加大字型版功能.",2022-03-19 09:48:22,富邦,中立,視覺設計,字體與可讀性
黃昭祥,5,介面清楚，操作方便且迅速流暢,2022-03-17 22:44:20,富邦,正評,視覺設計,版面配置
余彥霖,5,功能多，尚需研究 但真的很方便，感謝貼心的介面。,2022-03-17 11:43:42,富邦,正評,視覺設計,整體介面設計
涂佳瑩,5,簡單，清楚 方便,2022-03-15 20:52:59,富邦,正評,視覺設計,版面配置
michelle Yen,4,除首頁字型小，其餘均不錯,2022-03-10 18:32:00,富邦,正評,視覺設計,字體與可讀性
Shung Judy,5,清楚,2022-03-08 17:47:50,富邦,正評,視覺設計,版面配置
nowhere more,3,畫面清楚,2022-03-03 21:59:41,富邦,中立,視覺設計,版面配置
王健勤,5,使用方便清楚明顯,2022-03-03 16:48:23,富邦,正評,視覺設計,版面配置
游承興,5,方便，清楚，簡明，穩定。,2022-03-03 10:19:57,富邦,正評,視覺設計,版面配置
Yuansyun Yeh (葉元勳),5,介面好用、設計的不錯,2022-03-02 09:15:08,富邦,正評,視覺設計,整體介面設計
Joey Lee,4,介面簡單方便實用，但一直無法成功使用指紋辨識登入，甚為可惜,2022-03-01 10:53:49,富邦,正評,視覺設計,整體介面設計
小豬豆瓣醬,1,登入畫面卡住進不去很久了 要用來查詢卡費的體驗非常不好 已卸載,2022-02-28 23:57:09,富邦,負評,視覺設計,版面配置
曹慧君,5,很Friendly的使用介面。,2022-02-28 07:39:19,富邦,正評,視覺設計,整體介面設計
陳怡沁,4,為什麼我的手機無法轉賬手機型號nokia8.1手機畫面上顯式偵測到本行動手機有連線風險為保護賬付安全暫不開放非約定賬戶服務應該如何設定。,2022-02-26 22:55:56,富邦,正評,視覺設計,版面配置
NienYi Chen,5,介面清楚，第一次使用就很容易上手。,2022-02-22 20:44:40,富邦,正評,視覺設計,版面配置
趙偉帆,5,很棒的操作介面，簡單易懂,2022-02-20 23:00:51,富邦,正評,視覺設計,整體介面設計
Aa A,5,簡單明瞭好用一字讚,2022-02-19 19:24:33,富邦,正評,視覺設計,字體與可讀性
張俊民,5,介面簡單，容易操作,2022-02-11 14:06:36,富邦,正評,視覺設計,整體介面設計
XP “Pipiro” Liou,5,能夠登入後，就找到客服專區，線上真人客服系統方便、好用！不用再電話或上網查網頁，很方便又貼心的設計。不過對話紀錄過程中，每隔不到5分鐘，就一直跳出提醒，即使在打字也會出現，這點有些令人困擾。,2022-02-11 11:20:27,富邦,正評,視覺設計,字體與可讀性
LUNG HUI,5,清楚實用,2022-02-10 09:40:37,富邦,正評,視覺設計,版面配置
宜芳謝,5,簡單、清楚、明暸！ 工程師們能幹、有用心！,2022-02-10 01:01:20,富邦,正評,視覺設計,版面配置
邱小君（水金君）,5,簡單操作介面，good,2022-02-08 15:00:21,富邦,正評,視覺設計,整體介面設計
許淑珠,5,清楚易操作,2022-02-07 22:10:29,富邦,正評,視覺設計,版面配置
林瑩,5,運作順暢，介面簡潔，資訊清楚讓人容易掌握。,2022-02-06 08:10:15,富邦,正評,視覺設計,版面配置
顏美光,5,介面不錯,2022-01-30 09:44:22,富邦,正評,視覺設計,整體介面設計
陳育良,5,使用者介面邏輯清楚，UI反應速度佳,2022-01-27 08:23:56,富邦,正評,視覺設計,版面配置
aven chine,5,非常清楚明了！,2022-01-26 17:32:17,富邦,正評,視覺設計,版面配置
Cian Pei Jiang,2,登錄畫面忽然整個空白，看不到東西,2022-01-21 15:20:05,富邦,負評,視覺設計,版面配置
Chih Ju Hsieh,5,還滿好上手的，介面簡單好用,2022-01-20 01:44:50,富邦,正評,視覺設計,整體介面設計
chrissie tsai,5,富邦行動銀行介面好用 👍,2022-01-13 20:32:38,富邦,正評,視覺設計,整體介面設計
陳儀如,1,"一直無法使用指紋密碼,都在Loading頁面，要是沒這個功能就不要顯示在介面上，浪費時間在等待還要重新登入.很糟糕的app",2022-01-12 10:56:10,富邦,負評,視覺設計,整體介面設計
張宇翔,5,介面很一目瞭然,2022-01-09 11:11:20,富邦,正評,視覺設計,整體介面設計
Jean Chen,5,版面清楚好用,2022-01-06 21:10:33,富邦,正評,視覺設計,版面配置
Tommy Hsu,5,介面清楚 簡單快速,2022-01-06 16:28:02,富邦,正評,視覺設計,版面配置
張芠睿,5,期盼～能跟國泰銀app.哪樣…設計更便利完善又好用！加油～😀,2022-01-05 20:11:17,富邦,正評,視覺設計,整體介面設計
WAVE CHEN,5,使用上還算清楚方便，LuckyPay運作也正常可以掃其他家的銀行QR code,2022-01-04 14:31:14,富邦,正評,視覺設計,版面配置
Cindy jo,5,不錯，介面乾淨清楚,2022-01-04 10:38:38,富邦,正評,視覺設計,版面配置
李佳明,4,介面簡潔，操作方便,2022-01-03 18:12:22,富邦,正評,視覺設計,整體介面設計
Huei Yang,5,"先莫名的無法使用指紋快速登入！當重新設定密碼後，再也無法設定完成快速登入功能，畫面一直停留在""Loding""，沒完沒了直到出現視窗告知“登出”？？？",2022-01-03 16:22:12,富邦,正評,視覺設計,版面配置
KE-TING CHEN,5,畫面直接好用！,2022-01-02 21:39:00,富邦,正評,視覺設計,版面配置
Jin Yang,5,簡易清楚好操作,2022-01-02 11:52:59,富邦,正評,視覺設計,版面配置
宜盈,5,清楚明瞭超方便,2021-12-31 08:08:14,富邦,正評,視覺設計,版面配置
木木,3,介面可以設計簡單可愛一點嗎,2021-12-25 17:26:16,富邦,中立,視覺設計,整體介面設計
蔡LANLAN,5,很快，介面很清楚！,2021-12-24 16:34:53,富邦,正評,視覺設計,版面配置
fy liou,5,清楚易用，我的基金查詢畫面一目瞭然,2021-12-22 22:11:35,富邦,正評,視覺設計,版面配置
Sarah Shen,5,介面清楚好用,2021-12-18 17:27:05,富邦,正評,視覺設計,版面配置
ch huang,5,雖然自己用到的功能不多，但有用到的功能都非常好用，介面也很方便操作，請繼續加油！,2021-12-12 10:34:28,富邦,正評,視覺設計,整體介面設計
江YUJI,5,介面蠻好用的,2021-12-08 12:38:03,富邦,正評,視覺設計,整體介面設計
江啓民,5,查詢顯示明確完整，清楚易懂。對於程式易於上手。很讚。,2021-12-06 14:38:08,富邦,正評,視覺設計,版面配置
Wang Stacey,4,介面乾凈,2021-12-04 07:00:29,富邦,正評,視覺設計,整體介面設計
Jacob Cao,5,畫面及各項功能設計簡潔，非常方便使用。,2021-12-02 12:32:15,富邦,正評,視覺設計,版面配置
Ming-Pu Tu,5,好用，便利，清楚,2021-12-02 12:01:12,富邦,正評,視覺設計,版面配置
Crystal Lu,4,介面簡單，容易操作,2021-12-02 01:19:54,富邦,正評,視覺設計,整體介面設計
Chien-Hung Liao,5,介面覺得做的還不錯,2021-12-01 11:03:40,富邦,正評,視覺設計,整體介面設計
真理天道寶光元德,1,紅米note8 pro miui12.5.1 登入後一直loading畫面，解除重安裝也是一樣，貴公司該善半年也還是一樣，廢,2021-11-26 09:52:36,富邦,負評,視覺設計,版面配置
洪莉惠,5,簡易清楚使用方便,2021-11-25 23:17:08,富邦,正評,視覺設計,版面配置
PeiJyun,1,換手機之後發現無法非約定轉帳 ，錯誤引導標示不清楚，致電行員說轉帳功能有開她也不知道為什麼不行 ，致電客服客服語音選項也沒有合適的分機，只好隨便轉到不相干的業務再請轉接，根據客服的說明處理後還是不行，而後發現app有轉帳選項開啟後根據提示等到早上八點後還是不行 決定再也不要用富邦了，心累,2021-11-25 09:46:35,富邦,負評,視覺設計,版面配置
emilio huang,5,清楚明顯好選寫,2021-11-23 09:00:30,富邦,正評,視覺設計,版面配置
蔡larry,4,介面簡單明瞭。,2021-11-19 08:28:00,富邦,正評,視覺設計,整體介面設計
CHI CHUNG WU,5,感謝工程人員的努力，設計出這麼簡潔好操作的app程式。,2021-11-18 04:42:07,富邦,正評,視覺設計,整體介面設計
Joey Tang,5,轉帳的留言字數，可以再增加嗎？,2021-11-13 21:09:25,富邦,正評,視覺設計,字體與可讀性
Leslie Lin,2,能否把一些自創名詞的服務拿走? 想用的轉帳 預轉帳紀錄不知道去那裡找 佔了一大堆看不懂 不會用的服務在選項裡 這App用這麼久了 難道都沒在看那些功能常用而躲在深處 那些一直站在最前面而沒人用嗎 開發者難道不知這些基本使用者介面的ABC嗎 我用了五年 以為這些沒人懂e家付慮的創新怪名字會自動的消失 但很明顯的 我感受不到'UI的進步 真的要注意了 而且2021的評論 用2019的回復是那招?,2021-11-12 06:36:20,富邦,負評,視覺設計,字體與可讀性
yaliang0815,5,好操作的介面,2021-11-08 09:05:26,富邦,正評,視覺設計,整體介面設計
poyao777,4,介面還OK,2021-11-05 14:35:45,富邦,正評,視覺設計,整體介面設計
kctann,5,介面簡單，字體大小適中,2021-11-05 11:51:07,富邦,正評,視覺設計,字體與可讀性
Carol Yu,4,介面清晰明瞭,2021-11-04 14:46:22,富邦,正評,視覺設計,版面配置
林玉娟,5,操作簡單，介面人性化。,2021-11-03 02:02:08,富邦,正評,視覺設計,整體介面設計
黃雅珮,5,操作介面簡單也很順手,2021-11-02 22:07:13,富邦,正評,視覺設計,整體介面設計
Sasha lin,1,更新後，快速登入不能用，出現的訊息根本沒文字，只能按確認。移除重新安裝也一樣。,2021-10-28 11:38:01,富邦,負評,視覺設計,字體與可讀性
Wei Chun lin,5,操作方便，客服解釋得非常清楚。讚！,2021-10-25 16:49:51,富邦,正評,視覺設計,版面配置
張移山,5,程式、軟體部份沒什麼問題，沒什麼好說的。 但是… 可惜板橋後站旁邊的新板分行行員，當初在110年10月15日時所說的話是： 「30“分鐘”內要啟用（網路銀行）唷！不然就沒效了。」 而非是30“天”內啟用，搞得我還要再在今天（110年10月25日）去同一間分行洽詢、出醜。,2021-10-25 15:21:26,富邦,正評,視覺設計,整體介面設計
周洛CHOU,1,太爛了永遠鬼打牆無法進入！改成老的可？天天改愈改愈爛電腦設計師有問題！,2021-10-19 10:23:01,富邦,負評,視覺設計,整體介面設計
林艷萩,1,要我更新 確一直轉圈圈 是要轉多久 APP佔了更新畫面 我無法進入APP,2021-10-19 02:20:39,富邦,負評,視覺設計,版面配置
顏小熊,5,操作介面 清楚明暸,2021-10-14 23:10:59,富邦,正評,視覺設計,版面配置
翁翔廷,5,明細清楚不需跑到ATM查詢,2021-10-13 05:31:52,富邦,正評,視覺設計,版面配置
歐吉桑理查 bon_homme_richard,5,介面簡捷，操作流暢。,2021-10-11 16:10:44,富邦,正評,視覺設計,整體介面設計
Sherry O,5,覺得滿好用的，清楚，方便，還可以有官方的賴，通知帳戶進出跟有刷信用卡消費，不錯的功能。,2021-10-08 21:33:10,富邦,正評,視覺設計,版面配置
Yu-Huei Huang,4,"開啟app之後，跳出了請我更新應用程式的訊息，我點選畫面上的「更新」按鈕之後，就被帶到google play的富邦行動銀行頁面。 無奈Google Play 頁面上並沒有更新或update的選項可以選，只有uninstall或open可以選。我並不想要 uninstall, 但選 open 之後，富邦行動銀行又會要我去更新。就這樣我無法使用這個 app，希望可以趕快解決這個鬼打牆的狀況。 10/8 更新： 上述情況已解決，謝謝相關人員的回應。",2021-10-08 19:28:42,富邦,正評,視覺設計,版面配置
Larson Chuang,5,介面簡單易使用，完勝Citi Bank TW 加油！,2021-10-08 15:13:49,富邦,正評,視覺設計,整體介面設計
王婷,1,很濫，已更新了，進入畫面無限循環跳出更新,2021-10-07 21:55:48,富邦,負評,視覺設計,版面配置
rebecca sung,1,更新後無法登入行動銀行 ，一直出現可以更新的畫面，即使刪除APP重新裝設也是一樣無法使用,2021-10-07 21:32:47,富邦,負評,視覺設計,版面配置
GORDON KUO,1,已經完成更新進入頁面，卻還是一直卡在叫我更新的畫面，導致無法登入,2021-10-07 21:20:29,富邦,負評,視覺設計,版面配置
邱基福,1,更新完……一直跑出更新圖示……是搞甚麼飛機,2021-10-07 21:09:20,富邦,負評,視覺設計,按鈕與圖示
張三慶,1,點APP就提示【更新】，點【更新】就跳到Play商店畫面的【開啟】，然後就是更新＜＞開啟一直鬼打牆,2021-10-07 20:27:36,富邦,負評,視覺設計,版面配置
CK H,1,已經更新了還是一直無法進入介面，有急事卻被這個bug卡死，根本沒有測試完全，體驗無比糟糕,2021-10-07 20:09:13,富邦,負評,視覺設計,整體介面設計
Mo Mo,5,清楚明瞭，易操作,2021-10-07 12:41:13,富邦,正評,視覺設計,版面配置
shi Mark,5,操做介面方便明瞭,2021-10-07 11:35:12,富邦,正評,視覺設計,整體介面設計
Faye Chiu,5,便利的操作介面，謝謝團隊費心,2021-10-02 21:20:09,富邦,正評,視覺設計,整體介面設計
KW H,5,各項查詢都很清楚,2021-10-02 11:48:14,富邦,正評,視覺設計,版面配置
Tako Hsu,5,清楚簡單易使用,2021-09-21 14:52:50,富邦,正評,視覺設計,版面配置
Iris Zhang,1,醜爆了不說，介面難用到不行，一個一直號稱自己金控王的公司可以設計出這樣的商品，IT真的不可思議！要不是評論至少要給一顆星，我真想給負的。 一般來說信用卡跟網銀都是一個帳號登入就可以用，富邦偏偏要分開登入，意義何在？ 我新開的網銀要登入想設定指紋感應，要我先解除綁定？但我明明是用同一支手機同一個APP，解除再綁的意義是啥！？,2021-09-18 14:32:52,富邦,負評,視覺設計,整體介面設計
菩提馨,5,好用，介面簡單,2021-09-17 19:06:28,富邦,正評,視覺設計,整體介面設計
Victor Lee,5,運作流暢，介面友善，讚！,2021-09-15 14:04:34,富邦,正評,視覺設計,整體介面設計
黃阿喬,5,工程師很給力，非常好用，介面清楚。,2021-09-11 07:58:30,富邦,正評,視覺設計,版面配置
林克文,5,使用介面非常方便,2021-09-08 00:29:04,富邦,正評,視覺設計,整體介面設計
Arthur Google,5,清楚簡單,2021-09-07 23:03:41,富邦,正評,視覺設計,版面配置
Shouwen Tsai,4,介面蠻舒服的,2021-09-06 23:42:13,富邦,正評,視覺設計,整體介面設計
moon k,3,放在桌面的小工具需要的大小都很大 但是呈現時很大面積都是空的資訊也無法設置顯示更多項目。 還請調整小工具在桌面的需求面積。 另桌面的外匯幣無法與設置的幣別同步顯示。 app操作介面很需要方便點。外幣交易能不能也把台幣的金額做記錄，只有外幣匯率，不好紀錄。 希望可以有分享帳號功能，這樣才不用手打帳號容易出錯,2021-09-06 10:09:01,富邦,中立,視覺設計,整體介面設計
Ben L,5,介面清楚，操作容易,2021-09-06 09:33:27,富邦,正評,視覺設計,版面配置
李度,4,介面簡潔，操作容易！,2021-09-05 11:14:14,富邦,正評,視覺設計,整體介面設計
JIMMY I,5,客服服務很好，app介面有進步空間，可以更直覺,2021-09-04 18:19:12,富邦,正評,視覺設計,整體介面設計
Kate Liu,5,使用介面設計的非常流暢，用起來也不會卡卡的，收到簡訊也非常的快，感謝,2021-08-29 16:06:13,富邦,正評,視覺設計,整體介面設計
謝惠鈴,1,進入畫面都要等超久更新程式太爛了,2021-08-27 13:25:21,富邦,負評,視覺設計,版面配置
金剛,1,一個字爛,2021-08-27 08:45:39,富邦,負評,視覺設計,字體與可讀性
李仁凱,5,重要資訊集中同一畫面顯示，能幫助我快速做出決定，操作方便。,2021-08-24 13:01:48,富邦,正評,視覺設計,版面配置
Rosalind Hsu,4,清晰明白,2021-08-23 16:19:14,富邦,正評,視覺設計,版面配置
蕭晴羽,5,介面操作還不錯！,2021-08-22 10:05:24,富邦,正評,視覺設計,整體介面設計
曾增宏,5,使用清楚，一目了然，很棒 ，讚 。,2021-08-19 15:16:36,富邦,正評,視覺設計,版面配置
陳宏兆,5,帳務條理清楚，一目了然好用。,2021-08-12 17:17:37,富邦,正評,視覺設計,版面配置
吳仰妤,5,請問在一開始開啟的畫面中，能否只顯示台幣的剩餘金額呢？ 我不知要在哪裡設定 目前的顯示存款， 會將外幣的價值也一起合計， 變成剩餘金額會計入外幣 富邦的app好用喔～👍,2021-08-12 11:38:08,富邦,正評,視覺設計,版面配置
嘎蛤,2,介面文字提示不清楚，光是信用卡帳單提醒就找不到地方設置,2021-08-11 22:16:55,富邦,負評,視覺設計,字體與可讀性
jenny lin,5,很棒的操作界面設計,2021-08-10 17:18:29,富邦,正評,視覺設計,整體介面設計
Carrie Hu,5,非常friendly 的介面，好用,2021-08-06 14:36:04,富邦,正評,視覺設計,整體介面設計
李比比,5,好用 簡單明瞭的介面,2021-08-04 07:47:48,富邦,正評,視覺設計,整體介面設計
Go Go,3,為什麼登入只有信用卡畫面沒有銀行存款等，臨櫃去辦理過怎麼還是一樣，是哪裡錯了，怎麼這麼複雜……,2021-08-04 01:25:16,富邦,中立,視覺設計,版面配置
賴瑋佑,5,介面不錯,2021-08-02 08:38:08,富邦,正評,視覺設計,整體介面設計
Chih Pin Wu,1,系統真難用，轉帳功能輸入銀行代碼不能輸入數字要慢慢找，購買國外股票限制，怎麼不改進。我準備去辦理帳戶結清。希望你們能進步，謝謝。,2021-08-01 12:25:17,富邦,負評,視覺設計,字體與可讀性
林雨柔,5,富邦app沒有更新就很好用，比起其他銀行條理井然，查詢、轉帳及信用卡資訊都很清楚。辦理信用卡帳單分期也很方便。 現在為了更新 ，會不會程式太大，更新不起來。我手機已經128G了啊！,2021-07-27 06:55:06,富邦,正評,視覺設計,版面配置
ozpkpkoz,2,最近常常明明登入成功了，都卡在讀取畫面。,2021-07-24 11:45:42,富邦,負評,視覺設計,版面配置
區區（區區）,1,爛透了，非常難用…拜託設計UIUX的細心點！ 一大堆專有名詞不懂就算了，連要看個每個月要繳多少錢都看得讓人想罵人，超級難用，連1顆星也不想給,2021-07-23 13:55:57,富邦,負評,視覺設計,整體介面設計
王明祥,1,一個字，差，速度太慢了，等到我都捉狂了，是誰設計的，請他實測一下，不想更新了,2021-07-23 11:28:53,富邦,負評,視覺設計,字體與可讀性
Jam Chuang,2,UX介面不友善,2021-07-23 10:07:01,富邦,負評,視覺設計,整體介面設計
Yang Hank,5,清楚簡單,2021-07-22 18:28:35,富邦,正評,視覺設計,版面配置
miki chou,5,很好操作的介面謝謝,2021-07-20 17:49:14,富邦,正評,視覺設計,整體介面設計
墨禹,5,操作簡易 畫面簡介,2021-07-20 00:20:58,富邦,正評,視覺設計,版面配置
hu yang,5,好用，需求項目條列清楚、易找，不繁雜。 很棒。 很久沒用這個app了，今天用還是很容易找到、操作需求項，真的是符合人性的科技設計。,2021-07-12 20:34:21,富邦,正評,視覺設計,版面配置
鈺婷TinaSu,5,使用介面，清楚簡潔，完整呈現,2021-07-07 22:51:23,富邦,正評,視覺設計,版面配置
涂小月,5,很清楚!好用,2021-07-07 00:40:47,富邦,正評,視覺設計,版面配置
Wenny Wang,5,格式簡潔清楚，非常便利操作,2021-07-04 10:05:40,富邦,正評,視覺設計,版面配置
紀思丞,5,使用介面簡單明瞭,2021-07-03 22:02:42,富邦,正評,視覺設計,整體介面設計
s晶,5,操作簡單，介面清楚，不錯!,2021-07-02 13:24:34,富邦,正評,視覺設計,版面配置
huichin hong,5,目前是最好用的網銀操作系統，畫面很清楚，操作很簡潔，真的很好用,2021-07-02 13:21:32,富邦,正評,視覺設計,版面配置
Roxanne “Owl” K,5,方便好用，設計非常好,2021-07-02 13:18:41,富邦,正評,視覺設計,整體介面設計
張玉芳,5,"非常人性化,而且介面簡單好操作，讚",2021-07-02 09:45:56,富邦,正評,視覺設計,整體介面設計
Dolphin Wang,5,介面清楚，容易操作!,2021-07-01 08:56:03,富邦,正評,視覺設計,版面配置
C.K HO,4,介面可，工程師們辛苦了,2021-07-01 08:19:00,富邦,正評,視覺設計,整體介面設計
Yu Chen Chang,5,app操作介面清楚 👍,2021-07-01 05:53:24,富邦,正評,視覺設計,版面配置
Tin Tin,1,按第一次指紋進入就說三次錯誤，重設帳號結果換身份字號錯誤，打進客服核對資料都是沒錯，就是無法登入系統。 系統和其他家銀行app實在爛到爆！妳們管理部螺絲鬆了嗎？,2021-06-29 00:08:48,富邦,負評,視覺設計,字體與可讀性
林嘉格,5,使用介面簡易方便,2021-06-19 13:41:38,富邦,正評,視覺設計,整體介面設計
Carol Lin,5,清楚簡單,2021-06-16 09:10:19,富邦,正評,視覺設計,版面配置
Roy Wu,1,一直卡在登入畫面🙄,2021-06-16 02:51:39,富邦,負評,視覺設計,版面配置
蕭詩琴,4,除了畫面不是很美觀之外，都還挺不錯,2021-06-08 22:54:02,富邦,正評,視覺設計,版面配置
紀灃酌,5,介面清楚明瞭，使用方便快速，富邦很棒！,2021-06-06 22:50:17,富邦,正評,視覺設計,版面配置
yen lee,5,介面清楚。簡單方便好操作,2021-06-03 00:53:31,富邦,正評,視覺設計,版面配置
洪秋楓,1,無法更新 搞不清楚的軟體,2021-06-01 17:29:40,富邦,負評,視覺設計,版面配置
Luo Nick,5,使用直覺，系統相對穩定，App反應速度亦不遲，算是好用的銀行App。希望「通知已匯款」的分享訊息能增加純文字模式，方便貼到別的App去,2021-06-01 16:46:57,富邦,正評,視覺設計,字體與可讀性
christine pai,5,介面方便使用,2021-06-01 08:18:59,富邦,正評,視覺設計,整體介面設計
AY-james lee,3,複委託 輸入價格介面 不友善， 小數點後需跳畫面，,2021-05-29 08:30:59,富邦,中立,視覺設計,版面配置
鄭清芳,5,介面清楚、操作簡單、方便快速,2021-05-23 10:40:38,富邦,正評,視覺設計,版面配置
IWA,3,之前查詢存款明細的時候 股票交割有清楚的註明為哪隻股票，現在只寫了股票交割 看起來挺不方便的，這個設定有地方可以改嗎？,2021-05-20 15:48:06,富邦,中立,視覺設計,版面配置
Orchid Tang,1,無法快速登入，一直在loading... 連一般登入都會系統異常，還會寄email 告訴你已經成功登入，問題是loading 的畫面一直跑、造成螢幕反白、什麼都看不見，而且幾乎每次都有一樣問題！如果已經很多人抱怨了，為什麼不改善？富邦銀行這麼缺錢缺人才？,2021-05-11 18:16:00,富邦,負評,視覺設計,版面配置
陳冠臻,1,"快速登入Android無法使用，試了5,6遍都沒辦法，數位客服也沒辦法解決問題，換了好幾個客服問到後面都不見，照著上面的文字操作不用沒事，用了很多設定都不見了，真的很爛。",2021-05-06 22:26:26,富邦,負評,視覺設計,字體與可讀性
Ricky Liu,4,功能操作清楚,2021-05-04 19:54:28,富邦,正評,視覺設計,版面配置
Wing Chen,5,操作方便，簡單清楚,2021-05-04 13:34:08,富邦,正評,視覺設計,版面配置
王敦弘,5,直覺與便利的介面,2021-04-29 16:14:27,富邦,正評,視覺設計,整體介面設計
Wendy Luo,1,每次登入後顯示「已登入」，但畫面都卡在登入頁面轉圈圈，很難用👹,2021-04-25 19:00:35,富邦,負評,視覺設計,版面配置
Relaxing Spiritually &Meditation,1,系統要我升級，卻一直都是等待中的字眼在旋轉維持數分鐘之久非常浪費時間。要是相同的情況在國泰銀行的app便不會有這種事發生。,2021-04-18 21:07:43,富邦,負評,視覺設計,字體與可讀性
蘇誌成,2,1.轉帳作業進行中，並非處於閒置狀態（仍在使用中），卻總是在通知內容輸入完，按確認鍵時，跳出『您已登出連線，請重新登入』之通知，讓人非常不快，此設計造成使用人相當大的困擾，如果設計要讓人備註內容做提示，就應該要能感知…使用人仍然在使用中，不應貿然的就『 強 制 登 出 』。 2.在按『確認』鍵前若發現轉帳內容輸入錯誤，應該再設計一個『返回』的功能鍵，讓人可以在資料或金額修正後，能夠再繼續轉帳，不要直接就把內容取消，得再全部重新輸入。 3.輸入交易明細通知內容時，有時侯欄位會往上拉抬到畫面上方隱沒，使用不便。 ~盼望反應了，能有效改善~,2021-04-15 23:02:13,富邦,負評,視覺設計,版面配置
米飯聯盟,1,一個字爛,2021-04-15 14:39:48,富邦,負評,視覺設計,字體與可讀性
kelly,1,非常不方便的設計,2021-04-09 18:32:29,富邦,負評,視覺設計,整體介面設計
梁蕊,5,操作蠻清楚的,2021-04-08 10:55:58,富邦,正評,視覺設計,版面配置
Chien夏曦,5,介面簡單好操作,2021-04-07 07:02:32,富邦,正評,視覺設計,整體介面設計
帥小峰,5,很方便 介面設計很簡潔明瞭❣️,2021-04-07 00:04:21,富邦,正評,視覺設計,整體介面設計
黃小月,5,介面很清楚好操作,2021-04-06 13:28:28,富邦,正評,視覺設計,版面配置
YHK,4,功能齊全給個讚！但略顯繁複，希望可以更用更簡單明瞭的介面呈現！也希望畫面設計更加清爽簡約~,2021-04-01 14:51:59,富邦,正評,視覺設計,版面配置
林鉦庭,5,介面好用～簡單上手！,2021-04-01 12:48:09,富邦,正評,視覺設計,整體介面設計
Andy Chuang,5,操作介面很人性化，也很直接易懂,2021-04-01 12:18:09,富邦,正評,視覺設計,整體介面設計
jen5271x,5,畫面簡明好操作,2021-04-01 09:22:45,富邦,正評,視覺設計,版面配置
阿莉,5,操作介面簡單快速,2021-03-29 15:22:38,富邦,正評,視覺設計,整體介面設計
Betty Yang,5,介面清楚使用方便,2021-03-16 22:43:05,富邦,正評,視覺設計,版面配置
Liu Alexander,5,操作介面簡單明瞭,2021-03-16 12:19:50,富邦,正評,視覺設計,整體介面設計
Shelly Lee,4,操作介面簡單明瞭，但等待時間有點短，一下子就超過時間，需要按繼續使用。 整體來說，使用感受良好。,2021-03-11 23:24:00,富邦,正評,視覺設計,整體介面設計
陳慧蓉,5,轉帳備註的欄位希望可以再多一個中午字的容量,2021-03-07 17:06:27,富邦,正評,視覺設計,字體與可讀性
林秀梅,5,版面排列清楚。即時效果佳。,2021-03-05 15:33:15,富邦,正評,視覺設計,版面配置
Eileen Lee,5,清楚好用,2021-03-03 11:00:02,富邦,正評,視覺設計,版面配置
lala la,5,清楚明瞭,2021-03-03 09:22:48,富邦,正評,視覺設計,版面配置
白松錡,5,設計的不錯用喔,2021-03-01 19:18:56,富邦,正評,視覺設計,整體介面設計
程勇智,5,非常清楚明瞭,2021-03-01 10:52:11,富邦,正評,視覺設計,版面配置
Jia-ki Li,3,版面設計還好，使用起來沒有特別的特色,2021-03-01 09:13:25,富邦,中立,視覺設計,版面配置
陳政廷,5,很清楚,2021-02-27 22:01:20,富邦,正評,視覺設計,版面配置
YuTing Wu,4,操作介面算好用的,2021-02-24 09:39:03,富邦,正評,視覺設計,整體介面設計
張晏慈,1,登入的時候 登超～～～～久一直在轉圈圈，介面也很複雜，根本看不懂到底要怎麼用,2021-02-23 12:02:14,富邦,負評,視覺設計,整體介面設計
徐靖涵,5,介面清楚，操作流暢。,2021-02-20 21:45:05,富邦,正評,視覺設計,版面配置
Cynthia,1,更新程式後怎麼用手勢快速登入卻一直無法登進去呀？畫面一直在跑然後也退不出……怎麼有種越改越糟糕的感覺，真的很不友善耶,2021-02-19 22:06:48,富邦,負評,視覺設計,版面配置
Hui Hui,5,介面不如以前方便,2021-02-18 23:16:22,富邦,正評,視覺設計,整體介面設計
Nur Chen,1,介面問題不親民，設定繁瑣就不提了......... 阿但 我明明有刷卡 ？？？？？阿app上面一點紀錄都沒有都查詢不到耶是在哈囉？ 帳單明細按鈕是我誤會他的功能了嗎？ 請告訴我要怎麼做才能知道我的刷卡紀錄（非紙本的那種） 02/07 新增.... 消費通知信件也太慢了吧....... 刷卡事隔10分鐘才收到... 我不會在刷第二次了,2021-02-17 20:29:03,富邦,負評,視覺設計,按鈕與圖示
巴奈,5,很棒的設計符人性的清楚,2021-02-15 19:41:51,富邦,正評,視覺設計,版面配置
Dana Hsieh,5,介面很人性,2021-02-12 19:03:02,富邦,正評,視覺設計,整體介面設計
柯美如,5,很清楚使用，非常好,2021-02-11 17:07:37,富邦,正評,視覺設計,版面配置
- Wind,1,為什麼APP上只能查詢黃金存摺不能像台銀一樣直接買賣黃金，反而要上網路銀行才能交易，跳到網銀還要另外登入字體也太小，一點也不便民請早點改善,2021-02-11 00:40:10,富邦,負評,視覺設計,字體與可讀性
Chen-Kang Lee,5,介面清楚，使用容易！,2021-02-09 11:46:21,富邦,正評,視覺設計,版面配置
Kaien Chang,1,第一次安裝使用，除了介面相當不親民外，還有嚴重BUG，前一次登入正常，但重新登入按了指紋登入功能後，一直顯示身份證使用者代號跟密碼錯誤，每次跳錯誤後，我都重新輸入確保無誤，但依然跳錯誤，直到五次錯誤鎖死，拜託程式花錢請專業的寫好嗎，用過各家銀行的APP，就富邦的體驗最差，拜託改進一下。,2021-02-06 16:20:32,富邦,負評,視覺設計,整體介面設計
Victor Chen,1,輸入帳號密碼後顯示登入成功，但一直卡在Loading畫面..這不能用啊,2021-02-06 07:41:45,富邦,負評,視覺設計,版面配置
陳傳功,5,操作方便 帳目清楚,2021-02-05 09:52:09,富邦,正評,視覺設計,版面配置
Ken KEN,3,設計還算方便,2021-02-03 22:39:05,富邦,中立,視覺設計,整體介面設計
doreen wang,5,介面清楚使用方便,2021-02-03 21:07:27,富邦,正評,視覺設計,版面配置
蔡小姐,4,快速 版面清楚,2021-02-03 12:24:47,富邦,正評,視覺設計,版面配置
簡永富,5,設計人性化,2021-02-03 01:00:34,富邦,正評,視覺設計,整體介面設計
Linda Chen,5,介面一目了然，好操作。,2021-02-01 14:38:22,富邦,正評,視覺設計,整體介面設計
rumiko suwa,1,介面難使用,2021-01-30 23:06:30,富邦,負評,視覺設計,整體介面設計
王進達JD Wang,5,訊息即時且充份，介面簡單易用,2021-01-30 09:39:51,富邦,正評,視覺設計,整體介面設計
羅咪,5,富邦銀不管是網銀或app介面，真的都很簡單好用,2021-01-28 21:17:49,富邦,正評,視覺設計,整體介面設計
Jane -,1,"超級卡，卡到根本進不去，一直卡在loading，又傳訊息說我已登入，可我根本無法使用，要開個卡那麼困難,更新根本沒用 10/29更新評論 直到現在app的操作一樣有問題，沒體驗到有任何修復問題的感覺，無法正常使用，很難登入，超級卡，卡到根本進不去，一直卡在loading，又傳訊息說我已登入，可我根本無法使用，有回覆可以找客服，但客服打不進去。 01／27時不時出個狀況，要繳費時無法繳費，真的是急死人，富邦app真的很難用，到底什麼時候app才能正常運作，我看台新的richart用的就很順暢，不能使用的時段也都會挑在使用者少的時候更新，也會通知使用者，介面也很流暢，怎麼富邦的就這麼難用，從去年十月使用到現在，完全無改進。",2021-01-27 20:25:21,富邦,負評,視覺設計,整體介面設計
今晚不打老虎,1,到底帳號該大寫還小寫，真是莫名其妙，帳號還分大小寫…真服了！還不能預覽…設計者肯定是個天才…富邦該讓他當CEO才對。,2021-01-26 15:12:50,富邦,負評,視覺設計,整體介面設計
May,5,界面清楚易操作,2021-01-25 16:43:43,富邦,正評,視覺設計,版面配置
ChienChen Chen,1,字形這麼小，又不是沒空間擠不下，有在注意使用者的方便性嗎？從沒人有注意到嗎？,2021-01-05 21:53:43,富邦,負評,視覺設計,字體與可讀性
眼球,5,清楚，明白,2021-01-04 11:17:55,富邦,正評,視覺設計,版面配置
婧兒,1,用過介面很難用的，而且每次登入都要登很久，還不能速登......,2020-12-27 00:32:46,富邦,負評,視覺設計,整體介面設計
M.W kuo,4,明確清楚,2020-12-23 01:57:59,富邦,正評,視覺設計,版面配置
江文旺,5,很棒清楚明瞭,2020-12-22 12:15:21,富邦,正評,視覺設計,版面配置
mei,1,介面複雜難用,2020-12-21 23:54:38,富邦,負評,視覺設計,整體介面設計
B.L. Liao,5,操作介面清晰明瞭，UX很不錯,2020-12-18 16:13:13,富邦,正評,視覺設計,版面配置
戴郁卿,5,介面清晰，易上手！,2020-12-18 15:09:09,富邦,正評,視覺設計,版面配置
季伶蘇,5,清晰明瞭,2020-12-10 14:18:53,富邦,正評,視覺設計,版面配置
巫乾明,5,介面一目了然，好用!,2020-12-05 16:46:35,富邦,正評,視覺設計,整體介面設計
Jih-Tao Jen (Tommi),3,程式常常當掉無法登錄 或是跑很久沒有出現帳號密碼的畫面 希望貴公司可以改善,2020-12-02 02:46:25,富邦,中立,視覺設計,版面配置
李佩玲,5,迅速.清楚,2020-12-01 16:20:59,富邦,正評,視覺設計,版面配置
Jack Tsai,1,12/1 update: 直接閃退不能用 ----- 介面設計差，不時當機卡 loading 又會限制多重登入，急用時建議不要使用這個 app 跟自己過不去，乖乖用電腦版免得到時候手機/網頁都不能用,2020-12-01 14:46:18,富邦,負評,視覺設計,整體介面設計
Alyssa,5,使用介面很順手,2020-12-01 12:24:57,富邦,正評,視覺設計,整體介面設計
陳延銘,4,還行，但玉山更好用 介面更便利,2020-12-01 00:06:12,富邦,正評,視覺設計,整體介面設計
李松柏,5,英文鍵盤上有阿拉伯數字很方便.,2020-11-22 15:25:58,富邦,正評,視覺設計,字體與可讀性
Mark Huang,1,用line通知訊息？？？ 原來的APP推播壞了嗎？還是不想花錢發簡訊通知？莫名其妙，透過line通知，難到還要被line偷偷記錄消費資訊嗎？ 很爛的UI/UX設計，一堆浪費電的設計，主功能確效能很差 越改越差，連開都開不起來了，點推播當更兇。 這次202010系統改版，只能說越改越糟，反應速度越來越久，本來晚上可以自己辦定存續約的，現在也不行了，再這樣下去，只能自力救濟跳別家銀行了。,2020-11-19 15:18:58,富邦,負評,視覺設計,整體介面設計
劉彩華,5,介面很清楚，預約轉帳或繳卡費都很便利,2020-11-12 20:21:13,富邦,正評,視覺設計,版面配置
黃惠玲,5,清楚簡單操作,2020-11-11 20:59:19,富邦,正評,視覺設計,版面配置
Pei-Ying Wu,4,分類清晰，只是還是有可以再進步的空間,2020-11-10 16:10:52,富邦,正評,視覺設計,版面配置
李偉聖（藍色小小鳥）,5,查詢速度快，介面簡單,2020-11-06 20:43:56,富邦,正評,視覺設計,整體介面設計
Jim Huang,5,介面簡單好用,2020-11-06 13:41:42,富邦,正評,視覺設計,整體介面設計
石石石,1,輸入密碼後一直停在登入畫面不動,2020-11-05 09:41:23,富邦,負評,視覺設計,版面配置
lingling ling,5,非常好用的app 操作容易，設計貼也很貼心,2020-11-04 18:01:03,富邦,正評,視覺設計,整體介面設計
李承德,4,蠻好用的，背景配色柔和，有舒緩緊張的效果。,2020-11-04 13:12:47,富邦,正評,視覺設計,色彩與配色
Yuching Yeh,2,1. 低畫素廣告直接打在主畫面左上方非常不美觀,2020-11-03 23:44:19,富邦,負評,視覺設計,版面配置
林政儀,5,方便快速，介面簡明。,2020-11-01 19:21:55,富邦,正評,視覺設計,整體介面設計
許志聖,5,介面流暢 不卡 不遲滯,2020-11-01 07:50:22,富邦,正評,視覺設計,整體介面設計
余威慶,1,每次登入都卡在Loading畫面，按退出也無法退出,2020-10-31 00:43:18,富邦,負評,視覺設計,版面配置
謝承哲,1,一直轉圈圈無法更新，想要不升級，介面又強破升級,2020-10-24 07:48:28,富邦,負評,視覺設計,整體介面設計
Gaga Huang,4,原本更新後連登入都登不進去到現在loading時有提醒框，使用體驗好很多。 雖然很想吐槽這種使用者回饋應該一開始在做app時就該規劃在內才是，但現在app整個穩定很多，相較隔壁同行的app連畫線登錄都把線條給取消掉的奇葩操作，貴app除了整體配色清奇以外沒什麼問題(淺藍底色真的讓人受不了)。 過去不遜發言就當自己打自己臉不刪了，希望貴app能更加進步。 -- 更新後連登入都不給登入了，你們真棒，往下看你們的回覆，也只是罐頭訊息，你們怎麼還有臉回訊息？你有那時間應付使用者，怎麼不拿來改善貴app？,2020-10-21 07:46:59,富邦,正評,視覺設計,色彩與配色
ahfun yao fang,5,"我已經九天無法登入富邦網路銀行，每次打給客服就是留我電話/姓名/身份字號，並說系統修好會主動通知我，但是等來等去都沒消息，正好我昨天10~11點去富邦內湖分行辦事，我再一次將問題反映給坐在最右邊看起來很看年輕的櫃檯小姐，首先櫃檯小姐先代公司跟我道歉，然後請我登入給她看，發現還是亂碼時，她就問可不可以拍照，她說她會反映給她主管，這舉動我就有點意外了，因為這週我已去了三次其他富邦分行辦事，每次辦事我都有反映網路問題給前臺行員，行員只會道歉但沒有一個將我的問題反映給主管的，只說要我等，但這個年輕小姐主動要求拍照並跑去後面辦公室將我的情況反映給她的主管，我辦完事離開後半小時真的就到內湖分行女性主管的電話，她告知我我的帳號應該已正常可登入，她要求我再試試，她晚點會再來電確認是否的登入，但很可惜我試了還是不行，當該名女性主管再打給我時，我就把情況如實反映，該主管馬上致歉並承諾會將問題反映給公司IT,我寫這麼多是想表示，第一，那做右邊的年輕小姐沒有只是安撫顧客情緒，她還收集問題並反映上去，第二，她的主管沒有推事，反覆在電話中確認我的問題，並承諾解決，我想為這兩位第一線工作人員比讚，最後今天登入成功了",2020-10-21 07:24:48,富邦,正評,視覺設計,字體與可讀性
陳哈哈,5,再等一下下就好…拜託拜託～ 手機放著等了10分鐘還在這畫面 大額卡費不能便利商店，櫃台又要等超久，連網銀也連不上，富邦是不是不希望用戶花太多錢啊！謝謝你富邦，富邦真棒！反正以後買家電不會再刷富邦卡了，感恩富邦，讚歎富邦，用行動勸退我花錢！,2020-10-20 07:39:39,富邦,正評,視覺設計,版面配置
葉恩仲,5,介面清楚操作簡單,2020-10-17 22:32:34,富邦,正評,視覺設計,版面配置
程子暢,4,＄＝湯匙＝偵察機＝打字＝公÷＝將此站＝減÷吃＝證照＝＝公÷1減＃更多的地點33吃＝＝公2÷等＄÷等是歌手＝公＃扣繳＃＃那個男女拒絕今年能夠你看給你那個可能經過你看那個那個＃＃那你情況＃＃＃＃＃看你那你看你看全球女童＃＾％公＃可能年年看看喃喃吶吶看看你能經過喔＃可＃剛剛難能可貴看看古巨基＃,2020-10-16 16:06:24,富邦,正評,視覺設計,字體與可讀性
way wu,1,真心覺得...這款APP設計的主要用途是用來測試客戶的忍耐極限...話說街口支付什麼時候能使用，好歹給個日期吧...,2020-10-15 14:18:52,富邦,負評,視覺設計,整體介面設計
李ling,4,介面很方便，速度快,2020-10-14 13:43:36,富邦,正評,視覺設計,整體介面設計
謝欣錞,1,常常無故當機不然就是登不進去，系統還跑超慢，我載行動銀行就是要在手機上完成我能在ATM上完成的事阿，結果系統無故死機，浪費的時間都夠我去ATM10幾趟了！拿一點經費用在行動銀行好嗎？不至於省錢在這種地方！有夠難用！！ 10/14更新，系統速度還是一樣慢 重點是！！！ 我好不容易可以從「邦你存」這個破系統功能中把錢提出來了，但是可用餘額並沒有應有的增加是怎樣？現在是吃我錢嗎？客服電話線上等了20多分鐘都沒有辦法等到人，文字客服又完全沒有相對應問題的解決辦法，是怎樣阿？當基層客戶不是人嗎？還說在抓系統裡的小蟲子，我看你們才是把一般客戶當蟲子吧？董事長出面說明的那什麼話啊？連道歉都沒有，搞得好像我們一定要接受一樣欸？到底為什麼我們一定要接受你們這破爛服務阿？一星給你我都覺得太高覺得浪費！,2020-10-14 00:41:30,富邦,負評,視覺設計,字體與可讀性
Li-Min Wang,1,等得很煩了還要看那兩隻醜炸、似豬似羊的東西，火都冒起來了。沒技術已經是硬傷，怎麼還用審美惡化問題？？到底是誰弄出那種不知名生物拿去讓審美奇異的主管選的？？有沒有職業道德？？,2020-10-13 21:52:07,富邦,負評,視覺設計,整體介面設計
Divine Sinister,1,維修之後一直登不進去，金融機構這麼重要的APP連續出問題這麼多天太差了。 介面也像給小學生看的。,2020-10-13 10:39:24,富邦,負評,視覺設計,整體介面設計
Joyce Wang,1,一直說已登入，是登入在哪啊？原畫面也說我已登入，你們一直跳掉耶，沒那個能力就不要更新啦！,2020-10-12 16:08:43,富邦,負評,視覺設計,版面配置
范芷容,1,"10/10更新之後完全無法上網路銀行，越更新越糟… 更新後很常loading,感覺介面太複雜了，跑起來很不順",2020-10-12 14:12:44,富邦,負評,視覺設計,整體介面設計
M H,1,"系統升級後，登入要跑好久 一直維護中，沒有一家網銀像你們一樣，一天到晚一直在維護，還要一直等，真的有夠爛 好不容易到登入頁面 又一直顯示人數過多，你們到底怎麼設計app,真的超級差，一整天登入10幾次沒有一次成功，是要我們怎麼對帳阿！",2020-10-12 12:40:44,富邦,負評,視覺設計,整體介面設計
大飄,1,這次更新後真的超級糟糕！之前app操作都沒有問題，但更新完後到但現在完全無法登入，好不容易等待畫面結束後給的信息頁面是“人數過多請稍後再登入”我完全不懂這中間浪費20幾分鐘的等待是在幹什麼....重新操作後依舊如此！請問我們要怎麼知道人數多不多？就是因為上班時間不方便去銀行才會需要使用app，現在不能使用那這個app存在的價值近乎零。 不懂更新後介面多了Q版娃娃的意義在哪裡，還不如把設計娃娃的時間拿去維護系統的穩定。,2020-10-12 12:38:16,富邦,負評,視覺設計,版面配置
CH Y,1,不管是APP還是網路ATM的網頁 都是我用的銀行裡面寫的最爛的 速度跟介面都是,2020-10-12 12:30:13,富邦,負評,視覺設計,整體介面設計
Sean Wu,1,一個系統升級兩天之後還是都不能登進去，讓人錢放在銀行都不知道會不會有天相同出包就數字不見了,2020-10-12 12:10:50,富邦,負評,視覺設計,字體與可讀性
陳煥傑,1,已經兩天都卡在同一個畫面 手機關機又重開過 軟體刪掉又重下載還是一樣 更新不是為了更好有效的使用嗎？ 現在變得沒辦法使用 連看餘額都無法.....,2020-10-12 11:11:44,富邦,負評,視覺設計,版面配置
Jimy,1,介面不好用，常常不能查未出帳單明細，今日甚至登入還不能登，居然顯示人數太多，請稍後在登，第一次遇到APP有這種限制人數登入的,2020-10-12 10:14:25,富邦,負評,視覺設計,整體介面設計
Steven Hsu,1,畫面一直hanged著，更新不了,2020-10-11 23:51:06,富邦,負評,視覺設計,版面配置
趙道君,5,可以看到自己銀行數字的變化，挺好,2020-10-11 10:36:27,富邦,正評,視覺設計,字體與可讀性
夜夜,1,很爛，維修2天後打開來直接卡成白癡一直跑等待畫面，當客戶智商都很低？ 越修越爛乾脆不要修,2020-10-10 22:54:04,富邦,負評,視覺設計,版面配置
吳櫂瑄,1,真的不得不給一顆星，貴公司在整合，系統要更新都可理解，也已經過了系統維修更新時間，但一直沒辦法登入，只能在那邊空轉，等了又等……真的有急需要使用銀行app，卻又不能使用，讓人感覺很差，貴公司到底有沒有看到最近大家留言的評價，賺那麼多，把使用者當白老鼠體驗，不斷更新app，越改越爛，越跑越慢……畫面中一直拜託再等一下下，到底知不知道等了幾十分鐘還不能使用，在你們系統有問題狀態下而影響到他人權益，造成損失你們可以負責嗎？ 不要只是回覆不切實際的話，麻煩處理好，才是使用者的真正需求。,2020-10-10 22:53:46,富邦,負評,視覺設計,版面配置
叫爸爸,1,"更新過一直轉圈圈一直等待,每跨一個介面都需要一直等，而且是等很久!! 真的有夠爛的!!!!",2020-10-10 22:40:32,富邦,負評,視覺設計,整體介面設計
李安佩,5,介面方便操作,2020-10-08 19:53:40,富邦,正評,視覺設計,整體介面設計
IEZE HUNG,5,設計的很簡便易懂,2020-10-08 08:22:02,富邦,正評,視覺設計,整體介面設計
Andrew Peng,5,介面清楚,2020-10-07 22:06:08,富邦,正評,視覺設計,版面配置
YUNG LIU,4,方便、好用的APP，查詢薪資明細都非常簡單。 只是介面有點不好用,2020-10-07 22:03:18,富邦,正評,視覺設計,整體介面設計
黃培婷,5,介面簡單、清楚、好用，同事間團購，掃條碼轉帳很方便,2020-10-07 20:02:07,富邦,正評,視覺設計,版面配置
嘉琳,5,用過許多網銀，富邦的介面是最清楚的,2020-10-07 17:05:31,富邦,正評,視覺設計,版面配置
ting Yu,2,"可以刪掉等待畫面的那兩隻豬，跟右邊的文字“再等一下下就好，拜託拜託～”覺得這個介面很醜又不專業，完全不像銀行的app,反而像是幼稚園童書。本來等待無感，不知為何看到那個畫面反而會讓人覺得不耐煩",2020-10-07 14:33:00,富邦,負評,視覺設計,字體與可讀性
Joanne Lin,5,好用又順暢，介面清楚簡捷,2020-10-07 13:26:04,富邦,正評,視覺設計,版面配置
Peggy Wu,5,網銀登錄失敗，22分鐘後才通知，也太久了吧！ 遇到不是本人操作的，風險極大，這期間風險責任要歸銀行端喔！ 舊版的比新版的好用，但是總是要技術升級嘛！！ 技術面給5❤，因為我不會，介面及bug 給1❤，因為需要加油，需要您們保護我們這些支持富邦銀行的消費者。 對了，不要那2隻🐷，非常不喜歡，轉圈就可以，拜偷拜偷的文字也不要，可以嗎？😅😅😅,2020-10-06 21:22:33,富邦,正評,視覺設計,字體與可讀性
Erin Song,1,更新是為了讓每個步驟等更久處理的速度更慢嗎? 所以等待的畫面多了2隻豬是要表達什麼?,2020-10-06 19:02:22,富邦,負評,視覺設計,版面配置
Cecilia Shih,1,更新完以後跑超慢，請問更新的意義在哪裡？每切一個畫面都要等很久，超不流暢,2020-10-06 17:30:46,富邦,負評,視覺設計,版面配置
Yutzu Lin,5,(2020)現在的版本明顯比兩年前好用。 (2018)新的介面真的非常不友善。更新後各項功能的等待時間無法忍受。,2020-10-06 17:25:13,富邦,正評,視覺設計,整體介面設計
Shine Chen,1,1. ”再等一下下 拜託拜託” 還是無法登入 這是金管會認證大到不能倒的金融機構 應該提供的服務品質嗎？! 2. 繳卡費跟轉帳花了我一個多小時 還是無法完成 畫面只出現系統維護中 可是現在是銀行營業日下午兩點半欸 是在哈嘍嗎！ 3. 點選繳卡費 卻自動幫我登出 再次登入卻說我前次還未登出 這個安全控管機制是否有很大的問題 需要我呈報金管會檢查局 你們才會好好處理嗎？,2020-10-05 15:33:20,富邦,負評,視覺設計,版面配置
Shih Rt,5,介面分類明確。方便瀏覽。使用順暢。,2020-10-05 09:16:34,富邦,正評,視覺設計,整體介面設計
張Devin,5,便利，清晰,2020-10-02 11:21:05,富邦,正評,視覺設計,版面配置
李郁美,4,流暢清楚，好操作！辛苦了！,2020-10-01 18:46:50,富邦,正評,視覺設計,版面配置
Jerry,5,操作介面人性化，使用方便！,2020-10-01 09:10:26,富邦,正評,視覺設計,整體介面設計
朱康琦,1,完全不人性化、友善度超差的行動銀行網頁版介面，只有一張信用卡，帳號沒有在用，根本沒有下載APP的必要，誰想要手機塞滿APP啊？如果不是為了寫評論，誰要下載？即使往銀行解鎖，櫃員打電話給客服也要超級無敵久，當大家時間多嗎？已經是第二次被鎖，誰要一直跑銀行啊？是不是要錄下整個網銀操作過程po網來糾錯？只知保護自己，卻不懂兼顧人性化，是私人機關卻官僚至此，如果不是要客訴，根本連一星都不想給，罐頭回覆就別回了，不過想證明有人看而已。,2020-10-01 05:02:38,富邦,負評,視覺設計,整體介面設計
PoHsuan Liu,1,登入速度超慢，難怪要出現“拜託拜託”的字眼，其他銀行都不會像你們一樣，趕快改善吧,2020-09-28 12:11:34,富邦,負評,視覺設計,字體與可讀性
and3bunny11wirw merush,1,醜的一比,2020-09-21 16:33:25,富邦,負評,視覺設計,整體介面設計
蔡志成,5,無法改 身分證字號，想查另一個帳戶，移除再安裝也沒用，身分證字號，被綁定了,2020-09-18 15:02:25,富邦,正評,視覺設計,字體與可讀性
Alan Lee,1,使用者介面真的爛，一堆跟網銀沒關係的功能拿掉可以嗎？ 這是網銀app 不是拿來記帳用的好嗎？,2020-09-17 12:26:06,富邦,負評,視覺設計,整體介面設計
Tallman Chou,5,更新後一直當機一直在閃退，在登入logo畫面閃退，安卓10 ，小米8,2020-09-15 20:25:49,富邦,正評,視覺設計,版面配置
卡農,3,Sony手機會閃退， 介面不好用,2020-09-14 02:41:11,富邦,中立,視覺設計,整體介面設計
Eric Lin,1,最新的7.23版在三星note10會發生誤判，app以為非作業系統非官方或是越獄，無法進行轉帳。手機韌體已升級最新版問題依舊。 1.請盡速修正此bug 2.無法轉帳的時候說明是[已偵測此行動裝置有連線風險...建議您使用可信賴的網路環境...] 此說明非常不清楚，我也換了wifi和4g都不行。 3.建議在設定中能夠檢查系統狀態，顯示可以/不行進行的功能，以及建議的操作。轉帳到最後一步才顯示錯誤非常令人沮喪，而且我也不可能為了測試功能正不正常浪費轉帳手續費。,2020-09-11 00:13:19,富邦,負評,視覺設計,版面配置
陳開芬,4,很清楚，容易操作。,2020-09-09 15:16:43,富邦,正評,視覺設計,版面配置
Aznable,5,速度快 介面簡潔明瞭,2020-09-08 18:18:26,富邦,正評,視覺設計,整體介面設計
Kichi,1,我很喜歡貴公司的設計，但最近常常登入不了,2020-09-04 19:40:26,富邦,負評,視覺設計,整體介面設計
Peng Devilorz,1,開戶流程設計爛到爆,2020-09-04 13:24:50,富邦,負評,視覺設計,整體介面設計
yijunc Chen,1,現在已經9月了，畫面仍然停住不動 真的很不方便,2020-09-03 15:53:53,富邦,負評,視覺設計,版面配置
劉俞婷,5,覺得很方便，介面很清楚,2020-09-03 15:28:08,富邦,正評,視覺設計,版面配置
Hata Sung,5,介面簡單明瞭,2020-09-03 10:50:17,富邦,正評,視覺設計,整體介面設計
宇387515,2,更新後要重新下載才能使用。直接新版本就好很奇怪的設計。,2020-09-02 10:17:27,富邦,負評,視覺設計,整體介面設計
孟憲彰,1,更新後每天要使用時都出現「屢次停止運作」訊息或打開app沒有畫面情況，每天都要解除安裝後再重新安裝才能使用，希望盡快解決問題，方便使用者。,2020-09-02 07:19:06,富邦,負評,視覺設計,版面配置
周淑卿,5,介面清晰好用，非常符合使用者友善的原則。,2020-09-01 22:46:13,富邦,正評,視覺設計,版面配置
amy cheng,5,介面好用，但從前天開始一直無法登入，一直跳出。重新下載還一直在等待中無法重新下載！是怎麼了？,2020-09-01 17:52:21,富邦,正評,視覺設計,整體介面設計
童童,1,更新之後，點進去畫面一直跳掉，根本進不去也不能使用，這樣無法作業很困擾。,2020-09-01 16:56:01,富邦,負評,視覺設計,版面配置
Angus Liao,1,最近更新後開啟APP即閃退，不到一秒時間畫面就消失，還沒開啟成功過。,2020-09-01 16:39:46,富邦,負評,視覺設計,版面配置
CHEN TAI,4,一直停在logo很久才進到主畫面。重新安裝也一樣。請速解決。謝 已順利了。謝謝,2020-09-01 13:14:43,富邦,正評,視覺設計,版面配置
Maggie Chang,4,介面人性化 期待有清楚的基金.債券.美股報酬率功能。,2020-09-01 10:19:54,富邦,正評,視覺設計,版面配置
Renee Chen,1,重新安裝兩次了，不是一直閃退就是停在logo畫面，是什麼時候才會修好呢？？？,2020-09-01 09:18:04,富邦,負評,視覺設計,版面配置
YEH HSIAO-I,3,畫面一直停在logo 或是黑畫面，經過兩天後一個更新改善了,2020-08-31 21:32:11,富邦,中立,視覺設計,版面配置
珞櫻羽（櫻）,5,希望能在餘額查詢裡，分出「可用餘額」與「邦你存」金額。在ATM有分開金額顯示，但app並沒有，有時忘記把錢存在「邦你存」，可用金額預算就有差距，有點麻煩。所以希望能在餘額查詢裡分二筆顯示，這樣就很清楚了，謝謝您！,2020-08-31 21:09:42,富邦,正評,視覺設計,版面配置
Connie,5,"點選app後, 就變成黑畫面, 完全開不起來, 重新下載&重開機依舊沒改善. 系統在一日內就修復了, 超級有效率 👍",2020-08-31 18:54:00,富邦,正評,視覺設計,版面配置
洪菽苓,3,之前用好好的 近日都當機 無法使用功能畫面卡在那 不知道何時解決,2020-08-31 12:37:24,富邦,中立,視覺設計,版面配置
騵,1,進入登入畫面沒多久又跳出，刪除app從新下載還是一樣不能登入，已經好幾天了,2020-08-31 12:26:12,富邦,負評,視覺設計,版面配置
Jason Lin,5,黑畫面修好了,2020-08-31 11:07:15,富邦,正評,視覺設計,版面配置
陳奕佑,4,8/31 更新到最新版，終於可以正常使用了。 8/30 重開機、重裝了，還是開不起來，停在開始畫面。手機是HTC U-ultra。 8/28 11小時前更新後就開不起來了...,2020-08-31 10:29:10,富邦,正評,視覺設計,版面配置
王梅馨,1,手機更新後一直閃退，卡在畫面上無法使用,2020-08-31 10:27:00,富邦,負評,視覺設計,版面配置
Hsing Yi Wu,1,Andriod的新版程式會死在開始畫面，完全不能用，之後就是黑畫面,2020-08-31 09:03:21,富邦,負評,視覺設計,版面配置
顏成益,1,無法跳至登入畫面，手機也才剛買，系統ㄧ開就跳掉，重灌還是ㄧ樣，富邦之前都沒這個問題，希望趕緊將此程式修復，不然真的蠻困擾的,2020-08-31 07:11:53,富邦,負評,視覺設計,版面配置
James Lin,1,這 app 做的很糟，速度慢，介面雜，現在又無法登入，完全感受不到做網路銀行的誠意,2020-08-31 04:26:42,富邦,負評,視覺設計,整體介面設計
莊博墉,1,為何點進去，畫面都是空白的，是更新的關係嗎？重新下載還是同樣的情形。,2020-08-31 00:37:07,富邦,負評,視覺設計,版面配置
倪曉莉,1,畫面一片漆黑 ，要不然就是卡在首頁不動， 即使進去了，操作常常卡卡，或是閃退，很令人生氣😡,2020-08-31 00:11:06,富邦,負評,視覺設計,版面配置
nana kuo,5,請問最近完全不能使用應用程式，打開只看到黑畫面，請問該怎麼解決呢？,2020-08-30 21:45:06,富邦,正評,視覺設計,版面配置
Lungchu Hu,1,昨天使用就定格在登入畫面，然後跳出。刪除後安裝也沒用，應該不只有我反應...何時能恢復正常使用阿？,2020-08-30 21:35:16,富邦,負評,視覺設計,版面配置
Kris Chen,1,"更新完之後進程式的速度變很慢。整個像畫面凍結一樣，要30,40秒才會出現畫面！ 其他銀行的app更新都不會這樣，是不是可以請工程師進行瞭解改善呢！",2020-08-30 21:26:52,富邦,負評,視覺設計,版面配置
吳梓建,1,點擊app，畫面全黑，根本無法進入，刪除重裝也一樣，究竟是在搞什麼鬼？,2020-08-30 20:48:43,富邦,負評,視覺設計,版面配置
坤平,1,更新最新版本卡在logo畫面 不然就是閃退,2020-08-30 19:31:07,富邦,負評,視覺設計,版面配置
Mars,1,更新完停在logo畫面不能用，刪除重裝沒用，清除資料沒用，寫mail給客服沒回。,2020-08-30 18:41:56,富邦,負評,視覺設計,版面配置
Nini Tsai,1,什麼時候才可以使用app?更新之後一直停在登入畫面，沒有作用,2020-08-30 15:34:09,富邦,負評,視覺設計,版面配置
呂郁霜,3,剛剛換了手機 oppoA72 重新下載了好多次 都只停留在一開始的畫面 之後就閃退了 怎麼重開都一樣 舊的手機還可以進 新的手機完全沒辦法進去 希望可以幫忙協助進入！,2020-08-30 14:56:36,富邦,中立,視覺設計,版面配置
Steve Leng,1,"最新版升級控制不好， 會app crash, 重裝後在快速登入設定時看簡訊OTP再回app 時會畫面涷在那無法輸入文字， 應該是bug, 這版品質很差， 不要再叫人去更新重裝了， Web view與app都更新， 重裝出現app crash與快速登入問題很明顯是發版app時的bug, 就算重裝後也會出現第一次launch app時閉退， 要再開第二次才能進入, 快快向使用者認錯不要再說一堆沒有幫助的話， 盡快解決問題是你們銀行應該做的事。",2020-08-30 14:09:15,富邦,負評,視覺設計,字體與可讀性
宋昀豪,1,完全不能用，點一下提示後就只有黑畫面卡住,2020-08-30 14:07:39,富邦,負評,視覺設計,版面配置
陳靖宜,1,更新後就不能使用，重新安裝後，點進去呈現黑白畫面，要等30~1分鐘才會出現富邦銀行的畫面;打電話去客服做詢問，竟然叫我自己用線上客服，不然就去分行做處理，打給客服，是想要馬上解決問題，而不是幫倒忙的，麻煩程式管理員解決一下問題吧…,2020-08-30 12:14:09,富邦,負評,視覺設計,版面配置
Michael Chu,4,介面很友善，很好使用，只是近幾天突然無法開啟APP，重置系統也一樣，更新後對Samsung A7有支援上的問題？,2020-08-30 09:43:19,富邦,正評,視覺設計,整體介面設計
劉昆昆,1,登了10幾分，一直卡在登入畫面...浪費我時間...,2020-08-30 07:20:17,富邦,負評,視覺設計,版面配置
周小德,2,無法登入，一直卡在開啟畫面，本來都可以使用，更新整個GG,2020-08-30 05:22:35,富邦,負評,視覺設計,版面配置
Phoebe Chen,1,最近一次更新過後，開啟app就會閃退，試著刪掉過後再下載一次，開啟app過後卻要等待一陣子才會進入到登入畫面，運作非常的遲鈍。過幾天後要再開啟app時，又開始閃退的情況。請盡快改善，謝謝。,2020-08-30 00:48:59,富邦,負評,視覺設計,版面配置
張詠棻,1,週五開始打開就是黑畫面……,2020-08-30 00:13:59,富邦,負評,視覺設計,版面配置
流浪zio,1,更新後，也是停在Logo畫面進不去，能否回覆一些有用的對策，沒幫助的客套話就不用說了，謝謝..！,2020-08-30 00:12:16,富邦,負評,視覺設計,版面配置
PeiWen Chen,4,更新後登入畫面無反應,2020-08-29 20:48:29,富邦,正評,視覺設計,版面配置
ex408,1,開不了 卡在logo畫面 過個幾秒就閃退,2020-08-29 20:33:14,富邦,負評,視覺設計,版面配置
Tang Teng-chi (湯登登),1,Max pro m2 進入開始畫面就當掉 刪除快存，重新安裝都沒用 請改善拜託,2020-08-29 20:19:10,富邦,負評,視覺設計,版面配置
鄧嘉湄,1,只要切出再切回app，或是畫面待機，app就會卡死，只能強制關閉應用程式，使用體驗非常差，希望盡早改善,2020-08-29 18:53:28,富邦,負評,視覺設計,版面配置
林豪傑,1,更新完，都卡在logo畫面後就閃退,2020-08-29 18:40:09,富邦,負評,視覺設計,版面配置
Liu Robin,1,以前的評論：很不錯，功能多UI又簡單 8/29 突然無法使用，更新後還是卡在logo畫面，原本給你們五星，現在換一星了，看到其他人也有類似反應，但你們的答覆似乎沒有解決方案！請儘速解決問題！,2020-08-29 18:05:16,富邦,負評,視覺設計,版面配置
Gary Wu,1,8/28被強制更新後，各種畫面無法輸入，就連登入都要賭運氣，直接被卡在登入畫面不能動,2020-08-29 17:57:01,富邦,負評,視覺設計,版面配置
Kang Jose,1,突然變的要等個2分鐘才開的開，如果畫面跳開在回去就會當，到底是更新了什麼？,2020-08-29 15:59:16,富邦,負評,視覺設計,版面配置
許展誌,1,一直類個畫面主頁是？,2020-08-29 15:47:00,富邦,負評,視覺設計,版面配置
Maymay Chiu,1,先整個黑屏之後卡在歡迎畫面，更新之後整個無法使用，造成要及時查帳和轉帳的客戶超級不方便，我已經重新安裝過了，所以不要再回覆罐頭訊息了！爛死了……,2020-08-29 13:50:32,富邦,負評,視覺設計,版面配置
Titan Yang,2,更新完載入App很慢，一直有黑畫面，黃金存摺透過app好像無法買賣，蠻不方便的,2020-08-29 11:24:58,富邦,負評,視覺設計,版面配置
涂建昌,1,從昨天更新後，就一直無法登入，畫面全黑，請趕快修復，不然很不方便。,2020-08-29 10:49:40,富邦,負評,視覺設計,版面配置
鄭印翔,1,黑畫面什麼都不能用，什麼爛東西,2020-08-29 09:33:32,富邦,負評,視覺設計,版面配置
伊川空谷,1,為什麼更新後反而無法使用，重新下載，重開機，甚至清除資料都做了，畫面還是黑的，請軟體開發人員多加油,2020-08-29 09:14:04,富邦,負評,視覺設計,版面配置
麥格蒙男教,1,"App開啟一直停留在黑色畫面,多次重新安裝還是一樣........................😭",2020-08-29 08:25:59,富邦,負評,視覺設計,版面配置
林Capmercy,2,"更新後要轉帳時，無法切換到其他畫面看資料(例如切換到圖片或是LINE或是收交易簡訊), 只要切換出去再回到富邦的畫面就會卡住無法輸入，只能刪掉重新登入，請即改善。",2020-08-29 08:00:26,富邦,負評,視覺設計,版面配置
余翼丞,1,網銀一直無法登入停留在初使畫面安卓手機更新後就這樣請改善,2020-08-29 05:31:22,富邦,負評,視覺設計,版面配置
郭俊彥,1,更新完，完全進不去畫面,2020-08-29 02:18:02,富邦,負評,視覺設計,版面配置
陳威銘,1,完全卡住 已重新安裝 就一個字 爛,2020-08-29 00:06:10,富邦,負評,視覺設計,字體與可讀性
梁立德,3,今天怎麼一直沒辦法登入，卡在畫面,2020-08-28 21:23:58,富邦,中立,視覺設計,版面配置
謝文堯,1,進都進不去是怎麼回事，停在logo畫面後就閃退…怎麼有app這麼爛,2020-08-28 21:13:55,富邦,負評,視覺設計,版面配置
BIBO Fire,5,整個畫面都不見了，進入不了app，請問怎麼回報。,2020-08-28 20:12:34,富邦,正評,視覺設計,版面配置
cjl1018,1,一開APP就畫面當掉不動，畫面都是黑的,2020-08-28 17:37:07,富邦,負評,視覺設計,版面配置
justin,1,初次使用，note9 android系統設定快速登入，收取簡訊碼跳出app後，再回到富邦網銀app就當掉了，屢試不爽…別家網銀app都不會這樣…app設計的蠻爛的,2020-08-28 14:42:52,富邦,負評,視覺設計,整體介面設計
james hou,1,安卓7 更新7.2版會停在一開始的畫面當住,2020-08-28 08:08:23,富邦,負評,視覺設計,版面配置
fong-ming chen,1,一直卡在一開始畫面，沒辦法用,2020-08-28 06:38:58,富邦,負評,視覺設計,版面配置
Fan K.T,1,不好用。一點都不人性話。文字說明與內容不符。,2020-08-27 22:15:36,富邦,負評,視覺設計,字體與可讀性
ST Hao,5,介面流暢速度快 很好用。不過目前基金如果買賣過多筆，畫面上全都會顯示，即使金額為零，這樣就必須一直往下找。建議能有個切換按鈕，顯示目前投資中的基金，這樣在手機小螢幕上更一目了然，謝謝。,2020-08-25 16:20:23,富邦,正評,視覺設計,版面配置
鄭杏儀,2,很容易登入等待時間長 版面複雜不易操作,2020-08-25 11:08:26,富邦,負評,視覺設計,版面配置
Cyril Pan,1,"""富邦送你8趴""這個按鈕按下去永遠跑不出東西出來，過了營業時間只會顯示現在不是交易時間，活動從昨天開始就登不進去到現在依然沒修復，只到禮拜五的活動祝福你們沒有任何人成功參加！",2020-08-18 13:42:59,富邦,負評,視覺設計,按鈕與圖示
Kin Kuo,5,介面操作簡易,2020-08-11 11:12:16,富邦,正評,視覺設計,整體介面設計
Erik,5,使用者友善介面,2020-08-09 16:05:31,富邦,正評,視覺設計,整體介面設計
Yen Chun Liu,4,希望UI/UX設計可以更加人性化，譬如台新的richart就很不錯！,2020-08-09 13:31:12,富邦,正評,視覺設計,整體介面設計
TINA PO,5,富邦介面簡單好用，謝謝工程師隊,2020-08-06 12:56:43,富邦,正評,視覺設計,整體介面設計
小霆,1,垃圾軟體 剛開啟就卡住畫面 根本用不了,2020-08-05 04:15:15,富邦,負評,視覺設計,版面配置
周家辰,5,介面使用很方便,2020-08-04 13:34:54,富邦,正評,視覺設計,整體介面設計
李懿文,5,使用邏輯清晰易懂,2020-08-04 10:26:42,富邦,正評,視覺設計,版面配置
E. J,5,富邦算是所有銀行app裡介面我最喜歡的,2020-08-03 15:08:55,富邦,正評,視覺設計,整體介面設計
蔡佩玲,5,介面好用,2020-08-03 13:49:33,富邦,正評,視覺設計,整體介面設計
Chai Wen lee,5,公民營網銀app評比，個人體驗~富邦網銀排前三名。 建議： 帳戶存款《可用餘額》與《帳面餘額》，都同時顯現在網銀畫面(密碼登入後)。 這樣就不用再點入查看。也好明白《簽帳金融卡》消費《圈存後》，可使用金額剩餘多少。 以上，謝謝。,2020-08-01 09:25:01,富邦,正評,視覺設計,版面配置
Lucas,5,介面清楚，使用體驗佳,2020-07-26 12:21:19,富邦,正評,視覺設計,版面配置
邱青波,1,更新後無法登錄 之前可以用 卡在畫面一開始 我是用Android 6.0版本 求助了很久一直沒有官方的答覆 後來自己的解決方法是更新 Android 內建的WEBVIEW 就可以了 跟還有問題的朋友分享,2020-07-23 19:27:34,富邦,負評,視覺設計,版面配置
Sue Yu,1,手機app顯示登入成功之後，就永遠停留在loading ，畫面完全不動。再使用電腦網頁要登入，卻又顯示已在手機登入，不能重複登入，急著要使用的時候會氣死。,2020-07-22 23:23:50,富邦,負評,視覺設計,版面配置
黃謙宜,5,還不錯，容易操作，清楚明瞭,2020-07-15 00:04:19,富邦,正評,視覺設計,版面配置
陳信得,4,清楚順暢,2020-07-13 18:44:56,富邦,正評,視覺設計,版面配置
leondo WU (小葛),5,使用介面更多元且便利性提高了！,2020-07-11 22:15:52,富邦,正評,視覺設計,整體介面設計
BBW Studio Lin Y.H.,1,登入頁面應遵守金融法規，輸入身份字號後要做遮蔽,2020-07-09 19:50:46,富邦,負評,視覺設計,字體與可讀性
方聿珍,5,很清楚，簡單容易操作GOOD,2020-07-09 13:13:10,富邦,正評,視覺設計,版面配置
黃雅莉,3,一直停在首頁 Loading 畫面,2020-07-08 17:36:50,富邦,中立,視覺設計,版面配置
莊仁山,5,使用介面很方便，謝謝你們的用心!,2020-07-04 17:55:41,富邦,正評,視覺設計,整體介面設計
F. FRANK,1,更新之後，開啟就一直停留在logo讀取畫面，進不去主操控畫面啊！急要操作，又強制要更新，更新完又無法進入！,2020-06-29 15:30:59,富邦,負評,視覺設計,版面配置
Chi Fang Hsieh,5,富邦介面好用,2020-06-28 09:55:24,富邦,正評,視覺設計,整體介面設計
李良能,5,方便，迅速，清楚 合用,2020-06-25 21:34:48,富邦,正評,視覺設計,版面配置
Sarah Liu,1,覺得介面不優,2020-06-25 11:29:38,富邦,負評,視覺設計,整體介面設計
張棊閔,5,UI介面順手，貼心^_^,2020-06-24 19:40:07,富邦,正評,視覺設計,整體介面設計
林庭亘,4,介面清晰 ，操作方便,2020-06-23 23:08:56,富邦,正評,視覺設計,版面配置
吳宥臻,5,介面使用清楚容易,2020-06-21 00:39:07,富邦,正評,視覺設計,版面配置
黃文玉,5,快速有效率，項目清楚易懂,2020-06-19 11:52:19,富邦,正評,視覺設計,版面配置
hotcocoa945,3,為什麼說登入成功了，畫面卻一直在Loading轉不停？試了好幾次才登入成功，有點累...,2020-06-16 11:20:00,富邦,中立,視覺設計,版面配置
Cc Hh,1,ui設計真的呵呵，轉帳收款可以參考台新好嗎,2020-06-10 12:15:14,富邦,負評,視覺設計,整體介面設計
Sophia Lee,5,好用，清楚,2020-06-10 10:33:18,富邦,正評,視覺設計,版面配置
Wallace Lo,5,操作介面簡潔，相當方便好用。,2020-06-09 15:22:30,富邦,正評,視覺設計,整體介面設計
luboyman,5,界面清楚易操作。,2020-06-09 08:32:46,富邦,正評,視覺設計,版面配置
馬克,4,簡捷清楚不複雜,2020-06-08 16:56:27,富邦,正評,視覺設計,版面配置
陳蓁儀,5,好用的app，介面清楚連結也快，還有提醒功能,2020-06-08 15:36:23,富邦,正評,視覺設計,版面配置
黃雅麟,5,帳目清楚，一目了然！,2020-06-04 21:56:35,富邦,正評,視覺設計,版面配置
Sissi Chiang,1,每次輸入完密碼都卡在那畫面無法進入,2020-06-01 15:31:05,富邦,負評,視覺設計,版面配置
陳家英,5,介面清晰，使用方便,2020-06-01 12:16:36,富邦,正評,視覺設計,版面配置
Peng Kevin,4,轉帳後希望能提供沒有餘額的轉帳結果畫面，因為連富邦的網路銀行都有這功能，但app卻沒有，導致用手機轉帳後，都還要手動將餘額清除很麻煩，至於app其餘功能都好用，謝謝。,2020-06-01 09:49:32,富邦,正評,視覺設計,版面配置
施Maggie shiu,5,介面使用很簡便，操作容易。,2020-05-22 13:38:53,富邦,正評,視覺設計,整體介面設計
Emily Hsieh,4,版面簡潔好使用,2020-05-13 18:15:52,富邦,正評,視覺設計,版面配置
ling yu Liao,4,如果介面在更簡潔一些就更好了！,2020-05-13 16:45:15,富邦,正評,視覺設計,整體介面設計
郭美雪,5,簡單清楚,2020-05-11 22:52:40,富邦,正評,視覺設計,版面配置
Andy Huang,5,方便好用，介面對於使用者非常友善！,2020-05-10 09:23:34,富邦,正評,視覺設計,整體介面設計
楊尚紋17,5,介面不錯,2020-05-09 12:55:16,富邦,正評,視覺設計,整體介面設計
陀螺這一家（陀螺這一家）,3,速度夠快，但交易明細畫面閱讀不易，可再加強,2020-05-08 09:57:17,富邦,中立,視覺設計,字體與可讀性
賴育玲,3,我想更新系統，但為何不能下載呢？一直停留在待下載畫面!,2020-05-07 17:08:37,富邦,中立,視覺設計,版面配置
Yang芳,5,蠻清楚的,2020-05-07 16:00:21,富邦,正評,視覺設計,版面配置
蔡碧蘭,5,介面好用，不像國*銀行的網頁複雜又難以操作使用,2020-05-05 14:37:25,富邦,正評,視覺設計,整體介面設計
沈Iris,5,介面設計很方便使用，整體設計乾淨俐落,2020-05-05 10:23:00,富邦,正評,視覺設計,整體介面設計
周士玉,4,程式設計流暢，頁面操作簡單易懂，可是app要轉至奈米投頁面，很不順，跳轉慢，會有當機的感覺，再請改善，謝謝。,2020-05-04 16:37:48,富邦,正評,視覺設計,整體介面設計
Shuhan Lee,5,簡單迅速的介面,2020-05-04 14:26:51,富邦,正評,視覺設計,整體介面設計
A A,5,介面方便易操作好用👌,2020-05-04 13:43:19,富邦,正評,視覺設計,整體介面設計
賴典佳,5,介面簡單好用，一目了然~,2020-05-04 11:11:13,富邦,正評,視覺設計,整體介面設計
cavatina wang,5,設計便利,2020-05-02 11:07:06,富邦,正評,視覺設計,整體介面設計
林聖紘,5,使用介面清楚明瞭 而且還有記帳功能 真的很棒,2020-05-01 12:30:47,富邦,正評,視覺設計,版面配置
邱郁琳,5,操作性介面很清楚簡單，安全性也做的很讓使用者放心。,2020-05-01 10:52:11,富邦,正評,視覺設計,版面配置
Webber Tsai,5,很清爽的介面、操作方便，給讚,2020-05-01 08:22:27,富邦,正評,視覺設計,整體介面設計
黃榮俊（Andy will 88）,5,使用介面方便，轉帳方式可增加密碼確認比較安全,2020-04-29 22:43:49,富邦,正評,視覺設計,整體介面設計
Ni Ni,3,程式是不錯用，可是一天到晚再更新，真的很麻煩，不能一次設計好嗎,2020-04-29 13:50:54,富邦,中立,視覺設計,整體介面設計
Google 使用者,5,使用介面蠻方便,2020-04-24 20:31:23,富邦,正評,視覺設計,整體介面設計
Google 使用者,5,介面設計及運行效能皆不錯,2020-04-15 16:19:06,富邦,正評,視覺設計,整體介面設計
Google 使用者,5,設計非常好，功能很多，使用App可以省去很多時間，無需跑臨櫃,2020-04-14 16:45:20,富邦,正評,視覺設計,整體介面設計
Google 使用者,5,實用 介面簡潔易懂 很少有bug,2020-04-12 23:00:48,富邦,正評,視覺設計,整體介面設計
Google 使用者,5,很友善的介面,2020-04-10 11:31:40,富邦,正評,視覺設計,整體介面設計
Google 使用者,4,多使用才能更熟悉畫面轉換,2020-04-09 09:26:32,富邦,正評,視覺設計,版面配置
Google 使用者,5,介面很清楚，系統順暢，喜歡富邦銀行的一本萬利帳戶。,2020-04-07 15:59:09,富邦,正評,視覺設計,版面配置
Google 使用者,5,介面清楚明瞭，使用簡單容易,2020-04-04 16:28:47,富邦,正評,視覺設計,版面配置
Google 使用者,5,介面美工可以更好,2020-04-04 00:09:40,富邦,正評,視覺設計,整體介面設計
Google 使用者,5,方便，操作介面清楚,2020-04-03 10:59:20,富邦,正評,視覺設計,版面配置
Google 使用者,5,介面簡潔好用，唯首頁登入後，功能分類可再清楚些，以方便不太常使用APP的人,2020-04-02 12:34:57,富邦,正評,視覺設計,版面配置
Google 使用者,4,頁面清楚，並有貼心提醒登出，很喜歡。,2020-04-02 06:10:08,富邦,正評,視覺設計,版面配置
Google 使用者,4,操作介面簡單好用,2020-04-01 10:10:14,富邦,正評,視覺設計,整體介面設計
Google 使用者,5,操作方便，介面清楚,2020-03-29 09:31:11,富邦,正評,視覺設計,版面配置
Google 使用者,5,"操作簡單 ,介面一目了然。",2020-03-09 22:35:37,富邦,正評,視覺設計,整體介面設計
Google 使用者,5,介面變清楚,2020-03-08 17:53:06,富邦,正評,視覺設計,版面配置
Google 使用者,5,介面簡單方便操作,2020-03-08 07:13:39,富邦,正評,視覺設計,整體介面設計
Google 使用者,5,使用介面直觀好上手。,2020-03-05 09:03:27,富邦,正評,視覺設計,整體介面設計
Google 使用者,5,清晰明瞭,2020-03-04 01:06:45,富邦,正評,視覺設計,版面配置
Google 使用者,5,非常簡單的介面，好操作,2020-03-03 09:49:21,富邦,正評,視覺設計,整體介面設計
Google 使用者,5,明瞭清楚簡單色覺舒服,2020-03-01 23:35:14,富邦,正評,視覺設計,版面配置
Google 使用者,5,介面很簡單易操作,2020-03-01 10:37:27,富邦,正評,視覺設計,整體介面設計
Google 使用者,5,操作非常簡單又清楚了，讚！👍,2020-03-01 08:28:47,富邦,正評,視覺設計,版面配置
Google 使用者,5,使用方便介面簡單清楚,2020-02-19 10:47:20,富邦,正評,視覺設計,版面配置
Google 使用者,5,好用，介面清楚簡約,2020-02-17 09:45:19,富邦,正評,視覺設計,版面配置
Google 使用者,5,方便好用，介面也不複雜!,2020-02-15 22:30:51,富邦,正評,視覺設計,整體介面設計
Google 使用者,5,清楚明瞭,2020-02-15 07:48:08,富邦,正評,視覺設計,版面配置
Google 使用者,5,登入及執行效率都不錯，建議訊息通知顯示可分已讀、未讀，日期時間最上面或分開，注意事項固定在下方就免了。小工具的即時匯率，建議能依照主畫面的選擇排列。謝謝。,2020-02-13 10:55:14,富邦,正評,視覺設計,版面配置
Google 使用者,5,很用心設計,2020-02-12 18:28:44,富邦,正評,視覺設計,整體介面設計
Google 使用者,5,畫面簡潔明了，容易上手,2020-02-12 10:17:31,富邦,正評,視覺設計,版面配置
Google 使用者,5,快速好用，字體顯示再大一點就更好了,2020-02-10 15:14:56,富邦,正評,視覺設計,字體與可讀性
Google 使用者,5,工程師設計的很清楚明瞭，辛苦了,2020-02-06 00:30:53,富邦,正評,視覺設計,版面配置
Google 使用者,5,使用畫面易操作，系統非常穩定。,2020-02-05 14:29:36,富邦,正評,視覺設計,版面配置
Google 使用者,5,介面清楚好操作,2020-02-01 09:57:17,富邦,正評,視覺設計,版面配置
Google 使用者,4,表達清楚,2020-01-23 22:35:01,富邦,正評,視覺設計,版面配置
Google 使用者,5,介面清楚使用方便,2020-01-23 21:34:59,富邦,正評,視覺設計,版面配置
Google 使用者,5,介面簡單好用!,2020-01-22 11:46:03,富邦,正評,視覺設計,整體介面設計
Google 使用者,5,App介面使用便利,2020-01-21 15:24:41,富邦,正評,視覺設計,整體介面設計
Google 使用者,5,直覺化設計的很好用，迅速又方便。,2020-01-21 09:40:04,富邦,正評,視覺設計,整體介面設計
Google 使用者,5,介面簡單 操作方便,2020-01-20 18:47:16,富邦,正評,視覺設計,整體介面設計
Google 使用者,5,流暢好用方便，介面清楚。目前銀行APP做的最好的。,2020-01-20 00:36:35,富邦,正評,視覺設計,版面配置
Google 使用者,5,介面清楚明確 操作無礙,2020-01-18 17:38:33,富邦,正評,視覺設計,版面配置
Google 使用者,5,操作介面順暢好用,2020-01-15 08:48:04,富邦,正評,視覺設計,整體介面設計
Google 使用者,1,到登入畫面就卡住一直轉圈 完全登不進去,2020-01-14 23:17:30,富邦,負評,視覺設計,版面配置
Google 使用者,4,介面不錯很容易操作，讚,2020-01-12 14:20:44,富邦,正評,視覺設計,整體介面設計
Google 使用者,3,一直用來都不錯，最近朋友的富邦APP上的轉帳QR CODE 再我手機上顯示無法辨識 ，直接用手機掃描畫面就可以辨識，麻煩請確認看看,2020-01-12 14:10:25,富邦,中立,視覺設計,版面配置
Google 使用者,5,介面操作順暢,2020-01-10 15:17:37,富邦,正評,視覺設計,整體介面設計
Google 使用者,3,很難登入進去，常常都卡在loading畫面……,2020-01-06 00:47:15,富邦,中立,視覺設計,版面配置
Google 使用者,5,分類清楚，容易操作，棒！,2020-01-03 21:28:49,富邦,正評,視覺設計,版面配置
Google 使用者,5,使用方便，操作便利，設計用心。,2020-01-02 13:28:57,富邦,正評,視覺設計,整體介面設計
Google 使用者,5,使用方便 字體大小適中 速度很快,2020-01-01 10:11:09,富邦,正評,視覺設計,字體與可讀性
Google 使用者,3,字體太小了，麻煩放大字體,2019-12-25 03:33:06,富邦,中立,視覺設計,字體與可讀性
Google 使用者,5,介面可以再美觀一點，操作起來很順手，非常棒喔！,2019-12-16 12:53:15,富邦,正評,視覺設計,整體介面設計
Google 使用者,5,操作介面簡潔易懂,2019-12-12 12:51:49,富邦,正評,視覺設計,整體介面設計
Google 使用者,5,畫面有點亂，但大致還可以,2019-12-08 11:09:27,富邦,正評,視覺設計,版面配置
Google 使用者,5,清楚明白,2019-12-08 10:20:35,富邦,正評,視覺設計,版面配置
Google 使用者,5,介面設計佳，容易操作，服務項目齊全，穩定性極高，幫諮詢部門人員按個讚！,2019-12-07 22:16:54,富邦,正評,視覺設計,整體介面設計
Google 使用者,5,目前使用過的行動銀行App，最好用的操作介面。,2019-12-07 08:41:03,富邦,正評,視覺設計,整體介面設計
Google 使用者,3,跨行轉帳，請開啟 附言，簡單幾個英文數字字也行，如此 功能才完整。,2019-12-07 04:02:03,富邦,中立,視覺設計,字體與可讀性
Google 使用者,5,頁面清楚好操作,2019-12-06 10:45:41,富邦,正評,視覺設計,版面配置
Google 使用者,5,首頁各項功能歸類清楚，查詢容易快速,2019-12-04 11:32:46,富邦,正評,視覺設計,版面配置
Google 使用者,5,介面簡單，容易操作,2019-12-04 09:55:04,富邦,正評,視覺設計,整體介面設計
Google 使用者,5,使用系統設計的滿好的。,2019-12-03 10:01:37,富邦,正評,視覺設計,整體介面設計
Google 使用者,5,畫面簡單明瞭，操作方便！,2019-12-03 09:07:58,富邦,正評,視覺設計,版面配置
Google 使用者,5,介面清爽實用、簡單有規律的呈現帳戶現況與風險提醒，相較其他銀行繁瑣甚至累贅的防呆操作，著實親民踏實的多；值得給予鼓勵。,2019-12-03 07:03:13,富邦,正評,視覺設計,整體介面設計
Google 使用者,1,爛爆了，要轉帳時，試了三次都收不到驗證碼。也沒有『重發』按鈕可以按，一定要回到上一頁，所有資料重key.然後到下一頁，之後又在收不到驗證碼～火大。 別家都有120秒後，可以按『重發』鈕，更新一下app吧！,2019-12-03 02:08:57,富邦,負評,視覺設計,按鈕與圖示
Google 使用者,5,目前使用過的銀行app介面最好用的👍,2019-12-02 12:49:56,富邦,正評,視覺設計,整體介面設計
Google 使用者,5,整體使用非常好用，畫面也很清楚明了，只能説好用，也只能說很好用。,2019-12-02 02:11:24,富邦,正評,視覺設計,版面配置
Google 使用者,5,設計介面很好用，比其他銀行好操作許多，加油！,2019-12-01 11:43:34,富邦,正評,視覺設計,整體介面設計
Google 使用者,5,介面設計不錯,2019-11-23 20:47:24,富邦,正評,視覺設計,整體介面設計
Google 使用者,1,今天無法登入，要用數位客服登入要我選擇“另一個螢幕”顯示數字…我就用手機，哪來另一個螢幕？ 只有一直說網路有問題…除了你們以外的所有程式都能用，實在是… 何時處理完再看是否需要改評價了。,2019-11-18 22:33:39,富邦,負評,視覺設計,字體與可讀性
Google 使用者,5,功能操作使用很清楚,2019-11-18 10:11:49,富邦,正評,視覺設計,版面配置
Google 使用者,5,使用上蠻順手的，介面也會很清楚,2019-11-16 13:47:31,富邦,正評,視覺設計,版面配置
Google 使用者,1,不管是app或是桌機版網銀，一直無法登入成功，畫面都停在轉轉轉，下載app以來僅成功登入2-3次！超難用！,2019-11-15 15:11:09,富邦,負評,視覺設計,版面配置
Google 使用者,3,顏色對比稍稍淺了點,2019-11-14 11:40:52,富邦,中立,視覺設計,色彩與配色
Google 使用者,5,程式穩定，界面清楚，不錯,2019-11-12 21:25:51,富邦,正評,視覺設計,版面配置
Google 使用者,5,很清晰明瞭的介面,2019-11-07 17:44:10,富邦,正評,視覺設計,版面配置
Google 使用者,5,使用介面簡潔方便，配色看起來也很舒適。,2019-11-07 12:23:32,富邦,正評,視覺設計,色彩與配色
Google 使用者,4,使用的很順，介面也非常清楚,2019-11-07 11:03:52,富邦,正評,視覺設計,版面配置
Google 使用者,5,分類清楚，方便,2019-11-07 08:23:51,富邦,正評,視覺設計,版面配置
Google 使用者,5,很清楚，方便好用！！,2019-11-06 23:34:08,富邦,正評,視覺設計,版面配置
Google 使用者,5,覺得設計很棒！,2019-11-06 21:32:36,富邦,正評,視覺設計,整體介面設計
Google 使用者,2,進行轉帳時，為了看別人傳過來的帳號而常會需要換畫面看資料（特別是自行輸入的帳戶），回來後會重新登入，整個轉帳的資訊都要重新輸入，相當不便,2019-11-06 08:31:54,富邦,負評,視覺設計,版面配置
Google 使用者,3,主畫面匯率要是能調大小，會更好,2019-11-05 17:47:17,富邦,中立,視覺設計,版面配置
Google 使用者,2,卡在登入畫面動不了，電子信箱已通知登入，但就是進不去!!!,2019-11-05 15:02:12,富邦,負評,視覺設計,版面配置
Google 使用者,5,方便清楚,2019-11-05 12:50:33,富邦,正評,視覺設計,版面配置
Google 使用者,5,1. 操作介面簡潔流暢 2. 訊息通知讓我更容易得知戶頭有金額進出 3. 轉帳用簡訊驗證也很方便 我現在反而較少使用網頁， 大多都使用 App 了：),2019-11-05 09:23:11,富邦,正評,視覺設計,整體介面設計
Google 使用者,4,跟其他家比起來人性化許多，介面功能都很好 希望更好,2019-11-03 22:44:55,富邦,正評,視覺設計,整體介面設計
Google 使用者,5,比其他銀行不管介面，還是方式都簡潔方便多了，感謝,2019-11-03 13:23:36,富邦,正評,視覺設計,整體介面設計
Google 使用者,5,好操作，建議打密碼時英文與數字可以在同一畫面，這樣就完美。,2019-11-01 17:34:52,富邦,正評,視覺設計,字體與可讀性
Google 使用者,5,操作介面清楚,2019-11-01 14:16:05,富邦,正評,視覺設計,版面配置
Google 使用者,5,使用介面流暢~,2019-11-01 13:45:11,富邦,正評,視覺設計,整體介面設計
Google 使用者,5,界面清楚易操作,2019-11-01 09:45:45,富邦,正評,視覺設計,版面配置
Google 使用者,4,總體而言操作直覺好用，但介面轉換讀取速度如能再提升，使用體驗會更佳，另外希望能增加悠遊卡餘額顯示。 10/31 更新建議： 強烈建議取消登入後的「登入成功.......」視窗，這警告在二次使用後已喪失警示意義，而且離開登出是常識，故視窗本身除了讓使用者多一個操作動作感到煩躁外，並無存在價值。,2019-10-31 19:02:06,富邦,正評,視覺設計,整體介面設計
Google 使用者,5,介面親民,2019-10-30 21:54:40,富邦,正評,視覺設計,整體介面設計
Google 使用者,1,今天要登錄不知道為什麼一直卡在跳轉介面之後還顯示錯誤無法登入，可以幫忙解決這個問題嗎,2019-10-29 17:56:59,富邦,負評,視覺設計,整體介面設計
Google 使用者,2,我有兩個帳號要用其中一個用快速登入，另一個就不好登入，是否登入介面還可以保有其他帳號輸入的介面,2019-10-29 08:54:23,富邦,負評,視覺設計,整體介面設計
Google 使用者,5,清楚好用,2019-10-23 19:48:43,富邦,正評,視覺設計,版面配置
Google 使用者,2,常常都卡在登錄畫面很久 30分鐘過去了 還進不去 很爛,2019-10-22 17:45:55,富邦,負評,視覺設計,版面配置
Google 使用者,1,說我登入成功後一直在loading畫面 無法使用,2019-10-13 15:58:19,富邦,負評,視覺設計,版面配置
Google 使用者,5,說明清楚，步驟詳細,2019-10-10 14:45:23,富邦,正評,視覺設計,版面配置
Google 使用者,5,介面清楚，操作便捷,2019-10-09 10:26:31,富邦,正評,視覺設計,版面配置
Google 使用者,5,目前介面簡潔好用，不用太複雜，分類清楚明瞭，辛苦了。,2019-10-05 16:50:02,富邦,正評,視覺設計,版面配置
Google 使用者,5,介面不錯,2019-10-03 09:14:21,富邦,正評,視覺設計,整體介面設計
Google 使用者,4,界面操作可以更直觀些，目前有點分類搞不清楚,2019-10-02 15:53:46,富邦,正評,視覺設計,版面配置
Google 使用者,5,操作畫面簡易，非常好上手,2019-10-01 23:30:09,富邦,正評,視覺設計,版面配置
Google 使用者,4,"QR Code已可相容台灣pay了，但是掃出來的繳費項目文字有小數點 ，會出現""不可輸入特殊字元""的錯誤 ，然後就不給Lucky Pay 了 ，希望快修正",2019-10-01 22:47:19,富邦,正評,視覺設計,字體與可讀性
Google 使用者,5,介面超級簡單超級好用,2019-09-30 21:11:25,富邦,正評,視覺設計,整體介面設計
Google 使用者,5,介面方便操作,2019-09-28 17:24:17,富邦,正評,視覺設計,整體介面設計
Google 使用者,5,介面清楚 流暢度佳,2019-09-28 09:36:27,富邦,正評,視覺設計,版面配置
Google 使用者,5,方便、清楚！,2019-09-27 19:47:19,富邦,正評,視覺設計,版面配置
Google 使用者,5,介面乾淨，功能點選順暢不會卡，尤其是可新增功能的圓盤，一轉就可立即收到帳戶訊息,2019-09-23 14:29:20,富邦,正評,視覺設計,整體介面設計
Google 使用者,5,富邦的app是我用過銀行app中最佳，畫面簡潔操作方便,2019-09-22 23:45:46,富邦,正評,視覺設計,版面配置
Google 使用者,1,Email已收到登入通知，但App永遠都只能卡在loading畫面，不知道該說什麼的App,2019-09-22 16:39:10,富邦,負評,視覺設計,版面配置
Google 使用者,4,頁面清楚，操作簡單，非常順手，，有用心製作的app，最喜歡的網路銀行,2019-09-17 10:47:37,富邦,正評,視覺設計,版面配置
Google 使用者,1,一打開app，卡在通知畫面離不開。移除程式再重新安裝也一樣。真的很不方便。,2019-09-16 14:15:57,富邦,負評,視覺設計,版面配置
Google 使用者,5,希望可以清楚知道每筆明細的現金回饋金額,2019-09-10 18:20:17,富邦,正評,視覺設計,版面配置
Google 使用者,5,方便，操作介面親民👍,2019-09-09 09:30:39,富邦,正評,視覺設計,整體介面設計
Google 使用者,1,沒有用過這麼難用的銀行app，老是要更新，更新、重載無數次了又不給登入，一直閃退或繞圈圈，我自認脾氣很好，再難用的app我都沒上線給過一顆星和負評，因為了解設計團隊的用心和努力，但，等了半年，我只能說這樣忍耐，證明了真的只是浪費我手機的容量空間，這麼爛的app，你們真的成功刷新了我人生的新紀錄😡😡😡😡😡,2019-09-09 00:17:59,富邦,負評,視覺設計,整體介面設計
Google 使用者,1,app常常無法開啟，真的很不ok很不方便！人都到超商要繳費了，站在櫃台前一直等開啟畫面的圓圈圈在跑，結果一直開不了！其他間銀行的app都不會這樣，我後來都已經先繳完其他銀行的款項了，再開看你們的試試看，結果還是無法開啟！！希望儘快改善！！！！,2019-09-07 17:31:18,富邦,負評,視覺設計,版面配置
Google 使用者,5,順暢 但是介面複雜 有指紋鑑定更好,2019-09-05 15:16:16,富邦,正評,視覺設計,整體介面設計
Google 使用者,1,"剛想要登入系統繳卡費，畫面卻一直繞圈圈然後顯示無法與系統連線，重覆解除安裝再安裝好幾次也是無法進入登入畫面，此app,已經用了好幾年是因為覺得繳款很便利，最近更新後需要重新安裝才能用，現在是連登入都無法，請修正。",2019-09-05 11:05:48,富邦,負評,視覺設計,版面配置
Google 使用者,5,介面設計人性化，操作直覺簡便,2019-09-04 08:05:18,富邦,正評,視覺設計,整體介面設計
Google 使用者,5,記帳功能不錯用，簡單清楚很方便,2019-09-03 01:09:06,富邦,正評,視覺設計,版面配置
Google 使用者,5,快速、人性化、平民化易懂的設計!,2019-09-01 20:11:38,富邦,正評,視覺設計,整體介面設計
Google 使用者,5,操作介面設計優良，但即時入帳或扣款的簡訊回報能夠綁定二個以上的帳號更棒。,2019-09-01 18:10:57,富邦,正評,視覺設計,整體介面設計
Google 使用者,5,介面簡單好用,2019-08-26 14:45:11,富邦,正評,視覺設計,整體介面設計
Google 使用者,5,介面清爽舒服,2019-08-25 20:39:10,富邦,正評,視覺設計,整體介面設計
Google 使用者,5,介面第一名,2019-08-25 00:27:57,富邦,正評,視覺設計,整體介面設計
Google 使用者,5,手機通知列上推播訊息的app圖示，大小感覺只有別的app的四分之一,2019-08-22 17:57:32,富邦,正評,視覺設計,按鈕與圖示
Google 使用者,5,快速 便利，服務各項清楚明暸,2019-08-21 20:11:56,富邦,正評,視覺設計,版面配置
Google 使用者,4,方便，介面人性化,2019-08-21 16:53:15,富邦,正評,視覺設計,整體介面設計
Google 使用者,5,明確流暢的設計,2019-08-20 09:13:13,富邦,正評,視覺設計,整體介面設計
Google 使用者,5,便利的操作介面,2019-08-16 09:50:36,富邦,正評,視覺設計,整體介面設計
Google 使用者,1,登入 出現 loading 字樣常當掉了,2019-08-11 18:58:24,富邦,負評,視覺設計,字體與可讀性
Google 使用者,5,介面簡單易懂好操作,2019-08-07 23:14:44,富邦,正評,視覺設計,整體介面設計
Google 使用者,4,介面清晰，操作容易,2019-08-06 13:46:51,富邦,正評,視覺設計,版面配置
Google 使用者,5,介面很人性化，好用。,2019-08-04 13:56:56,富邦,正評,視覺設計,整體介面設計
Google 使用者,5,好用 介面清晰,2019-08-03 10:58:46,富邦,正評,視覺設計,版面配置
Google 使用者,5,超級棒，功能非常清楚明瞭，很方便操作，加油！,2019-08-03 04:47:19,富邦,正評,視覺設計,版面配置
Google 使用者,4,使用介面很直覺，方便快速,2019-08-01 15:10:35,富邦,正評,視覺設計,整體介面設計
Google 使用者,5,方便，設計好,2019-08-01 12:13:29,富邦,正評,視覺設計,整體介面設計
Google 使用者,5,介面清楚易懂 操作簡便快速,2019-08-01 11:42:28,富邦,正評,視覺設計,版面配置
Google 使用者,5,介面方便好用,2019-08-01 10:42:57,富邦,正評,視覺設計,整體介面設計
Google 使用者,5,介面清楚流暢，很好用，謝謝你們的用心！,2019-08-01 07:37:04,富邦,正評,視覺設計,版面配置
Google 使用者,5,分類清楚，快捷簡便好用,2019-07-27 13:06:53,富邦,正評,視覺設計,版面配置
Google 使用者,2,7/17日更新後，畫面閃退，無法登入。,2019-07-25 12:07:00,富邦,負評,視覺設計,版面配置
Google 使用者,4,介面越來越親民，一直有進步，很棒，加油。,2019-07-24 13:26:43,富邦,正評,視覺設計,整體介面設計
Google 使用者,5,非常貼心且便利使用 真的很感謝設計程式的工程師,2019-07-23 21:42:29,富邦,正評,視覺設計,整體介面設計
Google 使用者,1,介面不方便使用,2019-07-23 10:30:33,富邦,負評,視覺設計,整體介面設計
Google 使用者,1,改版前頁面清楚，非常好用，可以得五顆星。新版變得很複雜，而且速度很慢。沒有稍後更新選項，強迫更新已超過四小時還是一直卡住，完全無法使用！,2019-07-22 17:58:15,富邦,負評,視覺設計,版面配置
Google 使用者,2,無法查詢卡費，一直在等待畫面,2019-07-19 00:17:05,富邦,負評,視覺設計,版面配置
Google 使用者,5,介面美麗好操作,2019-07-18 23:31:09,富邦,正評,視覺設計,整體介面設計
Google 使用者,4,清楚知道，運作方便，好查詢,2019-07-18 07:26:23,富邦,正評,視覺設計,版面配置
Google 使用者,1,"更新後一直閃退 -----7/11-2--- 能不能先退版，讓大家可以使用？ 能不能給due date,而不是用固定內容回應？ 出了什麼問題，導致閃退？查到了沒？ 不要我有問題就叫我找客服，現在你們有問題，搞得要我們跟金管會投訴嗎？ ------------7/11-1--- 可否先讓使用者退回上一個版本 爭取你們解決的時間 而不是快速補丁，然後不用正解 還有那個圓圈圈，UX很難用，到底誰想出來的？ 不嫌棄的話，也一起拿掉被你們當作特別但很難用的介面 謝謝",2019-07-11 23:58:21,富邦,負評,視覺設計,整體介面設計
Google 使用者,5,介面清楚易操作，是用過的手機銀行最佳的,2019-07-11 22:20:37,富邦,正評,視覺設計,版面配置
Google 使用者,1,有夠爛。移除又安裝 4天了還是不行 一樣閃退 進不去畫面 今天7/11安裝後 還是一樣 貴公司app開發人員是不是有問題,2019-07-11 20:31:10,富邦,負評,視覺設計,版面配置
Google 使用者,4,每次信用卡會員到登入畫面就當掉了，試很多此無法登入還無法關掉，過了幾個月再試還是一樣的結果，此app實用性低 7/11收到開發人員來信，說明已更新程式，重新測試已經可以登入查詢了，實用性大幅提升,2019-07-11 18:48:31,富邦,正評,視覺設計,版面配置
Google 使用者,5,很讚 方便使用 清楚明瞭 是目前我用過的銀行中最好用的APP 你們很優秀 非常值得嘉許 繼續加油哦~~,2019-07-10 09:17:11,富邦,正評,視覺設計,版面配置
Google 使用者,5,介面一目了然，很清楚操作,2019-07-10 08:13:40,富邦,正評,視覺設計,版面配置
Google 使用者,2,更新後閃退，程式設計請再加強，裝了app卻不能用就是垃圾,2019-07-09 12:55:33,富邦,負評,視覺設計,整體介面設計
Google 使用者,5,功能齊全，未來希望圖案化，字減少,2019-07-08 22:00:55,富邦,正評,視覺設計,字體與可讀性
Google 使用者,5,好用且介面很友善,2019-07-07 20:34:16,富邦,正評,視覺設計,整體介面設計
Google 使用者,5,介面簡單好用~,2019-07-07 10:23:55,富邦,正評,視覺設計,整體介面設計
Google 使用者,5,除了介面簡潔乾淨，我喜歡預設不會跳通知的APP，「我有需要再自己開啟需要的通知就好」這點真的深得我心~工程師棒棒！,2019-07-05 11:34:08,富邦,正評,視覺設計,整體介面設計
Google 使用者,5,使用方便又清楚哦！,2019-07-04 21:54:18,富邦,正評,視覺設計,版面配置
Google 使用者,1,更新後只要點開就閃退，別說登入了，連畫面都來不及看見就強制自動關閉。,2019-07-04 15:29:07,富邦,負評,視覺設計,版面配置
Google 使用者,4,操作/使用方便，資訊清楚,2019-07-04 09:41:25,富邦,正評,視覺設計,版面配置
Google 使用者,5,好用，清楚簡便,2019-07-02 23:07:39,富邦,正評,視覺設計,版面配置
Google 使用者,1,介面醜 反應慢 操作很不直覺 繳自己名下的信用卡卡費 還要用非約定轉帳 這真的很有事! 2019/07/01更新後一直閃退 請儘快處理,2019-07-02 23:03:50,富邦,負評,視覺設計,整體介面設計
Google 使用者,5,介面容易操作，使用起來很便利,2019-07-01 17:55:15,富邦,正評,視覺設計,整體介面設計
Google 使用者,4,介面方便查詢,2019-07-01 11:41:42,富邦,正評,視覺設計,整體介面設計
Google 使用者,5,項目清楚好操作！,2019-07-01 10:44:26,富邦,正評,視覺設計,版面配置
Google 使用者,1,更新後一直閃退，無法進入到登入畫面,2019-07-01 10:35:22,富邦,負評,視覺設計,版面配置
Google 使用者,5,順暢又人性化的介面，很棒,2019-07-01 09:21:30,富邦,正評,視覺設計,整體介面設計
Google 使用者,5,頁面清楚簡潔，操作方便。不需東找西找，也沒有模糊的地方。初始設定也是很人性化。,2019-06-27 18:04:44,富邦,正評,視覺設計,版面配置
Google 使用者,4,更新按鈕超出螢幕 又無法從play更新 有急用造成困擾,2019-06-27 00:07:42,富邦,正評,視覺設計,按鈕與圖示
Google 使用者,5,還不錯，只是沒辦法看到自己真正可用餘額，必須到轉帳畫面才看得到,2019-06-25 10:08:30,富邦,正評,視覺設計,版面配置
Google 使用者,5,人性化設計,2019-06-21 09:32:30,富邦,正評,視覺設計,整體介面設計
Google 使用者,4,介面變的很個人化 好操作,2019-06-21 08:41:35,富邦,正評,視覺設計,整體介面設計
Google 使用者,5,我很喜歡貴公司的工程師所設計的軟體「網路銀行」，超級方便感謝您。,2019-06-14 10:36:11,富邦,正評,視覺設計,整體介面設計
Google 使用者,5,介面直覺好用,2019-06-13 23:44:31,富邦,正評,視覺設計,整體介面設計
Google 使用者,5,新介面好用,2019-06-12 00:19:00,富邦,正評,視覺設計,整體介面設計
Google 使用者,5,使用方便，總體資訊清晰明瞭,2019-06-11 14:50:04,富邦,正評,視覺設計,版面配置
Google 使用者,5,操作明嘹清楚,2019-06-10 20:45:56,富邦,正評,視覺設計,版面配置
Google 使用者,4,還算清楚,2019-06-10 00:35:36,富邦,正評,視覺設計,版面配置
Google 使用者,4,滿方便的，介面不錯,2019-06-07 09:54:29,富邦,正評,視覺設計,整體介面設計
Google 使用者,5,介面很人性化、簡易、可以快速操作、很好用的APP,2019-06-05 18:14:17,富邦,正評,視覺設計,整體介面設計
Google 使用者,5,畫面美，功能佳,2019-06-05 13:40:09,富邦,正評,視覺設計,版面配置
Google 使用者,5,操作容易，介面易懂。,2019-06-04 14:27:52,富邦,正評,視覺設計,整體介面設計
Google 使用者,4,很清楚,2019-06-02 12:29:07,富邦,正評,視覺設計,版面配置
Google 使用者,5,很友善的介面,2019-06-02 09:35:02,富邦,正評,視覺設計,整體介面設計
Google 使用者,3,堪用。介面只能說不醜，動畫很弱,2019-05-31 21:20:42,富邦,中立,視覺設計,整體介面設計
Google 使用者,5,使用很方便 清楚明暸,2019-05-24 11:54:24,富邦,正評,視覺設計,版面配置
Google 使用者,5,介面易操作,2019-05-23 00:34:35,富邦,正評,視覺設計,整體介面設計
Google 使用者,4,直覺式介面，很直接,2019-05-22 12:25:10,富邦,正評,視覺設計,整體介面設計
Google 使用者,5,介面清爽好用。,2019-05-20 11:45:46,富邦,正評,視覺設計,整體介面設計
Google 使用者,5,清楚簡單好用 無bug,2019-05-18 08:09:53,富邦,正評,視覺設計,版面配置
Google 使用者,4,功能穩定，界面清楚易懂,2019-05-14 11:10:33,富邦,正評,視覺設計,版面配置
Google 使用者,4,其實app的的首頁有點眼花繚亂~各種常用的功能愈能夠清楚快速的連結愈好,2019-05-13 00:57:29,富邦,正評,視覺設計,版面配置
Google 使用者,1,每次更新都等很久（5/11等了2小時還沒更新完畢，網速頂級手機也頂級安卓也是最新版） 而且更新之後，功能與介面的便利性更加降低。 工程師應該要換新了。,2019-05-11 16:31:59,富邦,負評,視覺設計,整體介面設計
Google 使用者,3,使用介面太乱,2019-05-10 21:58:18,富邦,中立,視覺設計,整體介面設計
Google 使用者,5,畫面清淨,2019-05-10 20:02:02,富邦,正評,視覺設計,版面配置
Google 使用者,1,沒辦法使用，一直loading，登入之後都沒畫面,2019-05-07 21:50:08,富邦,負評,視覺設計,版面配置
Google 使用者,5,怎麼通知登入成功，但是畫面一直在載入中,2019-05-07 21:10:49,富邦,正評,視覺設計,版面配置
Google 使用者,5,非常好用～很人性化，簡易、清楚、方便,2019-05-07 15:22:27,富邦,正評,視覺設計,版面配置
Google 使用者,5,介面設計非常優良,2019-05-07 11:24:24,富邦,正評,視覺設計,整體介面設計
Google 使用者,5,顏色協調很好，不會刺眼,2019-05-05 14:28:01,富邦,正評,視覺設計,色彩與配色
Google 使用者,5,介面簡單方便,2019-05-03 19:19:06,富邦,正評,視覺設計,整體介面設計
Google 使用者,5,很方便 使用介面很清楚,2019-05-01 13:27:00,富邦,正評,視覺設計,版面配置
Google 使用者,5,界面清楚好用,2019-05-01 12:23:40,富邦,正評,視覺設計,版面配置
Google 使用者,5,介面方便使用 且非常清楚易懂 覺得超棒 比他行好用無限倍,2019-05-01 11:22:25,富邦,正評,視覺設計,版面配置
Google 使用者,5,流暢 介面簡單容易使用,2019-05-01 08:18:45,富邦,正評,視覺設計,整體介面設計
Google 使用者,5,優質介面,2019-05-01 01:03:57,富邦,正評,視覺設計,整體介面設計
Google 使用者,1,介面非常不友善，轉帳依照指示點選申請動態簡訊也沒有任何動作！,2019-04-29 13:19:11,富邦,負評,視覺設計,整體介面設計
Google 使用者,1,試著移除還是還是無法登入，顯示登入成功又無法進入畫面，造成極大困擾。已經存在多個月問題！,2019-04-24 22:20:07,富邦,負評,視覺設計,版面配置
Google 使用者,5,介面很清楚，喜歡用。,2019-04-24 11:54:35,富邦,正評,視覺設計,版面配置
Google 使用者,5,操作介面清楚很方便，功能齊全 感謝工程師們的用心~,2019-04-22 06:45:34,富邦,正評,視覺設計,版面配置
Google 使用者,1,很糟糕的設計，登入一直轉圈，轉不停，反應慢,2019-04-20 11:24:41,富邦,負評,視覺設計,整體介面設計
Google 使用者,4,有時訊息會重複性一直出現讓人很困擾，介面設計使用上還不錯,2019-04-16 23:18:28,富邦,正評,視覺設計,整體介面設計
Google 使用者,4,好用 清楚 功能夠多,2019-04-15 14:36:17,富邦,正評,視覺設計,版面配置
Google 使用者,1,loading太久，根本伺服器有問題，記個帳為甚麼還要登入？很多奇怪的設計，功能太多變很雜,2019-04-15 09:53:13,富邦,負評,視覺設計,整體介面設計
Google 使用者,5,介面設計實用,2019-04-12 18:56:21,富邦,正評,視覺設計,整體介面設計
Google 使用者,1,lucky pay一點就閃退，到底是字樣拉，都不能操作,2019-04-08 11:47:53,富邦,負評,視覺設計,字體與可讀性
Google 使用者,5,使用順暢，介面貼心,2019-04-07 14:22:16,富邦,正評,視覺設計,整體介面設計
Google 使用者,5,簡單好用，清楚明瞭。,2019-04-04 21:35:32,富邦,正評,視覺設計,版面配置
Google 使用者,5,好用，介面簡單而且清楚明瞭。,2019-04-04 12:58:25,富邦,正評,視覺設計,版面配置
Google 使用者,2,設計有問題。建議參考歐美銀行的網銀程式。,2019-04-02 22:06:16,富邦,負評,視覺設計,整體介面設計
Google 使用者,5,介面清楚好用,2019-04-02 15:22:48,富邦,正評,視覺設計,版面配置
Google 使用者,5,清楚明瞭,2019-04-02 12:10:36,富邦,正評,視覺設計,版面配置
Google 使用者,5,速度快又簡單清楚明白…,2019-04-02 09:41:51,富邦,正評,視覺設計,版面配置
Google 使用者,5,使用介面很方便，指紋辨識很人性，轉帳很簡單，存款明細很清楚，可惜歷史紀錄沒有辦法從開始到現在的，只有半年可提供調閱~,2019-04-02 07:06:10,富邦,正評,視覺設計,版面配置
Google 使用者,5,操作便利，介面清楚好看,2019-04-01 12:58:20,富邦,正評,視覺設計,版面配置
Google 使用者,5,直覺式介面上好用。,2019-04-01 11:33:42,富邦,正評,視覺設計,整體介面設計
Google 使用者,2,真的不是普通的難用，就算登入了，畫面還是一直停留在登入畫面……,2019-03-30 03:53:22,富邦,負評,視覺設計,版面配置
Google 使用者,1,最新版更新完反而完全無法登入，卡在Loading畫面，請問一下，貴公司軟體上架前自己有沒有用過測試過呢，徒增使用者困擾。,2019-03-29 15:13:31,富邦,負評,視覺設計,版面配置
Google 使用者,5,相較其他大銀行，介面有創意，也滿好用！,2019-03-29 07:59:16,富邦,正評,視覺設計,整體介面設計
Google 使用者,5,清楚簡單方便使用,2019-03-29 02:55:02,富邦,正評,視覺設計,版面配置
Google 使用者,5,很喜歡也習慣富邦的APP介面，富邦在網銀跟APP操作介面設計上都讓我感覺很用心,2019-03-28 20:25:24,富邦,正評,視覺設計,整體介面設計
Google 使用者,1,明明說登錄成功，但畫面一直停留在Loading...，至少有五分鐘以上！！,2019-03-20 22:41:08,富邦,負評,視覺設計,版面配置
Google 使用者,5,介面不錯 好操作,2019-03-08 21:15:31,富邦,正評,視覺設計,整體介面設計
Google 使用者,1,越來越難用 不人性化的介面 沒用的選項一堆,2019-03-08 13:14:05,富邦,負評,視覺設計,整體介面設計
Google 使用者,4,開机畫面太複雜,2019-03-01 20:23:26,富邦,正評,視覺設計,版面配置
Google 使用者,5,操作介面好 畫面也很溫馨,2019-02-25 10:53:37,富邦,正評,視覺設計,版面配置
Google 使用者,1,介面花俏有個鳥用，根本就只是在推自己的垃圾業務。使用者需求還要自己摸索+設定，爛死了,2019-02-25 09:34:30,富邦,負評,視覺設計,整體介面設計
Google 使用者,2,"顯示登入成功後,就一直卡在Loading畫面，重開app程式重新輸入， 還是卡在Loading,有夠無言",2019-02-21 08:08:10,富邦,負評,視覺設計,版面配置
Google 使用者,1,真的很爛欸.......要登入都一直卡在登入畫面是怎樣？不是要刪除從載就是要看機率...那麼爛乾脆關起來別用了,2019-02-16 10:14:42,富邦,負評,視覺設計,版面配置
Google 使用者,1,之前的版面一目了然 現在該這樣很多點選的東西都分散很難找 想要設定快速登入，已經顯示登入成功按確定後卻一直轉圈無法登入使用 改版後很難用,2019-02-13 19:46:33,富邦,負評,視覺設計,版面配置
Google 使用者,3,難用，登入後只停在旋轉畫面不動，無法繳卡費也無法查詢。,2019-02-12 21:43:28,富邦,中立,視覺設計,版面配置
Google 使用者,1,難用！使用介面改太多，好不容易習慣一種介面又改，也不方便，找個外幣定存就找好久，這次的介面完全不方便使用!!,2019-02-11 14:44:32,富邦,負評,視覺設計,整體介面設計
Google 使用者,5,親切介面服務設計，優質,2019-02-07 14:02:07,富邦,正評,視覺設計,整體介面設計
Google 使用者,1,"人在海外不得已，必須使用貴公司此軟體管理帳戶，請設計一個不需要浪費用戶時間更新的 app, 十分感謝！",2019-02-03 16:53:59,富邦,負評,視覺設計,整體介面設計
Google 使用者,4,已經更新過了，還一直跳更新畫面，無法使用。,2019-01-29 12:05:10,富邦,正評,視覺設計,版面配置
Google 使用者,5,貼心的設計,2019-01-29 11:26:04,富邦,正評,視覺設計,整體介面設計
Google 使用者,5,介面很直觀，容易上手😀,2019-01-28 10:55:06,富邦,正評,視覺設計,整體介面設計
Google 使用者,5,非常的清楚 操作也很方便,2019-01-28 03:41:33,富邦,正評,視覺設計,版面配置
Google 使用者,3,雖然要創新，還是以前的介面，明瞭，方便使用，可惜了。,2019-01-27 19:43:14,富邦,中立,視覺設計,整體介面設計
Google 使用者,5,登入方便，面板清楚，使用性高,2019-01-26 15:18:33,富邦,正評,視覺設計,版面配置
Google 使用者,1,更新後就開始當機，畫面跳不出去，卡住！！！,2019-01-25 18:41:10,富邦,負評,視覺設計,版面配置
Google 使用者,1,再切換一般或快速登錄時，常常卡住當機，如果只能一般登錄都可以正常，一切換快速登錄後就整個畫面不動了…,2019-01-23 23:34:09,富邦,負評,視覺設計,版面配置
Google 使用者,1,介面不夠清楚,2019-01-23 13:21:30,富邦,負評,視覺設計,版面配置
Google 使用者,1,更新後很多東西沒辦法使用，介面會跑掉，點選不到東西,2019-01-22 00:07:52,富邦,負評,視覺設計,整體介面設計
Google 使用者,1,更新完就不能使用一直出現錯誤訊息 聖誕節已經過了可以恢復原來介面了嗎？ 貴公司數位部門搞了一個複雜又花俏的介面是為了讓客戶流失嗎？,2019-01-21 16:17:03,富邦,負評,視覺設計,整體介面設計
Google 使用者,1,改的很爛，那個下雪可以關掉了嗎？ 之前版本就很好用多了 現在登入畫面亂七八糟，都是不需要的東西 之前的版本明明就可以直接存款繳卡費，現在的卻跳出 「尚未申請本服務 請至服務據點申請」 所以是以後每次改版都要重新申請的意思嗎？？？？,2019-01-20 10:10:11,富邦,負評,視覺設計,版面配置
Google 使用者,1,一大早就顯示無法與本行系統取得連線，打電話給客服又要傳簡訊連結，一整個莫名其妙，有夠爛。另外，畫面漂飄雪花很醜，為什麼不請美術設計？,2019-01-17 09:03:35,富邦,負評,視覺設計,版面配置
Google 使用者,1,一直卡在登入畫面..... 這樣是要怎麼繳費,2019-01-16 13:05:11,富邦,負評,視覺設計,版面配置
Google 使用者,1,1.更新之後版面非常混亂 2.系統非常卡頓 3.容易閃退 一間這麼大的金控設計出這樣的系統，真的爛斃了。,2019-01-15 22:15:24,富邦,負評,視覺設計,版面配置
Google 使用者,5,我覺得以前版面是簡潔有力，不過新版面也蠻漂亮的 中間輪盤也很好看，只是我想可能很多人不知道往左滑就可以轉換輪盤中間的畫面。 可以不用登入就看現在餘額很方便， 邦你記邦你存雖然我還沒使用，但看起來是個很好的功能。 而下雪等等的 未來佈景可能要考慮到有的手機容易lag~就別這麼多了吧～ 加油哦,2019-01-07 10:00:02,富邦,正評,視覺設計,版面配置
Google 使用者,1,這一版真的很難用又不好看，拜託趕快改回前一版！拜託至少把那個佔空間的大圓圈圈拿掉，它把我設定的快捷鍵都推到第二屏去了，還有，我真的用不到免登入查存款，不要一直問我 前一版以網銀app來說算是介面質感佳，系統頗為穩定不會動不動就維護中，很多地方像輸入密碼時會自動切換成數字鍵盤等設計細節都有注意到,2019-01-06 00:24:24,富邦,負評,視覺設計,字體與可讀性
Google 使用者,1,關於app更新，請貴單位先行使用過或測試過之後，再給用戶使用，問了客服關於app程式問題，沒有可以解決的辦法。 再者，關於app使用者代碼，只有6~10個字數，有的用戶名字長，就又要再想新的代碼，請問這設計是給誰使用的？是用戶還是工程師啊？ 最近從12月初至今才能登錄，用戶想使用優惠又不能使用，倒霉的還是用戶。 整個體驗過程非常差！,2019-01-05 22:04:05,富邦,負評,視覺設計,字體與可讀性
Google 使用者,1,有夠難用 這什麼介面……,2019-01-04 01:24:33,富邦,負評,視覺設計,整體介面設計
Google 使用者,1,整天一直在更新，實質功能沒增加，只是搞一堆排版，不更新又沒辦法使用，吃我的儲存空間而已！,2018-12-28 09:44:28,富邦,負評,視覺設計,版面配置
Google 使用者,5,不斷改善使用者介面,2018-12-27 16:23:19,富邦,正評,視覺設計,整體介面設計
Google 使用者,1,搞了聖誕畫面，整個介面變的好亂，重點是，訊息通知登入成功，畫面卻一直轉圈圈，重新安裝也沒用，想繳個信用卡完全沒辦法！,2018-12-26 21:17:10,富邦,負評,視覺設計,版面配置
Google 使用者,2,更新後登入沒有轉帳功能是... 啊就是登入後按鈕就不見了啊，原本登入後都有,2018-12-26 09:58:16,富邦,負評,視覺設計,按鈕與圖示
Google 使用者,1,改版後的畫面整體很突兀，雪花效果不是主要資訊煩請不要疊在畫面最上方阻礙視覺；雖然可以體會應景的設計，但依舊不適當。 過量的改動也導致查詢資訊過程比過往複雜，且初登入並能看到匯率資訊，但所有查詢介面都是網路異常並要用戶檢查網路功能，搜索公告也無說明是否主機中斷運作等狀況；在切換應用程式後在切回去才看到登入畫面。,2018-12-25 10:11:52,富邦,負評,視覺設計,版面配置
Google 使用者,1,不更新還好 ，更新後更後悔 ，這是一個銀行財務的app，你們亂改 ，用個雪花有什麼實質的用途 ，整個流暢度變慢 ，原本的介面一目瞭然 。,2018-12-24 11:51:38,富邦,負評,視覺設計,整體介面設計
Google 使用者,1,到底是誰設計的這個版面，愈換愈難用,2018-12-23 10:53:53,富邦,負評,視覺設計,版面配置
Google 使用者,1,看不懂那些沒有用的功能要做什麼，可以還我乾淨的版面嗎。可以想想使用者的感受嗎。謝謝,2018-12-22 16:51:23,富邦,負評,視覺設計,版面配置
Google 使用者,4,程式介紹錯字：手機「螢」幕、電影「銀」幕,2018-12-22 03:34:03,富邦,正評,視覺設計,字體與可讀性
Google 使用者,1,"極差的使用者體驗，操作不明顯的轉輪設計不知道在做甚麼？再加上強制更新只為了沒有設計水準的耶誕節效果！ 這是一個銀行APP,不是遊戲！當急於使用時,強制更新真的很沒有道理！（有安全性問題強制更新我絕對接受！）",2018-12-21 22:36:13,富邦,負評,視覺設計,整體介面設計
Google 使用者,1,下雪下到頭都暈了，可以不要干擾畫面嗎,2018-12-21 21:55:58,富邦,負評,視覺設計,版面配置
Google 使用者,5,更新不遺餘力，版面清楚。,2018-12-21 18:31:22,富邦,正評,視覺設計,版面配置
Google 使用者,2,改新版本後介面整個排版亂掉了，字超大而且常常重疊在一起無法閱讀，或是蓋住某些按鍵而造成操縱上的困難。感覺上是設計介面時未考慮到小手機用戶螢幕的解析度吧？,2018-12-21 12:07:11,富邦,負評,視覺設計,字體與可讀性
Google 使用者,4,請問你們「銀幕」指的是「螢幕」嗎？放上教育部解釋。 放映電影時用來顯現影像的白色布幕。亦借指為電影。 【例】銀幕上出現的驚悚畫面，讓觀眾個個尖聲大叫。,2018-12-20 11:59:13,富邦,正評,視覺設計,版面配置
Google 使用者,1,很麻煩 趕時間的人 不適合使用這樣的系統 要怎麼輸入密碼 怎麼索取密碼 也不是很清楚,2018-12-16 21:12:30,富邦,負評,視覺設計,版面配置
Google 使用者,1,常無法連线，清除資料也重新下載了還是沒辦法連線，新版面过於複雜不方便使用。,2018-12-16 12:44:52,富邦,負評,視覺設計,版面配置
Google 使用者,3,舊版的介面比較好用,2018-12-14 20:59:34,富邦,中立,視覺設計,整體介面設計
Google 使用者,1,"富邦是我用過最難用的app, 設計介面極差",2018-12-13 15:01:46,富邦,負評,視覺設計,整體介面設計
Google 使用者,1,登入前有繳費選項，登入帳密後就消失了，以前介面還沒有改版時都不會這樣,2018-12-12 23:35:49,富邦,負評,視覺設計,整體介面設計
Google 使用者,2,原版使用者介面很清楚易懂，新版功能超級難找，還使用一些難理解的用詞(邦你…)，用起來真令人困擾,2018-12-08 18:14:34,富邦,負評,視覺設計,版面配置
Google 使用者,1,新版UI 使用很不直覺，點進第二層主畫面還找不到要的功能，每項服務的文字也不清楚，可改回舊版的嗎?!,2018-12-04 09:44:10,富邦,負評,視覺設計,字體與可讀性
Google 使用者,5,附件照片和詳細備註Memo似乎是造成容易常常當機的原因，建議5G或6G時再考慮使用，目前常當機是不想再使用的困擾，整體的介面則覺得OK.,2018-11-29 10:15:47,富邦,正評,視覺設計,整體介面設計
Google 使用者,1,下載安裝永遠只顯示 現在太踴躍了根本無法進去畫面 重新安裝也一樣進線客服根本無法解決請問何解？,2018-11-28 15:04:19,富邦,負評,視覺設計,版面配置
Google 使用者,5,安裝後無法開啟畫面,2018-11-23 16:26:26,富邦,正評,視覺設計,版面配置
Google 使用者,4,字變大這點很喜歡，多元的頁面自訂讓我可以新增自己習慣查詢的項目,2018-11-21 07:59:45,富邦,正評,視覺設計,字體與可讀性
Google 使用者,5,介面變好看了。,2018-11-20 18:39:31,富邦,正評,視覺設計,整體介面設計
Google 使用者,5,新版的不錯用，但字型變大了，希望可以讓使用者自行調整字型大小。,2018-11-16 21:11:32,富邦,正評,視覺設計,字體與可讀性
Google 使用者,1,改這什麼鳥介面...看了就想銷戶,2018-11-15 02:40:31,富邦,負評,視覺設計,整體介面設計
Google 使用者,1,介面越改越複雜。功能找不到。速度讀取有夠慢,2018-11-14 11:05:31,富邦,負評,視覺設計,整體介面設計
Google 使用者,1,"更新後又慢又難用，介面設計無邏輯,根本為改而改",2018-11-09 00:17:46,富邦,負評,視覺設計,整體介面設計
Google 使用者,4,"新的介面讚噢^0^ 1,圓圈外圍設計很棒雖然距離太近指頭感覺調得很小心>""<，若是使用點的方式更換下一項目，會不會好些，2, +號裡面的圖示很讚 ，但是移動位置的時候 ，他會自己跑位很麻煩 ，沒辦法放在想放的位置。3,自動登出的時間太快了,被迫要一直登入希望時間延長",2018-11-08 00:18:50,富邦,正評,視覺設計,按鈕與圖示
Google 使用者,5,更新非常棒 介面好看太多，查帳還能免登入速查非常好,2018-11-07 15:59:32,富邦,正評,視覺設計,整體介面設計
Google 使用者,5,可以設定自己喜歡版面,2018-11-07 06:08:57,富邦,正評,視覺設計,版面配置
Google 使用者,1,New app 慢慢慢慢慢慢慢慢慢慢慢慢慢慢... 開啟速度 介面操作 比原本還慢,2018-11-07 00:34:05,富邦,負評,視覺設計,整體介面設計
Google 使用者,5,繳信用卡款畫面問題，剩餘應繳金額為0時，請輸入交易資訊內的功能，因該無法選擇才對，目前看到還可以輸入台幣欄位及選擇最低應繳金額，確認鈕因該要設為不能按下才對，可否改版後修正,2018-10-27 11:51:01,富邦,正評,視覺設計,版面配置
Google 使用者,1,這更新設計也太鳥，富邦這麼大，還找這麼鳥的程式設計？,2018-07-22 11:09:48,富邦,負評,視覺設計,整體介面設計
Google 使用者,1,更新後不管怎麼登入，選擇都會顯示信用卡的介面，無法看到帳號餘額，轉帳等,2018-07-20 10:12:04,富邦,負評,視覺設計,整體介面設計
Google 使用者,1,更新升級畫面一直跳針卡住有事嗎？,2018-07-12 03:38:42,富邦,負評,視覺設計,版面配置
Google 使用者,1,做的有夠爛，一直卡在登入畫面,2018-06-30 15:56:14,富邦,負評,視覺設計,版面配置
Google 使用者,4,沒有更新按鈕，根本不能用！！！已經改善，謝謝,2018-06-22 06:34:47,富邦,正評,視覺設計,按鈕與圖示
Google 使用者,2,更新後更容易當機，畫面停止不動,2018-06-19 22:32:32,富邦,負評,視覺設計,版面配置
Google 使用者,1,第二次來評論，一樣爛到炸。 要人按升級更新卻只會跳出一樣畫面，設計這種app的薪水小偷是不是要開除啊！,2018-06-12 08:30:49,富邦,負評,視覺設計,版面配置
Google 使用者,1,許多人都已經反應平板顯示的訊息排版錯誤，造成確認按鍵出現在螢幕之外無法點選，舊版無此問題，新版卻數週仍未修正，令人失望。,2018-05-30 13:51:54,富邦,負評,視覺設計,版面配置
Google 使用者,1,通知卡在Loading畫面超過三分鐘，此問題已經反應超過一年依然沒解，手機都已經換新重新安裝軟體，這個Bug依舊，感覺沒有想改善的樣子。,2018-05-30 08:04:04,富邦,負評,視覺設計,版面配置
Google 使用者,2,本來是很方便，昨日更新後卻一直出現有更新版請按確認鍵等字眼，根本無法使用,2018-05-26 09:18:01,富邦,負評,視覺設計,字體與可讀性
Google 使用者,1,登進去看不到確定按鍵，整個進不去畫面，請盡快針對問題處理,2018-05-24 07:16:31,富邦,負評,視覺設計,版面配置
Google 使用者,1,登入字太大是怎樣,2018-05-20 23:09:35,富邦,負評,視覺設計,字體與可讀性
Google 使用者,1,使用者體驗非常差，信用卡刷卡提醒贅字太多，重點像金額都被截斷了，點進 App 只是為了看通知，就得等三十秒更新，讓人很火。更新為何不走一般的管道，要自己搞一個，然後又那麼難用？,2018-02-27 13:39:45,富邦,負評,視覺設計,字體與可讀性
Google 使用者,5,簡潔明瞭的操作介面,2018-02-15 11:54:41,富邦,正評,視覺設計,整體介面設計
Google 使用者,4,切畫面的時候loading頁不會因為讀完了自動消失，要切換app才會正常,2018-02-13 11:36:12,富邦,正評,視覺設計,版面配置
Google 使用者,5,很好用的APP 畫面簡單又明瞭 很容易上手 用過其他家網銀APP目前覺得富邦最好用,2018-02-07 00:09:22,富邦,正評,視覺設計,版面配置
Google 使用者,5,用了五間銀行的app，就屬富邦的介面最清楚。信用卡消費的情況也能在app上查詢到，無論是一般消費或是分期的狀況都能一目瞭然。,2018-01-05 12:09:30,富邦,正評,視覺設計,版面配置
Google 使用者,3,最近APP登入界面過於緩慢，一直停在轉圈畫面，影響使用意願,2018-01-02 11:50:19,富邦,中立,視覺設計,版面配置
Google 使用者,3,"完全無法更新一直在重複彈出更新確認的畫面,麻煩請改善, 因為都是用app在繳款查帳",2017-12-09 01:28:44,富邦,中立,視覺設計,版面配置
Google 使用者,3,今天APP更新一直失敗，重新安裝後一樣，出現「更新遇到內部錯誤，請再重試」，或是重覆出現更新按鈕，然後不點也不行，點了還會有無法重覆更新的訊息。,2017-11-22 10:51:08,富邦,中立,視覺設計,按鈕與圖示
Google 使用者,4,服務功能全面且方便，UI介面簡潔俐落，開戶後目前使用狀況與操作體驗算是滿意,2017-11-15 10:47:09,富邦,正評,視覺設計,整體介面設計
Google 使用者,1,更新完，還要再跑一次更新，每次升級都這樣，爛死了，就設計成不更新就好，幹嘛一直這樣,2017-09-06 17:38:17,富邦,負評,視覺設計,整體介面設計
Google 使用者,1,要轉帳填好資料了，等看最後的電話簡訊看代碼，轉畫面回來變成跳出又要重新登入重新輸入資料，這樣永遠轉帳不了啊！？,2017-05-02 16:18:07,富邦,負評,視覺設計,版面配置
Google 使用者,3,一直在程式更新，重複下載進不了程式畫面,2017-04-21 00:45:11,富邦,中立,視覺設計,版面配置
Google 使用者,1,銀行跟家裡已經來回跑了三遍以上，第一次登進去但一旦登出後就無法登入，app登入的部分能否設計的更便捷，不要一直登出找碴。,2017-01-25 15:51:08,富邦,負評,視覺設計,整體介面設計
Google 使用者,5,介面簡單好用,2016-06-03 09:39:26,富邦,正評,視覺設計,整體介面設計
Google 使用者,1,如題，畫面時常卡住，完全不能操作，重新登入又顯示前次登入未退出，要重登重退,2016-04-28 20:31:41,富邦,負評,視覺設計,版面配置
Google 使用者,3,介面簡單也不錯用 只是一直更新很困擾  不更新不能使用 太常更新了,2016-04-03 00:05:01,富邦,中立,視覺設計,整體介面設計
Google 使用者,1,"此app很差,操作指引不清楚，看不懂，本項評論寫完後如何送出?不清不楚。",2016-02-24 15:39:54,富邦,負評,視覺設計,版面配置
Google 使用者,3,2016已過三週了！圖示仍是2015,2016-01-20 07:28:59,富邦,中立,視覺設計,按鈕與圖示
Google 使用者,1,一直出現對話視窗(使用者代號請用英數字)我一直使用同一組代碼呀!昨天之前還正常哩…,2016-01-07 09:14:07,富邦,負評,視覺設計,字體與可讀性
Google 使用者,2,既然都在推電子帳單了，而不是將列印繳款單這個動作轉到信用卡使用者身上，是否App在設計上應有提供信用卡繳款條碼功能？這樣使用者就可以直接於手機上顯示繳款條碼，在便利商店繳款時會非常方便，也不會有忘記帶繳款單的問題。,2015-11-24 22:15:00,富邦,負評,視覺設計,整體介面設計
Google 使用者,1,更新後都無法登入，卡在登入畫面,2015-09-01 12:40:38,富邦,負評,視覺設計,版面配置
Google 使用者,1,停在登入畫面  更新到一半顯示內部問題！無法更新完成！,2015-09-01 11:01:46,富邦,負評,視覺設計,版面配置
Google 使用者,5,ZU畫面變好了且又有快速登入，好方便,2015-08-30 00:20:13,富邦,正評,視覺設計,版面配置
Google 使用者,1,更新後卡在登入畫面，無法進行下一步,2015-08-27 15:39:47,富邦,負評,視覺設計,版面配置
Google 使用者,1,更新之後整個大有問題!!!輸入登入資料之後就一直卡在loading畫面~強制關掉app之後連用電腦也無法登入~一直說我已登入行動銀行(覺得很火),2015-08-25 19:49:11,富邦,負評,視覺設計,版面配置
Google 使用者,1,到底你是在不知道甚麼，就說了那麼清楚，打完帳號密碼就畫面一直轉登不進去,2015-08-25 01:41:53,富邦,負評,視覺設計,版面配置
Google 使用者,1,為什麼更新前都能用，更新後卡在登入畫面，不如不更新還好一點，請改進。,2015-08-24 01:43:00,富邦,負評,視覺設計,版面配置
Google 使用者,1,卡在登入畫面  不能動,2015-08-23 19:08:00,富邦,負評,視覺設計,版面配置
Google 使用者,1,一直出現錯誤畫面,2015-08-14 08:55:16,富邦,負評,視覺設計,版面配置
Google 使用者,5,簡易入門，字體按鍵大，操作方便和之前介面比較好太多啦! Good,2015-07-22 18:44:24,富邦,正評,視覺設計,字體與可讀性
Google 使用者,4,小小建議。。。信用卡已繳費入帳後！(立即繳費按鈕)能自動關閉！以避免重複繳費！,2015-07-16 11:43:06,富邦,正評,視覺設計,按鈕與圖示
Google 使用者,1,使用Sony Z ultra圖示過大，操作困難,2015-06-30 18:19:48,富邦,負評,視覺設計,按鈕與圖示
Google 使用者,4,數字跟英文可以同時輸入的方式，方便登入,2015-05-20 19:39:18,富邦,正評,視覺設計,字體與可讀性
Google 使用者,1,"ㄧ直說更新2015版後要刪舊版App,結果老是出現刪新版的畫面，要跳針做刪除又下載到什麼時候?",2015-05-20 16:27:06,富邦,負評,視覺設計,版面配置
Google 使用者,4,介面簡潔,2015-04-29 21:00:38,富邦,正評,視覺設計,整體介面設計
Google 使用者,1,信用卡繳款帳戶不知道在APP何處，舊版的都有。若是要更新新版，應該是在操作介面上做修改吧，而不是將原有資訊簡化。,2015-04-27 21:28:26,富邦,負評,視覺設計,整體介面設計
Google 使用者,3,介面與網頁版類似，滿好用的，不過ZenFone 2中使用會強制更新，更新過程中又會死當，請問能盡快解決嗎？感謝,2015-04-22 08:29:13,富邦,中立,視覺設計,整體介面設計
Google 使用者,2,比原本的介面複雜許多,2015-04-20 13:36:04,富邦,負評,視覺設計,整體介面設計
Google 使用者,3,一直顯示無網路連線，重按確定icon後沒辦法離開app，應該要設計可離開app的選項,2015-04-19 10:44:02,富邦,中立,視覺設計,按鈕與圖示
Google 使用者,3,更新成這樣變麻煩了，之前要切換信用卡帳單和帳戶，只要按底下切換就好，現在都還要退出才能按，太麻煩了！只求美觀但操作變麻煩，我寧願原本的操作，可否改善啦…,2015-04-13 09:59:17,富邦,中立,視覺設計,整體介面設計
Google 使用者,3,用新版後顯示有更新，下載完主畫面跑出loading畫面，然後跳出無網路連線的視窗，手機端其它軟體使用網路皆正常，請協助修正此bug.,2015-04-12 01:20:50,富邦,中立,視覺設計,版面配置
Google 使用者,5,介面好操作而且又清爽，讚喔！,2015-04-11 12:32:25,富邦,正評,視覺設計,整體介面設計
Google 使用者,1,介面是不錯，可是我只打錯一次密碼就跟我說錯三次。越想越火，害我要跑銀行了…,2015-04-07 21:20:11,富邦,負評,視覺設計,整體介面設計
Google 使用者,2,之前都會有換匯匯率及換匯總金額，新系統完全看不到，怎知換多少錢並且系統異常，無法執行   另外，轉帳中的備註不能有阿拉伯數字，很奇怪的規定，我寫4月一定要「四」月才能完成,2015-04-07 12:14:29,富邦,負評,視覺設計,字體與可讀性
Google 使用者,2,登入介面沒有動態鍵盤，這應該是要高度重視資安的APP才對！,2015-04-06 09:38:57,富邦,負評,視覺設計,整體介面設計
Google 使用者,5,介面簡單 基本的查詢都很便利歐,2015-04-05 22:32:48,富邦,正評,視覺設計,整體介面設計
Google 使用者,5,新版介面挺不錯的,2015-04-04 20:48:14,富邦,正評,視覺設計,整體介面設計
Google 使用者,5,很清楚很直覺的使用介面!尤其終於變回原始鍵盤了!大推!!,2015-04-02 21:28:04,富邦,正評,視覺設計,版面配置
Google 使用者,5,很棒的介面,2015-04-01 23:11:37,富邦,正評,視覺設計,整體介面設計
Google 使用者,5,操作方便，介面清楚,2015-04-01 13:30:53,富邦,正評,視覺設計,版面配置
Google 使用者,5,操作簡單！介面很清爽！,2015-04-01 10:02:12,富邦,正評,視覺設計,整體介面設計
Google 使用者,5,畫面簡潔清爽，功能分類清楚，使用上方便，容易上手,2015-04-01 08:33:38,富邦,正評,視覺設計,版面配置
Google 使用者,5,功能選單清楚好找，介面流暢好看。,2015-03-31 09:26:55,富邦,正評,視覺設計,版面配置
Google 使用者,5,畫面清爽，功能分類清楚,2015-03-31 09:20:37,富邦,正評,視覺設計,版面配置
Google 使用者,4,功能畫面不錯，沒有客製鍵盤比較好用,2015-03-31 09:14:51,富邦,正評,視覺設計,版面配置
Google 使用者,5,清楚明暸，好用耶,2015-03-31 08:57:45,富邦,正評,視覺設計,版面配置
Google 使用者,5,交易功能清楚好找，推!,2015-03-30 18:55:06,富邦,正評,視覺設計,版面配置
JACKIE LU,1,下單後要再次下單竟然價位自動跳掉，沒察覺就買到較高價位，厲害了我的國、泰誇張。股票我要出借及出借總覽常常畫圈圈鬼打牆，半夜也是，浪費時間，可以好好經營嗎，枉費是金控公司一堆問題。 沒成交筆數可以不要通知嗎，至少有選項可關，每天通知增添了無用訊息，請問沒成交筆數很重要嗎，沒改善@@。回應憑證展延後來看到是發email 的，畫面一直提醒看簡訊，連你們都不清楚，更無言。 舊：股票可借款金額不會隨著股價上漲變多。 股票質借超過十萬可以提前到8點30分嗎?元大做得到的，你們沒理由做不到吧！也不用再浪費電話錢來提醒，這樣不好嗎... 😔打臉了，按下股票借款要9分鐘才撥款，寫3分鐘太誇張吧， 股票質借超過十萬，可借時間客服說8點15說錯了，app在凌晨零時整無法借款，不寫出來何時可以操作.請問有認真為客戶設想嗎，輸元大證app很多，唯一好的只有手續費便宜些 ！股票貸款沒說要先資格審查，都以為是貸款額度審查，提撥擔保品也要另外審查，不會撥款前審查喔，從申請到撥款時間要多久也不寫,2026-04-02 11:28:44,國泰,負評,視覺設計,版面配置
事事如意,3,權證被歸零的部分，帳務實現損益沒有列出，無法看出實際帳戶總損益，這部分麻煩轉知改善，還有下單介面常常有報價異常與下單看不到五檔問題,2026-03-20 10:06:36,國泰,中立,視覺設計,整體介面設計
許哲瑋,1,Bug一大堆 委託根本不能篩選 變成成交和未成交全部都顯示 明明只要看未成交但是永遠顯示無資料 股票排序也是很奇怪 選了依照漲幅排列 但是只要切換畫面 馬上又跳回以股票代號排列 都不能鎖定,2026-03-19 13:54:54,國泰,負評,視覺設計,版面配置
郭晉安,2,看盤一直卡畫面,2026-03-18 13:14:09,國泰,負評,視覺設計,版面配置
Wei Da,5,Sorry 我反而覺得超好用，畫面簡潔，不是傳統的那種，而且美股0.08%的手續費跟本是想我們賺到流湯,2026-03-17 19:31:30,國泰,正評,視覺設計,版面配置
ysc ko,5,借券收入試算單位錯了吧？利息3.5%是年利率吧？目前借券利息試算是收盤價乘上3.5%，得到的數字直接標示成 元/天，應該是 元/年 才對吧？如果要標示成 元/日，應該還要除以365。,2026-03-16 14:40:58,國泰,正評,視覺設計,字體與可讀性
W.H. SUNG,2,介面好看之外一無是處 載入即時股票資料超卡 感覺人一多就轉圈圈個30秒 完全受不了 另外很多操作介面也有待改善……,2026-03-11 14:02:15,國泰,負評,視覺設計,整體介面設計
何冠明（Kevin1005）,4,1. 功能管理，建議新增解鎖按鈕才能調整次序。 最近一直不小心滑到更改次序，有點煩人 2. 建議在我的帳務新增損益平衡價，將買入價位+手續費+證交稅算好，讓使用者很直覺的知道自己什麼價位不會虧錢（這部分台新銀行做得很好） 3. 建議我的帳務＞庫存，新增銀行帳戶餘額，而不是只有交割帳戶的餘額。 4. 交割帳戶餘額的顯示，建議改成委託完成後，隨即同步更新。不然使用者還要自行計算這兩天內的交割款是否超過交割帳戶很麻煩。 2026.3.11 求救工程師，最近有新的困擾。 這款軟體沒有台指近月、布蘭特原油等國際指數，都要自行上網搜尋有點麻煩，能不能新增這些國際指數呢？,2026-03-10 09:42:06,國泰,正評,視覺設計,按鈕與圖示
肥宅,3,介面好看是好看 但手機可不可以加個條件下單 只能用電腦有點麻煩,2026-03-09 12:52:18,國泰,中立,視覺設計,整體介面設計
謝宛婷,1,我的存股都已經130幾股了，等了很久似乎app都沒在更新數字，到現在還在20幾股，每次都要開網銀的app才看得到正確數字,2026-02-17 11:21:20,國泰,負評,視覺設計,字體與可讀性
Jerry Chen,2,無法調整字體大小及尺寸，造成有些字被吃掉看不見，我的是三星Tap A9+，希望能改善,2026-02-12 01:46:49,國泰,負評,視覺設計,字體與可讀性
Kaino Heir,4,手續費低，介面視覺化設計不錯！推！👍👍 但如果可以改善以下會更好： 1.帳務的資產配置chart，可以增加到前8～10個標的（目前只有顯示前5個標的），希望讓多一點投資標的顯示投資比例。 2. 切換至美股庫存的步驟可以再更簡化，且增加常用扣款帳戶為預設，因為這部分不會常常切換台／外幣扣款。 3.希望增加整體資產水位變化圖，方便了解整體投資隨時間增長狀態。（橫軸區間可為周或月） 🙏🙏,2026-02-03 23:08:08,國泰,正評,視覺設計,整體介面設計
葉芳妤b0926899149,1,老是出現完全沒有數字的狀況，不能改善嗎？,2026-02-02 18:02:08,國泰,負評,視覺設計,字體與可讀性
pintin Tseng,1,經常當機，只有文字表格，數字全部沒有，只能重新登入才會恢復，但不久又會發生。都不見改善，非常忽視客戶權益。,2026-01-28 09:44:16,國泰,負評,視覺設計,字體與可讀性
Sordo Chen,1,黑暗風格的部份，可以直接抄樹精靈的配色嗎 我的意思是直接抄它們的色彩代碼，你們的黑紅綠有夠怪的，搞了那麼久，也還沒全部黑暗化，都更新些沒啥用的功能，K線的功能有跟沒有一樣，也滿容易出不來,2026-01-27 02:28:43,國泰,負評,視覺設計,色彩與配色
Lin Chen,1,國泰證券 APP 美美的，但完全不好用！ 費用、成交量、追蹤指數、定期定額…沒辦法一次看全，要跳一堆頁，還常靠外網查。 感覺金融研究員跟工程師沒說話過，決策完全不友善。 拜託國泰，別再只會做「漂亮」了，先讓人下單順暢好嗎？字夠大(可以自己調整大小嗎？)，但下單像迷宮，資訊看一次就頭暈！,2026-01-21 17:38:20,國泰,負評,視覺設計,字體與可讀性
鍾國盛,1,"個股下單的頁面為什麼要把""買進‘’跟‘’賣出‘’放在最後的選項？也沒有再多一個確定鍵，為什麼不能跟台新銀行可以先確定買進還是賣出最後再按確定？？我剛按完要買幾股之後，畫面馬上轉回去手掌邊緣就直接按到賣出！！超爛的！！要不是需要買美股手續費比較便宜，如果有其他銀行差不多手續費就直接轉戶頭！絕對不跟朋友推這超危險的app",2026-01-15 10:30:33,國泰,負評,視覺設計,版面配置
Teaway,2,可以新增三竹介面嗎？介面不習慣。,2026-01-10 02:02:42,國泰,負評,視覺設計,整體介面設計
Joanne Chiu,5,這兩天app都無字天書，只有總計有數字 感謝,2025-12-03 18:01:04,國泰,正評,視覺設計,字體與可讀性
Chris米,1,這幾天進去app，動不動就是全部的數字都無法顯示，要過一陣子才會正常，這樣看股票真的很不方便,2025-12-02 19:28:04,國泰,負評,視覺設計,字體與可讀性
taiLing tsou,1,之前一律全黑底顯示看得很清楚，但現在部分改成中空顯示反而不清楚。可否改回全黑底？,2025-11-21 12:14:09,國泰,負評,視覺設計,版面配置
許騰元（Mos）,1,為什麼下單畫面一直反灰都不能用常常當機搞什麼東西啊,2025-11-21 10:01:36,國泰,負評,視覺設計,版面配置
Andre Liu,1,什麼鳥功能啊 多了配息計算 還是少加了借劵的配息啊 真的是無腦設計 什麼時候改好,2025-11-05 13:08:01,國泰,負評,視覺設計,整體介面設計
鄭元帝,5,蠻好用的 介面簡潔俐落，想用的功能按鍵都不會找不到 期許也會加入美股etf也有股息再投入的功能,2025-10-19 14:28:07,國泰,正評,視覺設計,整體介面設計
曉榕,1,"為什麼有時候可以滑動介面有時候又不能滑,讓我覺得這個app真的很爛,而且要重新開關機很多次才進得去,你們的國泰證券,真的要去買個賣,根本就沒有辦法進去,真的是浪費時間",2025-10-16 12:10:51,國泰,負評,視覺設計,整體介面設計
MeiMei Huang,1,第一次使用，也沒用過別家的，兩個月下來發現真的很多問題，反應多次但客服堅稱沒問題，還說沒人反應，也沒有任何要接受app問題改善，態度就一副跟我無關，愛用不用請便。 補充：要你借錢時很積極，態度狂推猛推，非常怕你不欠錢，我要也是找別家，看清楚這家金融集團。 9/28 app維護，9/29又出問題，客服每位都慢慢來回你，不然就回沒辦法處理。 這態度堪稱最囂張集團，還沒用的千萬不要上當。 從上面更新日期就知道置之不理了，底下回覆是應付交差嗎？,2025-10-12 13:14:04,國泰,負評,視覺設計,版面配置
TinTin Hsu,3,複委託看不到當月的交易記錄，對帳單只能看到上個月跟之前的，一般來說是最近的交易最重要吧？反而查不到，這設計邏輯令人費解,2025-10-03 07:07:16,國泰,中立,視覺設計,整體介面設計
黃婷鈺,3,近期使用行情介面常常只有股票代碼沒有名稱，再點選其他成交價，漲幅都是一樣的狀況，整個頁面都這樣，重新登出也還是一樣，我也拉掉重新下載也一樣，最近更頩率很高,2025-10-02 10:53:22,國泰,中立,視覺設計,整體介面設計
Lisa,1,庫存內可以設計成直接看到成本與市價嗎？不想看市價還要往下拉。 今天10/1已實現及對帳單下都看不到資料，明明幾天前有交易，app壞了嗎？去更新也沒用,2025-10-01 14:42:02,國泰,負評,視覺設計,整體介面設計
柯柯,1,新的版面非常難用，害我賣錯股票，舊版面把買進跟賣出放在上半部用點選的，而不是現在排在下面會害人按錯,2025-10-01 10:14:53,國泰,負評,視覺設計,版面配置
宋秘罕,4,"下單介面改回舊介面行嗎，很容易按錯，不好操作,請盡快改回吧",2025-09-30 22:18:16,國泰,正評,視覺設計,整體介面設計
Justin,4,昨日9/25系統更新後，使用起來介面開始會卡頓不順甚至當掉，致必須重開程式，請協助改善,2025-09-26 12:31:54,國泰,正評,視覺設計,整體介面設計
楊建東,4,說明很清楚,2025-09-17 14:29:55,國泰,正評,視覺設計,版面配置
Alan,3,損益試算和自訂成本的計算邏輯是什麼？帳務頁面的未實現損益和現值有些和下單頁面顯示的數字不一樣 自訂成本的邏輯也很奇怪 自訂成本之後有些庫存股票的現值-成本的損益數字竟然跟系統顯示的對不上 如果自訂的成本有小數點是四捨五入還是怎麼樣 拜託給我個詳細的說明讓我知道該怎麼算,2025-09-13 01:10:17,國泰,中立,視覺設計,字體與可讀性
夜羽,5,介面有變好用非常多，感謝,2025-09-02 09:29:37,國泰,正評,視覺設計,整體介面設計
許彼得,3,請提委託單/直接顯示在看的交易張數或股數！不用再按箭頭才能看到！ 另外成交單公司 ， 提供可以直接按下 一樣連結到下單畫面！ 已經電話反應 許多次！！！ 我就納悶 能夠提供好的方案為何不執行改善呢？？？,2025-09-01 10:58:34,國泰,中立,視覺設計,版面配置
何偉豪,2,希望能增加即時損益試算這功能，不懂這功能蠻好用的欸，為何不加入？輸入個數字就可以知道當這個股價到來可以是多少正負報酬，,2025-08-27 20:06:34,國泰,負評,視覺設計,字體與可讀性
喔Hi요,2,下單頁面為什麼不讓人有試用期或是自選，改了不應該改的不更新還強迫更新不然一直莫名斷線，會常使用下單都是每天使用的人，換按鈕位置是大忌難道你們不知道嗎？而且要買賣按鈕只要一錯會害很多人。你們要這麼搞垮你們的程式嗎？設計的人怎麼了？原本頁面很清楚看得懂，但要微調也不讓人有適應期或是選擇權。這期間更新程式後有多少人因按鈕錯誤了幾次？能否處理改正，謝謝你們。,2025-08-02 02:03:44,國泰,負評,視覺設計,版面配置
mei chen,4,「下單頁面」上方各欄位，可不可以不要用綠底，會讓人誤以為要賣出，建議改成其他顏色。,2025-07-22 13:31:45,國泰,正評,視覺設計,色彩與配色
Gung Andreas,1,把股票下單買入賣出的選項改回來，現在兩顆按鈕在最下面左右超容易按錯的,2025-07-14 14:38:19,國泰,負評,視覺設計,按鈕與圖示
BlackBear Taiwan,5,5月底更新3.6.62版後「海外股票」裡的「成交」訊息沒有顯示股票名稱，無法知道該筆交易是哪支股票的交易，還要去委託單找相關訊息確認。 還是把股票名稱加回到成交訊息裡比較清楚。 6月3日的更新版3.6.64已經有顯示股票名稱的訊息，感謝飛快的處理👍,2025-06-06 10:32:46,國泰,正評,視覺設計,版面配置
Jspp,3,最近老是在我要出借 那邊無滿意，按了又跳回主畫面,2025-05-20 14:54:54,國泰,中立,視覺設計,版面配置
J L,4,1.功能及介面都很讚，但個股的資料顯然沒有更新。 2.舉例來說，個股6128在2025/4/17除息，但直到當天（今日）查詢，此app的行事曆、股利仍無該資訊。但同為國泰的隨身證券app早已有完整更新。其他個股也有類似情形，不是個案。,2025-04-17 10:53:52,國泰,正評,視覺設計,整體介面設計
RM,2,每切個畫面轉2～3秒 山竹的不到0.2秒 速度差10多倍,2025-04-15 13:31:14,國泰,負評,視覺設計,版面配置
Joseph Tao,3,缺點： 1）行情頁面公司名稱的字體大小不一致 2）缺乏全套黑暗模式 3）線圖無法同時顯示更多指標 4）缺乏ETF 溢折價資訊 （請多參考富途牛牛和富果 app 的設計思維。）,2025-04-10 20:14:25,國泰,中立,視覺設計,字體與可讀性
長弘,3,點股票貸款的說明會先跳出bitly字樣才會轉跳網址，有點奇怪吧,2025-04-06 01:26:34,國泰,中立,視覺設計,字體與可讀性
Vanessa,1,難用到爆炸，為什麼舊的樹精靈你們放棄，無止盡轉圈？他明明買賣下單順利直覺化， 新系統我還要等一下再確認下單。 有庫存會預設賣出，到底為什麼？我就不能再買進嗎？到底為什麼要預設賣出？也不能改預設，這樣的設計原因是什麼？是在做手腳，要讓人下錯單你們好再賺手續費嗎？ 系統介面雜又亂，UI UX在搞什麼,2025-03-25 09:43:33,國泰,負評,視覺設計,整體介面設計
Jwoluen Hor,1,2025-03 “我的”畫面最上方重疊！ 2025-03 更新版本後，畫面上方按扭圖示，在手機邊緣，有的還和攝像頭重疊，很難使用，本就很難找到登出，現在更難了！怎麼越改版越糟糕？！ 2024/04/25 複委託港股下單，一直出現“後台資訊系統異常”！ 客服電話，無人接聽！,2025-03-24 09:27:26,國泰,負評,視覺設計,版面配置
Rita Tein,1,明明已在登入畫面，要更改委託價格時候，突然出現說要再重新登入，但多按幾下有可能就可以正常更改，因為這樣無法即時改價格損失了不少啊,2025-03-19 11:53:45,國泰,負評,視覺設計,版面配置
陳昱儒,1,破爛設計，垃圾介面,2025-03-08 16:53:34,國泰,負評,視覺設計,整體介面設計
隨風行,4,ETF裡面新聞都沒有新聞 終於出黑色介面，謝謝,2025-03-03 09:54:03,國泰,正評,視覺設計,整體介面設計
WD L,2,太棒了！有深色模式了， 希望可以更多介面都可以變深色模式謝謝你們~ 很讚,2025-03-01 08:56:20,國泰,負評,視覺設計,整體介面設計
陳春海（Stracy Chen）,3,使用Android 密碼自動帶入會把密碼填到身份證字號欄位，請改善,2025-02-03 16:28:30,國泰,中立,視覺設計,字體與可讀性
洪靜君,3,在1.3當天晚上台股庫存及自選股票庫存畫面，我有截圖起來，但評論無法發截圖，我寫完評論後幾分鐘，股票顯示畫面就正常_了____________________________為什麼股票的顯示都是錯誤的，波若威變成穩得，一詮變成瑞軒？是發生什麼事,2025-01-07 09:49:31,國泰,中立,視覺設計,版面配置
曾舉敏,5,簡單清楚,2025-01-05 19:15:05,國泰,正評,視覺設計,版面配置
Andy Chen,2,s23 ultra App登入顯示的通知都會過大然後偏右下角，導致字被擋住。 更12/14 比如說系統維護公告，一開始打開會有顯示，它就會在右下角，被擋住一半。更01/05請問團隊有收到反饋了嗎？目前仍然會遮擋資訊。,2025-01-05 12:30:16,國泰,負評,視覺設計,字體與可讀性
ChenYu Huang,3,1.反應速度慢 2.下單介面上櫃股票代號顯示錯誤，點選整張或零股，股票代號顯示名稱不一樣，下單會猶豫。,2024-12-27 09:51:03,國泰,中立,視覺設計,整體介面設計
Alesya,1,股票分別買入不同價位跟張數，結果你們張數給我都混在一起沒個別分開，均價也亂跳還要自己換算，已實現的部分，金額還會強制被更改不同數字，類別 現沖交易還被更改為現股交易，而且現沖的金額根本不是我初沖的金額，現股跟現沖的類別裡面的買賣金額成交數字全都是錯的，第一次遇到這個情況有夠離譜，國泰證券真的爛的可以 可悲,2024-12-23 01:48:43,國泰,負評,視覺設計,字體與可讀性
Suman,3,1.總資產都只有現股（未出借股票）總市值，無法得知實際市值若干，請在App新增“出借股票之總市值”項目 2.權益補償請寫清楚是哪支股票 3.複委託美股看不到配發的股利 請改善App功能,2024-12-05 15:27:17,國泰,中立,視覺設計,版面配置
周山姆,2,能更改面板顏色嗎？ 這種淡色的很不適應。,2024-11-26 12:55:31,國泰,負評,視覺設計,色彩與配色
Min Shi,1,美股開盤時，幾乎都會卡住，害我要賣的時候根本無法賣，很扯，平白無故損失很多錢，平時登入時也常常畫面卡住轉圈,2024-11-21 23:01:00,國泰,負評,視覺設計,版面配置
Kuo-Yuan Chien,1,無得知借出證券的當日市值的功能。想知道的話，必須自己找出股價跟股票張數，然後一檔一檔手動加總計算，明明是簡單的介面、類似excel的功能，別間券商(元大)就可以做的到，國泰證就辦不到，可不可改善一下？ 此外，匯入權益補償也不清不楚，匯款備註就只寫權益補償，龍不知是哪支股票的股息、金額是多少，能否標示清楚，而不是整綑丟給客戶…,2024-11-21 13:43:23,國泰,負評,視覺設計,版面配置
Yvonne Yang,4,以下建議看能不能修改APP 1. 查看「股票出借」後，會在這個功能下操作很多如我要出借之類的功能，但是沒有按鍵可以直接返回到原本的主畫面，要一直按返回鍵才能回到最原本的主頁 2. 能否有全部出借後的股票總市值，都不知道到底總共被借了多少。 3. 是否能在庫存頁裡看到，被借走哪些股票，才能知道自己其實真正的總庫存量是多少。,2024-11-19 20:06:03,國泰,正評,視覺設計,版面配置
Baki Cheng,5,介面友善，易操作。,2024-11-07 12:59:01,國泰,正評,視覺設計,整體介面設計
cu w,1,操作介面有夠糟糕的app，可以參考其他券商，如兆豐等等,2024-10-29 09:50:38,國泰,負評,視覺設計,整體介面設計
YK YK,1,股票貸款的功能設計的很直覺很好，但利率高成那樣直接讓這個功能變裝飾,2024-10-16 01:14:38,國泰,負評,視覺設計,整體介面設計
roy lin,3,想先試用操作介面，希望可以未開戶登入即可加入股票看盤，先前在別家卷商因介面更新後難操作而轉換別家。,2024-10-15 09:15:59,國泰,中立,視覺設計,整體介面設計
林家浩,1,改版後 借卷介面超難使用與設定 很多人在相關討論板或FB社團大吐苦水 反而舊版簡易好設定~（新反應）借卷專區無選項回到原介面的首頁~當在借卷專區點選過多項目後~光要返回並跳出借卷專區就要一直上一頁~,2024-09-22 23:53:29,國泰,負評,視覺設計,整體介面設計
lys,1,在一開始進app的“選股“查詢時還會直接跳出來，再繼續查其他檔時，就不會跳出來了，完全沒有選項可以點，需要不斷地重新關掉程式 回覆客服：就是進入選股後上方可以查詢股票的地方，經常輸入股票名稱或是數字時沒有反應，需要跳出選股或是離開app再進入，然後就這樣一直循環,2024-09-20 16:37:23,國泰,負評,視覺設計,字體與可讀性
AH K,1,哇靠，點進app被要求更新，更新完了之後，點指數成分畫面就開始一個圓圈一直轉，跑不出東西是怎樣，不如不更新。 2024/9/7更新狀況，還是一樣一直跑圈圈沒資料喔喔，要去點其他欄位之後再跳回去才會正常，所謂可正常使用是指這樣的話，也太不方便了吧，就是bug啊。,2024-09-07 01:24:31,國泰,負評,視覺設計,版面配置
Change J,3,使用體驗還可以，除了曾經有一次交易量大時間下單系統說我未完成下單，結果我重新下單後發現，剛剛跳錯誤的交易其實有完成委託……這是目前使用一年多來唯一遇到的狀況。 但有一點還想吐槽，能不能出一個黑色板本的介面，晚上想上去看一下資訊，都白色底看一下而已眼睛就超酸的……希望能改善這點。,2024-09-06 09:58:43,國泰,中立,視覺設計,整體介面設計
Yume Tobu,4,點進個股之後，上面那一大格大字的股價和漲跌幅摘要常常都空白，只能從K線圖裡去看小字。,2024-09-04 12:52:59,國泰,正評,視覺設計,字體與可讀性
林晉賢,3,股票出借 頁面沒辦法前往上一面回到主畫面。 主畫面 點選股票出借。 不是券差。 就是雙向借券 那個 看庫存 委託出借。,2024-08-22 10:44:17,國泰,中立,視覺設計,版面配置
Jas Woo,2,樹精靈要查配股配息需要再重新登入 國泰證劵，很麻煩 ！網頁設計拼拼湊湊！,2024-08-16 15:53:39,國泰,負評,視覺設計,整體介面設計
Cee,1,這次更新依然難用 為什麼原本放在我的的主畫面要改行情 要看個庫存要找超久 是有什麼問題啊 越改越爛,2024-07-26 22:14:36,國泰,負評,視覺設計,版面配置
金小銓,5,為何沒有螢幕恆亮的功能呢？這樣開盤沒多久畫面就會關閉，無法一直盯盤真的很麻煩 6/5：聆聽客戶建議，並能為客戶提出的需求而修改，很棒！特地改為五顆星，謝謝,2024-07-12 01:15:46,國泰,正評,視覺設計,版面配置
張哲瑋,4,有白色的UI介面很喜歡，但行情自選正能顯示的資訊太少，希望能夠調整項目大小，也有發現蠻多介面上方由於有橫向選單，佔去蠻多空間，如果在上滑過程可以自動收縮更好，或將選單整合到轉軸內。,2024-07-09 10:35:16,國泰,正評,視覺設計,按鈕與圖示
Keisho Lai,3,樹精靈的部分有異常，手機畫面切換時，重新讀取成功，但會卡在登入中狀態，無法操作。,2024-07-09 10:27:33,國泰,中立,視覺設計,版面配置
hoseahcj,4,謝謝開發人員的回答 進去用了一下，感覺像這個App 比較偏重一定期定額 個股的資訊比較沒有那麼充分 不過有個好處，下單的時候不會按錯 樹精靈有時候想要買結果按成賣了 這個真的很重要 還有這個App因為功能選擇太多 結果看起來就是沒那麼簡潔 要多按幾個按鍵才能進去你要的功能 搞得有點太複雜 希望能設計的簡潔一點,2024-07-03 19:25:05,國泰,正評,視覺設計,整體介面設計
吳小東,1,下單跟委託畫面加減價功能無法使用，麻煩改善，現在又不行操作，實在很不方便，再麻煩再次改善,2024-07-01 08:56:55,國泰,負評,視覺設計,版面配置
DzJun Cheng,1,這次改版以後UI出現很大的bug，在（我的）的個人頁面中上下滑動會出現前後兩層圖片文字重疊的情況，待官方修正後我再調整評價（手機為sony 1 III，系統安卓 13 ，供開發人員參考),2024-06-19 13:33:16,國泰,負評,視覺設計,字體與可讀性
余宇燦,1,改介面後大扣分，不如原本的直覺,2024-06-17 08:59:34,國泰,負評,視覺設計,整體介面設計
淡白Danbai,3,介面更新後一直閃退 9點開盤到現在1個小時已經閃退3次... 型號pocof5pro,2024-06-14 09:09:57,國泰,中立,視覺設計,整體介面設計
胡子,5,介面清晰 操作簡單，目前遇到最困擾的缺點是定期定額庫存更新的速度，扣款當天晚上八點都還不見當日扣款的庫存增加，希望可以更的快點,2024-06-11 19:35:18,國泰,正評,視覺設計,版面配置
林宜樺,4,App錯誤，擔保品領回後，數字異常，賣出後已實一樣是錯誤的，請修正更新,2024-06-07 11:22:41,國泰,正評,視覺設計,字體與可讀性
啊腦弱先生,3,6/7發現下單跟委託畫面的加減價功能壞掉了，手機sharp sense 7，然後建議加入加減股價的畫面能即時試算，比方扣除手續費跟交易稅台幣淨損益功能，就不用一直切畫面看,2024-06-07 11:18:07,國泰,中立,視覺設計,版面配置
劉宇豪,3,請問我有買一張00919群益，為何在國泰證券APP打開 後 左下角我的，介面按配股配股，看不到？ 累積現金股息顯示0？？求解,2024-05-11 17:21:07,國泰,中立,視覺設計,整體介面設計
やみ君,3,什麼時候能出智慧下單/更多顏色背景/多重指標呢?使用上不知道是不是涵蓋東西太多太雜，滑動上非常不順暢，所以在改善前應該大部分還是去用樹精靈。,2024-05-02 14:17:27,國泰,中立,視覺設計,色彩與配色
YJ SU,1,頁面背景只有固定的白色很傷眼，現在很多股票程式都會設計深色背景，為何國泰這大公司會忽略這個呢，剛安裝摸索操作幾十分，看到眼睛好難受，這問題不解，只能改安裝其它券商程式,2024-04-15 21:22:46,國泰,負評,視覺設計,整體介面設計
33 lin,5,國泰APP有多項很棒功的能，完全站在投資者的立場設計，可以看到國泰的用心。真心推薦給大家。,2024-04-11 10:45:44,國泰,正評,視覺設計,整體介面設計
黃喵喵,3,1. 操作介面不友善。 2. 查詢不到歷史委託 3. 自選選股篩選條件僅智慧選股，無其他自選其他選股方式；如成交量排行、成交值排行、股價排行等。,2024-04-04 02:00:44,國泰,中立,視覺設計,整體介面設計
t Carol,2,更版後，帳務中復委託的定股股數累計錯誤，實際有40幾股，卻顯示成其他整股的數字。,2024-03-25 08:48:59,國泰,負評,視覺設計,字體與可讀性
廖廖,1,常常報價數字跑不出來，超卡 有次下單成功但頁面一直卡沒更新，重開亦是如此，害我以為沒下單成功導致重複下單,2024-03-20 09:26:50,國泰,負評,視覺設計,字體與可讀性
Rebecca Hsieh,5,畫面比樹精靈漂亮，但可否提供 dark mode，不然一片白的用起來眼睛好痛,2024-03-12 15:13:36,國泰,正評,視覺設計,版面配置
KENGYU CHANG,5,手續費超優惠 介面簡潔清晰,2024-03-12 09:27:28,國泰,正評,視覺設計,版面配置
Alex Chen,3,"請問app底色可以新增黑色選項嗎? 紅綠的字配白底, 眼睛很吃力 樹精靈又經常斷線 無法改進 (update, 感謝您的回應, 希望能有改善)",2024-03-08 18:06:13,國泰,中立,視覺設計,字體與可讀性
Vid Da,1,"## 在「成交」頁面下，點擊個股名稱或代號，不會連動開啟K線走勢圖 (在委託和庫存底下可以)。## 國泰證券app無法查詢除權息資訊，得從樹精靈查詢。## 連動性有夠差。版面顯示浪費一堆留白的空間。持股或交易多時，非常不易查詢、閱讀。使用不易。 
------------------------------
--分行-- (已修正) 未成交的委託單無法重複刪改!!! Samsung S23U. (20240117) 。",2024-03-05 10:54:11,國泰,負評,視覺設計,字體與可讀性
Gray Mao,1,三星的Android 14，跳出下單確認框時解析度會跑掉，確認框會超出螢幕畫面 (和2/5 pixel手機使用者留言遇到相同問題),2024-02-17 00:57:14,國泰,負評,視覺設計,版面配置
Leva Lattimore,3,今天要下單，到最後一步確認金額股數畫面時，整個畫面右偏，造成完全看不到金額那欄，是否是程式的問題，我手機pixel 6 pro，之前下單正常,2024-02-05 11:30:00,國泰,中立,視覺設計,版面配置
李晧暐（Misster Hao）,5,真的好用！！介面很好看,2024-01-17 14:23:27,國泰,正評,視覺設計,整體介面設計
Max,1,最差的下單軟體，更惡劣的是寄送行銷電子郵件，在郵件內文最下方的 取消訂閱 字樣竟然是連結到下載軟體這裡，真是夠了！,2024-01-11 07:16:23,國泰,負評,視覺設計,字體與可讀性
shaly1149,2,"進到調整額度,並不想操作却一直退不出去,是何故,難道是強迫我非調整不可,完全停擺劃面。 請改進 只好到樹精靈去下單,但是樹精靈查看未實現部份,很傻眼,版面排列很難看,不易比較,不能一目了然.直到目前的最喜歡的還是永豐證最令人明瞭,明細表最簡單.",2024-01-10 14:46:17,國泰,負評,視覺設計,版面配置
Wj Ko,1,為何最近國泰證卷和樹精靈變無法使用，啟動都馬上閃退連登入畫面都無法到達，怎麼解除安裝後重新安裝後還是一樣呢？是不讓客戶下單是嗎？,2024-01-03 14:57:10,國泰,負評,視覺設計,版面配置
Angel Lai,5,很讚！好操作，尤其對新手人士，是天花板的設計！,2023-12-27 09:38:46,國泰,正評,視覺設計,整體介面設計
張駿豪,5,這app會不斷更新好用的功能，介面也很美觀，非常推薦,2023-12-19 08:46:03,國泰,正評,視覺設計,整體介面設計
Jackie kk (天然手作原創設計),5,初次登入要你修改密碼 輸入完成後跳出一個視窗要你填寫身份證字號 不知道要點哪裡？就卡在這一關 後續聯絡客服已解決問題,2023-12-01 09:23:11,國泰,正評,視覺設計,字體與可讀性
鬧事仔玩具兵,1,登入之後任何應該顯示出數字的地方都完全不會顯示任何數字,2023-11-08 14:04:49,國泰,負評,視覺設計,字體與可讀性
Robin,1,app打不開，登入畫面都沒看到一直閃退，重新安裝也一樣，後來找到解法，android webview刪除重新安裝就好了,2023-11-07 16:45:02,國泰,負評,視覺設計,版面配置
k yan,1,過了三個多月了一直說要優化借券功能是優化到哪裡了？ 就叫你們直接改回舊版是聽不懂是不是？ 讓我們可以一單一單出借很難是不是？ 還是國泰連這點錢都要省？ 團隊是不是都吃飽了撐著根本沒做事啊！ 這段時間的收益減損是你們要補給我？ 到底是有多聽不懂人話啊？ 借券這個選項找了20分鐘都還不知道怎麼借出去，你們國泰是只想越做越爛是吧？ 客戶希望的簡單明瞭的介面怎麼就是作不到勒？ 難怪贏不了其他家 唯一能搬得上檯面的就只要28折了,2023-10-31 12:43:13,國泰,負評,視覺設計,整體介面設計
C.H. Zhou,1,股票出借系統可以快點改回來嗎？ 隻數較多的股票只能整單借出，無法分開數量分批出借，且利息計算方式也很有問題，我出借10張股票就應該給我10張的利息，你們的客服居然說：因為是在同一筆借出就只能算一單的利息 這個回覆我聽到是真的很傻眼 就是不能分筆出借，所以才只能一次借出啊… 不能理解這種只想著優化美觀卻降低實用性的系統設計,2023-10-23 13:44:58,國泰,負評,視覺設計,整體介面設計
黃綋恩,5,介面流暢，整合很多功能！,2023-09-25 13:36:06,國泰,正評,視覺設計,整體介面設計
黃橙橙,3,主畫面一直轉圈,2023-09-20 09:21:12,國泰,中立,視覺設計,版面配置
laibuy Lai,1,選股功能的自設條件，無法修改刪除，而且有字碼錯誤的問題，請更新吧！,2023-09-09 06:11:52,國泰,負評,視覺設計,字體與可讀性
Will Lin,1,借券計算吃小額投資人豆腐 改版後功能越改越爛 能設計的這麼難用也真的很不簡單！ 按 逐筆約定後 就轉圈圈卡死 到底寫什麼程式！？ 這種爛品質也能驗收？也敢上架？ 負責主管下臺負責吧！,2023-08-29 13:57:49,國泰,負評,視覺設計,整體介面設計
Shiki,1,三星 S23 Ultra，安卓13，個股行情畫面都跑不出來，看不到股市漲跌，安裝隨身證券，又說我沒權限觀看,2023-08-25 20:44:06,國泰,負評,視覺設計,版面配置
L,4,您好，希望在”出借中的庫存”畫面中新增顯示借出去的股票的市值功能，謝謝,2023-08-19 19:06:59,國泰,正評,視覺設計,版面配置
裕,3,群組名稱不能打中文字數限制打不了幾個字,2023-08-17 18:41:58,國泰,中立,視覺設計,字體與可讀性
Bi-Ju Chiou,3,借券操作及設定非常不直覺，例如我有庫存股票須單獨設定借券條件，但我必須從2000多個股票代號中擇選出我的特定庫存股票後，才能繼續設定。非常難用，真的建議不如改回原功能。或是自動帶入庫存尚未出借股票，畫面資訊清楚 簡單 明白，操作也有效率。謝謝。,2023-07-29 13:29:37,國泰,中立,視覺設計,版面配置
hui,1,美股報價都沒有買賣的成交量，只有價格是讓人怎麼判斷即時價格的量多少呢？程式設計員到底是有沒有在實際操作過？,2023-07-28 15:19:39,國泰,負評,視覺設計,整體介面設計
Charmmy Yang,1,出借股票介面改版之後一直出借失敗叫人等等再試也不說明原因 真的很難用,2023-07-24 13:47:58,國泰,負評,視覺設計,整體介面設計
James Pan,1,借券介面非常不友善，查詢資料要繞一大圈才查詢得到，需要改進，謝謝,2023-07-24 12:25:49,國泰,負評,視覺設計,整體介面設計
小瞇,2,股票出借設定，更新後變得很難使用，操作方式變成複雜，介面不清楚明瞭,2023-07-24 01:31:22,國泰,負評,視覺設計,版面配置
lee hiram,1,借券系統問題都沒有更新，一再跟國泰反應都是很禮貌的會反應，然後就沒下文，原本堪用的借券系統，更新後改成一檔股票借券只能一次下一筆單，借出後才能再下一筆，實在讓人大開眼界，而且介面上只看得到借出那幾檔但是看不到借出張數，反應多次依然不改善，也不更新，也不說明，如果是刻意要刻意刪減功能也應該公告，讓不合適的用戶盡快離開去其他券商。,2023-07-22 21:20:14,國泰,負評,視覺設計,整體介面設計
14 HS,1,7月初當機頻繁，不但APP有問題，國泰的資料中心也常出包，例如憑證異常無法下單及查詢，也太誇張。 證券類出了名不好用，盼了更新好久，結果...恨鐵不成鋼。本來就不好用，還會有系統當機，還好我沒當沖，2023/7/3改版後雙向借卷竟能改的更不方便，無用頁面又更慢，這軟體工程師大概自己沒投資股票吧，完成時肯定也沒人驗收，這樣也能交差！？ 7/20 雙向借券真的很難用，各種反人類設計，我投降放棄了，停止使用，股票還是用元大跟群益比較好，沒有系統忙碌不理人的問題，也沒有設計勸退使用者的雙向借券，想用國泰請三思...,2023-07-19 15:16:46,國泰,負評,視覺設計,整體介面設計
陳蕾蕾,2,出借的部分沒有以前的版面好理解,2023-07-18 12:32:48,國泰,負評,視覺設計,版面配置
林虹均,1,平常不太留言的，但這次的更新真的讓人覺得介面不舒服到極致！ 借券達一定利率就自動借出確實有增加我的出借次數。 但介面完全是敗筆，一進去就顯示大大的“幾檔股票出借中”＆“出借收入多少”，但完全點不進去、看不到細項，只能從其他拐彎抹角的小選項中慢慢尋找到，非常不直觀。出借收入也完全看不到細項，例如這收入的計算區間？什麼股票收益多少還要自己key代碼、key區間慢慢查，真的很爛很爛很爛很爛，各種不直觀的操作超級不舒服的。,2023-07-18 02:20:20,國泰,負評,視覺設計,整體介面設計
Luke Len,1,新改版後借券頁面查詢變得非常不好使用，無法清楚查詢自己可出借的庫存股票，無論委約狀態或是費率查詢以及借券收入，都需在所有股票海(國泰證券流通借券的所有項目內)先撈到自己持有的股票，再逐一設立查詢時間區間，才能一一查詢約定費率及剩餘張數。 設計無腦至極，傻眼,2023-07-17 16:03:39,國泰,負評,視覺設計,版面配置
黃俊傑,1,借券介面更新後讓使用者非常難使用,2023-07-17 08:48:40,國泰,負評,視覺設計,整體介面設計
西達,5,還要跳好幾個畫面......麻煩 能縮點步驟，會更好操作,2023-07-15 13:03:09,國泰,正評,視覺設計,版面配置
MNO3114,2,你們更新之後，股票借券超級南用，之前的介面簡潔易操作，現在的完全看不懂，查找更困難，你們越改越難用，我是人類……不是AI……,2023-07-12 11:30:55,國泰,負評,視覺設計,整體介面設計
LuChung Chu,1,給一星是真的很希望把出借股票系統改回舊版，舊版介面可以很容易知道庫存並自訂出借張數與費率，自從新版上線後成交率和利率變的非常差，就算選擇由國泰決定也一樣，在新版不夠完善前，懇請改回舊版，這種體驗讓我認真考慮改用其他券商了,2023-07-11 18:00:35,國泰,負評,視覺設計,整體介面設計
戴伯璋,1,更新國泰證券app後 借卷專區介面沒像之前一目瞭然 之前的比較好用 既然改版，理應比之前更進步些 如果沒辦法，回到之前介面比較可以接受 請多多加油,2023-07-08 14:39:04,國泰,負評,視覺設計,整體介面設計
凌安,1,基本關不掉，新改的股票出借介面也很難以操作，想看單筆交易細節竟然還要自己去查然後輸入…,2023-07-06 14:07:42,國泰,負評,視覺設計,整體介面設計
ick R,1,可以還給我以前的設定模式嗎？ 以前逐筆新增借出的時候，可以看目前的出借費率，現在要逐筆調的時候都看不到匯率，要跳出去才看得到。 而且不知道要怎麼借出，點選股票只有我要出借（200張）點選後庫存只有單張的沒有反應，只有複數張以上的才會有調整介面跑出，改成這樣到底是要給股民方便還是給系統方便，搞不懂，一點都不人性化。,2023-07-06 11:11:28,國泰,負評,視覺設計,整體介面設計
Bob Lin,1,新版的股票抽籤介面也太差了，改版後極其卡頓暫且不論，新版仍然不如X豐，無法即時看到已借出但尚未還券項目的收益金額，且各項明細查詢全部預設跳0050還要自己逐筆挑選輸入起迄，懷疑設計的人根本沒使用過，不如舊版。,2023-07-04 15:56:35,國泰,負評,視覺設計,整體介面設計
Annie Lo,4,更新後股票出借介面難用且反應很慢，出借明細需個股逐筆查沒有總表（未更新前有），查詢好麻煩的,2023-07-04 09:38:03,國泰,正評,視覺設計,整體介面設計
蔡小恩,5,請問借券改版後的新介面，收入與費用這個項目，可否改回之前依時間軸排列已歸還的券，而不是現在的依股票查詢？依股票查詢還要再想什麼股票已經歸還了！這樣真的很不直覺，麻煩您了。,2023-07-04 06:44:04,國泰,正評,視覺設計,整體介面設計
謝鴻林,4,資訊清楚，簡單明瞭。,2023-07-04 01:16:50,國泰,正評,視覺設計,版面配置
Yupin Kuo,1,"股票與借卷系統APP特殊配合,能使該股借卷後,該股返回成交均價為0的價格,這非常適合,能自己用功筆記的投資人,此外,查詢歷史對帳單可以五年,但 一次也只能匯出50筆,如單月買入個股多筆,且長期定期定額投資人來說,借卷後,你要找回多筆個股成交均價,猶如大海撈針,令人感到心力交瘁. Round 2 今早接到貴司詢問這題,需提供更詳細的資訊,影片跟檔案以提供給貴司客服,建議貴司,再測試APP,能有詳盡的規劃,此基本BVA test會遇到的問題,不該出現,希望後續不會告訴我,需要Reload到最下面,才能匯出全部檔案,這種設計代表設計規劃不全,還是希望貴司能站在客戶角度改進,而不是造成彼此的困擾. 建議規劃如下, 1.借卷完,歸還後,APP應該要自動算出個股原本採購的成本均價,而不是叫我自己匯出五年內的資訊去算出價格,後面再APP自己打上價格. 2.APP匯出這功能不應該有筆數限制,或者需要其他操作,才能匯出,應該查詢多久,就可以直接匯出多久,這是基本的. 2023/2/16 有改進，其借卷比其他劵商好用。 20230703 新版介面比舊版難懂，設計差，還要一直重複輸入帳密。",2023-07-03 10:02:16,國泰,負評,視覺設計,整體介面設計
憶欣,5,很清楚,2023-06-16 22:40:21,國泰,正評,視覺設計,版面配置
Hung-Chia HSU,1,[23/6/9更新]這幾天手機Realme RMX3363系統Android 13發現app版本3.4.14跑股利試算後的頁面都無反應？唉，已經好幾天?！[23/1/31]每晚7點多定期定額總成交的推播竟然昨天沒出現，今天也沒補推？不會連這都被取消了吧😕... [22/9/16]新版面挺爛的，很多易顯資訊選單都消失，竟然重裝登場 那非常願意給一顆星。,2023-06-09 13:22:50,國泰,負評,視覺設計,版面配置
耀瑩曾,5,介面好用,2023-06-05 16:17:06,國泰,正評,視覺設計,整體介面設計
az,1,根本不能用啊，看盤個股畫面都沒有資訊，也不能下單，到底？ s21+/android13/3.4.12 B62 到今天也還是一樣不能使用，連樹精靈也一樣一直取得登入資訊逾時,2023-05-26 10:01:24,國泰,負評,視覺設計,版面配置
Graece Fan,5,用這個軟体看簡單清楚,2023-05-19 07:48:15,國泰,正評,視覺設計,版面配置
Kerr,4,請問能否把國泰證券與樹精靈整合成一個APP，另外畫面選用黑色比較習慣，兩個APP一起用有點多，而且很多項目都有重疊到，所以一個比較不複雜唷。,2023-05-15 15:00:13,國泰,正評,視覺設計,版面配置
黑暗的化身（贖罪守護者）,1,按終止申購畫面會全黑,2023-05-11 10:25:07,國泰,負評,視覺設計,版面配置
粉鳥伯,5,介面清楚,2023-05-08 14:53:54,國泰,正評,視覺設計,版面配置
ALAN CHEN,4,再加一顆星！目前使用穩定，介面配色也不錯，股票軟體還有很大的開發潛力，不會永遠是三竹統一的介面，另外建議開發暗黑介面模式提供選擇，謝謝！,2023-04-26 17:33:55,國泰,正評,視覺設計,色彩與配色
廖清筆（小比 筆）,3,希望個股的配息歷史資料能寫的跟三竹股市一樣清楚 日期都標出來 而不是一整年合在一起 這樣根本不知道那個個股配息的頻率和時間,2023-03-26 23:44:06,國泰,中立,視覺設計,版面配置
H C,2,介面乾淨很多 但系統跑很慢,2023-03-06 12:24:46,國泰,負評,視覺設計,整體介面設計
Gi Gi,2,舊app e櫃台可以畫面截圖，可是新app國泰證券變成無法截圖，完全無法跟朋友共享資訊，真的是愈改愈偏離使用者需求...... 感謝小編的回覆，我也找到設定變更為可截圖，但設定可不可以截圖的功能，真的是多餘的設計，且造成使用者的困擾，所以，我維持2星評等。,2023-02-23 16:21:42,國泰,負評,視覺設計,版面配置
張峻銘,3,希望有暗色亮字的ui主題能選,2023-02-09 09:24:14,國泰,中立,視覺設計,字體與可讀性
林家慶,1,一直更新，但介面也不見的好用，不推,2023-01-10 10:19:33,國泰,負評,視覺設計,整體介面設計
chang laya,5,覺得新版介面很棒耶! 下單功能很清爽~!! 讚讚,2022-12-29 20:09:00,國泰,正評,視覺設計,整體介面設計
Jean Huang,5,讓人耳目一新的設計，好看方便又好用！,2022-12-28 08:22:03,國泰,正評,視覺設計,整體介面設計
極意,1,推播新聞點進去後，按左上箭頭離開新聞畫面，並回到程式主畫面後，馬上又會自動跳轉到剛剛那篇新聞，無限迴圈永遠離不開。 我遇到的不是閃退的問題，麻煩回覆認真一點好嗎？,2022-11-28 17:25:10,國泰,負評,視覺設計,版面配置
Jenny Chang,1,原本還好用，更新後選股功能聯結太差，進階篩選完全沒辦法用，一直跳出相同的個股，還不如不要更新，或者程式設計沒問題再上路會比較好，不然很困擾，希望快點改進,2022-11-28 07:41:20,國泰,負評,視覺設計,整體介面設計
Lun Ya !,2,讓我覺得最不方便的就是定期投資總損益，高低順序功能不見，這樣是要怎麼決定都是否繼續買？之前看重這功能而使用，現在拿掉這麼久更新完又沒恢復。早知道不要用國泰證券買。然後庫存也不能直接點選決定變更，點了竟然提示跑到樹精靈下單，我定期定額幹嘛還要跑到樹精靈，這邏輯真的問題。整個金融端都想搞E化，花這麼多錢設計這App結果越來越退步，不如把舊有的e櫃檯弄回來。可以參考一下玉山還是永豐，持續在進步，結果無論是世華銀行還是證券真的都越來越難用。失望至極。,2022-11-17 22:50:48,國泰,負評,視覺設計,整體介面設計
Andy Tsai,5,"不錯用,帳務也很清楚",2022-11-17 15:13:04,國泰,正評,視覺設計,版面配置
mumu,1,1.證券系統最爛、最不穩定的app就你們國泰！ 2.系統不流暢、每轉換畫面就一直轉圈，到底每次都要轉多少圈才滿意啊！？ 3.客服永遠都要等至少15分鐘以上才進能進線，然後進線了客服素質大部分都很差！ 4.帳務系統永遠要到8.9點才可以清楚！到底怎麼讓投資人對自己的交易可以放心？ 你們這種交易系統可以相信嗎？ 你們國泰是剛進入證券業嗎？？,2022-11-17 00:10:50,國泰,負評,視覺設計,版面配置
海豹,4,有一說一，ui設計的真的挺漂亮的，但就是有些功能不太直觀，像是選股裡的排行選股那些，真的藏的有點太隱密了,2022-11-16 10:55:59,國泰,正評,視覺設計,色彩與配色
李冠嬅,5,1、改版後帳務畫面可看到完整交易明細👍 2、定期投資專區可一次看到台、美股標的，很方便!,2022-11-14 12:38:07,國泰,正評,視覺設計,版面配置
Echizen Hsieh,5,新版介面終於上機了，有比之前好用，先給讚！持續努力改善，讓程式更完美！,2022-11-14 10:43:56,國泰,正評,視覺設計,整體介面設計
張家旗,4,帳戶總明細終於改回來了，不過還是以前介面好看又好用,2022-11-11 15:35:04,國泰,正評,視覺設計,整體介面設計
Beo,1,更新後打不開，請開除IT人員，爛透了，那麼多家app，就國泰最爛，問題最多，每次更新都有問題！！！！！ 更新一下，終於登入了，美術人員也開除，我家三歲娃排板都比這好，什麼UI介面阿！ 忘了先看評價，不該更新的！ 1星，零星都沒有！ 最爛券商APP沒有之一！ 然後還可以跳訓息說，這個APP還再優化，要什麼功能請去樹精靈，會不會太扯，那就不該要我們更新，是不是要投訴金管理，貴公司IT跟高層，才會做事！！！！！！！！！！！！,2022-11-09 07:20:22,國泰,負評,視覺設計,整體介面設計
Kaori Chiang,1,如同許多人反應，原本方便又好用的功能都不見了！ 例如數位帳戶餘額，還有持有股票資產總庫存(僅剩定期定額庫存部分) 不過新增了 已終止的申購 可以再次恢復申購，覺得這樣的功能很方便 9/22更新版本之後，更看不懂操作介面了！,2022-09-28 11:09:01,國泰,負評,視覺設計,整體介面設計
love hsu,3,您好 請問如何恢復原e櫃台APP版本，因為字體大、功能按鍵簡單一目了然！謝謝您,2022-09-26 21:14:45,國泰,中立,視覺設計,字體與可讀性
chia-yi hsu&hong,3,原先e櫃台的資產總庫存的功能很好，連同平均股價以及現價的呈現都很清楚好用，現在反而全沒了，強烈建議可以再加回來 （對於評論有所回應，好功能也已著手更新，升星給推）,2022-09-23 10:18:16,國泰,中立,視覺設計,版面配置
Yi-Wen Fang,1,呃今天登入發現改版了，覺得不好用所以特地來留言（看起來應該也不只我這樣覺得）。介面說真的也稱不上變好看，反而變難用了，找不到最基本的資訊是在哈囉（？）,2022-09-20 15:48:54,國泰,負評,視覺設計,整體介面設計
ewnud bqd,1,改版後超難用，可以不更新嗎？ 一堆用不到的功能（強迫開美股複委託的更新版） 我只想投資台股定期定額、帳戶總損益（不是只有定期定額的），且看得到我帳戶餘額（才知道每個月還要放多少錢） 公司App的設計人員到底有沒有自己在投資？ 再不改進，太爛了，乾脆就換其他證券公司的app,2022-09-18 23:30:13,國泰,負評,視覺設計,整體介面設計
賴小章,4,改版前開啟應用程式需要登入到首頁，改版後不用登入直接進首頁，當需要操作細項功能時跳出登入畫面，那何不一開始登入就好，我舉例說明，現在開啟APP直接進到首頁，挑選抽籤直接可以看到（ 可申購）再點選申購物件就跳出需要登入，登入後跳出資訊我已申購，那何不一開始就登入讓我看到正確完整資訊呢？，不覺得違反人性嗎？,2022-09-01 20:56:37,國泰,正評,視覺設計,版面配置
謝家瑋,5,"信用帳戶""續約""在APP內的顯示方式不夠明確直覺。 收到貴公司掛號信，通知可在APP續約後，進去APP後只有看到""變更額度""。於是打電話問營業員，她說在變更額度操作即可完成續約。 但是變更額度審核通過後幾天，自行再進去APP看，才發現信用帳戶契約日期並沒有延長，而且上方才新出現一排""續約""的紅色小字(之前都沒有出現)，點進去又申請一次，才完成續約。 請貴公司優化信用帳戶續約的步驟及顯示方式，以利客戶使用，謝謝。",2022-07-23 17:47:02,國泰,正評,視覺設計,字體與可讀性
JESSE S.,5,直覺簡便的介面，優惠的手續費，大推！,2022-06-21 16:12:56,國泰,正評,視覺設計,整體介面設計
miya chang,1,卷差出借系統，現在跳通知，點進去都無法提申請，致電客服給的回覆，改版可能無需求，但事實我1339開始一直點到1340畫面跳為可出借，卻無股票任何資訊可提申請，而48分卻收到推播，明顯是APP需求，客服一點也無正視這問題。,2022-05-16 14:03:00,國泰,負評,視覺設計,版面配置
tony yao,5,介面設計完整,2022-05-13 23:45:10,國泰,正評,視覺設計,整體介面設計
xin yi Liu,5,很好用的程式，各種資料跟說明都很清楚，推國泰證券！！,2022-04-27 10:20:52,國泰,正評,視覺設計,版面配置
Shuru Wang,1,無法登錄，一直說我密碼錯誤，我非常肯定密碼是正確的！結果輸入三次後要我補發，可是申請補發也不行，一直停留在空白的畫面，這是當機了嗎？,2022-03-21 22:12:25,國泰,負評,視覺設計,版面配置
蔡鳳卿,3,"您好 我的sony手機在打開此app格式會跑掉 右邊畫面會被切掉,請協助修正更新版本 謝謝！",2022-02-23 20:01:15,國泰,中立,視覺設計,版面配置
陳昱璇,5,讚！操作介面明瞭,2022-01-17 07:38:34,國泰,正評,視覺設計,整體介面設計
斷腸人,5,人性化的介面，很攢,2021-12-03 07:55:58,國泰,正評,視覺設計,整體介面設計
張逢升,5,"方便實用,辦理各種業務不用臨櫃,快速又簡單操作的介面,好棒的app",2021-11-30 17:16:26,國泰,正評,視覺設計,整體介面設計
吳淑敏,1,畫面一直跳動,2021-10-07 07:24:32,國泰,負評,視覺設計,版面配置
陳亞捷,1,最近畫面一直被彈出，又從新登入連線，沒幾分一直重複,2021-08-26 00:38:46,國泰,負評,視覺設計,版面配置
A T,3,非常卡，更新後介面有更好，但流暢度依舊非常差，如果在交易量大的時候非常容易當,2021-07-21 10:29:27,國泰,中立,視覺設計,整體介面設計
Ling Feng Cheng (沾沾),5,重設密碼流程，看手機簡訊驗證碼時會離開 app ，看完回來竟然是重跑流程重發簡訊，一天只能發兩次簡訊認證但根本沒有機會輸入，貴公司有考慮過這種狀況嗎？請在切換 app 時能保留在同個畫面等待使用者輸入，要不然你們重設密碼的手機簡訊流程就是沒有作用的。,2021-07-13 20:57:00,國泰,正評,視覺設計,版面配置
Wang Kyle,1,這是2007設計的app嗎,2021-07-13 09:56:30,國泰,負評,視覺設計,整體介面設計
dragon chen,5,介面清楚,2021-07-13 00:01:00,國泰,正評,視覺設計,版面配置
Jonson Tsai,1,額度調整的介面有問題。電話號碼蓋在輸入額度的窗口。趕快改啦～,2021-06-02 12:15:25,國泰,負評,視覺設計,整體介面設計
Liu Andy,4,1.請將開戶功能整合至證券e櫃台，不要在分那麼多app。 2.建議請設計app的同仁要參考同業app（如元大萬事通，中信服務讚，富邦證券e開戶等），介面和功能可以調整一下。 3.線上開戶不要限制只能開敦南分公司！,2021-05-02 17:04:53,國泰,正評,視覺設計,整體介面設計
Mick Tsai,2,想請問你們什麼時候才會整合app每個功能都要下載一個app真的很麻煩又很佔版面 別家都可以為什麼就你們不行？,2021-04-23 20:57:24,國泰,負評,視覺設計,版面配置
Oscar Lin,4,"額度調整欄位與後方的貼心提示字重疊, 無法進行調整",2021-04-09 11:27:57,國泰,正評,視覺設計,字體與可讀性
Minghsing Liu,1,設計非常的難以使用 操作其他功能還要下載其他的App 不了解這個APP的設計目的是什麼,2021-03-16 16:34:02,國泰,負評,視覺設計,整體介面設計
洪柏鈞,1,還是一樣啊！更新最新版本，要線上開戶一樣輸入完基本本資料（完全沒超過一分鐘），居然還是一直跳出畫面閒置太久，爛，只是換了一個圖案而已吧？,2021-03-12 09:30:16,國泰,負評,視覺設計,版面配置
哈士奇,1,太爛了，補發密碼Bug根本無法完成。 底下留言不少人反應：忘記密碼填寫身分證字號 生日，按下下一步 收到驗證碼，結果要輸入App時，App自動跳回上一頁根本無法輸入，搞屁哦。 To小編：罐頭式回覆就免了，此爛Bug不改，反應給客服是鬼打牆逆？！,2021-02-27 15:26:44,國泰,負評,視覺設計,字體與可讀性
陳勁吾,1,智障爛東西 補發密碼，按照簡訊輸入驗證碼 又跳回前一步驟，重新輸入身分證出生年月日。連續3次就鎖住。App沒有進入下一步還把我鎖住？聯繫客服，早上打下午打全都是語音，客服人員忙線中？ 建議利用智能客服？就更好笑 全都是文字敘述，只能找到情況類似的敘述，點選查看，問題還是沒辦法解決 沒本事就別學人家玩智能、玩線上、玩科技 直接打給金管會證期局投資人服務專線（０２）８７７３－５１００ 表明投訴，保證專人馬上服務,2021-02-19 15:04:00,國泰,負評,視覺設計,字體與可讀性
Alex Hsu,1,光看盤就花很多時間，差個0.5雖然只是個數字，買個幾十張漲和跌，獲利相差很大，功能不容易操作，請整合好app再開放投資人申請數位證卷商品,2021-02-17 15:57:24,國泰,負評,視覺設計,字體與可讀性
劉韋彤,5,簡單的操作介面,2021-01-23 17:01:22,國泰,正評,視覺設計,整體介面設計
曾瑞文,5,更新後庫存版面更清楚了，謝謝工程師們！,2020-12-16 20:51:13,國泰,正評,視覺設計,版面配置
顏宏明,4,目前來說，界面操作簡單，畫面清楚,2020-10-27 09:42:21,國泰,正評,視覺設計,版面配置
vivian Chen,3,更新後定時定額的成本、現值、損益、報酬率，那一排只能看到一半的數字，被截掉一半的數字了，我的手機是Google Pixel 3 XL，希望可以再做改善,2020-10-18 15:29:11,國泰,中立,視覺設計,字體與可讀性
shan,5,更新後能看見定時定額的成本、現值、損益及報酬率，比之前更清楚明瞭，真的很棒！,2020-10-16 18:28:11,國泰,正評,視覺設計,版面配置
劉建男,5,人性化的操作介面，連長輩們都不用交，看就懂。實在是完美無瑕的App,2020-09-28 08:48:21,國泰,正評,視覺設計,整體介面設計
Google 使用者,5,清晰迅速,2020-02-05 08:30:12,國泰,正評,視覺設計,版面配置
Google 使用者,5,介面設計好用,2020-02-03 12:56:34,國泰,正評,視覺設計,整體介面設計
Google 使用者,5,介面清晰,2019-09-26 08:58:00,國泰,正評,視覺設計,版面配置
Google 使用者,5,很明瞭，簡單清楚,2019-02-16 15:16:07,國泰,正評,視覺設計,版面配置
Google 使用者,5,操作介面非常清楚简単，容易上手,2018-11-26 22:52:24,國泰,正評,視覺設計,版面配置
Google 使用者,1,要線上簽署always顯示網路異常隨即跳回主畫面,2018-06-11 22:48:27,國泰,負評,視覺設計,版面配置
Google 使用者,1,太多了太多的 app 讓人搞不清楚，能不能整合成一個？,2018-05-25 03:36:01,國泰,負評,視覺設計,版面配置
Claire Kuo,3,請問系統設計上是否可以在江波圖增加均價線功能？這樣會比較好用，謝謝。,2026-01-20 06:44:18,凱基,中立,視覺設計,整體介面設計
hueimin Liao,1,看到上星期六10/18要系統維護開心了一下想說之前反應的自選股螢幕最下面狂閃會改善了結果維護完也沒改善再不改善真的要卸載換別家用了 畫面狂閃眼很痛,2025-10-21 22:21:05,凱基,負評,視覺設計,版面配置
Angela LEE,1,"用凱基隨身營業員已經很久了,習慣他的介面.這幾個月來每次1分鐘不到就被登出,1分鐘不到就被登出,非常有效率,屢試不爽,絕對可靠.喜歡試試看自動登出的可以嘗試",2025-08-20 13:15:56,凱基,負評,視覺設計,整體介面設計
wei tutu,4,已經使用10多年了，但發現自選股群組介面一直只有5組，每群組自選上限40支股票，都沒有變動過。 誠摯希望能增加群組數量或自設群組，或者群組自選上限到99支股票，當然~如果兩項都調整加大更好。 已習慣使用貴司介面，有向凱基提過上述要求，但只回我使用其他下單APP，希望貴司能採納本人意見，更新一下自選股介面，感謝貴司幫忙！,2025-08-15 23:11:53,凱基,正評,視覺設計,整體介面設計
lung-wen wei,4,更新後的介面整體流暢度很好，但紅色顯示變得太暗，在深色模式下尤其明顯，看不清楚漲幅資料，閱讀困難。 建議增加主題或顏色自訂選項，讓使用者可以自由調整顏色對比（如紅色變亮、背景變淡等），會更方便閱讀，也更友善年長使用者。希望後續版本能改善，謝謝！,2025-08-06 13:15:58,凱基,正評,視覺設計,字體與可讀性
小呆瓜,5,清楚易操作,2025-04-13 20:40:28,凱基,正評,視覺設計,版面配置
Trex Pro,3,智慧選股那裡面的股票名稱被擠成一團，看不清楚名稱是什麼，希望能夠盡快改善，謝謝~,2024-09-21 14:05:15,凱基,中立,視覺設計,字體與可讀性
lu cas,5,智慧選股內標的的字體也太小了吧,2024-09-01 16:40:37,凱基,正評,視覺設計,字體與可讀性
黃文俐,1,＜智慧選股＞內的公司名稱全部縮水，中文字都變成超級細長版，根本看不清楚，難以閱讀。,2024-08-21 23:57:58,凱基,負評,視覺設計,字體與可讀性
Dick Lee,1,"我的手機是 Samsung A52S，Android14, 10/26 更新版本經常停在與報價伺服器連接中畫面且一直當機，根本沒法買賣。怎麽越改越差呀！",2024-07-23 11:16:49,凱基,負評,視覺設計,版面配置
Rossi Li,5,希望能增加自設漲跌的字體顏色或背景顏色，手機亮度沒調高或在強光下，黑底紅字有點看不清楚！,2023-12-25 11:36:08,凱基,正評,視覺設計,字體與可讀性
崔雅茹,5,比很多款程式好用很多，按鍵功能都一目了然，還可以更清楚知道國內外的市場情況。,2023-09-06 11:49:15,凱基,正評,視覺設計,版面配置
鄭靜宜,5,比較喜歡這種多功能的軟體，隨時可以進行投資與出售，介面也很人性化化，使用方便,2023-09-04 11:08:36,凱基,正評,視覺設計,整體介面設計
Flower,1,超級難用，每次變更地址都要反覆做二三次，不會把變更條改成長長一槓純文字輸入，讓客戶寫什麼就接收什麼就好,2023-07-18 09:37:24,凱基,負評,視覺設計,字體與可讀性
Ice Mango,5,操作介面人性化 蠻好用的,2023-04-22 18:44:42,凱基,正評,視覺設計,整體介面設計
盛發震,5,數字都很大相當清楚，就算長輩使用看久也不會累,2023-03-10 16:16:03,凱基,正評,視覺設計,字體與可讀性
KELLY SU,5,覺得還不錯用！用起來很順手且介面簡單,2023-03-10 15:32:43,凱基,正評,視覺設計,整體介面設計
邦,5,還是第一次使用這種app，目前的體驗都很順暢，介面也一目了然👌,2023-03-09 16:31:42,凱基,正評,視覺設計,整體介面設計
謝弦月,5,凱基證券的APP，基本上操作界面和圖表蠻清楚的，跑起來也算很順暢,2023-03-09 14:10:03,凱基,正評,視覺設計,版面配置
yun yun wu,5,介面操作方式很簡單，不用花很多時間研究就可以上手！,2023-03-07 18:49:08,凱基,正評,視覺設計,整體介面設計
黃德山,5,容易下單 速度也滿快 操作介面也不錯 滿直覺的 新手用的滿順手 也有各種即時資訊,2023-03-06 22:31:12,凱基,正評,視覺設計,整體介面設計
安志報關AN ZHI,5,整體操作都很流暢，介面也設計的簡單易懂，推薦👍🏻,2023-02-25 00:27:42,凱基,正評,視覺設計,整體介面設計
黃健誌,5,用起來頗順手的，介面算是清楚明瞭，個人還蠻喜歡。,2023-02-23 12:33:51,凱基,正評,視覺設計,版面配置
YUKARI MACHIDA,5,直覺的UI跟簡潔的設計 上手真的非常快,2023-02-23 12:33:19,凱基,正評,視覺設計,整體介面設計
zhen Chen,5,介面標示很清楚～功能齊全,2023-02-23 08:17:26,凱基,正評,視覺設計,版面配置
天羽夏月,5,凱基證券的app，裡面有蠻多功能的，相關圖表資訊也算是滿清楚。,2023-02-22 20:48:09,凱基,正評,視覺設計,版面配置
liyu tseng,5,首頁介面完整，且提供很多相關管道，操作方式清楚,2023-02-22 15:35:47,凱基,正評,視覺設計,版面配置
미미,5,介面清楚容易上手，功能也大致齊全，各股市財金資訊也容易瀏覽，下單速度也不至於太卡,2023-01-10 12:40:50,凱基,正評,視覺設計,版面配置
貓薄荷,5,介面使用上清楚明瞭，老人家也很好上手,2023-01-06 16:15:56,凱基,正評,視覺設計,版面配置
Serin Cheng,5,介面的字體大小符合家裡長輩需求 操作起來還算方便,2023-01-04 19:17:07,凱基,正評,視覺設計,字體與可讀性
有成,5,"介面非常清楚,資料也很好容易就能找到並參考",2023-01-04 00:43:58,凱基,正評,視覺設計,版面配置
久人,3,既然出了期權智慧下單這麼好的功能 能否將移動停損或停利停損直接整合在下單介面 下完單還要再去設定一次真的很麻煩,2022-11-02 23:12:46,凱基,中立,視覺設計,整體介面設計
政翰吳,4,[財務]->[月營收表] 的各年度營收折線的 z-index 似乎設顛倒了？ 今年新的營收折線應該要顯示在最上面，才不會被舊的蓋住而導致看不清楚？,2022-06-22 08:43:03,凱基,正評,視覺設計,字體與可讀性
Woody Chang,1,很容易閃退，而且看完庫存報價個股跳出來沒畫面，還要再重新整理一次，有夠麻煩,2022-06-16 03:03:07,凱基,負評,視覺設計,版面配置
連文杰,5,"畫風精美設計貼近生活,遊戲多少需要一點改進,但是至少現在我是覺得還ok",2022-04-05 16:02:30,凱基,正評,視覺設計,整體介面設計
葉酒安逸,5,操作極容易上手，介面對用戶們都很友善，能省去摸索的時間….,2022-04-01 01:36:17,凱基,正評,視覺設計,整體介面設計
闇榮鴻,5,畫面是我喜歡的風格，繼續保持！希望看到更多更新,2022-03-31 17:56:59,凱基,正評,視覺設計,版面配置
林恒宇,2,麻煩可以把分時價量表字體改回來舊版的嗎？現在字體太小了,2022-01-19 14:56:42,凱基,負評,視覺設計,字體與可讀性
陳宜婷,4,有三個建議： 1、整股下單與零股下單的畫面，可否在顏色上有些差異，比較不會操作錯誤。 2、在整股下單，可否有自定大於多少量，在多層警示功能，以免太大量又下錯單的危險。 3、可否增加條件式下單機制。,2021-11-24 23:24:11,凱基,正評,視覺設計,版面配置
楊剛,2,為何我更新後根本無法登入，輸入密碼後閃退到原登入畫面,2021-10-12 17:32:09,凱基,負評,視覺設計,版面配置
Curtis 澤林 Tu,3,請問有關下面的問題，何時可以修正好？！ 技術線圖，轉橫向畫面時，k線與其他線圖會走鐘，比例壓縮，不利觀看。,2021-08-02 13:25:45,凱基,中立,視覺設計,版面配置
阿發仔,5,（已改善）客服快速回應，經變更設定後問題已改善，謝謝您 請問 各股顯示股價數字怎麼設定讓它呈現 紅/綠 字體（如app圖示2），我 多支手機安裝此app，僅一支只呈現白色字體，設定都比較看過了，找不到主因，求解，感恩,2021-05-18 19:27:10,凱基,正評,視覺設計,字體與可讀性
張煜宏,2,更新後 為什麼不能介面截圖 也不能分享= =,2021-04-28 12:33:26,凱基,負評,視覺設計,整體介面設計
tsai tony,1,20210425 更新後 不能截圖畫面 (抗議) (抗議),2021-04-26 11:11:25,凱基,負評,視覺設計,版面配置
簡成翰,5,Lg g8x thinQ 下載完 申請憑證後 輸入身份證跟密碼後按登入 還是無法進入頁面裡面 只能在登入畫面 可是華碩zenfone 5z就可以登入(已處理),2021-03-15 13:00:44,凱基,正評,視覺設計,版面配置
Google 使用者,3,110/2/19最近使用，一天內會閃退好幾次，造成看盤不便！！ 110年2月，更新完就不能“畫面截圖”了(要去“設定”中改--很無言的更新！)，新春紅盤後App閃退率增加不少，一天數次！ 原台証用戶可用。下載憑證後可下單，另，下單時不會再有密碼確認，有點不太保險，要小心下單，手機也要小心保管（因無重複密碼確認）。,2021-02-19 17:36:40,凱基,中立,視覺設計,版面配置
陳以芯,4,今天更新後登不進去，輸入密碼跳出憑證重新申請，申請也順利完成，卻完全沒動靜，停留在登入畫面，也沒有錯誤訊息，我是安卓版本8.1，在麻煩協助,2021-01-31 01:57:31,凱基,正評,視覺設計,版面配置
諭,1,Sony Xperia mk ii手機登入後卡登入畫面能否處理,2021-01-09 23:37:59,凱基,負評,視覺設計,版面配置
WYC1970 Wang,5,如果這軟體不好用！ 為什麼大家還要用呢？ 軟體的東西本來就會有缺點 理性溝通就會有進步！ 多一點鼓勵！少一點責怪！ 系統設計開發人員們辛苦了！,2020-11-15 10:04:53,凱基,正評,視覺設計,整體介面設計
曾建雄,1,“兹“這個字居然顯示不出來？銀行跟券商都顯示的出來，你們卻說是難字無法顯示，然後顯示嚞這個字，反應一個多月了也沒改進，有誰喜歡名字被亂改？最後直接說我一年沒登入不讓我登入，拜託，我開戶都還沒滿半年勒。想當初還請假半天去開戶，真不值！,2020-11-06 08:48:43,凱基,負評,視覺設計,字體與可讀性
Jesse Huang,2,為何漲跌的紅或綠色字體不能顯示顏色?,2020-09-24 10:58:02,凱基,負評,視覺設計,字體與可讀性
Crystal Wu,1,想請問，為何更新後，同身份證字號，無法使用兩台手機不同兩個凱基證券帳號下單？（一台手機一個證券帳號）之前都可以。現在會顯示憑證消失。然後刪除再重下載，另一個手機又說憑證消失，這樣下單太麻煩了。,2020-09-02 14:48:08,凱基,負評,視覺設計,字體與可讀性
Chucky Lo,2,安卓系統下. 會自動跳出， 8/12更新APP後，更是直接無法登錄！ 重要的金融操作軟體，如此問題！！ 8/15: 先移除APP再重新安裝-無法登錄(可重新申請憑證-成功) 。 安卓再次更新後，再重新安裝凱基證券APP ， 仍無法登錄， 輸入密碼後，螢幕閃下又停在登錄畫面。 我另一富邦同樣三竹系統，是可正常登錄。 8/15 : 多方嘗試仍無法登錄， 看了評價 發現很多人遇到一樣問題！ 第三方系統有回應但這麼久仍處理不好！ 凱基證券怎能放著不管！！ 打電話到券商 給我另一APP 安裝後可下單， 但操作介面較不方便。 驚訝的是凱基證券怎會放任此 凱基隨身營業員APP 一直出問題， 出狀況 ！ 這是重要的金融軟體 不是小屁孩的遊戲程式 ，爛到讓我覺得誇張！ 8/17: 刪除所有暫存檔與下載資料， 重新下載安裝， APP已可執行。,2020-08-17 17:20:47,凱基,負評,視覺設計,版面配置
Elva Wu,1,原本兩台手機都可登入，今天其中一台登入後卻一直停留在登入畫面。請問是什麼問題？,2020-07-26 21:18:21,凱基,負評,視覺設計,版面配置
鋒林,1,通訊地址已經到分公司變更，還是寄到舊址。客服中心電話是空號，複委託15號就已經交易完金額到現在還沒撥。地址已經改了，還是到券商改地址。只有一個字,2020-06-18 09:52:42,凱基,負評,視覺設計,字體與可讀性
陳玉川,3,最常用的-未實現損益查詢 能否放在首頁下方按鈕，方便點擊查看,2020-05-29 09:30:53,凱基,中立,視覺設計,按鈕與圖示
T.H Wu,4,為何輸入登入的帳號與密碼後，畫面仍停留在登入畫面？,2020-05-26 11:29:31,凱基,正評,視覺設計,版面配置
Greg Hsu,3,希望介面可以更接近三竹自己的app 另外個股的新聞及報表資訊，比起三竹自己的app似乎常有缺漏或太慢更新,2020-05-16 04:06:11,凱基,中立,視覺設計,整體介面設計
張惠美,2,請問密碼與身份登錄可設計成自由勾選記憶嗎？,2020-05-09 01:23:32,凱基,負評,視覺設計,整體介面設計
Min Min,1,怎麽app自從上次更新後 整個畫面都很拖 也有依照前面的設定移除重開 狀況還是一樣 不更新前都沒這些問題,2020-05-06 10:01:30,凱基,負評,視覺設計,版面配置
周文昌,1,輸入密碼後，登入畫面沒有反應，但 iOS 手機卻能登入，這可以跟誰反應？,2020-05-05 21:33:38,凱基,負評,視覺設計,版面配置
Google 使用者,5,更新之後輸入帳密就回到重打密碼畫面，凱基櫃員說是個人手機問題??? 看來我不是個案 -------------------- 經由客服協助找出原因 更新後記得要刪除手機快取資料 補回五星,2020-03-26 23:30:09,凱基,正評,視覺設計,版面配置
Google 使用者,2,Sony xzp OS: Android 9 登入後，不會前往主畫面，會卡在登入畫面，能否快點解決？,2020-03-23 09:06:17,凱基,負評,視覺設計,版面配置
Google 使用者,2,每次更新感覺越來越差，閃退、自選之前可以50組現在又變回40組，介面也很差由其要改價或刪單要換好幾個畫面，價位都不知跳到那了，手續費比別人貴但沒有價值，該換別家了。,2020-03-21 00:50:16,凱基,負評,視覺設計,版面配置
Google 使用者,2,更新後無法登入是怎麼回事？ 輸入完密碼，畫面閃一下，還是停留在登入頁。 裝置名稱：ASUS_Z01RD 作業系統：Android 10,2020-03-20 12:50:26,凱基,負評,視覺設計,版面配置
Google 使用者,1,超爛，已用4G連線了，權限也都開了，還一直閃退，一堆人反應了也沒改善，下單介面也差，要改下單價格還要畫面換來換去，濫費時間，換好改單畫面時價格都不知跌到那去了，技術線圖也爛不能重疊，要一直切換，元大投資先生App原本覺得很差，但一比較後發現凱基更差，差到極點!,2020-03-13 13:38:35,凱基,負評,視覺設計,版面配置
Google 使用者,4,整體使用狀況穩定，但能否增設含息跟不含息的按鈕計算不同的損益狀況，就兆豐證券的app,2020-03-10 15:25:32,凱基,正評,視覺設計,按鈕與圖示
Google 使用者,2,"我的三星平盤更新後，下方功能欄的字體圖案變很大,導致下方欄位顯示的從五排壓縮變成兩排，嘗試調整平板本身字體大小，但還是無法調整，請問有什麼方式可以將下方功能欄位調小。",2019-10-29 08:40:40,凱基,負評,視覺設計,字體與可讀性
Google 使用者,1,"IOS 自選報價無法調整字體大小，希望可以調大一點，家裡長輩換iOS後，說Android字體比iOS大，請幫忙修正變成可以調整，iOS設定大小也無法改變軟體的自選報價字體大小,真的很困擾，麻煩幫忙處理一下謝謝 。",2019-10-20 22:42:30,凱基,負評,視覺設計,字體與可讀性
Google 使用者,1,你好，這版本k線圖的扣底位子不會動，反而變的不好用了，介面看起來功能變多，可是反而不好懂了，只剩下下單買股票的功能，財報和k線圖只能去用別的軟體看了，能使用舊版本做用的介面麻？,2019-09-26 00:07:25,凱基,負評,視覺設計,整體介面設計
Google 使用者,5,使用安卓9.0系統，結果在數字部份都是黑色，跟底色相同，看不見。 經過迅速的支援說明，已解決相關問題，謝謝,2019-09-16 13:20:35,凱基,正評,視覺設計,字體與可讀性
Google 使用者,3,9/6日08：28分所有的數字都不見了,2019-09-06 08:29:11,凱基,中立,視覺設計,字體與可讀性
Google 使用者,5,"凱基隨身營業員在更新後,  下單畫面就沒有買進與賣出的資訊, 只有最佳五檔, 問題是最佳五檔並不代表就是買進與賣出的價位, 是否可以將這個補回去,舊版是有的...  這帶給我很大的困擾... 也不知道怎樣才有辦法回到舊版畫面...",2019-08-02 09:28:12,凱基,正評,視覺設計,版面配置
Google 使用者,1,"舊的下單輸入畫面可以看到目前即時報價, 新版本改版後就看不到了， 價位掌握很不及時。",2019-05-24 08:33:16,凱基,負評,視覺設計,版面配置
Google 使用者,3,是否能改為到價通知的聲音能自行設定 不然他的通知聲音跟許多手機通知程式的聲音是一樣的 無法分辨識到價通知的聲音 是否能改為跟從前一樣 用藍牙耳機收聽報價 不用畫面開著可以關閉 現在的只要關閉30秒後就不會報價 跟之前不一樣很不方便 謝謝,2019-05-09 09:48:24,凱基,中立,視覺設計,版面配置
Google 使用者,3,"請開放自訂自選清單標題; 借券, 可考慮放主畫面 or 比照部份銀行的App. 開放自訂主畫面;首頁的美股/港股/陸股報價可以併在同一個圖示嗎？ 搜狗網/智慧選股/股神贏家也能併一起,首頁的訊息種類太零碎 不好使用",2019-05-01 07:26:07,凱基,中立,視覺設計,版面配置
Google 使用者,4,請問可以在財經新聞板塊增加留言板塊嗎？可以針對每個新聞可以看到留言評論；另外財經新聞可以增加一個複製全文或開啟原文位址的按鈕嗎？會有將新聞儲存起來的需求，感謝。,2019-04-25 03:33:22,凱基,正評,視覺設計,按鈕與圖示
Google 使用者,4,你好: 我的三星s10每次程式執行一半就閃退，根本無法進到帳號登入畫面，也無法下單，煩請你能趕快改善。,2019-04-13 23:05:19,凱基,正評,視覺設計,版面配置
Google 使用者,2,為什麼這2天，我的網頁數字都沒在變動,2019-02-01 17:42:31,凱基,負評,視覺設計,字體與可讀性
Google 使用者,2,時常當機。或是使用下單頁面後，返回首頁…會變黑畫面…再按返回鍵時，直接詢問是否要離開系統,2018-12-11 11:13:06,凱基,負評,視覺設計,版面配置
Google 使用者,1,"K線技術分析圖:參數顯示值只到小數第二位，而海外貨幣期貨(歐元，日幣，英鎊，紐幣，澳幣，瑞士法朗，加幣)其計價單位都是小數第4或第5位，K線5分，15分，30分，60分..等中的5T,10T,20T,30T,60T,120T...等，其值只顯示至小數第2位，數字都相同，根本沒參考價值，舊版都顯示至第四位，那才是正常，請速改進! 
此問題已反應快3個月了，而且也向客服部技術人員反應過，至今還未改善，真是有過爛!",2018-08-18 19:02:25,凱基,負評,視覺設計,字體與可讀性
Google 使用者,5,改版後，畫面流暢多了，下單設計很棒，用過其他家的手機軟體，在我覺得是排前二名，客服對答很有禮貌。,2018-07-18 09:53:31,凱基,正評,視覺設計,版面配置
Google 使用者,1,介面反應變鈍了 傻眼,2018-07-05 09:36:43,凱基,負評,視覺設計,整體介面設計
Google 使用者,3,更新後常覺得沒之前靈敏，還會閃退，怎麼沒有選擇舊的版本的按鈕，要是更新後變遭，起碼還能選擇原來的…,2018-06-07 12:50:16,凱基,中立,視覺設計,按鈕與圖示
Google 使用者,5,終於改成跟三竹同樣的介面了，方便非常多！,2018-06-04 12:29:50,凱基,正評,視覺設計,整體介面設計
Google 使用者,2,委託下單畫面最好加上即時的買賣量，有些功能還不錯但反應速度慢了點。,2018-06-02 17:35:04,凱基,負評,視覺設計,版面配置
Google 使用者,1,新版的畫面好亂，能否恢復成舊版的?並非每個人都喜歡新版,2018-05-28 22:58:38,凱基,負評,視覺設計,版面配置
Google 使用者,4,如果有像電腦版智慧觸價閃電下單，下單刪單改價快速，停損停利設好可以結省盤中一直盯盤的不便性，及技術線圖畫線，可以清楚盤型走勢變化,2018-05-26 14:22:57,凱基,正評,視覺設計,版面配置
Google 使用者,1,會閃退還要重打密碼超麻煩，還是舊的用比較上手，新的畫面好亂,2018-05-26 01:59:04,凱基,負評,視覺設計,版面配置
Google 使用者,5,最新版面超讚啦！畫面清楚超愛的！感謝工程師感謝！！！,2018-05-25 09:08:17,凱基,正評,視覺設計,版面配置
Google 使用者,5,改版後介面更方便了,2018-05-24 23:26:48,凱基,正評,視覺設計,整體介面設計
Google 使用者,1,"登入畫面請多一個選項,密碼儲存勾選像帳戶一樣,已利快速登入,謝謝",2018-05-13 15:15:38,凱基,負評,視覺設計,版面配置
Google 使用者,3,為何不能像 日盛一樣新介面能左右滑動看個股字資訊,2018-03-31 15:02:45,凱基,中立,視覺設計,字體與可讀性
Google 使用者,3,之前用藍牙耳機聽語音報價 時 電話來時都會自動消失聲音 現在版本的都不會 造成聽電話時也在報價 都聽不清楚電話內容,2018-03-27 09:14:29,凱基,中立,視覺設計,版面配置
Google 使用者,3,換成zenfone4之後，申購股票的畫面一直都亂碼，之前舊的手機不會，請幫忙解決,2018-01-29 16:26:23,凱基,中立,視覺設計,版面配置
Google 使用者,1,密碼只能10碼，還要英文加數字會不會太短，至少到15碼吧,2017-08-01 00:09:32,凱基,負評,視覺設計,字體與可讀性
Google 使用者,5,字型大小設定.,2017-07-18 13:25:53,凱基,正評,視覺設計,字體與可讀性
Google 使用者,4,之前版本在個股旁邊都有圖示顯示目前在開盤價之上或開盤價之下，現在都沒有，可以顯示嗎,2017-07-13 13:36:22,凱基,正評,視覺設計,按鈕與圖示
Google 使用者,1,資料讀取中，變得更久。甚至過不了畫面。,2017-06-26 09:15:59,凱基,負評,視覺設計,版面配置
Google 使用者,5,請問價位全部變成黑字，要怎麼恢復,2017-06-04 17:41:48,凱基,正評,視覺設計,字體與可讀性
Google 使用者,3,想請問為何iphone 版本與安卓系統同一軟體，介面卻完全不同，可以調整嗎？,2017-05-30 14:22:03,凱基,中立,視覺設計,整體介面設計
Google 使用者,1,爛透  更改即時線圖的圖示  想過使用者的感受嗎？ 還強制更換   我已經找到別間有舊版的了了,2017-05-24 08:40:12,凱基,負評,視覺設計,按鈕與圖示
Google 使用者,1,可以提供選項讓使用者自己決定即時線型是紅色或黃色嗎？你們認為目前紅色是不錯的，但很多人還是要看之前黃色的線型。雖然改版後顏色變深了，但還是辨識度不好。,2017-05-20 18:34:31,凱基,負評,視覺設計,色彩與配色
Google 使用者,1,盤中即時線圖顏色太不清楚 已經影響交易判斷 請速改回,2017-05-17 01:27:51,凱基,負評,視覺設計,版面配置
Google 使用者,2,原來是江波圖改，真的是看不清楚   我還以為中毒,2017-05-16 22:56:24,凱基,負評,視覺設計,字體與可讀性
Google 使用者,2,即時線圖太難看了，原版明顯較佳，且有漲跌停限較清楚有感！,2017-05-16 11:17:01,凱基,負評,視覺設計,版面配置
Google 使用者,1,改版後的即時線圖看不清楚，很容易錯過重要時效，必須立刻改回！,2017-05-16 09:10:22,凱基,負評,視覺設計,字體與可讀性
Google 使用者,1,改版後即時線圖不清楚，請改回原來的,2017-05-15 23:08:14,凱基,負評,視覺設計,版面配置
Google 使用者,2,電子投票介面改版後超難用，為什麼要改版，舊的還比較流暢,2017-05-15 12:36:38,凱基,負評,視覺設計,整體介面設計
Google 使用者,4,最近使用智慧手錶(Sony smart watch 3)通知訊息都無法顯示文字內容，之前是OK的，請問是否可修正,2017-05-09 12:17:27,凱基,正評,視覺設計,字體與可讀性
Google 使用者,1,"交易後要改價，要跳出原介面，去找委託介面後，要改多少價時又想知道目前走勢，又要跳回原畫面，這樣一來一回差了多少tick,這樣耍人的軟體，我只能感到憤怒",2017-03-31 12:28:57,凱基,負評,視覺設計,版面配置
Google 使用者,4,很清楚,2017-03-27 16:23:56,凱基,正評,視覺設計,版面配置
Google 使用者,2,輸入按鈕一直被遮住，請問如何登入,2017-03-14 11:00:51,凱基,負評,視覺設計,按鈕與圖示
Google 使用者,2,更新後進入的畫面一直有問題，可以打帳號與密碼，但輸入按鈕被遮住，無法拉出來，造成一直不能順利登入，同一支手機以前沒這問題的,2017-03-01 16:46:58,凱基,負評,視覺設計,版面配置
Google 使用者,2,新增自選為啥那介面沒有新增期貨部分.....找期貨我還要自己進去點.....期貨還要換倉股票不用....阿如果我標的多一點我整天換就飽了...,2017-02-10 15:13:55,凱基,負評,視覺設計,整體介面設計
Google 使用者,2,更新過後個股漲跌顏色都沒有顯示出來只有數字顯示，跟之前相比想快速看出漲幅狀況很費眼力，還是說有設定是可以調整的？？,2017-01-09 10:30:14,凱基,負評,視覺設計,字體與可讀性
Google 使用者,1,登入畫面無法翻轉，建議調成可以翻轉,2017-01-02 15:22:59,凱基,負評,視覺設計,版面配置
Google 使用者,1,"想申請電子對帳單，結果 ""凱基專區"" 點下去根本沒有畫面!!!",2016-09-17 16:17:07,凱基,負評,視覺設計,版面配置
Google 使用者,1,１、是否可增加長乖離線與短乖離線２、畫面會不定時閃退,2016-09-10 09:37:16,凱基,負評,視覺設計,版面配置
Google 使用者,3,請問有些自選股票變紅字是什麼原因呢？,2016-04-15 09:57:43,凱基,中立,視覺設計,字體與可讀性
Google 使用者,2,請問盤前跟即將收盤前5分鐘的個股模擬試撮在哪裡看? 另外請問哪時可以跟新道跟三竹股市一樣介面?,2016-04-12 23:41:45,凱基,負評,視覺設計,整體介面設計
Google 使用者,1,更新後，沒有明顯顏色區別，看的很吃力，更不方便!!!,2016-04-06 09:22:48,凱基,負評,視覺設計,色彩與配色
Google 使用者,2,下單後的刪改單很麻煩，操作總慢人一步。最好增加一個快捷按鈕可以查改單。,2015-10-23 08:07:31,凱基,負評,視覺設計,按鈕與圖示
Google 使用者,3,一直連不到交易畫面，損失誰賠償,2015-09-11 12:25:17,凱基,中立,視覺設計,版面配置
Google 使用者,4,技術面設計相當多元,2015-08-26 16:26:36,凱基,正評,視覺設計,整體介面設計
Google 使用者,1,看盤畫面超爛,2015-08-19 22:34:21,凱基,負評,視覺設計,版面配置
Google 使用者,1,線型不好看，範圍忽寬忽窄，比以前的爛,2015-07-21 14:45:52,凱基,負評,視覺設計,整體介面設計
Google 使用者,2,設定警示後，跳出的訊息內容字很小，無法放大縮小,2015-06-09 16:33:34,凱基,負評,視覺設計,字體與可讀性
Google 使用者,1,一個字，爛,2015-06-08 23:09:39,凱基,負評,視覺設計,字體與可讀性
Google 使用者,2,按返回鍵不會回到上一個畫面上，而是跳出程式,2015-05-27 11:24:35,凱基,負評,視覺設計,版面配置
Google 使用者,1,排行榜黑底紅字，黑底綠字是什麼白痴設計？,2015-05-18 15:15:25,凱基,負評,視覺設計,字體與可讀性
Google 使用者,5,新版本更清晰。希望增加在平板電腦手機上憑證的獲取！很重要，不必上電腦，那樣才方便！,2015-05-04 12:48:51,凱基,正評,視覺設計,版面配置
Google 使用者,1,要更新軟體為什麼都不先測試好，再更新，歐元分線的報價高低點根本不清楚，比更新前還難用。,2015-04-17 07:39:07,凱基,負評,視覺設計,版面配置
Google 使用者,2,瘋狂跳出系統 系統非常不穩定 安卓介面希望可以漂亮一點 請盡快改善,2015-01-20 16:56:32,凱基,負評,視覺設計,色彩與配色
Google 使用者,2,跟 iOS版本比起來操作介面真的很醜，可以盡快改善嗎？,2015-01-04 19:17:11,凱基,負評,視覺設計,整體介面設計
Google 使用者,1,"閱讀盤後資訊等相關訊息,會顿挫,上一個版本不會",2014-10-09 12:51:35,凱基,負評,視覺設計,字體與可讀性
Google 使用者,1,一直斷線，一離開就要再輸入帳號密碼超煩的，身份證字號保留可以用星號隱藏字元嗎？,2014-04-14 00:59:46,凱基,負評,視覺設計,字體與可讀性
Google 使用者,4,"大部份的時候使用都還ok, 但是更新後變得糟了耶... 本來只是會不停的斷線而已, 但更新後畫面切換常會出現""資料讀取中"", 然後要等很久才會進入另一個畫面...",2013-08-08 09:25:40,凱基,正評,視覺設計,版面配置
Google 使用者,2,"連帳號密碼的畫面都沒出現，就出現""隨身營業員已關閉""，是怎麼回事啊?",2013-05-06 16:31:17,凱基,負評,視覺設計,版面配置
Google 使用者,5,數字顯示，無論紅綠可採用高亮度,2013-03-08 01:03:18,凱基,正評,視覺設計,字體與可讀性
Google 使用者,1,之前用iPhone可控制登入時間，且按HOME鍵後隔1小時再執行還是會在登入畫面，Android竟然不行，請統一程式內容好嗎！,2013-01-04 12:28:45,凱基,負評,視覺設計,版面配置
Google 使用者,5,要 新開戶的留意，因為開完戶您只能使用很爛的‘ ’隨身理財通‘ ’，這套‘ ’隨身營業員‘ ’你是絕對登不進去的，會顯示身份證字號錯誤無法進入，本人我是到≈凱基≈開戶的，開戶後不能使用此軟體，才知道原來≈凱基≈還有分，別傻傻的像我一樣被騙了。,2012-07-27 00:17:19,凱基,正評,視覺設計,字體與可讀性
Google 使用者,4,字體有些不適應,2012-07-26 10:26:02,凱基,正評,視覺設計,字體與可讀性
Google 使用者,3,可新增未實現利益/損失的畫面嗎?這樣才知道賺/賠多少?,2012-05-14 07:16:12,凱基,中立,視覺設計,版面配置
Google 使用者,3,報價的字型看起來有點不習慣,2012-05-09 09:09:34,凱基,中立,視覺設計,字體與可讀性
Google 使用者,1,下單畫面字體太大，無法輸入，拜託快點更新,2012-04-16 12:36:07,凱基,負評,視覺設計,字體與可讀性
Google 使用者,3,快出平板橫向閱讀版!!!程式內容很好且方便，但沒有出可供android4.0使用的平板版，無法橫向瀏覽!!,2012-03-23 14:00:45,凱基,中立,視覺設計,字體與可讀性
Google 使用者,1,我用N7000字太大  下單看無張數,2012-03-21 09:36:27,凱基,負評,視覺設計,字體與可讀性
Google 使用者,1,Note無法下單，字體超大，又不能調整，大家已反應幾月，就是超不重視客戶需求，只好自己轉別家下單。,2012-03-16 12:17:57,凱基,負評,視覺設計,字體與可讀性
Google 使用者,1,NOTE的下單介面很怪，看不到張數要如何買賣！！,2012-03-11 16:13:04,凱基,負評,視覺設計,整體介面設計
Google 使用者,1,字體超大~大到無法顯示資訊 連下單都有困難~ 有沒有人知道哪家的隨身軟體可以用?,2012-03-01 18:59:36,凱基,負評,視覺設計,字體與可讀性
Google 使用者,3,使用平板，不能橫向，很爛。 之前用Ipad的介面比這個好很多。,2012-02-06 14:04:17,凱基,中立,視覺設計,整體介面設計
Google 使用者,1,我用三星galaxy note 無法下單  因為字體大 無法輸入張數 本身凱基証 僅提供這軟體 可否儘快更新,2012-02-01 02:10:09,凱基,負評,視覺設計,字體與可讀性
Google 使用者,3,使用平板，不能自動變換方向！為什麼不給像你們給Ipad使用的那一個版本。超方便又清楚,2012-01-18 09:41:34,凱基,中立,視覺設計,版面配置
Google 使用者,1,應該設定可以調字型大小，不然Galaxy note的欄位太大，超浪費空間，還有欄位應該可以自由調整成想看的資訊。,2012-01-11 23:02:31,凱基,負評,視覺設計,字體與可讀性
Google 使用者,3,是否可提供《調整字體大小》功能？一整個畫面沒幾個功能很不經濟。,2011-10-05 13:44:19,凱基,中立,視覺設計,字體與可讀性
Google 使用者,4,之前原台證的帳戶都不能登入，今天實際測試已經可以登入了，這個的介面跟三竹資訊-行動股市一模一樣，個人覺得很好用，原台證的用戶可以試試喔～,2011-07-25 17:54:27,凱基,正評,視覺設計,整體介面設計
Google 使用者,1,都這麼多人在說原台證的不能用，為何凱基證券你們到現在還不處理，(我也是原台證的客戶已經等了八個月，真的是要換證券商嗎？)，在此小弟提供大家令一個軟體名稱是大慶證券e指錢坤或掌中乾坤，還不賴適合男士門的大手，而且自體大又清楚。乾脆大家都換掉凱基，原台證的客戶就不是客戶真令人生氣。,2011-05-14 00:46:41,凱基,負評,視覺設計,版面配置
